index,Average Return,Timesteps,env,algorithm_name
0,-542.1595134886446,0,HalfCheetah-v3,SAC_Q2a
1,-6.020431197321649,5000,HalfCheetah-v3,SAC_Q2a
2,-169.9262452755042,10000,HalfCheetah-v3,SAC_Q2a
3,-176.95148016296136,15000,HalfCheetah-v3,SAC_Q2a
4,449.8439232806839,20000,HalfCheetah-v3,SAC_Q2a
5,1790.1869652606297,25000,HalfCheetah-v3,SAC_Q2a
6,2358.765025102078,30000,HalfCheetah-v3,SAC_Q2a
7,3125.865919960142,35000,HalfCheetah-v3,SAC_Q2a
8,2836.654261894254,40000,HalfCheetah-v3,SAC_Q2a
9,4494.266023973943,45000,HalfCheetah-v3,SAC_Q2a
10,4267.93033264649,50000,HalfCheetah-v3,SAC_Q2a
11,4567.502440785097,55000,HalfCheetah-v3,SAC_Q2a
12,5005.318626012272,60000,HalfCheetah-v3,SAC_Q2a
13,4914.7646564008455,65000,HalfCheetah-v3,SAC_Q2a
14,5176.157247427491,70000,HalfCheetah-v3,SAC_Q2a
15,5408.017545914625,75000,HalfCheetah-v3,SAC_Q2a
16,5447.4194002738495,80000,HalfCheetah-v3,SAC_Q2a
17,5461.46189007602,85000,HalfCheetah-v3,SAC_Q2a
18,5734.365628741369,90000,HalfCheetah-v3,SAC_Q2a
19,5723.202359805205,95000,HalfCheetah-v3,SAC_Q2a
20,5252.411673085566,100000,HalfCheetah-v3,SAC_Q2a
21,5725.184018906977,105000,HalfCheetah-v3,SAC_Q2a
22,5831.95983991492,110000,HalfCheetah-v3,SAC_Q2a
23,5987.581452655713,115000,HalfCheetah-v3,SAC_Q2a
24,5948.466665190936,120000,HalfCheetah-v3,SAC_Q2a
25,6069.213787586779,125000,HalfCheetah-v3,SAC_Q2a
26,5970.2109664118925,130000,HalfCheetah-v3,SAC_Q2a
27,6091.478122269338,135000,HalfCheetah-v3,SAC_Q2a
28,6155.357351402035,140000,HalfCheetah-v3,SAC_Q2a
29,6248.628941818349,145000,HalfCheetah-v3,SAC_Q2a
30,6200.592149383033,150000,HalfCheetah-v3,SAC_Q2a
31,6423.00155997822,155000,HalfCheetah-v3,SAC_Q2a
32,6338.981613223872,160000,HalfCheetah-v3,SAC_Q2a
33,6628.645499133217,165000,HalfCheetah-v3,SAC_Q2a
34,6496.310156812602,170000,HalfCheetah-v3,SAC_Q2a
35,6518.237197998544,175000,HalfCheetah-v3,SAC_Q2a
36,6553.65865983844,180000,HalfCheetah-v3,SAC_Q2a
37,6743.94293130527,185000,HalfCheetah-v3,SAC_Q2a
38,6483.673859578286,190000,HalfCheetah-v3,SAC_Q2a
39,6644.998507198031,195000,HalfCheetah-v3,SAC_Q2a
40,6902.192913186749,200000,HalfCheetah-v3,SAC_Q2a
41,6732.429188934116,205000,HalfCheetah-v3,SAC_Q2a
42,6903.808170317037,210000,HalfCheetah-v3,SAC_Q2a
43,6569.5662064841035,215000,HalfCheetah-v3,SAC_Q2a
44,6841.510321384609,220000,HalfCheetah-v3,SAC_Q2a
45,7025.039834168671,225000,HalfCheetah-v3,SAC_Q2a
46,7195.454853683885,230000,HalfCheetah-v3,SAC_Q2a
47,7023.072588672844,235000,HalfCheetah-v3,SAC_Q2a
48,7089.68742139594,240000,HalfCheetah-v3,SAC_Q2a
49,7007.0870638728575,245000,HalfCheetah-v3,SAC_Q2a
50,7168.95999591281,250000,HalfCheetah-v3,SAC_Q2a
51,7196.127076346393,255000,HalfCheetah-v3,SAC_Q2a
52,7197.260001620341,260000,HalfCheetah-v3,SAC_Q2a
53,7132.4841284673,265000,HalfCheetah-v3,SAC_Q2a
54,7438.051527695158,270000,HalfCheetah-v3,SAC_Q2a
55,7485.39026848074,275000,HalfCheetah-v3,SAC_Q2a
56,7511.435191547796,280000,HalfCheetah-v3,SAC_Q2a
57,7523.314586867304,285000,HalfCheetah-v3,SAC_Q2a
58,7656.297263469531,290000,HalfCheetah-v3,SAC_Q2a
59,7755.939205277637,295000,HalfCheetah-v3,SAC_Q2a
60,7946.896683957086,300000,HalfCheetah-v3,SAC_Q2a
61,7909.203147944184,305000,HalfCheetah-v3,SAC_Q2a
62,7900.960208485655,310000,HalfCheetah-v3,SAC_Q2a
63,8187.6227959671,315000,HalfCheetah-v3,SAC_Q2a
64,8145.1094639264675,320000,HalfCheetah-v3,SAC_Q2a
65,8280.120110947848,325000,HalfCheetah-v3,SAC_Q2a
66,8093.015190079777,330000,HalfCheetah-v3,SAC_Q2a
67,8174.709726643392,335000,HalfCheetah-v3,SAC_Q2a
68,8113.224903608694,340000,HalfCheetah-v3,SAC_Q2a
69,8445.299101649554,345000,HalfCheetah-v3,SAC_Q2a
70,8243.454626777273,350000,HalfCheetah-v3,SAC_Q2a
71,8453.025039487202,355000,HalfCheetah-v3,SAC_Q2a
72,8602.495366140869,360000,HalfCheetah-v3,SAC_Q2a
73,8581.430780218703,365000,HalfCheetah-v3,SAC_Q2a
74,8664.357369347967,370000,HalfCheetah-v3,SAC_Q2a
75,8620.431450974615,375000,HalfCheetah-v3,SAC_Q2a
76,8578.868730577613,380000,HalfCheetah-v3,SAC_Q2a
77,8762.509166720522,385000,HalfCheetah-v3,SAC_Q2a
78,8781.723739957164,390000,HalfCheetah-v3,SAC_Q2a
79,8845.991116370542,395000,HalfCheetah-v3,SAC_Q2a
80,8857.275940705013,400000,HalfCheetah-v3,SAC_Q2a
81,8661.63951413336,405000,HalfCheetah-v3,SAC_Q2a
82,8679.251858121055,410000,HalfCheetah-v3,SAC_Q2a
83,8903.324633185579,415000,HalfCheetah-v3,SAC_Q2a
84,8971.204988934554,420000,HalfCheetah-v3,SAC_Q2a
85,8926.277646655511,425000,HalfCheetah-v3,SAC_Q2a
86,8803.877366427472,430000,HalfCheetah-v3,SAC_Q2a
87,8928.427718867131,435000,HalfCheetah-v3,SAC_Q2a
88,8999.15315183833,440000,HalfCheetah-v3,SAC_Q2a
89,8926.821918984386,445000,HalfCheetah-v3,SAC_Q2a
90,9053.06780317964,450000,HalfCheetah-v3,SAC_Q2a
91,8972.775613210524,455000,HalfCheetah-v3,SAC_Q2a
92,9144.295610432206,460000,HalfCheetah-v3,SAC_Q2a
93,9200.675395197264,465000,HalfCheetah-v3,SAC_Q2a
94,9021.54973554827,470000,HalfCheetah-v3,SAC_Q2a
95,9272.686733838957,475000,HalfCheetah-v3,SAC_Q2a
96,9094.075452531186,480000,HalfCheetah-v3,SAC_Q2a
97,9255.769920757944,485000,HalfCheetah-v3,SAC_Q2a
98,9306.253728668746,490000,HalfCheetah-v3,SAC_Q2a
99,9539.411972121332,495000,HalfCheetah-v3,SAC_Q2a
100,9488.369588438689,500000,HalfCheetah-v3,SAC_Q2a
101,9474.82234737314,505000,HalfCheetah-v3,SAC_Q2a
102,9552.342915457346,510000,HalfCheetah-v3,SAC_Q2a
103,9262.72553583785,515000,HalfCheetah-v3,SAC_Q2a
104,9624.487417584747,520000,HalfCheetah-v3,SAC_Q2a
105,9392.848659371273,525000,HalfCheetah-v3,SAC_Q2a
106,9416.430062635449,530000,HalfCheetah-v3,SAC_Q2a
107,9609.10396862181,535000,HalfCheetah-v3,SAC_Q2a
108,9787.211556560662,540000,HalfCheetah-v3,SAC_Q2a
109,9763.018482180396,545000,HalfCheetah-v3,SAC_Q2a
110,9515.187984280583,550000,HalfCheetah-v3,SAC_Q2a
111,9658.739367518383,555000,HalfCheetah-v3,SAC_Q2a
112,9949.943286173939,560000,HalfCheetah-v3,SAC_Q2a
113,9940.040506864025,565000,HalfCheetah-v3,SAC_Q2a
114,9908.126914433651,570000,HalfCheetah-v3,SAC_Q2a
115,9755.275029669774,575000,HalfCheetah-v3,SAC_Q2a
116,9804.72094735661,580000,HalfCheetah-v3,SAC_Q2a
117,9903.026954915305,585000,HalfCheetah-v3,SAC_Q2a
118,10139.651178826547,590000,HalfCheetah-v3,SAC_Q2a
119,10030.165646863601,595000,HalfCheetah-v3,SAC_Q2a
120,10036.723419837996,600000,HalfCheetah-v3,SAC_Q2a
121,10084.81148434871,605000,HalfCheetah-v3,SAC_Q2a
122,10215.282077651416,610000,HalfCheetah-v3,SAC_Q2a
123,10150.956501673347,615000,HalfCheetah-v3,SAC_Q2a
124,10125.637288730122,620000,HalfCheetah-v3,SAC_Q2a
125,10098.065386232862,625000,HalfCheetah-v3,SAC_Q2a
126,10218.026668219862,630000,HalfCheetah-v3,SAC_Q2a
127,10218.94103977523,635000,HalfCheetah-v3,SAC_Q2a
128,10212.238934446434,640000,HalfCheetah-v3,SAC_Q2a
129,10239.566495073257,645000,HalfCheetah-v3,SAC_Q2a
130,10425.21644083132,650000,HalfCheetah-v3,SAC_Q2a
131,10308.920596527267,655000,HalfCheetah-v3,SAC_Q2a
132,10318.345255919836,660000,HalfCheetah-v3,SAC_Q2a
133,10359.710343918428,665000,HalfCheetah-v3,SAC_Q2a
134,10253.93977664255,670000,HalfCheetah-v3,SAC_Q2a
135,10384.83560858587,675000,HalfCheetah-v3,SAC_Q2a
136,10561.881788342213,680000,HalfCheetah-v3,SAC_Q2a
137,10676.469758542698,685000,HalfCheetah-v3,SAC_Q2a
138,9715.783850266536,690000,HalfCheetah-v3,SAC_Q2a
139,10738.209237010162,695000,HalfCheetah-v3,SAC_Q2a
140,10649.24223862731,700000,HalfCheetah-v3,SAC_Q2a
141,10781.455813569428,705000,HalfCheetah-v3,SAC_Q2a
142,10701.186972814206,710000,HalfCheetah-v3,SAC_Q2a
143,10727.463914799537,715000,HalfCheetah-v3,SAC_Q2a
144,10841.58471560296,720000,HalfCheetah-v3,SAC_Q2a
145,10530.879679941187,725000,HalfCheetah-v3,SAC_Q2a
146,10708.795000751252,730000,HalfCheetah-v3,SAC_Q2a
147,10683.881060998294,735000,HalfCheetah-v3,SAC_Q2a
148,10794.131456994586,740000,HalfCheetah-v3,SAC_Q2a
149,10802.57539891412,745000,HalfCheetah-v3,SAC_Q2a
150,10801.297116324282,750000,HalfCheetah-v3,SAC_Q2a
151,10930.88075363334,755000,HalfCheetah-v3,SAC_Q2a
152,10787.13431992542,760000,HalfCheetah-v3,SAC_Q2a
153,10683.148983249757,765000,HalfCheetah-v3,SAC_Q2a
154,10570.674267592181,770000,HalfCheetah-v3,SAC_Q2a
155,10913.439518582087,775000,HalfCheetah-v3,SAC_Q2a
156,10771.893851762663,780000,HalfCheetah-v3,SAC_Q2a
157,10741.826928675162,785000,HalfCheetah-v3,SAC_Q2a
158,10865.703317245856,790000,HalfCheetah-v3,SAC_Q2a
159,11048.673078564396,795000,HalfCheetah-v3,SAC_Q2a
160,10968.12473707317,800000,HalfCheetah-v3,SAC_Q2a
161,10543.367834629686,805000,HalfCheetah-v3,SAC_Q2a
162,10970.190960390648,810000,HalfCheetah-v3,SAC_Q2a
163,10984.771047288645,815000,HalfCheetah-v3,SAC_Q2a
164,11100.791263149664,820000,HalfCheetah-v3,SAC_Q2a
165,11112.979300552715,825000,HalfCheetah-v3,SAC_Q2a
166,10993.874672255573,830000,HalfCheetah-v3,SAC_Q2a
167,10557.326896602723,835000,HalfCheetah-v3,SAC_Q2a
168,11059.96636505136,840000,HalfCheetah-v3,SAC_Q2a
169,11366.504934985765,845000,HalfCheetah-v3,SAC_Q2a
170,11060.693017528096,850000,HalfCheetah-v3,SAC_Q2a
171,11306.038543855126,855000,HalfCheetah-v3,SAC_Q2a
172,11244.394933614798,860000,HalfCheetah-v3,SAC_Q2a
173,10327.729940174204,865000,HalfCheetah-v3,SAC_Q2a
174,11115.214475711464,870000,HalfCheetah-v3,SAC_Q2a
175,10604.514424482279,875000,HalfCheetah-v3,SAC_Q2a
176,11317.55703129922,880000,HalfCheetah-v3,SAC_Q2a
177,11228.128802087615,885000,HalfCheetah-v3,SAC_Q2a
178,11162.179784322772,890000,HalfCheetah-v3,SAC_Q2a
179,11426.389499011742,895000,HalfCheetah-v3,SAC_Q2a
180,11416.644678617678,900000,HalfCheetah-v3,SAC_Q2a
181,11023.03439874134,905000,HalfCheetah-v3,SAC_Q2a
182,11587.279156769493,910000,HalfCheetah-v3,SAC_Q2a
183,11589.82668713588,915000,HalfCheetah-v3,SAC_Q2a
184,11520.594592379775,920000,HalfCheetah-v3,SAC_Q2a
185,11507.734754636718,925000,HalfCheetah-v3,SAC_Q2a
186,10945.83502415317,930000,HalfCheetah-v3,SAC_Q2a
187,11627.953689480648,935000,HalfCheetah-v3,SAC_Q2a
188,11517.571148278894,940000,HalfCheetah-v3,SAC_Q2a
189,11462.407736439778,945000,HalfCheetah-v3,SAC_Q2a
190,11443.80850232349,950000,HalfCheetah-v3,SAC_Q2a
191,11397.676478804698,955000,HalfCheetah-v3,SAC_Q2a
192,11557.207271502015,960000,HalfCheetah-v3,SAC_Q2a
193,11509.676259427186,965000,HalfCheetah-v3,SAC_Q2a
194,11407.529761717027,970000,HalfCheetah-v3,SAC_Q2a
195,11511.171233969715,975000,HalfCheetah-v3,SAC_Q2a
196,11606.517761713918,980000,HalfCheetah-v3,SAC_Q2a
197,11678.775689237917,985000,HalfCheetah-v3,SAC_Q2a
198,11464.858477266713,990000,HalfCheetah-v3,SAC_Q2a
199,11600.333204947172,995000,HalfCheetah-v3,SAC_Q2a
200,11802.236699074816,1000000,HalfCheetah-v3,SAC_Q2a
