index,Average Return,Timesteps,env,algorithm_name
0,-470.0023097505317,0,HalfCheetah-v3,SAC_Q2a
1,-9.622774688340042,5000,HalfCheetah-v3,SAC_Q2a
2,-159.43361984397674,10000,HalfCheetah-v3,SAC_Q2a
3,-76.68260330222466,15000,HalfCheetah-v3,SAC_Q2a
4,1511.2720260637557,20000,HalfCheetah-v3,SAC_Q2a
5,1788.2617928954103,25000,HalfCheetah-v3,SAC_Q2a
6,2121.9069984636685,30000,HalfCheetah-v3,SAC_Q2a
7,3105.4025245185626,35000,HalfCheetah-v3,SAC_Q2a
8,3073.7377335455517,40000,HalfCheetah-v3,SAC_Q2a
9,2651.015455845039,45000,HalfCheetah-v3,SAC_Q2a
10,4139.559718861428,50000,HalfCheetah-v3,SAC_Q2a
11,4217.912682506196,55000,HalfCheetah-v3,SAC_Q2a
12,4284.157658593078,60000,HalfCheetah-v3,SAC_Q2a
13,4536.066336124916,65000,HalfCheetah-v3,SAC_Q2a
14,3971.9693836538727,70000,HalfCheetah-v3,SAC_Q2a
15,4729.894012705139,75000,HalfCheetah-v3,SAC_Q2a
16,4899.884271269394,80000,HalfCheetah-v3,SAC_Q2a
17,4860.441481437654,85000,HalfCheetah-v3,SAC_Q2a
18,5286.0262942471545,90000,HalfCheetah-v3,SAC_Q2a
19,5082.631157286796,95000,HalfCheetah-v3,SAC_Q2a
20,5363.540412076327,100000,HalfCheetah-v3,SAC_Q2a
21,5905.426026198476,105000,HalfCheetah-v3,SAC_Q2a
22,5866.143713710003,110000,HalfCheetah-v3,SAC_Q2a
23,5798.777961694106,115000,HalfCheetah-v3,SAC_Q2a
24,6016.002787749543,120000,HalfCheetah-v3,SAC_Q2a
25,6069.643321847814,125000,HalfCheetah-v3,SAC_Q2a
26,6199.290349728527,130000,HalfCheetah-v3,SAC_Q2a
27,6137.0471356386615,135000,HalfCheetah-v3,SAC_Q2a
28,6244.911040445438,140000,HalfCheetah-v3,SAC_Q2a
29,6371.728992924911,145000,HalfCheetah-v3,SAC_Q2a
30,6426.32306196711,150000,HalfCheetah-v3,SAC_Q2a
31,6336.106128290715,155000,HalfCheetah-v3,SAC_Q2a
32,6457.529746523101,160000,HalfCheetah-v3,SAC_Q2a
33,6266.341875687245,165000,HalfCheetah-v3,SAC_Q2a
34,7019.823211621816,170000,HalfCheetah-v3,SAC_Q2a
35,7182.036107871898,175000,HalfCheetah-v3,SAC_Q2a
36,7105.659350203336,180000,HalfCheetah-v3,SAC_Q2a
37,6892.382064190339,185000,HalfCheetah-v3,SAC_Q2a
38,7017.505947135718,190000,HalfCheetah-v3,SAC_Q2a
39,6756.712859748867,195000,HalfCheetah-v3,SAC_Q2a
40,6382.388606861757,200000,HalfCheetah-v3,SAC_Q2a
41,5496.392911031274,205000,HalfCheetah-v3,SAC_Q2a
42,7094.24598507637,210000,HalfCheetah-v3,SAC_Q2a
43,6717.331353488538,215000,HalfCheetah-v3,SAC_Q2a
44,6993.430600090536,220000,HalfCheetah-v3,SAC_Q2a
45,6839.364292281449,225000,HalfCheetah-v3,SAC_Q2a
46,7060.060119051917,230000,HalfCheetah-v3,SAC_Q2a
47,6358.373627522075,235000,HalfCheetah-v3,SAC_Q2a
48,7178.281503739842,240000,HalfCheetah-v3,SAC_Q2a
49,7225.014502376177,245000,HalfCheetah-v3,SAC_Q2a
50,7024.665731025833,250000,HalfCheetah-v3,SAC_Q2a
51,7250.408705886713,255000,HalfCheetah-v3,SAC_Q2a
52,7119.4964599237355,260000,HalfCheetah-v3,SAC_Q2a
53,7174.5452609765925,265000,HalfCheetah-v3,SAC_Q2a
54,7296.324304347532,270000,HalfCheetah-v3,SAC_Q2a
55,7114.527643198885,275000,HalfCheetah-v3,SAC_Q2a
56,7254.810836951516,280000,HalfCheetah-v3,SAC_Q2a
57,7289.127077316664,285000,HalfCheetah-v3,SAC_Q2a
58,7159.383377132755,290000,HalfCheetah-v3,SAC_Q2a
59,7381.210522330815,295000,HalfCheetah-v3,SAC_Q2a
60,7372.50839066537,300000,HalfCheetah-v3,SAC_Q2a
61,7510.472031271558,305000,HalfCheetah-v3,SAC_Q2a
62,7450.918341645884,310000,HalfCheetah-v3,SAC_Q2a
63,7479.103904330786,315000,HalfCheetah-v3,SAC_Q2a
64,7535.173214192265,320000,HalfCheetah-v3,SAC_Q2a
65,7408.052256828945,325000,HalfCheetah-v3,SAC_Q2a
66,7599.645960182994,330000,HalfCheetah-v3,SAC_Q2a
67,7397.151400317185,335000,HalfCheetah-v3,SAC_Q2a
68,7498.196591874296,340000,HalfCheetah-v3,SAC_Q2a
69,7558.539523597948,345000,HalfCheetah-v3,SAC_Q2a
70,7640.103625277756,350000,HalfCheetah-v3,SAC_Q2a
71,7650.6166610770115,355000,HalfCheetah-v3,SAC_Q2a
72,7558.432809158968,360000,HalfCheetah-v3,SAC_Q2a
73,7781.69004963107,365000,HalfCheetah-v3,SAC_Q2a
74,7709.308343696883,370000,HalfCheetah-v3,SAC_Q2a
75,7718.9452634370955,375000,HalfCheetah-v3,SAC_Q2a
76,7731.845875598697,380000,HalfCheetah-v3,SAC_Q2a
77,7574.721802467526,385000,HalfCheetah-v3,SAC_Q2a
78,7887.028517806022,390000,HalfCheetah-v3,SAC_Q2a
79,7852.415329810638,395000,HalfCheetah-v3,SAC_Q2a
80,7886.282296128428,400000,HalfCheetah-v3,SAC_Q2a
81,7729.660328511969,405000,HalfCheetah-v3,SAC_Q2a
82,7823.153043114707,410000,HalfCheetah-v3,SAC_Q2a
83,7828.017083422276,415000,HalfCheetah-v3,SAC_Q2a
84,7749.97065454469,420000,HalfCheetah-v3,SAC_Q2a
85,7865.555027700733,425000,HalfCheetah-v3,SAC_Q2a
86,7913.775675887545,430000,HalfCheetah-v3,SAC_Q2a
87,7959.464634466349,435000,HalfCheetah-v3,SAC_Q2a
88,7935.205015802405,440000,HalfCheetah-v3,SAC_Q2a
89,7946.91162907884,445000,HalfCheetah-v3,SAC_Q2a
90,7944.726955101297,450000,HalfCheetah-v3,SAC_Q2a
91,8008.493113324005,455000,HalfCheetah-v3,SAC_Q2a
92,8427.566794502347,460000,HalfCheetah-v3,SAC_Q2a
93,7956.837674617316,465000,HalfCheetah-v3,SAC_Q2a
94,8106.975708802764,470000,HalfCheetah-v3,SAC_Q2a
95,8084.245109127917,475000,HalfCheetah-v3,SAC_Q2a
96,8083.503140843868,480000,HalfCheetah-v3,SAC_Q2a
97,8179.013958499137,485000,HalfCheetah-v3,SAC_Q2a
98,8243.524585702833,490000,HalfCheetah-v3,SAC_Q2a
99,8116.331474340797,495000,HalfCheetah-v3,SAC_Q2a
100,8128.456193990166,500000,HalfCheetah-v3,SAC_Q2a
101,8206.600161710357,505000,HalfCheetah-v3,SAC_Q2a
102,8311.039825549331,510000,HalfCheetah-v3,SAC_Q2a
103,8186.567050340275,515000,HalfCheetah-v3,SAC_Q2a
104,8229.302274197711,520000,HalfCheetah-v3,SAC_Q2a
105,8153.750092455675,525000,HalfCheetah-v3,SAC_Q2a
106,8206.041535395805,530000,HalfCheetah-v3,SAC_Q2a
107,8315.075802823974,535000,HalfCheetah-v3,SAC_Q2a
108,8377.716459305104,540000,HalfCheetah-v3,SAC_Q2a
109,8406.219055370828,545000,HalfCheetah-v3,SAC_Q2a
110,8383.796921420062,550000,HalfCheetah-v3,SAC_Q2a
111,8360.389450634033,555000,HalfCheetah-v3,SAC_Q2a
112,8268.03814305194,560000,HalfCheetah-v3,SAC_Q2a
113,8432.04745496262,565000,HalfCheetah-v3,SAC_Q2a
114,8525.666640087316,570000,HalfCheetah-v3,SAC_Q2a
115,8412.393048981856,575000,HalfCheetah-v3,SAC_Q2a
116,8430.462480239845,580000,HalfCheetah-v3,SAC_Q2a
117,8356.817446134966,585000,HalfCheetah-v3,SAC_Q2a
118,8390.73023837269,590000,HalfCheetah-v3,SAC_Q2a
119,8530.438282819177,595000,HalfCheetah-v3,SAC_Q2a
120,8400.130584612536,600000,HalfCheetah-v3,SAC_Q2a
121,8579.46640244819,605000,HalfCheetah-v3,SAC_Q2a
122,8525.391625097456,610000,HalfCheetah-v3,SAC_Q2a
123,8511.915772021792,615000,HalfCheetah-v3,SAC_Q2a
124,8656.599375782986,620000,HalfCheetah-v3,SAC_Q2a
125,8583.489101037805,625000,HalfCheetah-v3,SAC_Q2a
126,8701.312362334958,630000,HalfCheetah-v3,SAC_Q2a
127,8463.90583165413,635000,HalfCheetah-v3,SAC_Q2a
128,8435.72514898916,640000,HalfCheetah-v3,SAC_Q2a
129,8624.307862384532,645000,HalfCheetah-v3,SAC_Q2a
130,8835.275534784212,650000,HalfCheetah-v3,SAC_Q2a
131,8719.743419847484,655000,HalfCheetah-v3,SAC_Q2a
132,8741.612901143115,660000,HalfCheetah-v3,SAC_Q2a
133,8761.320134691949,665000,HalfCheetah-v3,SAC_Q2a
134,8319.047639869259,670000,HalfCheetah-v3,SAC_Q2a
135,8695.829981986713,675000,HalfCheetah-v3,SAC_Q2a
136,8829.240263916128,680000,HalfCheetah-v3,SAC_Q2a
137,8881.986937924083,685000,HalfCheetah-v3,SAC_Q2a
138,8778.560014851502,690000,HalfCheetah-v3,SAC_Q2a
139,8650.07114973791,695000,HalfCheetah-v3,SAC_Q2a
140,8925.439966720984,700000,HalfCheetah-v3,SAC_Q2a
141,8725.417603642103,705000,HalfCheetah-v3,SAC_Q2a
142,8850.500397897846,710000,HalfCheetah-v3,SAC_Q2a
143,9040.792975166796,715000,HalfCheetah-v3,SAC_Q2a
144,9325.405548487171,720000,HalfCheetah-v3,SAC_Q2a
145,8951.673193264258,725000,HalfCheetah-v3,SAC_Q2a
146,8937.354625425147,730000,HalfCheetah-v3,SAC_Q2a
147,8970.693958083752,735000,HalfCheetah-v3,SAC_Q2a
148,8712.579906093302,740000,HalfCheetah-v3,SAC_Q2a
149,9087.921655657525,745000,HalfCheetah-v3,SAC_Q2a
150,9022.567876074401,750000,HalfCheetah-v3,SAC_Q2a
151,9289.601558155828,755000,HalfCheetah-v3,SAC_Q2a
152,8886.592875104812,760000,HalfCheetah-v3,SAC_Q2a
153,8857.09687413546,765000,HalfCheetah-v3,SAC_Q2a
154,9148.047410504532,770000,HalfCheetah-v3,SAC_Q2a
155,8689.153223848252,775000,HalfCheetah-v3,SAC_Q2a
156,8798.916608192874,780000,HalfCheetah-v3,SAC_Q2a
157,9139.670096816506,785000,HalfCheetah-v3,SAC_Q2a
158,9192.17797841115,790000,HalfCheetah-v3,SAC_Q2a
159,9338.461281616545,795000,HalfCheetah-v3,SAC_Q2a
160,9044.609395824267,800000,HalfCheetah-v3,SAC_Q2a
161,9284.502872823032,805000,HalfCheetah-v3,SAC_Q2a
162,9187.783902908548,810000,HalfCheetah-v3,SAC_Q2a
163,9235.589231901373,815000,HalfCheetah-v3,SAC_Q2a
164,9217.228546135479,820000,HalfCheetah-v3,SAC_Q2a
165,9366.068800306937,825000,HalfCheetah-v3,SAC_Q2a
166,9093.122167639538,830000,HalfCheetah-v3,SAC_Q2a
167,9117.583166019864,835000,HalfCheetah-v3,SAC_Q2a
168,9246.323862451236,840000,HalfCheetah-v3,SAC_Q2a
169,9366.046782672936,845000,HalfCheetah-v3,SAC_Q2a
170,9548.348091780035,850000,HalfCheetah-v3,SAC_Q2a
171,9880.35543596069,855000,HalfCheetah-v3,SAC_Q2a
172,9132.963534418182,860000,HalfCheetah-v3,SAC_Q2a
173,9336.159508461862,865000,HalfCheetah-v3,SAC_Q2a
174,9477.040034760268,870000,HalfCheetah-v3,SAC_Q2a
175,9815.275587668648,875000,HalfCheetah-v3,SAC_Q2a
176,9570.008754346567,880000,HalfCheetah-v3,SAC_Q2a
177,9366.469545241778,885000,HalfCheetah-v3,SAC_Q2a
178,9343.83704269465,890000,HalfCheetah-v3,SAC_Q2a
179,9866.824267178816,895000,HalfCheetah-v3,SAC_Q2a
180,9549.32731171156,900000,HalfCheetah-v3,SAC_Q2a
181,9443.622930003223,905000,HalfCheetah-v3,SAC_Q2a
182,9740.518406711191,910000,HalfCheetah-v3,SAC_Q2a
183,9738.554681068092,915000,HalfCheetah-v3,SAC_Q2a
184,9374.073704784085,920000,HalfCheetah-v3,SAC_Q2a
185,9479.442293788625,925000,HalfCheetah-v3,SAC_Q2a
186,9214.991662782804,930000,HalfCheetah-v3,SAC_Q2a
187,9620.592868881615,935000,HalfCheetah-v3,SAC_Q2a
188,9343.13363616614,940000,HalfCheetah-v3,SAC_Q2a
189,9608.005147244196,945000,HalfCheetah-v3,SAC_Q2a
190,9779.414147546924,950000,HalfCheetah-v3,SAC_Q2a
191,9497.170157112105,955000,HalfCheetah-v3,SAC_Q2a
192,9826.305259351437,960000,HalfCheetah-v3,SAC_Q2a
193,9615.816592970867,965000,HalfCheetah-v3,SAC_Q2a
194,9842.131267544162,970000,HalfCheetah-v3,SAC_Q2a
195,9995.474264736446,975000,HalfCheetah-v3,SAC_Q2a
196,10156.945726655078,980000,HalfCheetah-v3,SAC_Q2a
197,9764.749393863527,985000,HalfCheetah-v3,SAC_Q2a
198,9764.615852839961,990000,HalfCheetah-v3,SAC_Q2a
199,9590.399076469834,995000,HalfCheetah-v3,SAC_Q2a
200,9399.055468130262,1000000,HalfCheetah-v3,SAC_Q2a
