index,Average Return,Timesteps,env,algorithm_name
0,-2.7754195214252273,0.0,HalfCheetah-v3,TD3_Q2a3x64_1p_zeros
1,-4.507548256971261,5000.0,HalfCheetah-v3,TD3_Q2a3x64_1p_zeros
2,-12.012062742480174,10000.0,HalfCheetah-v3,TD3_Q2a3x64_1p_zeros
3,-37.21048939894409,15000.0,HalfCheetah-v3,TD3_Q2a3x64_1p_zeros
4,-63.67626426816902,20000.0,HalfCheetah-v3,TD3_Q2a3x64_1p_zeros
5,-2.271229603076214,25000.0,HalfCheetah-v3,TD3_Q2a3x64_1p_zeros
6,-4.414847930342963,30000.0,HalfCheetah-v3,TD3_Q2a3x64_1p_zeros
7,-14.947122507159241,35000.0,HalfCheetah-v3,TD3_Q2a3x64_1p_zeros
8,-43.83880863830269,40000.0,HalfCheetah-v3,TD3_Q2a3x64_1p_zeros
9,-64.64179921896655,45000.0,HalfCheetah-v3,TD3_Q2a3x64_1p_zeros
10,-553.0568208886796,50000.0,HalfCheetah-v3,TD3_Q2a3x64_1p_zeros
11,-498.3982636004601,55000.0,HalfCheetah-v3,TD3_Q2a3x64_1p_zeros
12,-515.8429272379102,60000.0,HalfCheetah-v3,TD3_Q2a3x64_1p_zeros
13,-494.8791182057621,65000.0,HalfCheetah-v3,TD3_Q2a3x64_1p_zeros
14,-509.78596709266355,70000.0,HalfCheetah-v3,TD3_Q2a3x64_1p_zeros
15,-31.02121947581586,75000.0,HalfCheetah-v3,TD3_Q2a3x64_1p_zeros
16,-41.94736410303041,80000.0,HalfCheetah-v3,TD3_Q2a3x64_1p_zeros
17,14.82998644773341,85000.0,HalfCheetah-v3,TD3_Q2a3x64_1p_zeros
18,-11.735935243437181,90000.0,HalfCheetah-v3,TD3_Q2a3x64_1p_zeros
19,-42.871635563922084,95000.0,HalfCheetah-v3,TD3_Q2a3x64_1p_zeros
20,-31.136644415314475,100000.0,HalfCheetah-v3,TD3_Q2a3x64_1p_zeros
21,-13.897665471844743,105000.0,HalfCheetah-v3,TD3_Q2a3x64_1p_zeros
22,-22.69891394754,110000.0,HalfCheetah-v3,TD3_Q2a3x64_1p_zeros
23,-40.444796209550674,115000.0,HalfCheetah-v3,TD3_Q2a3x64_1p_zeros
24,2.3948772353630554,120000.0,HalfCheetah-v3,TD3_Q2a3x64_1p_zeros
25,-57.0031251479743,125000.0,HalfCheetah-v3,TD3_Q2a3x64_1p_zeros
26,-125.16713158685968,130000.0,HalfCheetah-v3,TD3_Q2a3x64_1p_zeros
27,25.842513215501477,135000.0,HalfCheetah-v3,TD3_Q2a3x64_1p_zeros
28,-157.5054150171198,140000.0,HalfCheetah-v3,TD3_Q2a3x64_1p_zeros
29,-80.05836186975374,145000.0,HalfCheetah-v3,TD3_Q2a3x64_1p_zeros
30,707.4021180511284,150000.0,HalfCheetah-v3,TD3_Q2a3x64_1p_zeros
31,695.2129319955413,155000.0,HalfCheetah-v3,TD3_Q2a3x64_1p_zeros
32,787.4067255736529,160000.0,HalfCheetah-v3,TD3_Q2a3x64_1p_zeros
33,743.7737632163129,165000.0,HalfCheetah-v3,TD3_Q2a3x64_1p_zeros
34,704.9479842569508,170000.0,HalfCheetah-v3,TD3_Q2a3x64_1p_zeros
35,960.3074448445834,175000.0,HalfCheetah-v3,TD3_Q2a3x64_1p_zeros
36,696.2726484373688,180000.0,HalfCheetah-v3,TD3_Q2a3x64_1p_zeros
37,746.0781303079551,185000.0,HalfCheetah-v3,TD3_Q2a3x64_1p_zeros
38,656.3956622546264,190000.0,HalfCheetah-v3,TD3_Q2a3x64_1p_zeros
39,664.9533044605154,195000.0,HalfCheetah-v3,TD3_Q2a3x64_1p_zeros
40,815.1006774964369,200000.0,HalfCheetah-v3,TD3_Q2a3x64_1p_zeros
41,878.4929670878931,205000.0,HalfCheetah-v3,TD3_Q2a3x64_1p_zeros
42,792.0159732792177,210000.0,HalfCheetah-v3,TD3_Q2a3x64_1p_zeros
43,766.7874220062926,215000.0,HalfCheetah-v3,TD3_Q2a3x64_1p_zeros
44,809.3676689506382,220000.0,HalfCheetah-v3,TD3_Q2a3x64_1p_zeros
45,888.3705009920075,225000.0,HalfCheetah-v3,TD3_Q2a3x64_1p_zeros
46,1051.4125910655966,230000.0,HalfCheetah-v3,TD3_Q2a3x64_1p_zeros
47,844.0539904125244,235000.0,HalfCheetah-v3,TD3_Q2a3x64_1p_zeros
48,864.9243275393108,240000.0,HalfCheetah-v3,TD3_Q2a3x64_1p_zeros
49,802.828420280464,245000.0,HalfCheetah-v3,TD3_Q2a3x64_1p_zeros
50,1629.8335697797133,250000.0,HalfCheetah-v3,TD3_Q2a3x64_1p_zeros
51,1429.4411176079227,255000.0,HalfCheetah-v3,TD3_Q2a3x64_1p_zeros
52,1369.9728739672505,260000.0,HalfCheetah-v3,TD3_Q2a3x64_1p_zeros
53,1604.1970880091546,265000.0,HalfCheetah-v3,TD3_Q2a3x64_1p_zeros
54,1523.6633617905716,270000.0,HalfCheetah-v3,TD3_Q2a3x64_1p_zeros
55,1184.7501238616683,275000.0,HalfCheetah-v3,TD3_Q2a3x64_1p_zeros
56,1388.5251518784612,280000.0,HalfCheetah-v3,TD3_Q2a3x64_1p_zeros
57,1484.4462392982232,285000.0,HalfCheetah-v3,TD3_Q2a3x64_1p_zeros
58,1113.7761097885732,290000.0,HalfCheetah-v3,TD3_Q2a3x64_1p_zeros
59,1326.7101886736777,295000.0,HalfCheetah-v3,TD3_Q2a3x64_1p_zeros
60,1488.972754033835,300000.0,HalfCheetah-v3,TD3_Q2a3x64_1p_zeros
61,1632.1792871958385,305000.0,HalfCheetah-v3,TD3_Q2a3x64_1p_zeros
62,1464.3955144846866,310000.0,HalfCheetah-v3,TD3_Q2a3x64_1p_zeros
63,2208.173009171139,315000.0,HalfCheetah-v3,TD3_Q2a3x64_1p_zeros
64,1555.492219928526,320000.0,HalfCheetah-v3,TD3_Q2a3x64_1p_zeros
65,2242.4849887694368,325000.0,HalfCheetah-v3,TD3_Q2a3x64_1p_zeros
66,2534.6058706710783,330000.0,HalfCheetah-v3,TD3_Q2a3x64_1p_zeros
67,2329.583688263454,335000.0,HalfCheetah-v3,TD3_Q2a3x64_1p_zeros
68,2208.518726801484,340000.0,HalfCheetah-v3,TD3_Q2a3x64_1p_zeros
69,2562.0182805617324,345000.0,HalfCheetah-v3,TD3_Q2a3x64_1p_zeros
70,2402.483430877346,350000.0,HalfCheetah-v3,TD3_Q2a3x64_1p_zeros
71,2254.407852856222,355000.0,HalfCheetah-v3,TD3_Q2a3x64_1p_zeros
72,2493.9849918769705,360000.0,HalfCheetah-v3,TD3_Q2a3x64_1p_zeros
73,2132.5563297038634,365000.0,HalfCheetah-v3,TD3_Q2a3x64_1p_zeros
74,2459.639776248919,370000.0,HalfCheetah-v3,TD3_Q2a3x64_1p_zeros
75,2877.4568138743807,375000.0,HalfCheetah-v3,TD3_Q2a3x64_1p_zeros
76,2303.0912403787474,380000.0,HalfCheetah-v3,TD3_Q2a3x64_1p_zeros
77,2855.4670485354104,385000.0,HalfCheetah-v3,TD3_Q2a3x64_1p_zeros
78,2820.4938986480875,390000.0,HalfCheetah-v3,TD3_Q2a3x64_1p_zeros
79,2757.6634366500875,395000.0,HalfCheetah-v3,TD3_Q2a3x64_1p_zeros
80,2889.3946399784136,400000.0,HalfCheetah-v3,TD3_Q2a3x64_1p_zeros
81,2961.1398779253686,405000.0,HalfCheetah-v3,TD3_Q2a3x64_1p_zeros
82,2950.915334055797,410000.0,HalfCheetah-v3,TD3_Q2a3x64_1p_zeros
83,2937.360547993107,415000.0,HalfCheetah-v3,TD3_Q2a3x64_1p_zeros
84,2722.79158616345,420000.0,HalfCheetah-v3,TD3_Q2a3x64_1p_zeros
85,2410.4193143888506,425000.0,HalfCheetah-v3,TD3_Q2a3x64_1p_zeros
86,2561.475222113935,430000.0,HalfCheetah-v3,TD3_Q2a3x64_1p_zeros
87,2435.0840672841814,435000.0,HalfCheetah-v3,TD3_Q2a3x64_1p_zeros
88,2557.0978698146273,440000.0,HalfCheetah-v3,TD3_Q2a3x64_1p_zeros
89,2427.8172241871453,445000.0,HalfCheetah-v3,TD3_Q2a3x64_1p_zeros
90,2947.0924261726745,450000.0,HalfCheetah-v3,TD3_Q2a3x64_1p_zeros
91,2739.5790108629685,455000.0,HalfCheetah-v3,TD3_Q2a3x64_1p_zeros
92,3134.0567435895546,460000.0,HalfCheetah-v3,TD3_Q2a3x64_1p_zeros
93,3058.6789955362474,465000.0,HalfCheetah-v3,TD3_Q2a3x64_1p_zeros
94,3074.6977507283177,470000.0,HalfCheetah-v3,TD3_Q2a3x64_1p_zeros
95,2993.667716310061,475000.0,HalfCheetah-v3,TD3_Q2a3x64_1p_zeros
96,3400.2393979489525,480000.0,HalfCheetah-v3,TD3_Q2a3x64_1p_zeros
97,3260.7270262425113,485000.0,HalfCheetah-v3,TD3_Q2a3x64_1p_zeros
98,2838.5165130810124,490000.0,HalfCheetah-v3,TD3_Q2a3x64_1p_zeros
99,2910.2935720813953,495000.0,HalfCheetah-v3,TD3_Q2a3x64_1p_zeros
100,3578.564561085031,500000.0,HalfCheetah-v3,TD3_Q2a3x64_1p_zeros
101,3499.6751483332964,505000.0,HalfCheetah-v3,TD3_Q2a3x64_1p_zeros
102,3469.004311777478,510000.0,HalfCheetah-v3,TD3_Q2a3x64_1p_zeros
103,3389.1982474017714,515000.0,HalfCheetah-v3,TD3_Q2a3x64_1p_zeros
104,2993.6813692187034,520000.0,HalfCheetah-v3,TD3_Q2a3x64_1p_zeros
105,3836.8278483729396,525000.0,HalfCheetah-v3,TD3_Q2a3x64_1p_zeros
106,3854.4674343332968,530000.0,HalfCheetah-v3,TD3_Q2a3x64_1p_zeros
107,3779.4309901072434,535000.0,HalfCheetah-v3,TD3_Q2a3x64_1p_zeros
108,3598.6008558907915,540000.0,HalfCheetah-v3,TD3_Q2a3x64_1p_zeros
109,3571.1006426146982,545000.0,HalfCheetah-v3,TD3_Q2a3x64_1p_zeros
110,3684.901641850138,550000.0,HalfCheetah-v3,TD3_Q2a3x64_1p_zeros
111,3695.4367564387867,555000.0,HalfCheetah-v3,TD3_Q2a3x64_1p_zeros
112,3642.7665684642066,560000.0,HalfCheetah-v3,TD3_Q2a3x64_1p_zeros
113,3593.3062097772467,565000.0,HalfCheetah-v3,TD3_Q2a3x64_1p_zeros
114,3522.165264231181,570000.0,HalfCheetah-v3,TD3_Q2a3x64_1p_zeros
115,4156.659844194869,575000.0,HalfCheetah-v3,TD3_Q2a3x64_1p_zeros
116,4102.5857556100145,580000.0,HalfCheetah-v3,TD3_Q2a3x64_1p_zeros
117,4000.4988787528127,585000.0,HalfCheetah-v3,TD3_Q2a3x64_1p_zeros
118,3909.0455987247615,590000.0,HalfCheetah-v3,TD3_Q2a3x64_1p_zeros
119,3760.6229472881882,595000.0,HalfCheetah-v3,TD3_Q2a3x64_1p_zeros
120,4314.097261643467,600000.0,HalfCheetah-v3,TD3_Q2a3x64_1p_zeros
121,4326.268049589482,605000.0,HalfCheetah-v3,TD3_Q2a3x64_1p_zeros
122,4254.617880356114,610000.0,HalfCheetah-v3,TD3_Q2a3x64_1p_zeros
123,4105.194918467169,615000.0,HalfCheetah-v3,TD3_Q2a3x64_1p_zeros
124,4033.8256106505733,620000.0,HalfCheetah-v3,TD3_Q2a3x64_1p_zeros
125,3434.203104373091,625000.0,HalfCheetah-v3,TD3_Q2a3x64_1p_zeros
126,3490.5727644157173,630000.0,HalfCheetah-v3,TD3_Q2a3x64_1p_zeros
127,3535.568997876692,635000.0,HalfCheetah-v3,TD3_Q2a3x64_1p_zeros
128,3437.1220820473973,640000.0,HalfCheetah-v3,TD3_Q2a3x64_1p_zeros
129,3228.7928920410745,645000.0,HalfCheetah-v3,TD3_Q2a3x64_1p_zeros
130,4755.902490389056,650000.0,HalfCheetah-v3,TD3_Q2a3x64_1p_zeros
131,4625.584073170056,655000.0,HalfCheetah-v3,TD3_Q2a3x64_1p_zeros
132,4526.015933366292,660000.0,HalfCheetah-v3,TD3_Q2a3x64_1p_zeros
133,4450.19431281182,665000.0,HalfCheetah-v3,TD3_Q2a3x64_1p_zeros
134,4258.846292129873,670000.0,HalfCheetah-v3,TD3_Q2a3x64_1p_zeros
135,4662.36794258481,675000.0,HalfCheetah-v3,TD3_Q2a3x64_1p_zeros
136,4631.385005257471,680000.0,HalfCheetah-v3,TD3_Q2a3x64_1p_zeros
137,4566.722237318788,685000.0,HalfCheetah-v3,TD3_Q2a3x64_1p_zeros
138,4435.313606140344,690000.0,HalfCheetah-v3,TD3_Q2a3x64_1p_zeros
139,4312.74878368532,695000.0,HalfCheetah-v3,TD3_Q2a3x64_1p_zeros
140,4770.326444276088,700000.0,HalfCheetah-v3,TD3_Q2a3x64_1p_zeros
141,4642.422303181032,705000.0,HalfCheetah-v3,TD3_Q2a3x64_1p_zeros
142,4556.033099114216,710000.0,HalfCheetah-v3,TD3_Q2a3x64_1p_zeros
143,4425.527263540079,715000.0,HalfCheetah-v3,TD3_Q2a3x64_1p_zeros
144,4331.324055185871,720000.0,HalfCheetah-v3,TD3_Q2a3x64_1p_zeros
145,4939.469312822055,725000.0,HalfCheetah-v3,TD3_Q2a3x64_1p_zeros
146,4944.37747009985,730000.0,HalfCheetah-v3,TD3_Q2a3x64_1p_zeros
147,4784.84311065127,735000.0,HalfCheetah-v3,TD3_Q2a3x64_1p_zeros
148,4684.915249110021,740000.0,HalfCheetah-v3,TD3_Q2a3x64_1p_zeros
149,4469.8111639607805,745000.0,HalfCheetah-v3,TD3_Q2a3x64_1p_zeros
150,5059.621449702363,750000.0,HalfCheetah-v3,TD3_Q2a3x64_1p_zeros
151,5048.999278584177,755000.0,HalfCheetah-v3,TD3_Q2a3x64_1p_zeros
152,4746.07459880569,760000.0,HalfCheetah-v3,TD3_Q2a3x64_1p_zeros
153,4702.212215679241,765000.0,HalfCheetah-v3,TD3_Q2a3x64_1p_zeros
154,4592.94453745929,770000.0,HalfCheetah-v3,TD3_Q2a3x64_1p_zeros
155,5112.167402807676,775000.0,HalfCheetah-v3,TD3_Q2a3x64_1p_zeros
156,5030.419050452795,780000.0,HalfCheetah-v3,TD3_Q2a3x64_1p_zeros
157,4732.112994658635,785000.0,HalfCheetah-v3,TD3_Q2a3x64_1p_zeros
158,4491.3098218650575,790000.0,HalfCheetah-v3,TD3_Q2a3x64_1p_zeros
159,4289.856479620062,795000.0,HalfCheetah-v3,TD3_Q2a3x64_1p_zeros
160,5338.311607552527,800000.0,HalfCheetah-v3,TD3_Q2a3x64_1p_zeros
161,5190.679100709388,805000.0,HalfCheetah-v3,TD3_Q2a3x64_1p_zeros
162,5125.559669760239,810000.0,HalfCheetah-v3,TD3_Q2a3x64_1p_zeros
163,4953.365558249863,815000.0,HalfCheetah-v3,TD3_Q2a3x64_1p_zeros
164,4775.443844587765,820000.0,HalfCheetah-v3,TD3_Q2a3x64_1p_zeros
165,5519.833164796354,825000.0,HalfCheetah-v3,TD3_Q2a3x64_1p_zeros
166,5359.004009163914,830000.0,HalfCheetah-v3,TD3_Q2a3x64_1p_zeros
167,5179.470890160271,835000.0,HalfCheetah-v3,TD3_Q2a3x64_1p_zeros
168,5022.929659857125,840000.0,HalfCheetah-v3,TD3_Q2a3x64_1p_zeros
169,4788.142080284628,845000.0,HalfCheetah-v3,TD3_Q2a3x64_1p_zeros
170,5592.107863405894,850000.0,HalfCheetah-v3,TD3_Q2a3x64_1p_zeros
171,5519.081662940391,855000.0,HalfCheetah-v3,TD3_Q2a3x64_1p_zeros
172,5288.654515252151,860000.0,HalfCheetah-v3,TD3_Q2a3x64_1p_zeros
173,5136.89670918032,865000.0,HalfCheetah-v3,TD3_Q2a3x64_1p_zeros
174,4982.700471487794,870000.0,HalfCheetah-v3,TD3_Q2a3x64_1p_zeros
175,5935.384573868915,875000.0,HalfCheetah-v3,TD3_Q2a3x64_1p_zeros
176,5703.440635661235,880000.0,HalfCheetah-v3,TD3_Q2a3x64_1p_zeros
177,5574.234966580088,885000.0,HalfCheetah-v3,TD3_Q2a3x64_1p_zeros
178,5405.784589842006,890000.0,HalfCheetah-v3,TD3_Q2a3x64_1p_zeros
179,5033.650381089159,895000.0,HalfCheetah-v3,TD3_Q2a3x64_1p_zeros
180,6037.392853934495,900000.0,HalfCheetah-v3,TD3_Q2a3x64_1p_zeros
181,5872.033032432398,905000.0,HalfCheetah-v3,TD3_Q2a3x64_1p_zeros
182,5561.509985049,910000.0,HalfCheetah-v3,TD3_Q2a3x64_1p_zeros
183,5482.658051935096,915000.0,HalfCheetah-v3,TD3_Q2a3x64_1p_zeros
184,5198.909103334303,920000.0,HalfCheetah-v3,TD3_Q2a3x64_1p_zeros
185,6226.485999836319,925000.0,HalfCheetah-v3,TD3_Q2a3x64_1p_zeros
186,6079.423127134129,930000.0,HalfCheetah-v3,TD3_Q2a3x64_1p_zeros
187,5809.7925208135475,935000.0,HalfCheetah-v3,TD3_Q2a3x64_1p_zeros
188,5593.248461266111,940000.0,HalfCheetah-v3,TD3_Q2a3x64_1p_zeros
189,5094.019641396027,945000.0,HalfCheetah-v3,TD3_Q2a3x64_1p_zeros
190,6291.058695245666,950000.0,HalfCheetah-v3,TD3_Q2a3x64_1p_zeros
191,6151.8957631093435,955000.0,HalfCheetah-v3,TD3_Q2a3x64_1p_zeros
192,5917.597194914847,960000.0,HalfCheetah-v3,TD3_Q2a3x64_1p_zeros
193,5686.209228790316,965000.0,HalfCheetah-v3,TD3_Q2a3x64_1p_zeros
194,5368.384826869542,970000.0,HalfCheetah-v3,TD3_Q2a3x64_1p_zeros
195,6445.770525160136,975000.0,HalfCheetah-v3,TD3_Q2a3x64_1p_zeros
196,6056.131742366757,980000.0,HalfCheetah-v3,TD3_Q2a3x64_1p_zeros
197,5672.6100981315185,985000.0,HalfCheetah-v3,TD3_Q2a3x64_1p_zeros
198,5651.309322911371,990000.0,HalfCheetah-v3,TD3_Q2a3x64_1p_zeros
199,5353.68202287147,995000.0,HalfCheetah-v3,TD3_Q2a3x64_1p_zeros
200,5975.138020866183,1000000.0,HalfCheetah-v3,TD3_Q2a3x64_1p_zeros
201,5958.628401840508,1005000.0,HalfCheetah-v3,TD3_Q2a3x64_1p_zeros
202,5761.446265483695,1010000.0,HalfCheetah-v3,TD3_Q2a3x64_1p_zeros
203,5532.429441991695,1015000.0,HalfCheetah-v3,TD3_Q2a3x64_1p_zeros
204,5246.249217474311,1020000.0,HalfCheetah-v3,TD3_Q2a3x64_1p_zeros
205,6417.107052883466,1025000.0,HalfCheetah-v3,TD3_Q2a3x64_1p_zeros
206,6254.00718117154,1030000.0,HalfCheetah-v3,TD3_Q2a3x64_1p_zeros
207,6049.460724163233,1035000.0,HalfCheetah-v3,TD3_Q2a3x64_1p_zeros
208,5755.783415851668,1040000.0,HalfCheetah-v3,TD3_Q2a3x64_1p_zeros
209,5548.535618169239,1045000.0,HalfCheetah-v3,TD3_Q2a3x64_1p_zeros
210,6726.870157598273,1050000.0,HalfCheetah-v3,TD3_Q2a3x64_1p_zeros
211,6521.3125408999895,1055000.0,HalfCheetah-v3,TD3_Q2a3x64_1p_zeros
212,6383.469603448439,1060000.0,HalfCheetah-v3,TD3_Q2a3x64_1p_zeros
213,6076.406835103688,1065000.0,HalfCheetah-v3,TD3_Q2a3x64_1p_zeros
214,5804.827932062367,1070000.0,HalfCheetah-v3,TD3_Q2a3x64_1p_zeros
215,6931.586765516784,1075000.0,HalfCheetah-v3,TD3_Q2a3x64_1p_zeros
216,6801.6898592723755,1080000.0,HalfCheetah-v3,TD3_Q2a3x64_1p_zeros
217,6486.586492766896,1085000.0,HalfCheetah-v3,TD3_Q2a3x64_1p_zeros
218,6174.535383401255,1090000.0,HalfCheetah-v3,TD3_Q2a3x64_1p_zeros
219,5762.404348199305,1095000.0,HalfCheetah-v3,TD3_Q2a3x64_1p_zeros
220,6847.119609977499,1100000.0,HalfCheetah-v3,TD3_Q2a3x64_1p_zeros
221,6636.506122497367,1105000.0,HalfCheetah-v3,TD3_Q2a3x64_1p_zeros
222,6455.920999274961,1110000.0,HalfCheetah-v3,TD3_Q2a3x64_1p_zeros
223,6214.91022665676,1115000.0,HalfCheetah-v3,TD3_Q2a3x64_1p_zeros
224,5839.217105406621,1120000.0,HalfCheetah-v3,TD3_Q2a3x64_1p_zeros
225,6800.064951532669,1125000.0,HalfCheetah-v3,TD3_Q2a3x64_1p_zeros
226,6633.6775215636535,1130000.0,HalfCheetah-v3,TD3_Q2a3x64_1p_zeros
227,6422.836450756428,1135000.0,HalfCheetah-v3,TD3_Q2a3x64_1p_zeros
228,6149.0945307419,1140000.0,HalfCheetah-v3,TD3_Q2a3x64_1p_zeros
229,5887.67929663637,1145000.0,HalfCheetah-v3,TD3_Q2a3x64_1p_zeros
230,7087.572610764173,1150000.0,HalfCheetah-v3,TD3_Q2a3x64_1p_zeros
231,6831.033018670807,1155000.0,HalfCheetah-v3,TD3_Q2a3x64_1p_zeros
232,6545.83709163902,1160000.0,HalfCheetah-v3,TD3_Q2a3x64_1p_zeros
233,6196.760400277277,1165000.0,HalfCheetah-v3,TD3_Q2a3x64_1p_zeros
234,5767.481732951681,1170000.0,HalfCheetah-v3,TD3_Q2a3x64_1p_zeros
235,6892.98917923828,1175000.0,HalfCheetah-v3,TD3_Q2a3x64_1p_zeros
236,6751.486844327145,1180000.0,HalfCheetah-v3,TD3_Q2a3x64_1p_zeros
237,6363.882813939859,1185000.0,HalfCheetah-v3,TD3_Q2a3x64_1p_zeros
238,5984.9124750330475,1190000.0,HalfCheetah-v3,TD3_Q2a3x64_1p_zeros
239,5763.619116490444,1195000.0,HalfCheetah-v3,TD3_Q2a3x64_1p_zeros
240,6868.132930564364,1200000.0,HalfCheetah-v3,TD3_Q2a3x64_1p_zeros
241,6656.017412853277,1205000.0,HalfCheetah-v3,TD3_Q2a3x64_1p_zeros
242,6184.849931146642,1210000.0,HalfCheetah-v3,TD3_Q2a3x64_1p_zeros
243,5920.809983934871,1215000.0,HalfCheetah-v3,TD3_Q2a3x64_1p_zeros
244,5492.943065979673,1220000.0,HalfCheetah-v3,TD3_Q2a3x64_1p_zeros
245,6808.775443695372,1225000.0,HalfCheetah-v3,TD3_Q2a3x64_1p_zeros
246,6709.871714331732,1230000.0,HalfCheetah-v3,TD3_Q2a3x64_1p_zeros
247,6503.363676174946,1235000.0,HalfCheetah-v3,TD3_Q2a3x64_1p_zeros
248,6250.556905834798,1240000.0,HalfCheetah-v3,TD3_Q2a3x64_1p_zeros
249,6022.833721882396,1245000.0,HalfCheetah-v3,TD3_Q2a3x64_1p_zeros
250,7268.757857609043,1250000.0,HalfCheetah-v3,TD3_Q2a3x64_1p_zeros
251,6381.3978853938515,1255000.0,HalfCheetah-v3,TD3_Q2a3x64_1p_zeros
252,6753.925607061765,1260000.0,HalfCheetah-v3,TD3_Q2a3x64_1p_zeros
253,6419.880238618965,1265000.0,HalfCheetah-v3,TD3_Q2a3x64_1p_zeros
254,6094.467208418226,1270000.0,HalfCheetah-v3,TD3_Q2a3x64_1p_zeros
255,6974.246081759884,1275000.0,HalfCheetah-v3,TD3_Q2a3x64_1p_zeros
256,6817.400996527785,1280000.0,HalfCheetah-v3,TD3_Q2a3x64_1p_zeros
257,6621.10338067586,1285000.0,HalfCheetah-v3,TD3_Q2a3x64_1p_zeros
258,6332.582312430438,1290000.0,HalfCheetah-v3,TD3_Q2a3x64_1p_zeros
259,6038.308271360492,1295000.0,HalfCheetah-v3,TD3_Q2a3x64_1p_zeros
260,7056.664938551851,1300000.0,HalfCheetah-v3,TD3_Q2a3x64_1p_zeros
261,6819.75326563214,1305000.0,HalfCheetah-v3,TD3_Q2a3x64_1p_zeros
262,6534.487162245308,1310000.0,HalfCheetah-v3,TD3_Q2a3x64_1p_zeros
263,6154.003098516596,1315000.0,HalfCheetah-v3,TD3_Q2a3x64_1p_zeros
264,5957.513780718386,1320000.0,HalfCheetah-v3,TD3_Q2a3x64_1p_zeros
265,7491.202451980394,1325000.0,HalfCheetah-v3,TD3_Q2a3x64_1p_zeros
266,7209.065997021436,1330000.0,HalfCheetah-v3,TD3_Q2a3x64_1p_zeros
267,6888.582318451505,1335000.0,HalfCheetah-v3,TD3_Q2a3x64_1p_zeros
268,6453.092286746964,1340000.0,HalfCheetah-v3,TD3_Q2a3x64_1p_zeros
269,6147.762461369815,1345000.0,HalfCheetah-v3,TD3_Q2a3x64_1p_zeros
270,7409.966072624644,1350000.0,HalfCheetah-v3,TD3_Q2a3x64_1p_zeros
271,7187.209163366757,1355000.0,HalfCheetah-v3,TD3_Q2a3x64_1p_zeros
272,6985.503064290286,1360000.0,HalfCheetah-v3,TD3_Q2a3x64_1p_zeros
273,6609.944993247224,1365000.0,HalfCheetah-v3,TD3_Q2a3x64_1p_zeros
274,6318.292735508856,1370000.0,HalfCheetah-v3,TD3_Q2a3x64_1p_zeros
275,6785.990902125295,1375000.0,HalfCheetah-v3,TD3_Q2a3x64_1p_zeros
276,6739.348599036059,1380000.0,HalfCheetah-v3,TD3_Q2a3x64_1p_zeros
277,6461.809316540701,1385000.0,HalfCheetah-v3,TD3_Q2a3x64_1p_zeros
278,6226.685250226891,1390000.0,HalfCheetah-v3,TD3_Q2a3x64_1p_zeros
279,6051.567887566866,1395000.0,HalfCheetah-v3,TD3_Q2a3x64_1p_zeros
280,7282.155976518612,1400000.0,HalfCheetah-v3,TD3_Q2a3x64_1p_zeros
281,6969.725875250906,1405000.0,HalfCheetah-v3,TD3_Q2a3x64_1p_zeros
282,6654.938749009214,1410000.0,HalfCheetah-v3,TD3_Q2a3x64_1p_zeros
283,6340.6082154937985,1415000.0,HalfCheetah-v3,TD3_Q2a3x64_1p_zeros
284,5953.834232402665,1420000.0,HalfCheetah-v3,TD3_Q2a3x64_1p_zeros
285,7705.3578588250075,1425000.0,HalfCheetah-v3,TD3_Q2a3x64_1p_zeros
286,7358.531109556512,1430000.0,HalfCheetah-v3,TD3_Q2a3x64_1p_zeros
287,6889.4892728191535,1435000.0,HalfCheetah-v3,TD3_Q2a3x64_1p_zeros
288,6482.748992554232,1440000.0,HalfCheetah-v3,TD3_Q2a3x64_1p_zeros
289,6262.848814452683,1445000.0,HalfCheetah-v3,TD3_Q2a3x64_1p_zeros
290,7649.123608898114,1450000.0,HalfCheetah-v3,TD3_Q2a3x64_1p_zeros
291,7430.309965763186,1455000.0,HalfCheetah-v3,TD3_Q2a3x64_1p_zeros
292,7010.606144590628,1460000.0,HalfCheetah-v3,TD3_Q2a3x64_1p_zeros
293,6690.655055525218,1465000.0,HalfCheetah-v3,TD3_Q2a3x64_1p_zeros
294,6360.611978641261,1470000.0,HalfCheetah-v3,TD3_Q2a3x64_1p_zeros
295,7711.730842136676,1475000.0,HalfCheetah-v3,TD3_Q2a3x64_1p_zeros
296,7450.043668787856,1480000.0,HalfCheetah-v3,TD3_Q2a3x64_1p_zeros
297,7186.424200712341,1485000.0,HalfCheetah-v3,TD3_Q2a3x64_1p_zeros
298,6693.872401361479,1490000.0,HalfCheetah-v3,TD3_Q2a3x64_1p_zeros
299,6462.635215728552,1495000.0,HalfCheetah-v3,TD3_Q2a3x64_1p_zeros
300,7366.746121532509,1500000.0,HalfCheetah-v3,TD3_Q2a3x64_1p_zeros
301,7118.859008144555,1505000.0,HalfCheetah-v3,TD3_Q2a3x64_1p_zeros
302,6868.693847179706,1510000.0,HalfCheetah-v3,TD3_Q2a3x64_1p_zeros
303,6425.8754125224705,1515000.0,HalfCheetah-v3,TD3_Q2a3x64_1p_zeros
304,6070.7280597198915,1520000.0,HalfCheetah-v3,TD3_Q2a3x64_1p_zeros
305,7217.367440996782,1525000.0,HalfCheetah-v3,TD3_Q2a3x64_1p_zeros
306,7126.088847341278,1530000.0,HalfCheetah-v3,TD3_Q2a3x64_1p_zeros
307,6892.2923826548895,1535000.0,HalfCheetah-v3,TD3_Q2a3x64_1p_zeros
308,6554.3191960379145,1540000.0,HalfCheetah-v3,TD3_Q2a3x64_1p_zeros
309,6281.930250939099,1545000.0,HalfCheetah-v3,TD3_Q2a3x64_1p_zeros
310,7395.012308497829,1550000.0,HalfCheetah-v3,TD3_Q2a3x64_1p_zeros
311,7034.3083590860015,1555000.0,HalfCheetah-v3,TD3_Q2a3x64_1p_zeros
312,6744.285395598512,1560000.0,HalfCheetah-v3,TD3_Q2a3x64_1p_zeros
313,6361.310610283049,1565000.0,HalfCheetah-v3,TD3_Q2a3x64_1p_zeros
314,6061.683566500487,1570000.0,HalfCheetah-v3,TD3_Q2a3x64_1p_zeros
315,7139.6114932136425,1575000.0,HalfCheetah-v3,TD3_Q2a3x64_1p_zeros
316,7267.2208685317355,1580000.0,HalfCheetah-v3,TD3_Q2a3x64_1p_zeros
317,7027.615061200333,1585000.0,HalfCheetah-v3,TD3_Q2a3x64_1p_zeros
318,6347.67419971512,1590000.0,HalfCheetah-v3,TD3_Q2a3x64_1p_zeros
319,6207.145779175708,1595000.0,HalfCheetah-v3,TD3_Q2a3x64_1p_zeros
320,7430.716894488,1600000.0,HalfCheetah-v3,TD3_Q2a3x64_1p_zeros
321,7215.7310760067585,1605000.0,HalfCheetah-v3,TD3_Q2a3x64_1p_zeros
322,6923.908393478965,1610000.0,HalfCheetah-v3,TD3_Q2a3x64_1p_zeros
323,6516.208998452988,1615000.0,HalfCheetah-v3,TD3_Q2a3x64_1p_zeros
324,6142.9563845967505,1620000.0,HalfCheetah-v3,TD3_Q2a3x64_1p_zeros
325,7628.881034667895,1625000.0,HalfCheetah-v3,TD3_Q2a3x64_1p_zeros
326,7511.65794582931,1630000.0,HalfCheetah-v3,TD3_Q2a3x64_1p_zeros
327,6811.96884388388,1635000.0,HalfCheetah-v3,TD3_Q2a3x64_1p_zeros
328,6836.853937691785,1640000.0,HalfCheetah-v3,TD3_Q2a3x64_1p_zeros
329,6261.358541436319,1645000.0,HalfCheetah-v3,TD3_Q2a3x64_1p_zeros
330,7895.878064456416,1650000.0,HalfCheetah-v3,TD3_Q2a3x64_1p_zeros
331,7685.225319455831,1655000.0,HalfCheetah-v3,TD3_Q2a3x64_1p_zeros
332,7371.827803131785,1660000.0,HalfCheetah-v3,TD3_Q2a3x64_1p_zeros
333,6917.564252621846,1665000.0,HalfCheetah-v3,TD3_Q2a3x64_1p_zeros
334,6582.82938413249,1670000.0,HalfCheetah-v3,TD3_Q2a3x64_1p_zeros
335,7399.248501022977,1675000.0,HalfCheetah-v3,TD3_Q2a3x64_1p_zeros
336,7653.588270020824,1680000.0,HalfCheetah-v3,TD3_Q2a3x64_1p_zeros
337,7261.626650534905,1685000.0,HalfCheetah-v3,TD3_Q2a3x64_1p_zeros
338,6862.537237506578,1690000.0,HalfCheetah-v3,TD3_Q2a3x64_1p_zeros
339,6497.015619213761,1695000.0,HalfCheetah-v3,TD3_Q2a3x64_1p_zeros
340,7856.375771200549,1700000.0,HalfCheetah-v3,TD3_Q2a3x64_1p_zeros
341,7660.449629559016,1705000.0,HalfCheetah-v3,TD3_Q2a3x64_1p_zeros
342,7322.156934717129,1710000.0,HalfCheetah-v3,TD3_Q2a3x64_1p_zeros
343,7022.68978487023,1715000.0,HalfCheetah-v3,TD3_Q2a3x64_1p_zeros
344,6643.807894247884,1720000.0,HalfCheetah-v3,TD3_Q2a3x64_1p_zeros
345,7777.644240513226,1725000.0,HalfCheetah-v3,TD3_Q2a3x64_1p_zeros
346,7574.133404311275,1730000.0,HalfCheetah-v3,TD3_Q2a3x64_1p_zeros
347,7298.983527527586,1735000.0,HalfCheetah-v3,TD3_Q2a3x64_1p_zeros
348,7006.37292270245,1740000.0,HalfCheetah-v3,TD3_Q2a3x64_1p_zeros
349,6700.280321457231,1745000.0,HalfCheetah-v3,TD3_Q2a3x64_1p_zeros
350,7427.01109398345,1750000.0,HalfCheetah-v3,TD3_Q2a3x64_1p_zeros
351,7301.293271407003,1755000.0,HalfCheetah-v3,TD3_Q2a3x64_1p_zeros
352,7091.903132079399,1760000.0,HalfCheetah-v3,TD3_Q2a3x64_1p_zeros
353,6918.8694668318585,1765000.0,HalfCheetah-v3,TD3_Q2a3x64_1p_zeros
354,6659.328768009509,1770000.0,HalfCheetah-v3,TD3_Q2a3x64_1p_zeros
355,7750.550418006462,1775000.0,HalfCheetah-v3,TD3_Q2a3x64_1p_zeros
356,7434.530580044487,1780000.0,HalfCheetah-v3,TD3_Q2a3x64_1p_zeros
357,7002.848120189044,1785000.0,HalfCheetah-v3,TD3_Q2a3x64_1p_zeros
358,6718.987937416074,1790000.0,HalfCheetah-v3,TD3_Q2a3x64_1p_zeros
359,5664.689334128309,1795000.0,HalfCheetah-v3,TD3_Q2a3x64_1p_zeros
360,8118.491640784906,1800000.0,HalfCheetah-v3,TD3_Q2a3x64_1p_zeros
361,7759.475435368858,1805000.0,HalfCheetah-v3,TD3_Q2a3x64_1p_zeros
362,7531.65595139565,1810000.0,HalfCheetah-v3,TD3_Q2a3x64_1p_zeros
363,7049.911491937955,1815000.0,HalfCheetah-v3,TD3_Q2a3x64_1p_zeros
364,6724.1040110825,1820000.0,HalfCheetah-v3,TD3_Q2a3x64_1p_zeros
365,7925.927669992008,1825000.0,HalfCheetah-v3,TD3_Q2a3x64_1p_zeros
366,7668.225507674384,1830000.0,HalfCheetah-v3,TD3_Q2a3x64_1p_zeros
367,7317.816895645311,1835000.0,HalfCheetah-v3,TD3_Q2a3x64_1p_zeros
368,6861.252945224728,1840000.0,HalfCheetah-v3,TD3_Q2a3x64_1p_zeros
369,6531.60997651964,1845000.0,HalfCheetah-v3,TD3_Q2a3x64_1p_zeros
370,8055.0949067100155,1850000.0,HalfCheetah-v3,TD3_Q2a3x64_1p_zeros
371,7841.081387816734,1855000.0,HalfCheetah-v3,TD3_Q2a3x64_1p_zeros
372,7455.811946698542,1860000.0,HalfCheetah-v3,TD3_Q2a3x64_1p_zeros
373,7090.437935535975,1865000.0,HalfCheetah-v3,TD3_Q2a3x64_1p_zeros
374,6768.867584421457,1870000.0,HalfCheetah-v3,TD3_Q2a3x64_1p_zeros
375,8003.48124653147,1875000.0,HalfCheetah-v3,TD3_Q2a3x64_1p_zeros
376,7668.001196403992,1880000.0,HalfCheetah-v3,TD3_Q2a3x64_1p_zeros
377,7237.834067594935,1885000.0,HalfCheetah-v3,TD3_Q2a3x64_1p_zeros
378,6796.624699169331,1890000.0,HalfCheetah-v3,TD3_Q2a3x64_1p_zeros
379,6374.600415827988,1895000.0,HalfCheetah-v3,TD3_Q2a3x64_1p_zeros
380,8077.3983498390835,1900000.0,HalfCheetah-v3,TD3_Q2a3x64_1p_zeros
381,7795.286510708915,1905000.0,HalfCheetah-v3,TD3_Q2a3x64_1p_zeros
382,7487.721883083441,1910000.0,HalfCheetah-v3,TD3_Q2a3x64_1p_zeros
383,7025.534569188443,1915000.0,HalfCheetah-v3,TD3_Q2a3x64_1p_zeros
384,6584.572946118748,1920000.0,HalfCheetah-v3,TD3_Q2a3x64_1p_zeros
385,8163.169803003524,1925000.0,HalfCheetah-v3,TD3_Q2a3x64_1p_zeros
386,7922.414104189478,1930000.0,HalfCheetah-v3,TD3_Q2a3x64_1p_zeros
387,7478.161401030197,1935000.0,HalfCheetah-v3,TD3_Q2a3x64_1p_zeros
388,7090.314960980414,1940000.0,HalfCheetah-v3,TD3_Q2a3x64_1p_zeros
389,6579.721940433102,1945000.0,HalfCheetah-v3,TD3_Q2a3x64_1p_zeros
390,8014.539557033853,1950000.0,HalfCheetah-v3,TD3_Q2a3x64_1p_zeros
391,7853.483406683996,1955000.0,HalfCheetah-v3,TD3_Q2a3x64_1p_zeros
392,7464.847478388806,1960000.0,HalfCheetah-v3,TD3_Q2a3x64_1p_zeros
393,7091.705878317434,1965000.0,HalfCheetah-v3,TD3_Q2a3x64_1p_zeros
394,6389.282075863663,1970000.0,HalfCheetah-v3,TD3_Q2a3x64_1p_zeros
395,7843.6470249540125,1975000.0,HalfCheetah-v3,TD3_Q2a3x64_1p_zeros
396,7701.499439351848,1980000.0,HalfCheetah-v3,TD3_Q2a3x64_1p_zeros
397,7421.879366995114,1985000.0,HalfCheetah-v3,TD3_Q2a3x64_1p_zeros
398,7074.0672670097165,1990000.0,HalfCheetah-v3,TD3_Q2a3x64_1p_zeros
399,6632.110732742292,1995000.0,HalfCheetah-v3,TD3_Q2a3x64_1p_zeros
400,8111.1473086184415,2000000.0,HalfCheetah-v3,TD3_Q2a3x64_1p_zeros
401,7917.529245781557,2005000.0,HalfCheetah-v3,TD3_Q2a3x64_1p_zeros
402,7571.932081328154,2010000.0,HalfCheetah-v3,TD3_Q2a3x64_1p_zeros
403,7218.642956599278,2015000.0,HalfCheetah-v3,TD3_Q2a3x64_1p_zeros
404,6768.9952565879885,2020000.0,HalfCheetah-v3,TD3_Q2a3x64_1p_zeros
405,8172.309380262743,2025000.0,HalfCheetah-v3,TD3_Q2a3x64_1p_zeros
406,7877.132869740051,2030000.0,HalfCheetah-v3,TD3_Q2a3x64_1p_zeros
407,7660.931217358737,2035000.0,HalfCheetah-v3,TD3_Q2a3x64_1p_zeros
408,7325.9848166347365,2040000.0,HalfCheetah-v3,TD3_Q2a3x64_1p_zeros
409,6792.806775270235,2045000.0,HalfCheetah-v3,TD3_Q2a3x64_1p_zeros
410,8036.484919698194,2050000.0,HalfCheetah-v3,TD3_Q2a3x64_1p_zeros
411,7701.899229762756,2055000.0,HalfCheetah-v3,TD3_Q2a3x64_1p_zeros
412,7353.825926775908,2060000.0,HalfCheetah-v3,TD3_Q2a3x64_1p_zeros
413,6925.498885880728,2065000.0,HalfCheetah-v3,TD3_Q2a3x64_1p_zeros
414,6580.71512621833,2070000.0,HalfCheetah-v3,TD3_Q2a3x64_1p_zeros
415,8018.125018625937,2075000.0,HalfCheetah-v3,TD3_Q2a3x64_1p_zeros
416,7770.104143425284,2080000.0,HalfCheetah-v3,TD3_Q2a3x64_1p_zeros
417,7558.537509605381,2085000.0,HalfCheetah-v3,TD3_Q2a3x64_1p_zeros
418,7177.363044742354,2090000.0,HalfCheetah-v3,TD3_Q2a3x64_1p_zeros
419,6879.876266287565,2095000.0,HalfCheetah-v3,TD3_Q2a3x64_1p_zeros
420,8153.782461581242,2100000.0,HalfCheetah-v3,TD3_Q2a3x64_1p_zeros
421,7879.928684697121,2105000.0,HalfCheetah-v3,TD3_Q2a3x64_1p_zeros
422,7546.677203088317,2110000.0,HalfCheetah-v3,TD3_Q2a3x64_1p_zeros
423,7070.822951409103,2115000.0,HalfCheetah-v3,TD3_Q2a3x64_1p_zeros
424,6623.65372384408,2120000.0,HalfCheetah-v3,TD3_Q2a3x64_1p_zeros
425,7971.279731783718,2125000.0,HalfCheetah-v3,TD3_Q2a3x64_1p_zeros
426,7651.663659805413,2130000.0,HalfCheetah-v3,TD3_Q2a3x64_1p_zeros
427,7279.224287789222,2135000.0,HalfCheetah-v3,TD3_Q2a3x64_1p_zeros
428,6881.916420067292,2140000.0,HalfCheetah-v3,TD3_Q2a3x64_1p_zeros
429,6572.701717922534,2145000.0,HalfCheetah-v3,TD3_Q2a3x64_1p_zeros
430,8332.640319960934,2150000.0,HalfCheetah-v3,TD3_Q2a3x64_1p_zeros
431,7965.838448146399,2155000.0,HalfCheetah-v3,TD3_Q2a3x64_1p_zeros
432,7539.625882509921,2160000.0,HalfCheetah-v3,TD3_Q2a3x64_1p_zeros
433,7072.751986017419,2165000.0,HalfCheetah-v3,TD3_Q2a3x64_1p_zeros
434,6627.525033073487,2170000.0,HalfCheetah-v3,TD3_Q2a3x64_1p_zeros
435,8045.805337433636,2175000.0,HalfCheetah-v3,TD3_Q2a3x64_1p_zeros
436,7802.850276753347,2180000.0,HalfCheetah-v3,TD3_Q2a3x64_1p_zeros
437,7490.679213107629,2185000.0,HalfCheetah-v3,TD3_Q2a3x64_1p_zeros
438,7148.34003715397,2190000.0,HalfCheetah-v3,TD3_Q2a3x64_1p_zeros
439,6822.405299969268,2195000.0,HalfCheetah-v3,TD3_Q2a3x64_1p_zeros
440,8263.303385848936,2200000.0,HalfCheetah-v3,TD3_Q2a3x64_1p_zeros
441,7948.151740890154,2205000.0,HalfCheetah-v3,TD3_Q2a3x64_1p_zeros
442,7670.636468732693,2210000.0,HalfCheetah-v3,TD3_Q2a3x64_1p_zeros
443,7301.076996544494,2215000.0,HalfCheetah-v3,TD3_Q2a3x64_1p_zeros
444,6939.635201151435,2220000.0,HalfCheetah-v3,TD3_Q2a3x64_1p_zeros
445,8431.302189665133,2225000.0,HalfCheetah-v3,TD3_Q2a3x64_1p_zeros
446,8114.669396741834,2230000.0,HalfCheetah-v3,TD3_Q2a3x64_1p_zeros
447,7891.038003692383,2235000.0,HalfCheetah-v3,TD3_Q2a3x64_1p_zeros
448,7395.0353727616575,2240000.0,HalfCheetah-v3,TD3_Q2a3x64_1p_zeros
449,6880.543224128172,2245000.0,HalfCheetah-v3,TD3_Q2a3x64_1p_zeros
450,8119.908360533993,2250000.0,HalfCheetah-v3,TD3_Q2a3x64_1p_zeros
451,7872.247042831208,2255000.0,HalfCheetah-v3,TD3_Q2a3x64_1p_zeros
452,7643.880311629112,2260000.0,HalfCheetah-v3,TD3_Q2a3x64_1p_zeros
453,7275.441825881525,2265000.0,HalfCheetah-v3,TD3_Q2a3x64_1p_zeros
454,6968.468406851153,2270000.0,HalfCheetah-v3,TD3_Q2a3x64_1p_zeros
455,8361.814386627953,2275000.0,HalfCheetah-v3,TD3_Q2a3x64_1p_zeros
456,8122.108769901082,2280000.0,HalfCheetah-v3,TD3_Q2a3x64_1p_zeros
457,7731.359242586553,2285000.0,HalfCheetah-v3,TD3_Q2a3x64_1p_zeros
458,7371.599490332061,2290000.0,HalfCheetah-v3,TD3_Q2a3x64_1p_zeros
459,6985.086695941978,2295000.0,HalfCheetah-v3,TD3_Q2a3x64_1p_zeros
460,8353.788699183871,2300000.0,HalfCheetah-v3,TD3_Q2a3x64_1p_zeros
461,8045.801070662482,2305000.0,HalfCheetah-v3,TD3_Q2a3x64_1p_zeros
462,7685.3105246873965,2310000.0,HalfCheetah-v3,TD3_Q2a3x64_1p_zeros
463,7324.658495199666,2315000.0,HalfCheetah-v3,TD3_Q2a3x64_1p_zeros
464,6937.25696220596,2320000.0,HalfCheetah-v3,TD3_Q2a3x64_1p_zeros
465,8447.656272567874,2325000.0,HalfCheetah-v3,TD3_Q2a3x64_1p_zeros
466,8061.148388063952,2330000.0,HalfCheetah-v3,TD3_Q2a3x64_1p_zeros
467,7812.78290566801,2335000.0,HalfCheetah-v3,TD3_Q2a3x64_1p_zeros
468,7254.670083847525,2340000.0,HalfCheetah-v3,TD3_Q2a3x64_1p_zeros
469,6888.286077517769,2345000.0,HalfCheetah-v3,TD3_Q2a3x64_1p_zeros
470,8366.114122414934,2350000.0,HalfCheetah-v3,TD3_Q2a3x64_1p_zeros
471,8141.7641302159245,2355000.0,HalfCheetah-v3,TD3_Q2a3x64_1p_zeros
472,7841.175772711406,2360000.0,HalfCheetah-v3,TD3_Q2a3x64_1p_zeros
473,7415.598899574664,2365000.0,HalfCheetah-v3,TD3_Q2a3x64_1p_zeros
474,7038.122484024626,2370000.0,HalfCheetah-v3,TD3_Q2a3x64_1p_zeros
475,8155.245063679601,2375000.0,HalfCheetah-v3,TD3_Q2a3x64_1p_zeros
476,7865.718467291993,2380000.0,HalfCheetah-v3,TD3_Q2a3x64_1p_zeros
477,7573.988201188082,2385000.0,HalfCheetah-v3,TD3_Q2a3x64_1p_zeros
478,7079.772730327352,2390000.0,HalfCheetah-v3,TD3_Q2a3x64_1p_zeros
479,6751.378552037294,2395000.0,HalfCheetah-v3,TD3_Q2a3x64_1p_zeros
480,8116.0761907863825,2400000.0,HalfCheetah-v3,TD3_Q2a3x64_1p_zeros
481,7739.639892402954,2405000.0,HalfCheetah-v3,TD3_Q2a3x64_1p_zeros
482,7306.445250834799,2410000.0,HalfCheetah-v3,TD3_Q2a3x64_1p_zeros
483,7061.323269502973,2415000.0,HalfCheetah-v3,TD3_Q2a3x64_1p_zeros
484,6614.134750575638,2420000.0,HalfCheetah-v3,TD3_Q2a3x64_1p_zeros
485,8242.31476284304,2425000.0,HalfCheetah-v3,TD3_Q2a3x64_1p_zeros
486,7873.554661000204,2430000.0,HalfCheetah-v3,TD3_Q2a3x64_1p_zeros
487,7601.531996369324,2435000.0,HalfCheetah-v3,TD3_Q2a3x64_1p_zeros
488,7119.3578435601985,2440000.0,HalfCheetah-v3,TD3_Q2a3x64_1p_zeros
489,6743.239498925897,2445000.0,HalfCheetah-v3,TD3_Q2a3x64_1p_zeros
490,8515.503397986071,2450000.0,HalfCheetah-v3,TD3_Q2a3x64_1p_zeros
491,8095.640690279237,2455000.0,HalfCheetah-v3,TD3_Q2a3x64_1p_zeros
492,7823.803143532054,2460000.0,HalfCheetah-v3,TD3_Q2a3x64_1p_zeros
493,7370.847296102618,2465000.0,HalfCheetah-v3,TD3_Q2a3x64_1p_zeros
494,6934.342137959051,2470000.0,HalfCheetah-v3,TD3_Q2a3x64_1p_zeros
495,8439.877172988097,2475000.0,HalfCheetah-v3,TD3_Q2a3x64_1p_zeros
496,8128.939402441036,2480000.0,HalfCheetah-v3,TD3_Q2a3x64_1p_zeros
497,7750.452429852036,2485000.0,HalfCheetah-v3,TD3_Q2a3x64_1p_zeros
498,7114.052956693503,2490000.0,HalfCheetah-v3,TD3_Q2a3x64_1p_zeros
499,6805.705299415536,2495000.0,HalfCheetah-v3,TD3_Q2a3x64_1p_zeros
500,8381.600876889619,2500000.0,HalfCheetah-v3,TD3_Q2a3x64_1p_zeros
501,8040.423574841489,2505000.0,HalfCheetah-v3,TD3_Q2a3x64_1p_zeros
502,7691.398722218546,2510000.0,HalfCheetah-v3,TD3_Q2a3x64_1p_zeros
503,7137.272362114651,2515000.0,HalfCheetah-v3,TD3_Q2a3x64_1p_zeros
504,6430.262570975125,2520000.0,HalfCheetah-v3,TD3_Q2a3x64_1p_zeros
505,8351.647047923954,2525000.0,HalfCheetah-v3,TD3_Q2a3x64_1p_zeros
506,8119.91634869528,2530000.0,HalfCheetah-v3,TD3_Q2a3x64_1p_zeros
507,7744.723264520058,2535000.0,HalfCheetah-v3,TD3_Q2a3x64_1p_zeros
508,7450.291080491872,2540000.0,HalfCheetah-v3,TD3_Q2a3x64_1p_zeros
509,7023.15586654013,2545000.0,HalfCheetah-v3,TD3_Q2a3x64_1p_zeros
510,8375.135617600477,2550000.0,HalfCheetah-v3,TD3_Q2a3x64_1p_zeros
511,8141.61638598257,2555000.0,HalfCheetah-v3,TD3_Q2a3x64_1p_zeros
512,7813.412542697786,2560000.0,HalfCheetah-v3,TD3_Q2a3x64_1p_zeros
513,7413.667458217072,2565000.0,HalfCheetah-v3,TD3_Q2a3x64_1p_zeros
514,7115.952899379634,2570000.0,HalfCheetah-v3,TD3_Q2a3x64_1p_zeros
515,8513.560806135205,2575000.0,HalfCheetah-v3,TD3_Q2a3x64_1p_zeros
516,8198.942148758611,2580000.0,HalfCheetah-v3,TD3_Q2a3x64_1p_zeros
517,7664.687392611199,2585000.0,HalfCheetah-v3,TD3_Q2a3x64_1p_zeros
518,7346.8614139899455,2590000.0,HalfCheetah-v3,TD3_Q2a3x64_1p_zeros
519,6795.514169047985,2595000.0,HalfCheetah-v3,TD3_Q2a3x64_1p_zeros
520,8488.489866593058,2600000.0,HalfCheetah-v3,TD3_Q2a3x64_1p_zeros
521,8224.943747230858,2605000.0,HalfCheetah-v3,TD3_Q2a3x64_1p_zeros
522,7870.3864859518435,2610000.0,HalfCheetah-v3,TD3_Q2a3x64_1p_zeros
523,7481.282322248738,2615000.0,HalfCheetah-v3,TD3_Q2a3x64_1p_zeros
524,7178.196954241565,2620000.0,HalfCheetah-v3,TD3_Q2a3x64_1p_zeros
525,8311.773261989418,2625000.0,HalfCheetah-v3,TD3_Q2a3x64_1p_zeros
526,8078.007044274835,2630000.0,HalfCheetah-v3,TD3_Q2a3x64_1p_zeros
527,7566.80050633466,2635000.0,HalfCheetah-v3,TD3_Q2a3x64_1p_zeros
528,7099.48283330062,2640000.0,HalfCheetah-v3,TD3_Q2a3x64_1p_zeros
529,6651.220794546598,2645000.0,HalfCheetah-v3,TD3_Q2a3x64_1p_zeros
530,8516.906164115435,2650000.0,HalfCheetah-v3,TD3_Q2a3x64_1p_zeros
531,8239.120503429742,2655000.0,HalfCheetah-v3,TD3_Q2a3x64_1p_zeros
532,7934.603816505539,2660000.0,HalfCheetah-v3,TD3_Q2a3x64_1p_zeros
533,7476.720366844325,2665000.0,HalfCheetah-v3,TD3_Q2a3x64_1p_zeros
534,6979.114500784,2670000.0,HalfCheetah-v3,TD3_Q2a3x64_1p_zeros
535,8386.242567729394,2675000.0,HalfCheetah-v3,TD3_Q2a3x64_1p_zeros
536,8172.683126768512,2680000.0,HalfCheetah-v3,TD3_Q2a3x64_1p_zeros
537,7762.689276811698,2685000.0,HalfCheetah-v3,TD3_Q2a3x64_1p_zeros
538,7521.868223421536,2690000.0,HalfCheetah-v3,TD3_Q2a3x64_1p_zeros
539,7088.63832025179,2695000.0,HalfCheetah-v3,TD3_Q2a3x64_1p_zeros
540,8533.285924904492,2700000.0,HalfCheetah-v3,TD3_Q2a3x64_1p_zeros
541,8279.142616082532,2705000.0,HalfCheetah-v3,TD3_Q2a3x64_1p_zeros
542,7870.71199195865,2710000.0,HalfCheetah-v3,TD3_Q2a3x64_1p_zeros
543,7519.93697519845,2715000.0,HalfCheetah-v3,TD3_Q2a3x64_1p_zeros
544,7046.836358489508,2720000.0,HalfCheetah-v3,TD3_Q2a3x64_1p_zeros
545,8291.058795382962,2725000.0,HalfCheetah-v3,TD3_Q2a3x64_1p_zeros
546,7896.196582115609,2730000.0,HalfCheetah-v3,TD3_Q2a3x64_1p_zeros
547,7640.652730904432,2735000.0,HalfCheetah-v3,TD3_Q2a3x64_1p_zeros
548,6985.790503719839,2740000.0,HalfCheetah-v3,TD3_Q2a3x64_1p_zeros
549,6667.419966421851,2745000.0,HalfCheetah-v3,TD3_Q2a3x64_1p_zeros
550,8554.371893592179,2750000.0,HalfCheetah-v3,TD3_Q2a3x64_1p_zeros
551,8266.94425448255,2755000.0,HalfCheetah-v3,TD3_Q2a3x64_1p_zeros
552,7863.099693082634,2760000.0,HalfCheetah-v3,TD3_Q2a3x64_1p_zeros
553,7453.22857489465,2765000.0,HalfCheetah-v3,TD3_Q2a3x64_1p_zeros
554,7030.422027434036,2770000.0,HalfCheetah-v3,TD3_Q2a3x64_1p_zeros
555,8319.360847238948,2775000.0,HalfCheetah-v3,TD3_Q2a3x64_1p_zeros
556,8050.954928498747,2780000.0,HalfCheetah-v3,TD3_Q2a3x64_1p_zeros
557,7713.211639900293,2785000.0,HalfCheetah-v3,TD3_Q2a3x64_1p_zeros
558,7337.7046976929,2790000.0,HalfCheetah-v3,TD3_Q2a3x64_1p_zeros
559,7037.373542594563,2795000.0,HalfCheetah-v3,TD3_Q2a3x64_1p_zeros
560,8532.400929076455,2800000.0,HalfCheetah-v3,TD3_Q2a3x64_1p_zeros
561,8265.987155444538,2805000.0,HalfCheetah-v3,TD3_Q2a3x64_1p_zeros
562,7910.429540715673,2810000.0,HalfCheetah-v3,TD3_Q2a3x64_1p_zeros
563,7624.837267831112,2815000.0,HalfCheetah-v3,TD3_Q2a3x64_1p_zeros
564,7160.720507092857,2820000.0,HalfCheetah-v3,TD3_Q2a3x64_1p_zeros
565,8644.795747745855,2825000.0,HalfCheetah-v3,TD3_Q2a3x64_1p_zeros
566,8340.457345527566,2830000.0,HalfCheetah-v3,TD3_Q2a3x64_1p_zeros
567,7978.778228067575,2835000.0,HalfCheetah-v3,TD3_Q2a3x64_1p_zeros
568,7569.726402537832,2840000.0,HalfCheetah-v3,TD3_Q2a3x64_1p_zeros
569,7153.115232284176,2845000.0,HalfCheetah-v3,TD3_Q2a3x64_1p_zeros
570,8508.147167046609,2850000.0,HalfCheetah-v3,TD3_Q2a3x64_1p_zeros
571,8351.683432314578,2855000.0,HalfCheetah-v3,TD3_Q2a3x64_1p_zeros
572,7940.432769858376,2860000.0,HalfCheetah-v3,TD3_Q2a3x64_1p_zeros
573,7585.679265977201,2865000.0,HalfCheetah-v3,TD3_Q2a3x64_1p_zeros
574,7222.1137179088455,2870000.0,HalfCheetah-v3,TD3_Q2a3x64_1p_zeros
575,8561.376115498979,2875000.0,HalfCheetah-v3,TD3_Q2a3x64_1p_zeros
576,8213.71491689961,2880000.0,HalfCheetah-v3,TD3_Q2a3x64_1p_zeros
577,7760.844863647985,2885000.0,HalfCheetah-v3,TD3_Q2a3x64_1p_zeros
578,7284.7261318494275,2890000.0,HalfCheetah-v3,TD3_Q2a3x64_1p_zeros
579,6938.509904313981,2895000.0,HalfCheetah-v3,TD3_Q2a3x64_1p_zeros
580,8511.952558254907,2900000.0,HalfCheetah-v3,TD3_Q2a3x64_1p_zeros
581,8275.744672987104,2905000.0,HalfCheetah-v3,TD3_Q2a3x64_1p_zeros
582,7931.453567115603,2910000.0,HalfCheetah-v3,TD3_Q2a3x64_1p_zeros
583,7490.939656839405,2915000.0,HalfCheetah-v3,TD3_Q2a3x64_1p_zeros
584,6990.49071602669,2920000.0,HalfCheetah-v3,TD3_Q2a3x64_1p_zeros
585,8335.181686286029,2925000.0,HalfCheetah-v3,TD3_Q2a3x64_1p_zeros
586,7971.3241408975155,2930000.0,HalfCheetah-v3,TD3_Q2a3x64_1p_zeros
587,7711.4585392466515,2935000.0,HalfCheetah-v3,TD3_Q2a3x64_1p_zeros
588,7148.415258669392,2940000.0,HalfCheetah-v3,TD3_Q2a3x64_1p_zeros
589,6737.538427692065,2945000.0,HalfCheetah-v3,TD3_Q2a3x64_1p_zeros
590,8416.233954270678,2950000.0,HalfCheetah-v3,TD3_Q2a3x64_1p_zeros
591,8134.186298435641,2955000.0,HalfCheetah-v3,TD3_Q2a3x64_1p_zeros
592,7852.321756086398,2960000.0,HalfCheetah-v3,TD3_Q2a3x64_1p_zeros
593,7468.641743672793,2965000.0,HalfCheetah-v3,TD3_Q2a3x64_1p_zeros
594,7189.78259144722,2970000.0,HalfCheetah-v3,TD3_Q2a3x64_1p_zeros
595,8576.58493335874,2975000.0,HalfCheetah-v3,TD3_Q2a3x64_1p_zeros
596,8320.01357227026,2980000.0,HalfCheetah-v3,TD3_Q2a3x64_1p_zeros
597,8004.856757260661,2985000.0,HalfCheetah-v3,TD3_Q2a3x64_1p_zeros
598,7520.059387059041,2990000.0,HalfCheetah-v3,TD3_Q2a3x64_1p_zeros
599,7121.111677259594,2995000.0,HalfCheetah-v3,TD3_Q2a3x64_1p_zeros
600,8632.36738203682,3000000.0,HalfCheetah-v3,TD3_Q2a3x64_1p_zeros
601,8391.438823350687,3005000.0,HalfCheetah-v3,TD3_Q2a3x64_1p_zeros
602,8055.807044619143,3010000.0,HalfCheetah-v3,TD3_Q2a3x64_1p_zeros
603,7691.414800491017,3015000.0,HalfCheetah-v3,TD3_Q2a3x64_1p_zeros
604,7203.688821278454,3020000.0,HalfCheetah-v3,TD3_Q2a3x64_1p_zeros
605,8565.229539056858,3025000.0,HalfCheetah-v3,TD3_Q2a3x64_1p_zeros
606,8334.157924214816,3030000.0,HalfCheetah-v3,TD3_Q2a3x64_1p_zeros
607,8004.551933853506,3035000.0,HalfCheetah-v3,TD3_Q2a3x64_1p_zeros
608,7548.925660307768,3040000.0,HalfCheetah-v3,TD3_Q2a3x64_1p_zeros
609,7177.484005116096,3045000.0,HalfCheetah-v3,TD3_Q2a3x64_1p_zeros
610,8712.447501098739,3050000.0,HalfCheetah-v3,TD3_Q2a3x64_1p_zeros
611,8423.436581503034,3055000.0,HalfCheetah-v3,TD3_Q2a3x64_1p_zeros
612,8042.511983600722,3060000.0,HalfCheetah-v3,TD3_Q2a3x64_1p_zeros
613,7703.177512820817,3065000.0,HalfCheetah-v3,TD3_Q2a3x64_1p_zeros
614,7259.3772960637125,3070000.0,HalfCheetah-v3,TD3_Q2a3x64_1p_zeros
615,8545.079449940626,3075000.0,HalfCheetah-v3,TD3_Q2a3x64_1p_zeros
616,8318.624463123031,3080000.0,HalfCheetah-v3,TD3_Q2a3x64_1p_zeros
617,7983.1566956145925,3085000.0,HalfCheetah-v3,TD3_Q2a3x64_1p_zeros
618,7648.441085466342,3090000.0,HalfCheetah-v3,TD3_Q2a3x64_1p_zeros
619,7216.670165632866,3095000.0,HalfCheetah-v3,TD3_Q2a3x64_1p_zeros
620,8656.211939341683,3100000.0,HalfCheetah-v3,TD3_Q2a3x64_1p_zeros
621,8426.982336094892,3105000.0,HalfCheetah-v3,TD3_Q2a3x64_1p_zeros
622,8037.786527844066,3110000.0,HalfCheetah-v3,TD3_Q2a3x64_1p_zeros
623,7563.431827233369,3115000.0,HalfCheetah-v3,TD3_Q2a3x64_1p_zeros
624,7218.984232651181,3120000.0,HalfCheetah-v3,TD3_Q2a3x64_1p_zeros
625,8737.383873522838,3125000.0,HalfCheetah-v3,TD3_Q2a3x64_1p_zeros
626,8523.53120115404,3130000.0,HalfCheetah-v3,TD3_Q2a3x64_1p_zeros
627,8090.2276191648,3135000.0,HalfCheetah-v3,TD3_Q2a3x64_1p_zeros
628,7694.529034334477,3140000.0,HalfCheetah-v3,TD3_Q2a3x64_1p_zeros
629,7199.161592411317,3145000.0,HalfCheetah-v3,TD3_Q2a3x64_1p_zeros
630,8589.507542837262,3150000.0,HalfCheetah-v3,TD3_Q2a3x64_1p_zeros
631,8376.04387471001,3155000.0,HalfCheetah-v3,TD3_Q2a3x64_1p_zeros
632,7954.730797739356,3160000.0,HalfCheetah-v3,TD3_Q2a3x64_1p_zeros
633,7564.679763792219,3165000.0,HalfCheetah-v3,TD3_Q2a3x64_1p_zeros
634,7098.950594188379,3170000.0,HalfCheetah-v3,TD3_Q2a3x64_1p_zeros
635,8754.479693459694,3175000.0,HalfCheetah-v3,TD3_Q2a3x64_1p_zeros
636,8450.445994533158,3180000.0,HalfCheetah-v3,TD3_Q2a3x64_1p_zeros
637,8154.062029387242,3185000.0,HalfCheetah-v3,TD3_Q2a3x64_1p_zeros
638,7591.560288089832,3190000.0,HalfCheetah-v3,TD3_Q2a3x64_1p_zeros
639,7319.097072979652,3195000.0,HalfCheetah-v3,TD3_Q2a3x64_1p_zeros
640,8551.519886867874,3200000.0,HalfCheetah-v3,TD3_Q2a3x64_1p_zeros
641,8377.95637946532,3205000.0,HalfCheetah-v3,TD3_Q2a3x64_1p_zeros
642,7928.201681692958,3210000.0,HalfCheetah-v3,TD3_Q2a3x64_1p_zeros
643,7610.007087394928,3215000.0,HalfCheetah-v3,TD3_Q2a3x64_1p_zeros
644,7236.556252056778,3220000.0,HalfCheetah-v3,TD3_Q2a3x64_1p_zeros
645,8775.299999681945,3225000.0,HalfCheetah-v3,TD3_Q2a3x64_1p_zeros
646,8574.042820632405,3230000.0,HalfCheetah-v3,TD3_Q2a3x64_1p_zeros
647,8129.416084623226,3235000.0,HalfCheetah-v3,TD3_Q2a3x64_1p_zeros
648,7741.489708018673,3240000.0,HalfCheetah-v3,TD3_Q2a3x64_1p_zeros
649,7279.355363338766,3245000.0,HalfCheetah-v3,TD3_Q2a3x64_1p_zeros
650,8695.056092270417,3250000.0,HalfCheetah-v3,TD3_Q2a3x64_1p_zeros
651,8463.490315858224,3255000.0,HalfCheetah-v3,TD3_Q2a3x64_1p_zeros
652,8124.320242881455,3260000.0,HalfCheetah-v3,TD3_Q2a3x64_1p_zeros
653,7700.711085400706,3265000.0,HalfCheetah-v3,TD3_Q2a3x64_1p_zeros
654,7266.538457806807,3270000.0,HalfCheetah-v3,TD3_Q2a3x64_1p_zeros
655,8658.17821386069,3275000.0,HalfCheetah-v3,TD3_Q2a3x64_1p_zeros
656,8442.23842178049,3280000.0,HalfCheetah-v3,TD3_Q2a3x64_1p_zeros
657,8107.389087040424,3285000.0,HalfCheetah-v3,TD3_Q2a3x64_1p_zeros
658,7691.944344578356,3290000.0,HalfCheetah-v3,TD3_Q2a3x64_1p_zeros
659,7364.621240213177,3295000.0,HalfCheetah-v3,TD3_Q2a3x64_1p_zeros
660,8732.67965620812,3300000.0,HalfCheetah-v3,TD3_Q2a3x64_1p_zeros
661,8467.073273683849,3305000.0,HalfCheetah-v3,TD3_Q2a3x64_1p_zeros
662,8120.217055966657,3310000.0,HalfCheetah-v3,TD3_Q2a3x64_1p_zeros
663,7771.301072608774,3315000.0,HalfCheetah-v3,TD3_Q2a3x64_1p_zeros
664,7314.981076156619,3320000.0,HalfCheetah-v3,TD3_Q2a3x64_1p_zeros
665,8811.33401282156,3325000.0,HalfCheetah-v3,TD3_Q2a3x64_1p_zeros
666,8495.799182008443,3330000.0,HalfCheetah-v3,TD3_Q2a3x64_1p_zeros
667,8103.004123755932,3335000.0,HalfCheetah-v3,TD3_Q2a3x64_1p_zeros
668,7732.2758895139295,3340000.0,HalfCheetah-v3,TD3_Q2a3x64_1p_zeros
669,7315.144916476686,3345000.0,HalfCheetah-v3,TD3_Q2a3x64_1p_zeros
670,8850.083770874622,3350000.0,HalfCheetah-v3,TD3_Q2a3x64_1p_zeros
671,8541.86262435269,3355000.0,HalfCheetah-v3,TD3_Q2a3x64_1p_zeros
672,8075.945975201512,3360000.0,HalfCheetah-v3,TD3_Q2a3x64_1p_zeros
673,7628.619182736639,3365000.0,HalfCheetah-v3,TD3_Q2a3x64_1p_zeros
674,7100.790304142279,3370000.0,HalfCheetah-v3,TD3_Q2a3x64_1p_zeros
675,8774.411190335517,3375000.0,HalfCheetah-v3,TD3_Q2a3x64_1p_zeros
676,8506.931371554547,3380000.0,HalfCheetah-v3,TD3_Q2a3x64_1p_zeros
677,8028.136993196892,3385000.0,HalfCheetah-v3,TD3_Q2a3x64_1p_zeros
678,7642.155614869502,3390000.0,HalfCheetah-v3,TD3_Q2a3x64_1p_zeros
679,7221.50686864739,3395000.0,HalfCheetah-v3,TD3_Q2a3x64_1p_zeros
680,8859.557127571017,3400000.0,HalfCheetah-v3,TD3_Q2a3x64_1p_zeros
681,8531.610255333395,3405000.0,HalfCheetah-v3,TD3_Q2a3x64_1p_zeros
682,8195.63271495738,3410000.0,HalfCheetah-v3,TD3_Q2a3x64_1p_zeros
683,7654.830864159737,3415000.0,HalfCheetah-v3,TD3_Q2a3x64_1p_zeros
684,7189.314441203383,3420000.0,HalfCheetah-v3,TD3_Q2a3x64_1p_zeros
685,8805.16912665046,3425000.0,HalfCheetah-v3,TD3_Q2a3x64_1p_zeros
686,8551.27343141067,3430000.0,HalfCheetah-v3,TD3_Q2a3x64_1p_zeros
687,8217.675811775522,3435000.0,HalfCheetah-v3,TD3_Q2a3x64_1p_zeros
688,7662.628106549069,3440000.0,HalfCheetah-v3,TD3_Q2a3x64_1p_zeros
689,7368.896291725978,3445000.0,HalfCheetah-v3,TD3_Q2a3x64_1p_zeros
690,8890.688238505882,3450000.0,HalfCheetah-v3,TD3_Q2a3x64_1p_zeros
691,8645.37414094766,3455000.0,HalfCheetah-v3,TD3_Q2a3x64_1p_zeros
692,8258.67864210223,3460000.0,HalfCheetah-v3,TD3_Q2a3x64_1p_zeros
693,7801.082129711339,3465000.0,HalfCheetah-v3,TD3_Q2a3x64_1p_zeros
694,7397.25299616079,3470000.0,HalfCheetah-v3,TD3_Q2a3x64_1p_zeros
695,8707.061380097271,3475000.0,HalfCheetah-v3,TD3_Q2a3x64_1p_zeros
696,8410.972963637845,3480000.0,HalfCheetah-v3,TD3_Q2a3x64_1p_zeros
697,8167.200639789601,3485000.0,HalfCheetah-v3,TD3_Q2a3x64_1p_zeros
698,7709.936452786673,3490000.0,HalfCheetah-v3,TD3_Q2a3x64_1p_zeros
699,7270.148267335682,3495000.0,HalfCheetah-v3,TD3_Q2a3x64_1p_zeros
700,8987.184844222103,3500000.0,HalfCheetah-v3,TD3_Q2a3x64_1p_zeros
701,8583.91584771876,3505000.0,HalfCheetah-v3,TD3_Q2a3x64_1p_zeros
702,8222.193462979532,3510000.0,HalfCheetah-v3,TD3_Q2a3x64_1p_zeros
703,7752.112354664954,3515000.0,HalfCheetah-v3,TD3_Q2a3x64_1p_zeros
704,7077.218441656791,3520000.0,HalfCheetah-v3,TD3_Q2a3x64_1p_zeros
705,9019.618130132576,3525000.0,HalfCheetah-v3,TD3_Q2a3x64_1p_zeros
706,8706.470368406422,3530000.0,HalfCheetah-v3,TD3_Q2a3x64_1p_zeros
707,8188.215544598164,3535000.0,HalfCheetah-v3,TD3_Q2a3x64_1p_zeros
708,7352.701437292517,3540000.0,HalfCheetah-v3,TD3_Q2a3x64_1p_zeros
709,7246.230263633285,3545000.0,HalfCheetah-v3,TD3_Q2a3x64_1p_zeros
710,8950.461234168108,3550000.0,HalfCheetah-v3,TD3_Q2a3x64_1p_zeros
711,8687.539010862365,3555000.0,HalfCheetah-v3,TD3_Q2a3x64_1p_zeros
712,8124.861392798368,3560000.0,HalfCheetah-v3,TD3_Q2a3x64_1p_zeros
713,7633.237841633837,3565000.0,HalfCheetah-v3,TD3_Q2a3x64_1p_zeros
714,7189.995773456675,3570000.0,HalfCheetah-v3,TD3_Q2a3x64_1p_zeros
715,8951.63330379166,3575000.0,HalfCheetah-v3,TD3_Q2a3x64_1p_zeros
716,8618.256973811056,3580000.0,HalfCheetah-v3,TD3_Q2a3x64_1p_zeros
717,8201.544220227126,3585000.0,HalfCheetah-v3,TD3_Q2a3x64_1p_zeros
718,7688.1539337251115,3590000.0,HalfCheetah-v3,TD3_Q2a3x64_1p_zeros
719,7294.484601794384,3595000.0,HalfCheetah-v3,TD3_Q2a3x64_1p_zeros
720,8912.039514114304,3600000.0,HalfCheetah-v3,TD3_Q2a3x64_1p_zeros
721,8789.278718117543,3605000.0,HalfCheetah-v3,TD3_Q2a3x64_1p_zeros
722,8292.770929746443,3610000.0,HalfCheetah-v3,TD3_Q2a3x64_1p_zeros
723,7983.05507839069,3615000.0,HalfCheetah-v3,TD3_Q2a3x64_1p_zeros
724,7536.42614323858,3620000.0,HalfCheetah-v3,TD3_Q2a3x64_1p_zeros
725,9096.916978609675,3625000.0,HalfCheetah-v3,TD3_Q2a3x64_1p_zeros
726,8768.860904261961,3630000.0,HalfCheetah-v3,TD3_Q2a3x64_1p_zeros
727,8365.886968075034,3635000.0,HalfCheetah-v3,TD3_Q2a3x64_1p_zeros
728,7884.3060649910785,3640000.0,HalfCheetah-v3,TD3_Q2a3x64_1p_zeros
729,7379.562668605298,3645000.0,HalfCheetah-v3,TD3_Q2a3x64_1p_zeros
730,9129.426066966986,3650000.0,HalfCheetah-v3,TD3_Q2a3x64_1p_zeros
731,8846.363216799378,3655000.0,HalfCheetah-v3,TD3_Q2a3x64_1p_zeros
732,8400.902085355103,3660000.0,HalfCheetah-v3,TD3_Q2a3x64_1p_zeros
733,7760.894973841251,3665000.0,HalfCheetah-v3,TD3_Q2a3x64_1p_zeros
734,7405.27747072084,3670000.0,HalfCheetah-v3,TD3_Q2a3x64_1p_zeros
735,9126.017199539947,3675000.0,HalfCheetah-v3,TD3_Q2a3x64_1p_zeros
736,8782.420923743812,3680000.0,HalfCheetah-v3,TD3_Q2a3x64_1p_zeros
737,8349.534930669808,3685000.0,HalfCheetah-v3,TD3_Q2a3x64_1p_zeros
738,7970.591590765335,3690000.0,HalfCheetah-v3,TD3_Q2a3x64_1p_zeros
739,7248.988457363623,3695000.0,HalfCheetah-v3,TD3_Q2a3x64_1p_zeros
740,8887.781395644373,3700000.0,HalfCheetah-v3,TD3_Q2a3x64_1p_zeros
741,8600.418228491377,3705000.0,HalfCheetah-v3,TD3_Q2a3x64_1p_zeros
742,8258.579944124616,3710000.0,HalfCheetah-v3,TD3_Q2a3x64_1p_zeros
743,7957.887142254653,3715000.0,HalfCheetah-v3,TD3_Q2a3x64_1p_zeros
744,7460.751056930616,3720000.0,HalfCheetah-v3,TD3_Q2a3x64_1p_zeros
745,9187.888575295534,3725000.0,HalfCheetah-v3,TD3_Q2a3x64_1p_zeros
746,8883.60224652781,3730000.0,HalfCheetah-v3,TD3_Q2a3x64_1p_zeros
747,8401.605960735104,3735000.0,HalfCheetah-v3,TD3_Q2a3x64_1p_zeros
748,7981.0968049156345,3740000.0,HalfCheetah-v3,TD3_Q2a3x64_1p_zeros
749,7422.224363825199,3745000.0,HalfCheetah-v3,TD3_Q2a3x64_1p_zeros
750,9199.112661194466,3750000.0,HalfCheetah-v3,TD3_Q2a3x64_1p_zeros
751,8954.169185596747,3755000.0,HalfCheetah-v3,TD3_Q2a3x64_1p_zeros
752,8537.0667710483,3760000.0,HalfCheetah-v3,TD3_Q2a3x64_1p_zeros
753,7862.318769373693,3765000.0,HalfCheetah-v3,TD3_Q2a3x64_1p_zeros
754,7248.115310995092,3770000.0,HalfCheetah-v3,TD3_Q2a3x64_1p_zeros
755,9018.799473056793,3775000.0,HalfCheetah-v3,TD3_Q2a3x64_1p_zeros
756,8731.362672993046,3780000.0,HalfCheetah-v3,TD3_Q2a3x64_1p_zeros
757,8334.044815243587,3785000.0,HalfCheetah-v3,TD3_Q2a3x64_1p_zeros
758,7937.241919437579,3790000.0,HalfCheetah-v3,TD3_Q2a3x64_1p_zeros
759,7464.548943526948,3795000.0,HalfCheetah-v3,TD3_Q2a3x64_1p_zeros
760,8835.397963971973,3800000.0,HalfCheetah-v3,TD3_Q2a3x64_1p_zeros
761,8560.086477839142,3805000.0,HalfCheetah-v3,TD3_Q2a3x64_1p_zeros
762,8134.172699224015,3810000.0,HalfCheetah-v3,TD3_Q2a3x64_1p_zeros
763,7636.565826765254,3815000.0,HalfCheetah-v3,TD3_Q2a3x64_1p_zeros
764,6802.802890416208,3820000.0,HalfCheetah-v3,TD3_Q2a3x64_1p_zeros
765,9139.6066665077,3825000.0,HalfCheetah-v3,TD3_Q2a3x64_1p_zeros
766,8907.223208599398,3830000.0,HalfCheetah-v3,TD3_Q2a3x64_1p_zeros
767,8456.142009347495,3835000.0,HalfCheetah-v3,TD3_Q2a3x64_1p_zeros
768,8067.149839522865,3840000.0,HalfCheetah-v3,TD3_Q2a3x64_1p_zeros
769,7453.994886639697,3845000.0,HalfCheetah-v3,TD3_Q2a3x64_1p_zeros
770,9228.933716428925,3850000.0,HalfCheetah-v3,TD3_Q2a3x64_1p_zeros
771,8937.960304322487,3855000.0,HalfCheetah-v3,TD3_Q2a3x64_1p_zeros
772,8533.595970798315,3860000.0,HalfCheetah-v3,TD3_Q2a3x64_1p_zeros
773,8132.472169220973,3865000.0,HalfCheetah-v3,TD3_Q2a3x64_1p_zeros
774,7681.4013268613835,3870000.0,HalfCheetah-v3,TD3_Q2a3x64_1p_zeros
775,9276.734022578912,3875000.0,HalfCheetah-v3,TD3_Q2a3x64_1p_zeros
776,8935.627912301741,3880000.0,HalfCheetah-v3,TD3_Q2a3x64_1p_zeros
777,8542.427060445974,3885000.0,HalfCheetah-v3,TD3_Q2a3x64_1p_zeros
778,7921.768671286297,3890000.0,HalfCheetah-v3,TD3_Q2a3x64_1p_zeros
779,7515.658679622339,3895000.0,HalfCheetah-v3,TD3_Q2a3x64_1p_zeros
780,9468.648838628453,3900000.0,HalfCheetah-v3,TD3_Q2a3x64_1p_zeros
781,9104.997098125426,3905000.0,HalfCheetah-v3,TD3_Q2a3x64_1p_zeros
782,8675.435661791355,3910000.0,HalfCheetah-v3,TD3_Q2a3x64_1p_zeros
783,8185.001791034549,3915000.0,HalfCheetah-v3,TD3_Q2a3x64_1p_zeros
784,7587.690602763764,3920000.0,HalfCheetah-v3,TD3_Q2a3x64_1p_zeros
785,9259.713712823836,3925000.0,HalfCheetah-v3,TD3_Q2a3x64_1p_zeros
786,8997.442765198968,3930000.0,HalfCheetah-v3,TD3_Q2a3x64_1p_zeros
787,8584.487215652458,3935000.0,HalfCheetah-v3,TD3_Q2a3x64_1p_zeros
788,8026.204215385405,3940000.0,HalfCheetah-v3,TD3_Q2a3x64_1p_zeros
789,7466.149105780993,3945000.0,HalfCheetah-v3,TD3_Q2a3x64_1p_zeros
790,9082.568662074915,3950000.0,HalfCheetah-v3,TD3_Q2a3x64_1p_zeros
791,8949.23265420794,3955000.0,HalfCheetah-v3,TD3_Q2a3x64_1p_zeros
792,8652.495828349885,3960000.0,HalfCheetah-v3,TD3_Q2a3x64_1p_zeros
793,8100.966939341112,3965000.0,HalfCheetah-v3,TD3_Q2a3x64_1p_zeros
794,7723.663107307711,3970000.0,HalfCheetah-v3,TD3_Q2a3x64_1p_zeros
795,9290.808094508091,3975000.0,HalfCheetah-v3,TD3_Q2a3x64_1p_zeros
796,9040.50336550549,3980000.0,HalfCheetah-v3,TD3_Q2a3x64_1p_zeros
797,8576.676792625289,3985000.0,HalfCheetah-v3,TD3_Q2a3x64_1p_zeros
798,8093.503370456239,3990000.0,HalfCheetah-v3,TD3_Q2a3x64_1p_zeros
799,7620.366442580531,3995000.0,HalfCheetah-v3,TD3_Q2a3x64_1p_zeros
800,9207.726918009237,4000000.0,HalfCheetah-v3,TD3_Q2a3x64_1p_zeros
801,9094.428226804597,4005000.0,HalfCheetah-v3,TD3_Q2a3x64_1p_zeros
802,8601.12686923863,4010000.0,HalfCheetah-v3,TD3_Q2a3x64_1p_zeros
803,7976.733448021407,4015000.0,HalfCheetah-v3,TD3_Q2a3x64_1p_zeros
804,7490.937050692603,4020000.0,HalfCheetah-v3,TD3_Q2a3x64_1p_zeros
805,9545.398442475305,4025000.0,HalfCheetah-v3,TD3_Q2a3x64_1p_zeros
806,9226.781795619345,4030000.0,HalfCheetah-v3,TD3_Q2a3x64_1p_zeros
807,8700.968375061444,4035000.0,HalfCheetah-v3,TD3_Q2a3x64_1p_zeros
808,8087.6330436162625,4040000.0,HalfCheetah-v3,TD3_Q2a3x64_1p_zeros
809,7593.597999580849,4045000.0,HalfCheetah-v3,TD3_Q2a3x64_1p_zeros
810,9451.437741795015,4050000.0,HalfCheetah-v3,TD3_Q2a3x64_1p_zeros
811,9138.63378929882,4055000.0,HalfCheetah-v3,TD3_Q2a3x64_1p_zeros
812,8766.176983779864,4060000.0,HalfCheetah-v3,TD3_Q2a3x64_1p_zeros
813,8213.992631535872,4065000.0,HalfCheetah-v3,TD3_Q2a3x64_1p_zeros
814,7498.9967256153195,4070000.0,HalfCheetah-v3,TD3_Q2a3x64_1p_zeros
815,8912.674545914266,4075000.0,HalfCheetah-v3,TD3_Q2a3x64_1p_zeros
816,9196.033697337041,4080000.0,HalfCheetah-v3,TD3_Q2a3x64_1p_zeros
817,8667.241880076519,4085000.0,HalfCheetah-v3,TD3_Q2a3x64_1p_zeros
818,8094.651039367153,4090000.0,HalfCheetah-v3,TD3_Q2a3x64_1p_zeros
819,7533.293266159951,4095000.0,HalfCheetah-v3,TD3_Q2a3x64_1p_zeros
820,9400.246023904354,4100000.0,HalfCheetah-v3,TD3_Q2a3x64_1p_zeros
821,9119.61118070721,4105000.0,HalfCheetah-v3,TD3_Q2a3x64_1p_zeros
822,8721.39635597511,4110000.0,HalfCheetah-v3,TD3_Q2a3x64_1p_zeros
823,8242.030507082625,4115000.0,HalfCheetah-v3,TD3_Q2a3x64_1p_zeros
824,7667.723572400891,4120000.0,HalfCheetah-v3,TD3_Q2a3x64_1p_zeros
825,9324.736268502471,4125000.0,HalfCheetah-v3,TD3_Q2a3x64_1p_zeros
826,9244.823156584222,4130000.0,HalfCheetah-v3,TD3_Q2a3x64_1p_zeros
827,8757.44871060098,4135000.0,HalfCheetah-v3,TD3_Q2a3x64_1p_zeros
828,8144.866930274104,4140000.0,HalfCheetah-v3,TD3_Q2a3x64_1p_zeros
829,7563.0188937319635,4145000.0,HalfCheetah-v3,TD3_Q2a3x64_1p_zeros
830,9484.087120786851,4150000.0,HalfCheetah-v3,TD3_Q2a3x64_1p_zeros
831,9132.131266113005,4155000.0,HalfCheetah-v3,TD3_Q2a3x64_1p_zeros
832,8542.598978008917,4160000.0,HalfCheetah-v3,TD3_Q2a3x64_1p_zeros
833,8032.048933983853,4165000.0,HalfCheetah-v3,TD3_Q2a3x64_1p_zeros
834,7322.762793542899,4170000.0,HalfCheetah-v3,TD3_Q2a3x64_1p_zeros
835,8866.32751907601,4175000.0,HalfCheetah-v3,TD3_Q2a3x64_1p_zeros
836,8658.580321437528,4180000.0,HalfCheetah-v3,TD3_Q2a3x64_1p_zeros
837,8129.799056707261,4185000.0,HalfCheetah-v3,TD3_Q2a3x64_1p_zeros
838,7705.225526552635,4190000.0,HalfCheetah-v3,TD3_Q2a3x64_1p_zeros
839,7065.271538404428,4195000.0,HalfCheetah-v3,TD3_Q2a3x64_1p_zeros
840,9415.140717975413,4200000.0,HalfCheetah-v3,TD3_Q2a3x64_1p_zeros
841,9106.259831653988,4205000.0,HalfCheetah-v3,TD3_Q2a3x64_1p_zeros
842,8919.798877827827,4210000.0,HalfCheetah-v3,TD3_Q2a3x64_1p_zeros
843,8284.92295441696,4215000.0,HalfCheetah-v3,TD3_Q2a3x64_1p_zeros
844,7736.844403859344,4220000.0,HalfCheetah-v3,TD3_Q2a3x64_1p_zeros
845,9514.802187130332,4225000.0,HalfCheetah-v3,TD3_Q2a3x64_1p_zeros
846,9288.654640338656,4230000.0,HalfCheetah-v3,TD3_Q2a3x64_1p_zeros
847,8791.710479290647,4235000.0,HalfCheetah-v3,TD3_Q2a3x64_1p_zeros
848,8293.894814477597,4240000.0,HalfCheetah-v3,TD3_Q2a3x64_1p_zeros
849,7716.811840182301,4245000.0,HalfCheetah-v3,TD3_Q2a3x64_1p_zeros
850,9552.122737558195,4250000.0,HalfCheetah-v3,TD3_Q2a3x64_1p_zeros
851,8665.211445033694,4255000.0,HalfCheetah-v3,TD3_Q2a3x64_1p_zeros
852,8729.633458457381,4260000.0,HalfCheetah-v3,TD3_Q2a3x64_1p_zeros
853,8243.292944408677,4265000.0,HalfCheetah-v3,TD3_Q2a3x64_1p_zeros
854,7647.377828154233,4270000.0,HalfCheetah-v3,TD3_Q2a3x64_1p_zeros
855,9566.9707394838,4275000.0,HalfCheetah-v3,TD3_Q2a3x64_1p_zeros
856,9267.49648458558,4280000.0,HalfCheetah-v3,TD3_Q2a3x64_1p_zeros
857,8731.417662714319,4285000.0,HalfCheetah-v3,TD3_Q2a3x64_1p_zeros
858,8193.822066227058,4290000.0,HalfCheetah-v3,TD3_Q2a3x64_1p_zeros
859,7645.3752710693925,4295000.0,HalfCheetah-v3,TD3_Q2a3x64_1p_zeros
860,9430.471678232663,4300000.0,HalfCheetah-v3,TD3_Q2a3x64_1p_zeros
861,9142.037749040644,4305000.0,HalfCheetah-v3,TD3_Q2a3x64_1p_zeros
862,8486.754943671356,4310000.0,HalfCheetah-v3,TD3_Q2a3x64_1p_zeros
863,8046.8241866451135,4315000.0,HalfCheetah-v3,TD3_Q2a3x64_1p_zeros
864,7585.533052386163,4320000.0,HalfCheetah-v3,TD3_Q2a3x64_1p_zeros
865,9590.684317322613,4325000.0,HalfCheetah-v3,TD3_Q2a3x64_1p_zeros
866,9177.252573050606,4330000.0,HalfCheetah-v3,TD3_Q2a3x64_1p_zeros
867,8526.013881250152,4335000.0,HalfCheetah-v3,TD3_Q2a3x64_1p_zeros
868,8027.7093800646235,4340000.0,HalfCheetah-v3,TD3_Q2a3x64_1p_zeros
869,7651.243970339756,4345000.0,HalfCheetah-v3,TD3_Q2a3x64_1p_zeros
870,9609.922220700964,4350000.0,HalfCheetah-v3,TD3_Q2a3x64_1p_zeros
871,8525.578375714049,4355000.0,HalfCheetah-v3,TD3_Q2a3x64_1p_zeros
872,8618.949707561977,4360000.0,HalfCheetah-v3,TD3_Q2a3x64_1p_zeros
873,8155.725584908991,4365000.0,HalfCheetah-v3,TD3_Q2a3x64_1p_zeros
874,7595.85027790413,4370000.0,HalfCheetah-v3,TD3_Q2a3x64_1p_zeros
875,9535.588060119426,4375000.0,HalfCheetah-v3,TD3_Q2a3x64_1p_zeros
876,9145.147734888329,4380000.0,HalfCheetah-v3,TD3_Q2a3x64_1p_zeros
877,8756.212143594834,4385000.0,HalfCheetah-v3,TD3_Q2a3x64_1p_zeros
878,8323.576737034497,4390000.0,HalfCheetah-v3,TD3_Q2a3x64_1p_zeros
879,7769.72775198936,4395000.0,HalfCheetah-v3,TD3_Q2a3x64_1p_zeros
880,9492.267325271794,4400000.0,HalfCheetah-v3,TD3_Q2a3x64_1p_zeros
881,9221.34080695961,4405000.0,HalfCheetah-v3,TD3_Q2a3x64_1p_zeros
882,8818.396711379264,4410000.0,HalfCheetah-v3,TD3_Q2a3x64_1p_zeros
883,8208.853970650931,4415000.0,HalfCheetah-v3,TD3_Q2a3x64_1p_zeros
884,7748.303928017549,4420000.0,HalfCheetah-v3,TD3_Q2a3x64_1p_zeros
885,9461.172309499385,4425000.0,HalfCheetah-v3,TD3_Q2a3x64_1p_zeros
886,9140.958202327916,4430000.0,HalfCheetah-v3,TD3_Q2a3x64_1p_zeros
887,8600.775511080305,4435000.0,HalfCheetah-v3,TD3_Q2a3x64_1p_zeros
888,7964.837337667716,4440000.0,HalfCheetah-v3,TD3_Q2a3x64_1p_zeros
889,7105.234628185816,4445000.0,HalfCheetah-v3,TD3_Q2a3x64_1p_zeros
890,9581.944142777382,4450000.0,HalfCheetah-v3,TD3_Q2a3x64_1p_zeros
891,9209.13898896258,4455000.0,HalfCheetah-v3,TD3_Q2a3x64_1p_zeros
892,8496.944568555857,4460000.0,HalfCheetah-v3,TD3_Q2a3x64_1p_zeros
893,7943.870975630291,4465000.0,HalfCheetah-v3,TD3_Q2a3x64_1p_zeros
894,7337.1675186608845,4470000.0,HalfCheetah-v3,TD3_Q2a3x64_1p_zeros
895,9564.653920115303,4475000.0,HalfCheetah-v3,TD3_Q2a3x64_1p_zeros
896,9393.170728864117,4480000.0,HalfCheetah-v3,TD3_Q2a3x64_1p_zeros
897,8955.482618541366,4485000.0,HalfCheetah-v3,TD3_Q2a3x64_1p_zeros
898,8340.757647550377,4490000.0,HalfCheetah-v3,TD3_Q2a3x64_1p_zeros
899,7828.083641082323,4495000.0,HalfCheetah-v3,TD3_Q2a3x64_1p_zeros
900,9570.292258494199,4500000.0,HalfCheetah-v3,TD3_Q2a3x64_1p_zeros
901,9310.427989152096,4505000.0,HalfCheetah-v3,TD3_Q2a3x64_1p_zeros
902,8890.979650950587,4510000.0,HalfCheetah-v3,TD3_Q2a3x64_1p_zeros
903,8274.145504933937,4515000.0,HalfCheetah-v3,TD3_Q2a3x64_1p_zeros
904,7717.483963653185,4520000.0,HalfCheetah-v3,TD3_Q2a3x64_1p_zeros
905,9687.09182278258,4525000.0,HalfCheetah-v3,TD3_Q2a3x64_1p_zeros
906,9305.100017732688,4530000.0,HalfCheetah-v3,TD3_Q2a3x64_1p_zeros
907,8906.13852505559,4535000.0,HalfCheetah-v3,TD3_Q2a3x64_1p_zeros
908,8278.28918874534,4540000.0,HalfCheetah-v3,TD3_Q2a3x64_1p_zeros
909,7742.031947318943,4545000.0,HalfCheetah-v3,TD3_Q2a3x64_1p_zeros
910,9770.794103563303,4550000.0,HalfCheetah-v3,TD3_Q2a3x64_1p_zeros
911,9368.393767968268,4555000.0,HalfCheetah-v3,TD3_Q2a3x64_1p_zeros
912,8808.61925160377,4560000.0,HalfCheetah-v3,TD3_Q2a3x64_1p_zeros
913,8146.780517753667,4565000.0,HalfCheetah-v3,TD3_Q2a3x64_1p_zeros
914,7547.857795880979,4570000.0,HalfCheetah-v3,TD3_Q2a3x64_1p_zeros
915,9667.398626261605,4575000.0,HalfCheetah-v3,TD3_Q2a3x64_1p_zeros
916,9207.614721073058,4580000.0,HalfCheetah-v3,TD3_Q2a3x64_1p_zeros
917,8633.090020799993,4585000.0,HalfCheetah-v3,TD3_Q2a3x64_1p_zeros
918,8012.776256636983,4590000.0,HalfCheetah-v3,TD3_Q2a3x64_1p_zeros
919,7355.087135677788,4595000.0,HalfCheetah-v3,TD3_Q2a3x64_1p_zeros
920,9751.702655112655,4600000.0,HalfCheetah-v3,TD3_Q2a3x64_1p_zeros
921,9530.020945918699,4605000.0,HalfCheetah-v3,TD3_Q2a3x64_1p_zeros
922,9040.67894563163,4610000.0,HalfCheetah-v3,TD3_Q2a3x64_1p_zeros
923,8046.085382489776,4615000.0,HalfCheetah-v3,TD3_Q2a3x64_1p_zeros
924,7727.244597127981,4620000.0,HalfCheetah-v3,TD3_Q2a3x64_1p_zeros
925,9620.87393088025,4625000.0,HalfCheetah-v3,TD3_Q2a3x64_1p_zeros
926,9203.194813479644,4630000.0,HalfCheetah-v3,TD3_Q2a3x64_1p_zeros
927,8789.036645802253,4635000.0,HalfCheetah-v3,TD3_Q2a3x64_1p_zeros
928,8117.3988233478685,4640000.0,HalfCheetah-v3,TD3_Q2a3x64_1p_zeros
929,7556.727278590073,4645000.0,HalfCheetah-v3,TD3_Q2a3x64_1p_zeros
930,9439.771616573218,4650000.0,HalfCheetah-v3,TD3_Q2a3x64_1p_zeros
931,9085.132328744634,4655000.0,HalfCheetah-v3,TD3_Q2a3x64_1p_zeros
932,8681.641484742144,4660000.0,HalfCheetah-v3,TD3_Q2a3x64_1p_zeros
933,8070.797519122297,4665000.0,HalfCheetah-v3,TD3_Q2a3x64_1p_zeros
934,7600.6107571694765,4670000.0,HalfCheetah-v3,TD3_Q2a3x64_1p_zeros
935,9458.83697086986,4675000.0,HalfCheetah-v3,TD3_Q2a3x64_1p_zeros
936,9030.913383701574,4680000.0,HalfCheetah-v3,TD3_Q2a3x64_1p_zeros
937,8437.858357454705,4685000.0,HalfCheetah-v3,TD3_Q2a3x64_1p_zeros
938,7833.267626826104,4690000.0,HalfCheetah-v3,TD3_Q2a3x64_1p_zeros
939,7200.272534999205,4695000.0,HalfCheetah-v3,TD3_Q2a3x64_1p_zeros
940,9963.417056880206,4700000.0,HalfCheetah-v3,TD3_Q2a3x64_1p_zeros
941,9578.366065104903,4705000.0,HalfCheetah-v3,TD3_Q2a3x64_1p_zeros
942,8999.849854109561,4710000.0,HalfCheetah-v3,TD3_Q2a3x64_1p_zeros
943,8521.186006516078,4715000.0,HalfCheetah-v3,TD3_Q2a3x64_1p_zeros
944,7841.3117235890095,4720000.0,HalfCheetah-v3,TD3_Q2a3x64_1p_zeros
945,9688.163509777569,4725000.0,HalfCheetah-v3,TD3_Q2a3x64_1p_zeros
946,8667.07141582407,4730000.0,HalfCheetah-v3,TD3_Q2a3x64_1p_zeros
947,8969.861681229928,4735000.0,HalfCheetah-v3,TD3_Q2a3x64_1p_zeros
948,8319.500241006815,4740000.0,HalfCheetah-v3,TD3_Q2a3x64_1p_zeros
949,7758.53190460757,4745000.0,HalfCheetah-v3,TD3_Q2a3x64_1p_zeros
950,9953.671046806094,4750000.0,HalfCheetah-v3,TD3_Q2a3x64_1p_zeros
951,9500.386806003093,4755000.0,HalfCheetah-v3,TD3_Q2a3x64_1p_zeros
952,8926.844069481307,4760000.0,HalfCheetah-v3,TD3_Q2a3x64_1p_zeros
953,8191.403834008207,4765000.0,HalfCheetah-v3,TD3_Q2a3x64_1p_zeros
954,7564.947558053896,4770000.0,HalfCheetah-v3,TD3_Q2a3x64_1p_zeros
955,9935.316066915537,4775000.0,HalfCheetah-v3,TD3_Q2a3x64_1p_zeros
956,9502.964637202671,4780000.0,HalfCheetah-v3,TD3_Q2a3x64_1p_zeros
957,8965.777007913017,4785000.0,HalfCheetah-v3,TD3_Q2a3x64_1p_zeros
958,8218.63026719276,4790000.0,HalfCheetah-v3,TD3_Q2a3x64_1p_zeros
959,7543.486455844613,4795000.0,HalfCheetah-v3,TD3_Q2a3x64_1p_zeros
960,9586.967978236296,4800000.0,HalfCheetah-v3,TD3_Q2a3x64_1p_zeros
961,8623.378463322482,4805000.0,HalfCheetah-v3,TD3_Q2a3x64_1p_zeros
962,8399.731733542385,4810000.0,HalfCheetah-v3,TD3_Q2a3x64_1p_zeros
963,8280.372781364884,4815000.0,HalfCheetah-v3,TD3_Q2a3x64_1p_zeros
964,7321.465418375034,4820000.0,HalfCheetah-v3,TD3_Q2a3x64_1p_zeros
965,9690.616640281636,4825000.0,HalfCheetah-v3,TD3_Q2a3x64_1p_zeros
966,9366.77585171071,4830000.0,HalfCheetah-v3,TD3_Q2a3x64_1p_zeros
967,8883.754856089943,4835000.0,HalfCheetah-v3,TD3_Q2a3x64_1p_zeros
968,8323.357348546448,4840000.0,HalfCheetah-v3,TD3_Q2a3x64_1p_zeros
969,7678.8778401984355,4845000.0,HalfCheetah-v3,TD3_Q2a3x64_1p_zeros
970,9925.898909379568,4850000.0,HalfCheetah-v3,TD3_Q2a3x64_1p_zeros
971,9048.682061828002,4855000.0,HalfCheetah-v3,TD3_Q2a3x64_1p_zeros
972,8091.794538552614,4860000.0,HalfCheetah-v3,TD3_Q2a3x64_1p_zeros
973,7862.621864802456,4865000.0,HalfCheetah-v3,TD3_Q2a3x64_1p_zeros
974,7423.51857513638,4870000.0,HalfCheetah-v3,TD3_Q2a3x64_1p_zeros
975,9424.844243513262,4875000.0,HalfCheetah-v3,TD3_Q2a3x64_1p_zeros
976,9108.263201818121,4880000.0,HalfCheetah-v3,TD3_Q2a3x64_1p_zeros
977,8406.148776834898,4885000.0,HalfCheetah-v3,TD3_Q2a3x64_1p_zeros
978,8236.455205151968,4890000.0,HalfCheetah-v3,TD3_Q2a3x64_1p_zeros
979,7750.814285712166,4895000.0,HalfCheetah-v3,TD3_Q2a3x64_1p_zeros
980,8901.964770187038,4900000.0,HalfCheetah-v3,TD3_Q2a3x64_1p_zeros
981,9371.563606552936,4905000.0,HalfCheetah-v3,TD3_Q2a3x64_1p_zeros
982,8837.16021094975,4910000.0,HalfCheetah-v3,TD3_Q2a3x64_1p_zeros
983,8233.096178049087,4915000.0,HalfCheetah-v3,TD3_Q2a3x64_1p_zeros
984,7695.340579778085,4920000.0,HalfCheetah-v3,TD3_Q2a3x64_1p_zeros
985,9791.6259764283,4925000.0,HalfCheetah-v3,TD3_Q2a3x64_1p_zeros
986,9492.636222095616,4930000.0,HalfCheetah-v3,TD3_Q2a3x64_1p_zeros
987,9083.683476112645,4935000.0,HalfCheetah-v3,TD3_Q2a3x64_1p_zeros
988,8513.13087841323,4940000.0,HalfCheetah-v3,TD3_Q2a3x64_1p_zeros
989,7198.924860631375,4945000.0,HalfCheetah-v3,TD3_Q2a3x64_1p_zeros
990,9843.934934878733,4950000.0,HalfCheetah-v3,TD3_Q2a3x64_1p_zeros
991,9522.86293882745,4955000.0,HalfCheetah-v3,TD3_Q2a3x64_1p_zeros
992,8979.248326415202,4960000.0,HalfCheetah-v3,TD3_Q2a3x64_1p_zeros
993,8123.389766115023,4965000.0,HalfCheetah-v3,TD3_Q2a3x64_1p_zeros
994,7605.13952087431,4970000.0,HalfCheetah-v3,TD3_Q2a3x64_1p_zeros
995,9749.239802659537,4975000.0,HalfCheetah-v3,TD3_Q2a3x64_1p_zeros
996,9402.468205007102,4980000.0,HalfCheetah-v3,TD3_Q2a3x64_1p_zeros
997,8910.860438184733,4985000.0,HalfCheetah-v3,TD3_Q2a3x64_1p_zeros
998,8441.01616942139,4990000.0,HalfCheetah-v3,TD3_Q2a3x64_1p_zeros
999,7869.150491877406,4995000.0,HalfCheetah-v3,TD3_Q2a3x64_1p_zeros
