index,Average Return,Timesteps,env,algorithm_name
0,-1.8576499537426017,0.0,HalfCheetah-v3,TD3_Q2a3x64_1p_zeros
1,-1.713531028379776,5000.0,HalfCheetah-v3,TD3_Q2a3x64_1p_zeros
2,-2.1084611864271023,10000.0,HalfCheetah-v3,TD3_Q2a3x64_1p_zeros
3,-1.4095078637724008,15000.0,HalfCheetah-v3,TD3_Q2a3x64_1p_zeros
4,-1.7113284245941347,20000.0,HalfCheetah-v3,TD3_Q2a3x64_1p_zeros
5,-1.5500222399152315,25000.0,HalfCheetah-v3,TD3_Q2a3x64_1p_zeros
6,-2.1115801563870393,30000.0,HalfCheetah-v3,TD3_Q2a3x64_1p_zeros
7,-1.4193319320329778,35000.0,HalfCheetah-v3,TD3_Q2a3x64_1p_zeros
8,-1.916031990565307,40000.0,HalfCheetah-v3,TD3_Q2a3x64_1p_zeros
9,-1.5734396931584211,45000.0,HalfCheetah-v3,TD3_Q2a3x64_1p_zeros
10,-572.4937631596505,50000.0,HalfCheetah-v3,TD3_Q2a3x64_1p_zeros
11,-573.048312906106,55000.0,HalfCheetah-v3,TD3_Q2a3x64_1p_zeros
12,-554.1725931824707,60000.0,HalfCheetah-v3,TD3_Q2a3x64_1p_zeros
13,-584.7306790035209,65000.0,HalfCheetah-v3,TD3_Q2a3x64_1p_zeros
14,-555.5068466963914,70000.0,HalfCheetah-v3,TD3_Q2a3x64_1p_zeros
15,-109.38011140553678,75000.0,HalfCheetah-v3,TD3_Q2a3x64_1p_zeros
16,-63.930887778953355,80000.0,HalfCheetah-v3,TD3_Q2a3x64_1p_zeros
17,-4.789337439147215,85000.0,HalfCheetah-v3,TD3_Q2a3x64_1p_zeros
18,-2.2299391129137023,90000.0,HalfCheetah-v3,TD3_Q2a3x64_1p_zeros
19,-33.23606601626656,95000.0,HalfCheetah-v3,TD3_Q2a3x64_1p_zeros
20,-4.643734275915296,100000.0,HalfCheetah-v3,TD3_Q2a3x64_1p_zeros
21,-20.85571358250605,105000.0,HalfCheetah-v3,TD3_Q2a3x64_1p_zeros
22,-77.74880966646734,110000.0,HalfCheetah-v3,TD3_Q2a3x64_1p_zeros
23,-128.67448529885067,115000.0,HalfCheetah-v3,TD3_Q2a3x64_1p_zeros
24,-4.056688186729781,120000.0,HalfCheetah-v3,TD3_Q2a3x64_1p_zeros
25,-139.7733053387824,125000.0,HalfCheetah-v3,TD3_Q2a3x64_1p_zeros
26,-267.5746015165306,130000.0,HalfCheetah-v3,TD3_Q2a3x64_1p_zeros
27,-120.92681112018076,135000.0,HalfCheetah-v3,TD3_Q2a3x64_1p_zeros
28,-22.330083518693083,140000.0,HalfCheetah-v3,TD3_Q2a3x64_1p_zeros
29,-162.6229454719483,145000.0,HalfCheetah-v3,TD3_Q2a3x64_1p_zeros
30,725.1986580726705,150000.0,HalfCheetah-v3,TD3_Q2a3x64_1p_zeros
31,680.8754954165486,155000.0,HalfCheetah-v3,TD3_Q2a3x64_1p_zeros
32,708.9816440262604,160000.0,HalfCheetah-v3,TD3_Q2a3x64_1p_zeros
33,683.2398446618247,165000.0,HalfCheetah-v3,TD3_Q2a3x64_1p_zeros
34,727.1252313092044,170000.0,HalfCheetah-v3,TD3_Q2a3x64_1p_zeros
35,735.0591832777861,175000.0,HalfCheetah-v3,TD3_Q2a3x64_1p_zeros
36,729.4353650634845,180000.0,HalfCheetah-v3,TD3_Q2a3x64_1p_zeros
37,766.3723882361527,185000.0,HalfCheetah-v3,TD3_Q2a3x64_1p_zeros
38,690.0910879346483,190000.0,HalfCheetah-v3,TD3_Q2a3x64_1p_zeros
39,667.6250788172882,195000.0,HalfCheetah-v3,TD3_Q2a3x64_1p_zeros
40,745.7058131243684,200000.0,HalfCheetah-v3,TD3_Q2a3x64_1p_zeros
41,767.4405605909069,205000.0,HalfCheetah-v3,TD3_Q2a3x64_1p_zeros
42,826.8135578919328,210000.0,HalfCheetah-v3,TD3_Q2a3x64_1p_zeros
43,744.4182155883865,215000.0,HalfCheetah-v3,TD3_Q2a3x64_1p_zeros
44,744.3974151362304,220000.0,HalfCheetah-v3,TD3_Q2a3x64_1p_zeros
45,860.7128103103518,225000.0,HalfCheetah-v3,TD3_Q2a3x64_1p_zeros
46,1013.430041332814,230000.0,HalfCheetah-v3,TD3_Q2a3x64_1p_zeros
47,1070.2373003500454,235000.0,HalfCheetah-v3,TD3_Q2a3x64_1p_zeros
48,912.6240561514144,240000.0,HalfCheetah-v3,TD3_Q2a3x64_1p_zeros
49,887.9662975612637,245000.0,HalfCheetah-v3,TD3_Q2a3x64_1p_zeros
50,1636.8120736810347,250000.0,HalfCheetah-v3,TD3_Q2a3x64_1p_zeros
51,1535.5405849335698,255000.0,HalfCheetah-v3,TD3_Q2a3x64_1p_zeros
52,1173.2322281450984,260000.0,HalfCheetah-v3,TD3_Q2a3x64_1p_zeros
53,1051.2813583481495,265000.0,HalfCheetah-v3,TD3_Q2a3x64_1p_zeros
54,1542.6712149295086,270000.0,HalfCheetah-v3,TD3_Q2a3x64_1p_zeros
55,1042.2602100287213,275000.0,HalfCheetah-v3,TD3_Q2a3x64_1p_zeros
56,1549.11072344815,280000.0,HalfCheetah-v3,TD3_Q2a3x64_1p_zeros
57,1362.6811002738643,285000.0,HalfCheetah-v3,TD3_Q2a3x64_1p_zeros
58,1353.9373493270318,290000.0,HalfCheetah-v3,TD3_Q2a3x64_1p_zeros
59,1208.024802255739,295000.0,HalfCheetah-v3,TD3_Q2a3x64_1p_zeros
60,1436.1737491510125,300000.0,HalfCheetah-v3,TD3_Q2a3x64_1p_zeros
61,1844.4534586089055,305000.0,HalfCheetah-v3,TD3_Q2a3x64_1p_zeros
62,1437.512279113728,310000.0,HalfCheetah-v3,TD3_Q2a3x64_1p_zeros
63,1560.9963611573908,315000.0,HalfCheetah-v3,TD3_Q2a3x64_1p_zeros
64,1596.0363864059086,320000.0,HalfCheetah-v3,TD3_Q2a3x64_1p_zeros
65,2276.976851755376,325000.0,HalfCheetah-v3,TD3_Q2a3x64_1p_zeros
66,2358.4462081418355,330000.0,HalfCheetah-v3,TD3_Q2a3x64_1p_zeros
67,2320.4638148673685,335000.0,HalfCheetah-v3,TD3_Q2a3x64_1p_zeros
68,2183.8593815656723,340000.0,HalfCheetah-v3,TD3_Q2a3x64_1p_zeros
69,2251.0268336786985,345000.0,HalfCheetah-v3,TD3_Q2a3x64_1p_zeros
70,1996.5513181103493,350000.0,HalfCheetah-v3,TD3_Q2a3x64_1p_zeros
71,2376.9123838778337,355000.0,HalfCheetah-v3,TD3_Q2a3x64_1p_zeros
72,2130.3701602583196,360000.0,HalfCheetah-v3,TD3_Q2a3x64_1p_zeros
73,2509.6113107568735,365000.0,HalfCheetah-v3,TD3_Q2a3x64_1p_zeros
74,2164.494126579719,370000.0,HalfCheetah-v3,TD3_Q2a3x64_1p_zeros
75,2670.4696241177503,375000.0,HalfCheetah-v3,TD3_Q2a3x64_1p_zeros
76,2622.0225780155074,380000.0,HalfCheetah-v3,TD3_Q2a3x64_1p_zeros
77,2679.727013995439,385000.0,HalfCheetah-v3,TD3_Q2a3x64_1p_zeros
78,2593.6352207270274,390000.0,HalfCheetah-v3,TD3_Q2a3x64_1p_zeros
79,2320.465502981189,395000.0,HalfCheetah-v3,TD3_Q2a3x64_1p_zeros
80,2881.0824303557574,400000.0,HalfCheetah-v3,TD3_Q2a3x64_1p_zeros
81,3105.103235070383,405000.0,HalfCheetah-v3,TD3_Q2a3x64_1p_zeros
82,2797.088917069303,410000.0,HalfCheetah-v3,TD3_Q2a3x64_1p_zeros
83,2796.208564452278,415000.0,HalfCheetah-v3,TD3_Q2a3x64_1p_zeros
84,2857.6818589655313,420000.0,HalfCheetah-v3,TD3_Q2a3x64_1p_zeros
85,2200.636737316945,425000.0,HalfCheetah-v3,TD3_Q2a3x64_1p_zeros
86,2769.252382408219,430000.0,HalfCheetah-v3,TD3_Q2a3x64_1p_zeros
87,1842.7224834759131,435000.0,HalfCheetah-v3,TD3_Q2a3x64_1p_zeros
88,1967.0367084826016,440000.0,HalfCheetah-v3,TD3_Q2a3x64_1p_zeros
89,2006.7777935149625,445000.0,HalfCheetah-v3,TD3_Q2a3x64_1p_zeros
90,3320.925556939774,450000.0,HalfCheetah-v3,TD3_Q2a3x64_1p_zeros
91,2994.906762129748,455000.0,HalfCheetah-v3,TD3_Q2a3x64_1p_zeros
92,3043.807890344978,460000.0,HalfCheetah-v3,TD3_Q2a3x64_1p_zeros
93,2707.246242402489,465000.0,HalfCheetah-v3,TD3_Q2a3x64_1p_zeros
94,2224.4908693090097,470000.0,HalfCheetah-v3,TD3_Q2a3x64_1p_zeros
95,3035.800440249105,475000.0,HalfCheetah-v3,TD3_Q2a3x64_1p_zeros
96,3039.6326517272596,480000.0,HalfCheetah-v3,TD3_Q2a3x64_1p_zeros
97,3212.886039473238,485000.0,HalfCheetah-v3,TD3_Q2a3x64_1p_zeros
98,2168.3285249820597,490000.0,HalfCheetah-v3,TD3_Q2a3x64_1p_zeros
99,2319.588744141397,495000.0,HalfCheetah-v3,TD3_Q2a3x64_1p_zeros
100,3480.0677424248083,500000.0,HalfCheetah-v3,TD3_Q2a3x64_1p_zeros
101,3569.037956796744,505000.0,HalfCheetah-v3,TD3_Q2a3x64_1p_zeros
102,3276.653968761149,510000.0,HalfCheetah-v3,TD3_Q2a3x64_1p_zeros
103,2888.273881558398,515000.0,HalfCheetah-v3,TD3_Q2a3x64_1p_zeros
104,2493.9292822075304,520000.0,HalfCheetah-v3,TD3_Q2a3x64_1p_zeros
105,3852.532401904037,525000.0,HalfCheetah-v3,TD3_Q2a3x64_1p_zeros
106,3931.9286119047247,530000.0,HalfCheetah-v3,TD3_Q2a3x64_1p_zeros
107,3700.7663842059715,535000.0,HalfCheetah-v3,TD3_Q2a3x64_1p_zeros
108,3616.835723806066,540000.0,HalfCheetah-v3,TD3_Q2a3x64_1p_zeros
109,3094.5480761983217,545000.0,HalfCheetah-v3,TD3_Q2a3x64_1p_zeros
110,3622.430927775422,550000.0,HalfCheetah-v3,TD3_Q2a3x64_1p_zeros
111,3693.8452381618845,555000.0,HalfCheetah-v3,TD3_Q2a3x64_1p_zeros
112,3497.5082473649686,560000.0,HalfCheetah-v3,TD3_Q2a3x64_1p_zeros
113,3706.906202313922,565000.0,HalfCheetah-v3,TD3_Q2a3x64_1p_zeros
114,3449.5365627405895,570000.0,HalfCheetah-v3,TD3_Q2a3x64_1p_zeros
115,4045.4813313048226,575000.0,HalfCheetah-v3,TD3_Q2a3x64_1p_zeros
116,4037.738794921631,580000.0,HalfCheetah-v3,TD3_Q2a3x64_1p_zeros
117,3960.3040673813557,585000.0,HalfCheetah-v3,TD3_Q2a3x64_1p_zeros
118,3883.4149734753946,590000.0,HalfCheetah-v3,TD3_Q2a3x64_1p_zeros
119,3704.8029266136787,595000.0,HalfCheetah-v3,TD3_Q2a3x64_1p_zeros
120,4350.517437312186,600000.0,HalfCheetah-v3,TD3_Q2a3x64_1p_zeros
121,4236.937887796687,605000.0,HalfCheetah-v3,TD3_Q2a3x64_1p_zeros
122,4111.1571535635285,610000.0,HalfCheetah-v3,TD3_Q2a3x64_1p_zeros
123,3939.8633810754627,615000.0,HalfCheetah-v3,TD3_Q2a3x64_1p_zeros
124,3873.369224367293,620000.0,HalfCheetah-v3,TD3_Q2a3x64_1p_zeros
125,3729.092291859193,625000.0,HalfCheetah-v3,TD3_Q2a3x64_1p_zeros
126,3505.6366425974256,630000.0,HalfCheetah-v3,TD3_Q2a3x64_1p_zeros
127,3520.35020532333,635000.0,HalfCheetah-v3,TD3_Q2a3x64_1p_zeros
128,3246.418865600486,640000.0,HalfCheetah-v3,TD3_Q2a3x64_1p_zeros
129,3195.341108744988,645000.0,HalfCheetah-v3,TD3_Q2a3x64_1p_zeros
130,4665.620857945533,650000.0,HalfCheetah-v3,TD3_Q2a3x64_1p_zeros
131,4507.8737174338985,655000.0,HalfCheetah-v3,TD3_Q2a3x64_1p_zeros
132,4370.504886922854,660000.0,HalfCheetah-v3,TD3_Q2a3x64_1p_zeros
133,4221.54506690501,665000.0,HalfCheetah-v3,TD3_Q2a3x64_1p_zeros
134,4136.196664836071,670000.0,HalfCheetah-v3,TD3_Q2a3x64_1p_zeros
135,4646.774068248557,675000.0,HalfCheetah-v3,TD3_Q2a3x64_1p_zeros
136,4549.993214852879,680000.0,HalfCheetah-v3,TD3_Q2a3x64_1p_zeros
137,4482.904376568316,685000.0,HalfCheetah-v3,TD3_Q2a3x64_1p_zeros
138,4328.632480458031,690000.0,HalfCheetah-v3,TD3_Q2a3x64_1p_zeros
139,4212.459739201667,695000.0,HalfCheetah-v3,TD3_Q2a3x64_1p_zeros
140,4697.793505111022,700000.0,HalfCheetah-v3,TD3_Q2a3x64_1p_zeros
141,4653.035338052947,705000.0,HalfCheetah-v3,TD3_Q2a3x64_1p_zeros
142,4483.607390268954,710000.0,HalfCheetah-v3,TD3_Q2a3x64_1p_zeros
143,4296.696435676944,715000.0,HalfCheetah-v3,TD3_Q2a3x64_1p_zeros
144,4096.79349141304,720000.0,HalfCheetah-v3,TD3_Q2a3x64_1p_zeros
145,5014.392435472344,725000.0,HalfCheetah-v3,TD3_Q2a3x64_1p_zeros
146,4804.289263440072,730000.0,HalfCheetah-v3,TD3_Q2a3x64_1p_zeros
147,4715.866015842853,735000.0,HalfCheetah-v3,TD3_Q2a3x64_1p_zeros
148,4483.200001242001,740000.0,HalfCheetah-v3,TD3_Q2a3x64_1p_zeros
149,4331.910887187365,745000.0,HalfCheetah-v3,TD3_Q2a3x64_1p_zeros
150,5143.978307892836,750000.0,HalfCheetah-v3,TD3_Q2a3x64_1p_zeros
151,4907.492093275635,755000.0,HalfCheetah-v3,TD3_Q2a3x64_1p_zeros
152,4690.378326775202,760000.0,HalfCheetah-v3,TD3_Q2a3x64_1p_zeros
153,4524.546098344499,765000.0,HalfCheetah-v3,TD3_Q2a3x64_1p_zeros
154,4344.444789861759,770000.0,HalfCheetah-v3,TD3_Q2a3x64_1p_zeros
155,4865.707755045184,775000.0,HalfCheetah-v3,TD3_Q2a3x64_1p_zeros
156,4885.421436543202,780000.0,HalfCheetah-v3,TD3_Q2a3x64_1p_zeros
157,4416.656348658054,785000.0,HalfCheetah-v3,TD3_Q2a3x64_1p_zeros
158,4467.846017105047,790000.0,HalfCheetah-v3,TD3_Q2a3x64_1p_zeros
159,4275.091651549923,795000.0,HalfCheetah-v3,TD3_Q2a3x64_1p_zeros
160,5338.603146718989,800000.0,HalfCheetah-v3,TD3_Q2a3x64_1p_zeros
161,5199.933610639555,805000.0,HalfCheetah-v3,TD3_Q2a3x64_1p_zeros
162,4933.275933101001,810000.0,HalfCheetah-v3,TD3_Q2a3x64_1p_zeros
163,4838.740705393575,815000.0,HalfCheetah-v3,TD3_Q2a3x64_1p_zeros
164,4502.220495330453,820000.0,HalfCheetah-v3,TD3_Q2a3x64_1p_zeros
165,5535.100179375515,825000.0,HalfCheetah-v3,TD3_Q2a3x64_1p_zeros
166,5313.908113705271,830000.0,HalfCheetah-v3,TD3_Q2a3x64_1p_zeros
167,4919.511830434387,835000.0,HalfCheetah-v3,TD3_Q2a3x64_1p_zeros
168,4747.665389698084,840000.0,HalfCheetah-v3,TD3_Q2a3x64_1p_zeros
169,4470.901335502754,845000.0,HalfCheetah-v3,TD3_Q2a3x64_1p_zeros
170,5647.952545741964,850000.0,HalfCheetah-v3,TD3_Q2a3x64_1p_zeros
171,5478.314391479086,855000.0,HalfCheetah-v3,TD3_Q2a3x64_1p_zeros
172,5226.592410783279,860000.0,HalfCheetah-v3,TD3_Q2a3x64_1p_zeros
173,4951.604673942148,865000.0,HalfCheetah-v3,TD3_Q2a3x64_1p_zeros
174,4694.574371433082,870000.0,HalfCheetah-v3,TD3_Q2a3x64_1p_zeros
175,5912.492697097579,875000.0,HalfCheetah-v3,TD3_Q2a3x64_1p_zeros
176,5766.449049498846,880000.0,HalfCheetah-v3,TD3_Q2a3x64_1p_zeros
177,5399.830344324505,885000.0,HalfCheetah-v3,TD3_Q2a3x64_1p_zeros
178,4897.859999217471,890000.0,HalfCheetah-v3,TD3_Q2a3x64_1p_zeros
179,4592.564552211909,895000.0,HalfCheetah-v3,TD3_Q2a3x64_1p_zeros
180,6206.341837272024,900000.0,HalfCheetah-v3,TD3_Q2a3x64_1p_zeros
181,5880.958465945848,905000.0,HalfCheetah-v3,TD3_Q2a3x64_1p_zeros
182,5555.431957465293,910000.0,HalfCheetah-v3,TD3_Q2a3x64_1p_zeros
183,5192.81894103327,915000.0,HalfCheetah-v3,TD3_Q2a3x64_1p_zeros
184,4786.4572602293465,920000.0,HalfCheetah-v3,TD3_Q2a3x64_1p_zeros
185,6161.572781980259,925000.0,HalfCheetah-v3,TD3_Q2a3x64_1p_zeros
186,5901.779322423803,930000.0,HalfCheetah-v3,TD3_Q2a3x64_1p_zeros
187,5428.174221666379,935000.0,HalfCheetah-v3,TD3_Q2a3x64_1p_zeros
188,5022.1134649254,940000.0,HalfCheetah-v3,TD3_Q2a3x64_1p_zeros
189,4542.157087616533,945000.0,HalfCheetah-v3,TD3_Q2a3x64_1p_zeros
190,6189.089219151118,950000.0,HalfCheetah-v3,TD3_Q2a3x64_1p_zeros
191,5954.898173034786,955000.0,HalfCheetah-v3,TD3_Q2a3x64_1p_zeros
192,5479.047793734316,960000.0,HalfCheetah-v3,TD3_Q2a3x64_1p_zeros
193,5090.288663207642,965000.0,HalfCheetah-v3,TD3_Q2a3x64_1p_zeros
194,4705.570303339914,970000.0,HalfCheetah-v3,TD3_Q2a3x64_1p_zeros
195,6273.123776958389,975000.0,HalfCheetah-v3,TD3_Q2a3x64_1p_zeros
196,6058.815515182103,980000.0,HalfCheetah-v3,TD3_Q2a3x64_1p_zeros
197,5236.222149238083,985000.0,HalfCheetah-v3,TD3_Q2a3x64_1p_zeros
198,5314.128900541019,990000.0,HalfCheetah-v3,TD3_Q2a3x64_1p_zeros
199,4744.773124433387,995000.0,HalfCheetah-v3,TD3_Q2a3x64_1p_zeros
200,5876.875709432135,1000000.0,HalfCheetah-v3,TD3_Q2a3x64_1p_zeros
201,5731.495272174763,1005000.0,HalfCheetah-v3,TD3_Q2a3x64_1p_zeros
202,5567.634634008542,1010000.0,HalfCheetah-v3,TD3_Q2a3x64_1p_zeros
203,5169.367355769095,1015000.0,HalfCheetah-v3,TD3_Q2a3x64_1p_zeros
204,4563.903523916292,1020000.0,HalfCheetah-v3,TD3_Q2a3x64_1p_zeros
205,6368.561080195701,1025000.0,HalfCheetah-v3,TD3_Q2a3x64_1p_zeros
206,6011.998935737964,1030000.0,HalfCheetah-v3,TD3_Q2a3x64_1p_zeros
207,5623.282576596686,1035000.0,HalfCheetah-v3,TD3_Q2a3x64_1p_zeros
208,5198.847833315502,1040000.0,HalfCheetah-v3,TD3_Q2a3x64_1p_zeros
209,4701.302964668137,1045000.0,HalfCheetah-v3,TD3_Q2a3x64_1p_zeros
210,6656.748433165335,1050000.0,HalfCheetah-v3,TD3_Q2a3x64_1p_zeros
211,6221.660331854293,1055000.0,HalfCheetah-v3,TD3_Q2a3x64_1p_zeros
212,5715.674304614828,1060000.0,HalfCheetah-v3,TD3_Q2a3x64_1p_zeros
213,5188.950980905163,1065000.0,HalfCheetah-v3,TD3_Q2a3x64_1p_zeros
214,4654.388971779919,1070000.0,HalfCheetah-v3,TD3_Q2a3x64_1p_zeros
215,6812.346822060121,1075000.0,HalfCheetah-v3,TD3_Q2a3x64_1p_zeros
216,5671.623939926441,1080000.0,HalfCheetah-v3,TD3_Q2a3x64_1p_zeros
217,6009.58164320271,1085000.0,HalfCheetah-v3,TD3_Q2a3x64_1p_zeros
218,5380.79693341401,1090000.0,HalfCheetah-v3,TD3_Q2a3x64_1p_zeros
219,4581.582726915958,1095000.0,HalfCheetah-v3,TD3_Q2a3x64_1p_zeros
220,6805.590217884948,1100000.0,HalfCheetah-v3,TD3_Q2a3x64_1p_zeros
221,6313.500428455917,1105000.0,HalfCheetah-v3,TD3_Q2a3x64_1p_zeros
222,5950.79631386186,1110000.0,HalfCheetah-v3,TD3_Q2a3x64_1p_zeros
223,5216.500660860141,1115000.0,HalfCheetah-v3,TD3_Q2a3x64_1p_zeros
224,4828.128366989401,1120000.0,HalfCheetah-v3,TD3_Q2a3x64_1p_zeros
225,6718.576152420965,1125000.0,HalfCheetah-v3,TD3_Q2a3x64_1p_zeros
226,6280.8245905949125,1130000.0,HalfCheetah-v3,TD3_Q2a3x64_1p_zeros
227,5854.054847324902,1135000.0,HalfCheetah-v3,TD3_Q2a3x64_1p_zeros
228,5406.776853708064,1140000.0,HalfCheetah-v3,TD3_Q2a3x64_1p_zeros
229,4974.37973088902,1145000.0,HalfCheetah-v3,TD3_Q2a3x64_1p_zeros
230,6857.545765689097,1150000.0,HalfCheetah-v3,TD3_Q2a3x64_1p_zeros
231,6537.093712181666,1155000.0,HalfCheetah-v3,TD3_Q2a3x64_1p_zeros
232,5955.495610473646,1160000.0,HalfCheetah-v3,TD3_Q2a3x64_1p_zeros
233,5485.856133065587,1165000.0,HalfCheetah-v3,TD3_Q2a3x64_1p_zeros
234,5125.5020738555895,1170000.0,HalfCheetah-v3,TD3_Q2a3x64_1p_zeros
235,6927.28855748655,1175000.0,HalfCheetah-v3,TD3_Q2a3x64_1p_zeros
236,5993.631287461467,1180000.0,HalfCheetah-v3,TD3_Q2a3x64_1p_zeros
237,6030.564394570579,1185000.0,HalfCheetah-v3,TD3_Q2a3x64_1p_zeros
238,5238.468848016888,1190000.0,HalfCheetah-v3,TD3_Q2a3x64_1p_zeros
239,5090.066413582795,1195000.0,HalfCheetah-v3,TD3_Q2a3x64_1p_zeros
240,6655.432126964128,1200000.0,HalfCheetah-v3,TD3_Q2a3x64_1p_zeros
241,6329.8216209839575,1205000.0,HalfCheetah-v3,TD3_Q2a3x64_1p_zeros
242,5978.915729146316,1210000.0,HalfCheetah-v3,TD3_Q2a3x64_1p_zeros
243,5310.833796008571,1215000.0,HalfCheetah-v3,TD3_Q2a3x64_1p_zeros
244,4836.818722240462,1220000.0,HalfCheetah-v3,TD3_Q2a3x64_1p_zeros
245,6776.0960647990705,1225000.0,HalfCheetah-v3,TD3_Q2a3x64_1p_zeros
246,6425.596385519385,1230000.0,HalfCheetah-v3,TD3_Q2a3x64_1p_zeros
247,5935.275647507635,1235000.0,HalfCheetah-v3,TD3_Q2a3x64_1p_zeros
248,5432.46473821297,1240000.0,HalfCheetah-v3,TD3_Q2a3x64_1p_zeros
249,5035.813751166228,1245000.0,HalfCheetah-v3,TD3_Q2a3x64_1p_zeros
250,7220.280689599049,1250000.0,HalfCheetah-v3,TD3_Q2a3x64_1p_zeros
251,6654.482863338872,1255000.0,HalfCheetah-v3,TD3_Q2a3x64_1p_zeros
252,5587.033754969411,1260000.0,HalfCheetah-v3,TD3_Q2a3x64_1p_zeros
253,5470.546190299086,1265000.0,HalfCheetah-v3,TD3_Q2a3x64_1p_zeros
254,4777.283924777708,1270000.0,HalfCheetah-v3,TD3_Q2a3x64_1p_zeros
255,6935.529739523267,1275000.0,HalfCheetah-v3,TD3_Q2a3x64_1p_zeros
256,6486.577172699663,1280000.0,HalfCheetah-v3,TD3_Q2a3x64_1p_zeros
257,5857.198439425354,1285000.0,HalfCheetah-v3,TD3_Q2a3x64_1p_zeros
258,5474.9647729227645,1290000.0,HalfCheetah-v3,TD3_Q2a3x64_1p_zeros
259,4977.413417894506,1295000.0,HalfCheetah-v3,TD3_Q2a3x64_1p_zeros
260,7015.266466820201,1300000.0,HalfCheetah-v3,TD3_Q2a3x64_1p_zeros
261,6483.469471046471,1305000.0,HalfCheetah-v3,TD3_Q2a3x64_1p_zeros
262,5951.31914042493,1310000.0,HalfCheetah-v3,TD3_Q2a3x64_1p_zeros
263,5070.2414906300955,1315000.0,HalfCheetah-v3,TD3_Q2a3x64_1p_zeros
264,4776.051609256798,1320000.0,HalfCheetah-v3,TD3_Q2a3x64_1p_zeros
265,7400.203802491194,1325000.0,HalfCheetah-v3,TD3_Q2a3x64_1p_zeros
266,6766.097950496245,1330000.0,HalfCheetah-v3,TD3_Q2a3x64_1p_zeros
267,5566.183393610243,1335000.0,HalfCheetah-v3,TD3_Q2a3x64_1p_zeros
268,5639.455238937139,1340000.0,HalfCheetah-v3,TD3_Q2a3x64_1p_zeros
269,5110.633704988425,1345000.0,HalfCheetah-v3,TD3_Q2a3x64_1p_zeros
270,7246.80935036424,1350000.0,HalfCheetah-v3,TD3_Q2a3x64_1p_zeros
271,6817.987186282987,1355000.0,HalfCheetah-v3,TD3_Q2a3x64_1p_zeros
272,6170.5286451877855,1360000.0,HalfCheetah-v3,TD3_Q2a3x64_1p_zeros
273,5581.91475304893,1365000.0,HalfCheetah-v3,TD3_Q2a3x64_1p_zeros
274,5267.614889120915,1370000.0,HalfCheetah-v3,TD3_Q2a3x64_1p_zeros
275,6525.182145461853,1375000.0,HalfCheetah-v3,TD3_Q2a3x64_1p_zeros
276,6163.599987444567,1380000.0,HalfCheetah-v3,TD3_Q2a3x64_1p_zeros
277,5845.653437802552,1385000.0,HalfCheetah-v3,TD3_Q2a3x64_1p_zeros
278,4946.584024672842,1390000.0,HalfCheetah-v3,TD3_Q2a3x64_1p_zeros
279,4708.871393852698,1395000.0,HalfCheetah-v3,TD3_Q2a3x64_1p_zeros
280,7308.638483206331,1400000.0,HalfCheetah-v3,TD3_Q2a3x64_1p_zeros
281,6726.616962708586,1405000.0,HalfCheetah-v3,TD3_Q2a3x64_1p_zeros
282,6016.700852420747,1410000.0,HalfCheetah-v3,TD3_Q2a3x64_1p_zeros
283,5582.849219493892,1415000.0,HalfCheetah-v3,TD3_Q2a3x64_1p_zeros
284,5064.462266109857,1420000.0,HalfCheetah-v3,TD3_Q2a3x64_1p_zeros
285,7099.347952547769,1425000.0,HalfCheetah-v3,TD3_Q2a3x64_1p_zeros
286,6778.843868956983,1430000.0,HalfCheetah-v3,TD3_Q2a3x64_1p_zeros
287,6035.495079921759,1435000.0,HalfCheetah-v3,TD3_Q2a3x64_1p_zeros
288,5426.458856562756,1440000.0,HalfCheetah-v3,TD3_Q2a3x64_1p_zeros
289,4948.2911634778375,1445000.0,HalfCheetah-v3,TD3_Q2a3x64_1p_zeros
290,7392.833158891039,1450000.0,HalfCheetah-v3,TD3_Q2a3x64_1p_zeros
291,6755.848774558313,1455000.0,HalfCheetah-v3,TD3_Q2a3x64_1p_zeros
292,5731.786931770342,1460000.0,HalfCheetah-v3,TD3_Q2a3x64_1p_zeros
293,5371.526349397563,1465000.0,HalfCheetah-v3,TD3_Q2a3x64_1p_zeros
294,4968.469975092627,1470000.0,HalfCheetah-v3,TD3_Q2a3x64_1p_zeros
295,7515.697076344031,1475000.0,HalfCheetah-v3,TD3_Q2a3x64_1p_zeros
296,6940.972518733513,1480000.0,HalfCheetah-v3,TD3_Q2a3x64_1p_zeros
297,6320.5173913471135,1485000.0,HalfCheetah-v3,TD3_Q2a3x64_1p_zeros
298,5588.741560277883,1490000.0,HalfCheetah-v3,TD3_Q2a3x64_1p_zeros
299,5009.372300545453,1495000.0,HalfCheetah-v3,TD3_Q2a3x64_1p_zeros
300,7280.588869823211,1500000.0,HalfCheetah-v3,TD3_Q2a3x64_1p_zeros
301,6691.411266527388,1505000.0,HalfCheetah-v3,TD3_Q2a3x64_1p_zeros
302,6150.66167951189,1510000.0,HalfCheetah-v3,TD3_Q2a3x64_1p_zeros
303,5491.727650163223,1515000.0,HalfCheetah-v3,TD3_Q2a3x64_1p_zeros
304,4916.18481584996,1520000.0,HalfCheetah-v3,TD3_Q2a3x64_1p_zeros
305,7267.354289121055,1525000.0,HalfCheetah-v3,TD3_Q2a3x64_1p_zeros
306,6762.385065989301,1530000.0,HalfCheetah-v3,TD3_Q2a3x64_1p_zeros
307,6180.931640911904,1535000.0,HalfCheetah-v3,TD3_Q2a3x64_1p_zeros
308,5574.681376541203,1540000.0,HalfCheetah-v3,TD3_Q2a3x64_1p_zeros
309,4938.449086721783,1545000.0,HalfCheetah-v3,TD3_Q2a3x64_1p_zeros
310,7279.315203863334,1550000.0,HalfCheetah-v3,TD3_Q2a3x64_1p_zeros
311,6642.962644536997,1555000.0,HalfCheetah-v3,TD3_Q2a3x64_1p_zeros
312,5960.530507035053,1560000.0,HalfCheetah-v3,TD3_Q2a3x64_1p_zeros
313,5278.016682089028,1565000.0,HalfCheetah-v3,TD3_Q2a3x64_1p_zeros
314,4957.840018709286,1570000.0,HalfCheetah-v3,TD3_Q2a3x64_1p_zeros
315,7358.245501457088,1575000.0,HalfCheetah-v3,TD3_Q2a3x64_1p_zeros
316,6483.299249316594,1580000.0,HalfCheetah-v3,TD3_Q2a3x64_1p_zeros
317,6071.252380775519,1585000.0,HalfCheetah-v3,TD3_Q2a3x64_1p_zeros
318,5130.46178955176,1590000.0,HalfCheetah-v3,TD3_Q2a3x64_1p_zeros
319,4735.018394211696,1595000.0,HalfCheetah-v3,TD3_Q2a3x64_1p_zeros
320,7366.215303760115,1600000.0,HalfCheetah-v3,TD3_Q2a3x64_1p_zeros
321,6646.696144557733,1605000.0,HalfCheetah-v3,TD3_Q2a3x64_1p_zeros
322,6030.437692492449,1610000.0,HalfCheetah-v3,TD3_Q2a3x64_1p_zeros
323,5393.979926803785,1615000.0,HalfCheetah-v3,TD3_Q2a3x64_1p_zeros
324,4544.699715642319,1620000.0,HalfCheetah-v3,TD3_Q2a3x64_1p_zeros
325,7688.981460699048,1625000.0,HalfCheetah-v3,TD3_Q2a3x64_1p_zeros
326,6348.33253246021,1630000.0,HalfCheetah-v3,TD3_Q2a3x64_1p_zeros
327,6064.576773145183,1635000.0,HalfCheetah-v3,TD3_Q2a3x64_1p_zeros
328,5532.345782467104,1640000.0,HalfCheetah-v3,TD3_Q2a3x64_1p_zeros
329,4800.154724377455,1645000.0,HalfCheetah-v3,TD3_Q2a3x64_1p_zeros
330,7750.810753449468,1650000.0,HalfCheetah-v3,TD3_Q2a3x64_1p_zeros
331,7056.688693168522,1655000.0,HalfCheetah-v3,TD3_Q2a3x64_1p_zeros
332,6013.8328605023735,1660000.0,HalfCheetah-v3,TD3_Q2a3x64_1p_zeros
333,5504.6035480899445,1665000.0,HalfCheetah-v3,TD3_Q2a3x64_1p_zeros
334,5097.705893577325,1670000.0,HalfCheetah-v3,TD3_Q2a3x64_1p_zeros
335,7792.751749894225,1675000.0,HalfCheetah-v3,TD3_Q2a3x64_1p_zeros
336,6967.341147763206,1680000.0,HalfCheetah-v3,TD3_Q2a3x64_1p_zeros
337,6255.216380921525,1685000.0,HalfCheetah-v3,TD3_Q2a3x64_1p_zeros
338,5572.88271245068,1690000.0,HalfCheetah-v3,TD3_Q2a3x64_1p_zeros
339,4992.799973081843,1695000.0,HalfCheetah-v3,TD3_Q2a3x64_1p_zeros
340,7618.223776263806,1700000.0,HalfCheetah-v3,TD3_Q2a3x64_1p_zeros
341,6941.025826867872,1705000.0,HalfCheetah-v3,TD3_Q2a3x64_1p_zeros
342,6161.193486004755,1710000.0,HalfCheetah-v3,TD3_Q2a3x64_1p_zeros
343,5508.478158204151,1715000.0,HalfCheetah-v3,TD3_Q2a3x64_1p_zeros
344,4819.328184121634,1720000.0,HalfCheetah-v3,TD3_Q2a3x64_1p_zeros
345,7524.904107326045,1725000.0,HalfCheetah-v3,TD3_Q2a3x64_1p_zeros
346,6856.632138732847,1730000.0,HalfCheetah-v3,TD3_Q2a3x64_1p_zeros
347,6133.776610825709,1735000.0,HalfCheetah-v3,TD3_Q2a3x64_1p_zeros
348,5470.1319458349835,1740000.0,HalfCheetah-v3,TD3_Q2a3x64_1p_zeros
349,4994.925490830378,1745000.0,HalfCheetah-v3,TD3_Q2a3x64_1p_zeros
350,7377.345131860411,1750000.0,HalfCheetah-v3,TD3_Q2a3x64_1p_zeros
351,6800.519679261573,1755000.0,HalfCheetah-v3,TD3_Q2a3x64_1p_zeros
352,6098.441690754284,1760000.0,HalfCheetah-v3,TD3_Q2a3x64_1p_zeros
353,5443.748709871772,1765000.0,HalfCheetah-v3,TD3_Q2a3x64_1p_zeros
354,4905.547042338441,1770000.0,HalfCheetah-v3,TD3_Q2a3x64_1p_zeros
355,7510.02348807004,1775000.0,HalfCheetah-v3,TD3_Q2a3x64_1p_zeros
356,6678.254708581524,1780000.0,HalfCheetah-v3,TD3_Q2a3x64_1p_zeros
357,6118.780688586515,1785000.0,HalfCheetah-v3,TD3_Q2a3x64_1p_zeros
358,4999.750300249999,1790000.0,HalfCheetah-v3,TD3_Q2a3x64_1p_zeros
359,4953.860691155102,1795000.0,HalfCheetah-v3,TD3_Q2a3x64_1p_zeros
360,7872.824326615829,1800000.0,HalfCheetah-v3,TD3_Q2a3x64_1p_zeros
361,6863.577579975603,1805000.0,HalfCheetah-v3,TD3_Q2a3x64_1p_zeros
362,6160.653342226402,1810000.0,HalfCheetah-v3,TD3_Q2a3x64_1p_zeros
363,5421.692413820666,1815000.0,HalfCheetah-v3,TD3_Q2a3x64_1p_zeros
364,4893.5906979060255,1820000.0,HalfCheetah-v3,TD3_Q2a3x64_1p_zeros
365,7798.198626521213,1825000.0,HalfCheetah-v3,TD3_Q2a3x64_1p_zeros
366,6901.635445118884,1830000.0,HalfCheetah-v3,TD3_Q2a3x64_1p_zeros
367,6167.254460129685,1835000.0,HalfCheetah-v3,TD3_Q2a3x64_1p_zeros
368,5326.191935271204,1840000.0,HalfCheetah-v3,TD3_Q2a3x64_1p_zeros
369,4996.564269047155,1845000.0,HalfCheetah-v3,TD3_Q2a3x64_1p_zeros
370,7879.106418378743,1850000.0,HalfCheetah-v3,TD3_Q2a3x64_1p_zeros
371,7076.522785891891,1855000.0,HalfCheetah-v3,TD3_Q2a3x64_1p_zeros
372,6260.921029945009,1860000.0,HalfCheetah-v3,TD3_Q2a3x64_1p_zeros
373,5594.837877715415,1865000.0,HalfCheetah-v3,TD3_Q2a3x64_1p_zeros
374,4963.058895856955,1870000.0,HalfCheetah-v3,TD3_Q2a3x64_1p_zeros
375,7667.85392469167,1875000.0,HalfCheetah-v3,TD3_Q2a3x64_1p_zeros
376,6915.9817327415685,1880000.0,HalfCheetah-v3,TD3_Q2a3x64_1p_zeros
377,6091.804236283477,1885000.0,HalfCheetah-v3,TD3_Q2a3x64_1p_zeros
378,5527.099703867139,1890000.0,HalfCheetah-v3,TD3_Q2a3x64_1p_zeros
379,4943.538444039173,1895000.0,HalfCheetah-v3,TD3_Q2a3x64_1p_zeros
380,7419.372598130794,1900000.0,HalfCheetah-v3,TD3_Q2a3x64_1p_zeros
381,7047.685244849589,1905000.0,HalfCheetah-v3,TD3_Q2a3x64_1p_zeros
382,6148.48849977378,1910000.0,HalfCheetah-v3,TD3_Q2a3x64_1p_zeros
383,5460.826265125973,1915000.0,HalfCheetah-v3,TD3_Q2a3x64_1p_zeros
384,4872.004741729876,1920000.0,HalfCheetah-v3,TD3_Q2a3x64_1p_zeros
385,7883.0817740406765,1925000.0,HalfCheetah-v3,TD3_Q2a3x64_1p_zeros
386,7156.197194343705,1930000.0,HalfCheetah-v3,TD3_Q2a3x64_1p_zeros
387,6215.922981835876,1935000.0,HalfCheetah-v3,TD3_Q2a3x64_1p_zeros
388,5592.733816589511,1940000.0,HalfCheetah-v3,TD3_Q2a3x64_1p_zeros
389,4851.347151778947,1945000.0,HalfCheetah-v3,TD3_Q2a3x64_1p_zeros
390,7779.456247736016,1950000.0,HalfCheetah-v3,TD3_Q2a3x64_1p_zeros
391,7042.746879787164,1955000.0,HalfCheetah-v3,TD3_Q2a3x64_1p_zeros
392,5899.150366652403,1960000.0,HalfCheetah-v3,TD3_Q2a3x64_1p_zeros
393,5669.545613848069,1965000.0,HalfCheetah-v3,TD3_Q2a3x64_1p_zeros
394,4817.58357723292,1970000.0,HalfCheetah-v3,TD3_Q2a3x64_1p_zeros
395,7752.872640103849,1975000.0,HalfCheetah-v3,TD3_Q2a3x64_1p_zeros
396,7029.985536018981,1980000.0,HalfCheetah-v3,TD3_Q2a3x64_1p_zeros
397,6223.440622134089,1985000.0,HalfCheetah-v3,TD3_Q2a3x64_1p_zeros
398,5541.487421093843,1990000.0,HalfCheetah-v3,TD3_Q2a3x64_1p_zeros
399,5160.325679556033,1995000.0,HalfCheetah-v3,TD3_Q2a3x64_1p_zeros
400,7936.930723201884,2000000.0,HalfCheetah-v3,TD3_Q2a3x64_1p_zeros
401,7141.7895762358485,2005000.0,HalfCheetah-v3,TD3_Q2a3x64_1p_zeros
402,6340.493810207499,2010000.0,HalfCheetah-v3,TD3_Q2a3x64_1p_zeros
403,4770.758010422525,2015000.0,HalfCheetah-v3,TD3_Q2a3x64_1p_zeros
404,5074.52325464539,2020000.0,HalfCheetah-v3,TD3_Q2a3x64_1p_zeros
405,7880.014535422791,2025000.0,HalfCheetah-v3,TD3_Q2a3x64_1p_zeros
406,7086.41802941496,2030000.0,HalfCheetah-v3,TD3_Q2a3x64_1p_zeros
407,6241.939741743951,2035000.0,HalfCheetah-v3,TD3_Q2a3x64_1p_zeros
408,5563.48156312995,2040000.0,HalfCheetah-v3,TD3_Q2a3x64_1p_zeros
409,4541.860740142389,2045000.0,HalfCheetah-v3,TD3_Q2a3x64_1p_zeros
410,7776.113046773557,2050000.0,HalfCheetah-v3,TD3_Q2a3x64_1p_zeros
411,6877.090022742178,2055000.0,HalfCheetah-v3,TD3_Q2a3x64_1p_zeros
412,6141.118471640797,2060000.0,HalfCheetah-v3,TD3_Q2a3x64_1p_zeros
413,5247.036419328945,2065000.0,HalfCheetah-v3,TD3_Q2a3x64_1p_zeros
414,4932.364624522828,2070000.0,HalfCheetah-v3,TD3_Q2a3x64_1p_zeros
415,7796.536090225256,2075000.0,HalfCheetah-v3,TD3_Q2a3x64_1p_zeros
416,7018.45327719161,2080000.0,HalfCheetah-v3,TD3_Q2a3x64_1p_zeros
417,6129.621505639805,2085000.0,HalfCheetah-v3,TD3_Q2a3x64_1p_zeros
418,5101.67779576694,2090000.0,HalfCheetah-v3,TD3_Q2a3x64_1p_zeros
419,4527.507973716166,2095000.0,HalfCheetah-v3,TD3_Q2a3x64_1p_zeros
420,7934.922354691093,2100000.0,HalfCheetah-v3,TD3_Q2a3x64_1p_zeros
421,6994.4534498232315,2105000.0,HalfCheetah-v3,TD3_Q2a3x64_1p_zeros
422,6249.793120191683,2110000.0,HalfCheetah-v3,TD3_Q2a3x64_1p_zeros
423,5557.5291842626,2115000.0,HalfCheetah-v3,TD3_Q2a3x64_1p_zeros
424,4860.1714775962355,2120000.0,HalfCheetah-v3,TD3_Q2a3x64_1p_zeros
425,7698.099865576565,2125000.0,HalfCheetah-v3,TD3_Q2a3x64_1p_zeros
426,6909.916458429378,2130000.0,HalfCheetah-v3,TD3_Q2a3x64_1p_zeros
427,6011.3832416751,2135000.0,HalfCheetah-v3,TD3_Q2a3x64_1p_zeros
428,5572.332230350712,2140000.0,HalfCheetah-v3,TD3_Q2a3x64_1p_zeros
429,4863.093823080387,2145000.0,HalfCheetah-v3,TD3_Q2a3x64_1p_zeros
430,8090.360643489815,2150000.0,HalfCheetah-v3,TD3_Q2a3x64_1p_zeros
431,6990.792295822195,2155000.0,HalfCheetah-v3,TD3_Q2a3x64_1p_zeros
432,6226.180485748604,2160000.0,HalfCheetah-v3,TD3_Q2a3x64_1p_zeros
433,5394.876823051062,2165000.0,HalfCheetah-v3,TD3_Q2a3x64_1p_zeros
434,4765.303087757095,2170000.0,HalfCheetah-v3,TD3_Q2a3x64_1p_zeros
435,7891.23147284256,2175000.0,HalfCheetah-v3,TD3_Q2a3x64_1p_zeros
436,7093.867563233893,2180000.0,HalfCheetah-v3,TD3_Q2a3x64_1p_zeros
437,6298.568655078675,2185000.0,HalfCheetah-v3,TD3_Q2a3x64_1p_zeros
438,5502.660580725694,2190000.0,HalfCheetah-v3,TD3_Q2a3x64_1p_zeros
439,4656.427480748185,2195000.0,HalfCheetah-v3,TD3_Q2a3x64_1p_zeros
440,7932.801803622674,2200000.0,HalfCheetah-v3,TD3_Q2a3x64_1p_zeros
441,6580.984486938651,2205000.0,HalfCheetah-v3,TD3_Q2a3x64_1p_zeros
442,6214.079251320802,2210000.0,HalfCheetah-v3,TD3_Q2a3x64_1p_zeros
443,5196.014913777975,2215000.0,HalfCheetah-v3,TD3_Q2a3x64_1p_zeros
444,4770.408957507841,2220000.0,HalfCheetah-v3,TD3_Q2a3x64_1p_zeros
445,8082.2236645356,2225000.0,HalfCheetah-v3,TD3_Q2a3x64_1p_zeros
446,7194.63155220017,2230000.0,HalfCheetah-v3,TD3_Q2a3x64_1p_zeros
447,6300.668106765727,2235000.0,HalfCheetah-v3,TD3_Q2a3x64_1p_zeros
448,5526.625291700176,2240000.0,HalfCheetah-v3,TD3_Q2a3x64_1p_zeros
449,4894.768032055197,2245000.0,HalfCheetah-v3,TD3_Q2a3x64_1p_zeros
450,7883.110003200188,2250000.0,HalfCheetah-v3,TD3_Q2a3x64_1p_zeros
451,7130.87254443695,2255000.0,HalfCheetah-v3,TD3_Q2a3x64_1p_zeros
452,6292.357693965403,2260000.0,HalfCheetah-v3,TD3_Q2a3x64_1p_zeros
453,5415.753345865141,2265000.0,HalfCheetah-v3,TD3_Q2a3x64_1p_zeros
454,5074.210960906648,2270000.0,HalfCheetah-v3,TD3_Q2a3x64_1p_zeros
455,8099.368160136447,2275000.0,HalfCheetah-v3,TD3_Q2a3x64_1p_zeros
456,7130.31441716657,2280000.0,HalfCheetah-v3,TD3_Q2a3x64_1p_zeros
457,6096.430872892311,2285000.0,HalfCheetah-v3,TD3_Q2a3x64_1p_zeros
458,5318.268077256711,2290000.0,HalfCheetah-v3,TD3_Q2a3x64_1p_zeros
459,4902.220005404079,2295000.0,HalfCheetah-v3,TD3_Q2a3x64_1p_zeros
460,8107.613673904661,2300000.0,HalfCheetah-v3,TD3_Q2a3x64_1p_zeros
461,7261.609466821157,2305000.0,HalfCheetah-v3,TD3_Q2a3x64_1p_zeros
462,6194.198315097254,2310000.0,HalfCheetah-v3,TD3_Q2a3x64_1p_zeros
463,5657.683414234651,2315000.0,HalfCheetah-v3,TD3_Q2a3x64_1p_zeros
464,4967.250531814984,2320000.0,HalfCheetah-v3,TD3_Q2a3x64_1p_zeros
465,8100.485074620221,2325000.0,HalfCheetah-v3,TD3_Q2a3x64_1p_zeros
466,6763.217159536628,2330000.0,HalfCheetah-v3,TD3_Q2a3x64_1p_zeros
467,6269.940983229755,2335000.0,HalfCheetah-v3,TD3_Q2a3x64_1p_zeros
468,5165.643772244277,2340000.0,HalfCheetah-v3,TD3_Q2a3x64_1p_zeros
469,4512.686209543935,2345000.0,HalfCheetah-v3,TD3_Q2a3x64_1p_zeros
470,8152.7725575581135,2350000.0,HalfCheetah-v3,TD3_Q2a3x64_1p_zeros
471,7124.053551728136,2355000.0,HalfCheetah-v3,TD3_Q2a3x64_1p_zeros
472,6008.101966780805,2360000.0,HalfCheetah-v3,TD3_Q2a3x64_1p_zeros
473,5563.974045988236,2365000.0,HalfCheetah-v3,TD3_Q2a3x64_1p_zeros
474,4661.9031331892165,2370000.0,HalfCheetah-v3,TD3_Q2a3x64_1p_zeros
475,7878.610178215922,2375000.0,HalfCheetah-v3,TD3_Q2a3x64_1p_zeros
476,6697.626812699525,2380000.0,HalfCheetah-v3,TD3_Q2a3x64_1p_zeros
477,5926.369612130197,2385000.0,HalfCheetah-v3,TD3_Q2a3x64_1p_zeros
478,5205.381177801688,2390000.0,HalfCheetah-v3,TD3_Q2a3x64_1p_zeros
479,4719.710050101921,2395000.0,HalfCheetah-v3,TD3_Q2a3x64_1p_zeros
480,7791.795586663956,2400000.0,HalfCheetah-v3,TD3_Q2a3x64_1p_zeros
481,6731.260037854716,2405000.0,HalfCheetah-v3,TD3_Q2a3x64_1p_zeros
482,6027.130780218551,2410000.0,HalfCheetah-v3,TD3_Q2a3x64_1p_zeros
483,5147.52796784615,2415000.0,HalfCheetah-v3,TD3_Q2a3x64_1p_zeros
484,4586.372071863915,2420000.0,HalfCheetah-v3,TD3_Q2a3x64_1p_zeros
485,7925.591914616945,2425000.0,HalfCheetah-v3,TD3_Q2a3x64_1p_zeros
486,6861.2870443387,2430000.0,HalfCheetah-v3,TD3_Q2a3x64_1p_zeros
487,6131.854253912975,2435000.0,HalfCheetah-v3,TD3_Q2a3x64_1p_zeros
488,5434.080603584589,2440000.0,HalfCheetah-v3,TD3_Q2a3x64_1p_zeros
489,4820.7224701204605,2445000.0,HalfCheetah-v3,TD3_Q2a3x64_1p_zeros
490,8131.141495180239,2450000.0,HalfCheetah-v3,TD3_Q2a3x64_1p_zeros
491,7139.716702055441,2455000.0,HalfCheetah-v3,TD3_Q2a3x64_1p_zeros
492,6098.373897164313,2460000.0,HalfCheetah-v3,TD3_Q2a3x64_1p_zeros
493,5543.795310737737,2465000.0,HalfCheetah-v3,TD3_Q2a3x64_1p_zeros
494,5022.371096318935,2470000.0,HalfCheetah-v3,TD3_Q2a3x64_1p_zeros
495,8173.017649251558,2475000.0,HalfCheetah-v3,TD3_Q2a3x64_1p_zeros
496,7183.696854586875,2480000.0,HalfCheetah-v3,TD3_Q2a3x64_1p_zeros
497,6015.605267539055,2485000.0,HalfCheetah-v3,TD3_Q2a3x64_1p_zeros
498,5499.527773950844,2490000.0,HalfCheetah-v3,TD3_Q2a3x64_1p_zeros
499,4500.598021242357,2495000.0,HalfCheetah-v3,TD3_Q2a3x64_1p_zeros
500,8064.390543788637,2500000.0,HalfCheetah-v3,TD3_Q2a3x64_1p_zeros
501,7077.789712500792,2505000.0,HalfCheetah-v3,TD3_Q2a3x64_1p_zeros
502,6136.648468647237,2510000.0,HalfCheetah-v3,TD3_Q2a3x64_1p_zeros
503,5308.766472321193,2515000.0,HalfCheetah-v3,TD3_Q2a3x64_1p_zeros
504,4844.89051794873,2520000.0,HalfCheetah-v3,TD3_Q2a3x64_1p_zeros
505,8030.640889068612,2525000.0,HalfCheetah-v3,TD3_Q2a3x64_1p_zeros
506,7126.6390846529885,2530000.0,HalfCheetah-v3,TD3_Q2a3x64_1p_zeros
507,6248.922207865603,2535000.0,HalfCheetah-v3,TD3_Q2a3x64_1p_zeros
508,5583.711821165956,2540000.0,HalfCheetah-v3,TD3_Q2a3x64_1p_zeros
509,5024.153535921591,2545000.0,HalfCheetah-v3,TD3_Q2a3x64_1p_zeros
510,8159.446634556148,2550000.0,HalfCheetah-v3,TD3_Q2a3x64_1p_zeros
511,7284.074401817508,2555000.0,HalfCheetah-v3,TD3_Q2a3x64_1p_zeros
512,6234.505182314309,2560000.0,HalfCheetah-v3,TD3_Q2a3x64_1p_zeros
513,4536.118112905247,2565000.0,HalfCheetah-v3,TD3_Q2a3x64_1p_zeros
514,4733.278919329067,2570000.0,HalfCheetah-v3,TD3_Q2a3x64_1p_zeros
515,8128.879315840497,2575000.0,HalfCheetah-v3,TD3_Q2a3x64_1p_zeros
516,7181.8341059203185,2580000.0,HalfCheetah-v3,TD3_Q2a3x64_1p_zeros
517,6131.470934156562,2585000.0,HalfCheetah-v3,TD3_Q2a3x64_1p_zeros
518,5423.407537537402,2590000.0,HalfCheetah-v3,TD3_Q2a3x64_1p_zeros
519,5027.691760786256,2595000.0,HalfCheetah-v3,TD3_Q2a3x64_1p_zeros
520,8201.700185819169,2600000.0,HalfCheetah-v3,TD3_Q2a3x64_1p_zeros
521,7013.316737478401,2605000.0,HalfCheetah-v3,TD3_Q2a3x64_1p_zeros
522,5883.753929085908,2610000.0,HalfCheetah-v3,TD3_Q2a3x64_1p_zeros
523,5382.719075628057,2615000.0,HalfCheetah-v3,TD3_Q2a3x64_1p_zeros
524,4879.619815440704,2620000.0,HalfCheetah-v3,TD3_Q2a3x64_1p_zeros
525,8053.277802491105,2625000.0,HalfCheetah-v3,TD3_Q2a3x64_1p_zeros
526,6912.032087908388,2630000.0,HalfCheetah-v3,TD3_Q2a3x64_1p_zeros
527,6151.174852068221,2635000.0,HalfCheetah-v3,TD3_Q2a3x64_1p_zeros
528,5450.854736396456,2640000.0,HalfCheetah-v3,TD3_Q2a3x64_1p_zeros
529,4928.8838243991495,2645000.0,HalfCheetah-v3,TD3_Q2a3x64_1p_zeros
530,8242.715771048472,2650000.0,HalfCheetah-v3,TD3_Q2a3x64_1p_zeros
531,7223.938208125639,2655000.0,HalfCheetah-v3,TD3_Q2a3x64_1p_zeros
532,6274.441674221921,2660000.0,HalfCheetah-v3,TD3_Q2a3x64_1p_zeros
533,5519.026719948749,2665000.0,HalfCheetah-v3,TD3_Q2a3x64_1p_zeros
534,5000.44433053444,2670000.0,HalfCheetah-v3,TD3_Q2a3x64_1p_zeros
535,8073.041781504493,2675000.0,HalfCheetah-v3,TD3_Q2a3x64_1p_zeros
536,7220.0626668839595,2680000.0,HalfCheetah-v3,TD3_Q2a3x64_1p_zeros
537,6163.11902923503,2685000.0,HalfCheetah-v3,TD3_Q2a3x64_1p_zeros
538,5482.358320581915,2690000.0,HalfCheetah-v3,TD3_Q2a3x64_1p_zeros
539,4803.63225287301,2695000.0,HalfCheetah-v3,TD3_Q2a3x64_1p_zeros
540,8251.865242499645,2700000.0,HalfCheetah-v3,TD3_Q2a3x64_1p_zeros
541,7309.037558154441,2705000.0,HalfCheetah-v3,TD3_Q2a3x64_1p_zeros
542,6270.788460496736,2710000.0,HalfCheetah-v3,TD3_Q2a3x64_1p_zeros
543,5620.997609624982,2715000.0,HalfCheetah-v3,TD3_Q2a3x64_1p_zeros
544,4924.678039663456,2720000.0,HalfCheetah-v3,TD3_Q2a3x64_1p_zeros
545,8049.770230137654,2725000.0,HalfCheetah-v3,TD3_Q2a3x64_1p_zeros
546,7143.944416301342,2730000.0,HalfCheetah-v3,TD3_Q2a3x64_1p_zeros
547,6321.114349960308,2735000.0,HalfCheetah-v3,TD3_Q2a3x64_1p_zeros
548,5406.3576217973805,2740000.0,HalfCheetah-v3,TD3_Q2a3x64_1p_zeros
549,4775.47971063222,2745000.0,HalfCheetah-v3,TD3_Q2a3x64_1p_zeros
550,8343.226305173612,2750000.0,HalfCheetah-v3,TD3_Q2a3x64_1p_zeros
551,7227.494000388158,2755000.0,HalfCheetah-v3,TD3_Q2a3x64_1p_zeros
552,6309.9221573218565,2760000.0,HalfCheetah-v3,TD3_Q2a3x64_1p_zeros
553,5545.201596309818,2765000.0,HalfCheetah-v3,TD3_Q2a3x64_1p_zeros
554,4883.863562829354,2770000.0,HalfCheetah-v3,TD3_Q2a3x64_1p_zeros
555,7996.326391946337,2775000.0,HalfCheetah-v3,TD3_Q2a3x64_1p_zeros
556,7014.85240504602,2780000.0,HalfCheetah-v3,TD3_Q2a3x64_1p_zeros
557,5659.4301065841355,2785000.0,HalfCheetah-v3,TD3_Q2a3x64_1p_zeros
558,5306.206095866464,2790000.0,HalfCheetah-v3,TD3_Q2a3x64_1p_zeros
559,4449.476108376536,2795000.0,HalfCheetah-v3,TD3_Q2a3x64_1p_zeros
560,8133.780553608574,2800000.0,HalfCheetah-v3,TD3_Q2a3x64_1p_zeros
561,7155.6140347179335,2805000.0,HalfCheetah-v3,TD3_Q2a3x64_1p_zeros
562,6244.86985500782,2810000.0,HalfCheetah-v3,TD3_Q2a3x64_1p_zeros
563,5332.719348557837,2815000.0,HalfCheetah-v3,TD3_Q2a3x64_1p_zeros
564,4492.50376951097,2820000.0,HalfCheetah-v3,TD3_Q2a3x64_1p_zeros
565,8306.819554587039,2825000.0,HalfCheetah-v3,TD3_Q2a3x64_1p_zeros
566,7268.6939361934665,2830000.0,HalfCheetah-v3,TD3_Q2a3x64_1p_zeros
567,6294.0048650174085,2835000.0,HalfCheetah-v3,TD3_Q2a3x64_1p_zeros
568,5182.876833375674,2840000.0,HalfCheetah-v3,TD3_Q2a3x64_1p_zeros
569,4749.52000522628,2845000.0,HalfCheetah-v3,TD3_Q2a3x64_1p_zeros
570,8215.599120041346,2850000.0,HalfCheetah-v3,TD3_Q2a3x64_1p_zeros
571,7237.783196202581,2855000.0,HalfCheetah-v3,TD3_Q2a3x64_1p_zeros
572,6231.070889775287,2860000.0,HalfCheetah-v3,TD3_Q2a3x64_1p_zeros
573,5540.656447334914,2865000.0,HalfCheetah-v3,TD3_Q2a3x64_1p_zeros
574,5008.233143459648,2870000.0,HalfCheetah-v3,TD3_Q2a3x64_1p_zeros
575,8271.110279280481,2875000.0,HalfCheetah-v3,TD3_Q2a3x64_1p_zeros
576,7231.269944369978,2880000.0,HalfCheetah-v3,TD3_Q2a3x64_1p_zeros
577,6081.902073286399,2885000.0,HalfCheetah-v3,TD3_Q2a3x64_1p_zeros
578,5458.983880717815,2890000.0,HalfCheetah-v3,TD3_Q2a3x64_1p_zeros
579,4821.051474600666,2895000.0,HalfCheetah-v3,TD3_Q2a3x64_1p_zeros
580,8339.40161858766,2900000.0,HalfCheetah-v3,TD3_Q2a3x64_1p_zeros
581,7290.366193620459,2905000.0,HalfCheetah-v3,TD3_Q2a3x64_1p_zeros
582,6217.921984031942,2910000.0,HalfCheetah-v3,TD3_Q2a3x64_1p_zeros
583,5177.758947306478,2915000.0,HalfCheetah-v3,TD3_Q2a3x64_1p_zeros
584,4795.499404482558,2920000.0,HalfCheetah-v3,TD3_Q2a3x64_1p_zeros
585,8112.471393948943,2925000.0,HalfCheetah-v3,TD3_Q2a3x64_1p_zeros
586,7124.744552377873,2930000.0,HalfCheetah-v3,TD3_Q2a3x64_1p_zeros
587,5593.543832077592,2935000.0,HalfCheetah-v3,TD3_Q2a3x64_1p_zeros
588,5358.334957313916,2940000.0,HalfCheetah-v3,TD3_Q2a3x64_1p_zeros
589,4830.705470258246,2945000.0,HalfCheetah-v3,TD3_Q2a3x64_1p_zeros
590,7961.991180038285,2950000.0,HalfCheetah-v3,TD3_Q2a3x64_1p_zeros
591,7049.450434153441,2955000.0,HalfCheetah-v3,TD3_Q2a3x64_1p_zeros
592,6077.8299684515405,2960000.0,HalfCheetah-v3,TD3_Q2a3x64_1p_zeros
593,5489.12194041589,2965000.0,HalfCheetah-v3,TD3_Q2a3x64_1p_zeros
594,4643.080678955701,2970000.0,HalfCheetah-v3,TD3_Q2a3x64_1p_zeros
595,8286.618449713633,2975000.0,HalfCheetah-v3,TD3_Q2a3x64_1p_zeros
596,7408.398791395974,2980000.0,HalfCheetah-v3,TD3_Q2a3x64_1p_zeros
597,6328.988522842605,2985000.0,HalfCheetah-v3,TD3_Q2a3x64_1p_zeros
598,5459.4973012527125,2990000.0,HalfCheetah-v3,TD3_Q2a3x64_1p_zeros
599,5156.496117982018,2995000.0,HalfCheetah-v3,TD3_Q2a3x64_1p_zeros
600,8332.030537172699,3000000.0,HalfCheetah-v3,TD3_Q2a3x64_1p_zeros
601,7209.229138721067,3005000.0,HalfCheetah-v3,TD3_Q2a3x64_1p_zeros
602,6323.575225142429,3010000.0,HalfCheetah-v3,TD3_Q2a3x64_1p_zeros
603,5344.012710224127,3015000.0,HalfCheetah-v3,TD3_Q2a3x64_1p_zeros
604,5002.197125236971,3020000.0,HalfCheetah-v3,TD3_Q2a3x64_1p_zeros
605,8206.562801313477,3025000.0,HalfCheetah-v3,TD3_Q2a3x64_1p_zeros
606,7088.799958491855,3030000.0,HalfCheetah-v3,TD3_Q2a3x64_1p_zeros
607,6198.948632374625,3035000.0,HalfCheetah-v3,TD3_Q2a3x64_1p_zeros
608,5445.368003236717,3040000.0,HalfCheetah-v3,TD3_Q2a3x64_1p_zeros
609,4711.936625056999,3045000.0,HalfCheetah-v3,TD3_Q2a3x64_1p_zeros
610,8462.266230945155,3050000.0,HalfCheetah-v3,TD3_Q2a3x64_1p_zeros
611,7391.109645823138,3055000.0,HalfCheetah-v3,TD3_Q2a3x64_1p_zeros
612,5901.00761011235,3060000.0,HalfCheetah-v3,TD3_Q2a3x64_1p_zeros
613,5252.311721743174,3065000.0,HalfCheetah-v3,TD3_Q2a3x64_1p_zeros
614,4971.418470135251,3070000.0,HalfCheetah-v3,TD3_Q2a3x64_1p_zeros
615,8212.316435980674,3075000.0,HalfCheetah-v3,TD3_Q2a3x64_1p_zeros
616,7260.534238940151,3080000.0,HalfCheetah-v3,TD3_Q2a3x64_1p_zeros
617,6219.791606873876,3085000.0,HalfCheetah-v3,TD3_Q2a3x64_1p_zeros
618,5375.338577695352,3090000.0,HalfCheetah-v3,TD3_Q2a3x64_1p_zeros
619,4159.08964223981,3095000.0,HalfCheetah-v3,TD3_Q2a3x64_1p_zeros
620,8341.028323587103,3100000.0,HalfCheetah-v3,TD3_Q2a3x64_1p_zeros
621,7249.337408788447,3105000.0,HalfCheetah-v3,TD3_Q2a3x64_1p_zeros
622,5974.986846551446,3110000.0,HalfCheetah-v3,TD3_Q2a3x64_1p_zeros
623,5255.334882387187,3115000.0,HalfCheetah-v3,TD3_Q2a3x64_1p_zeros
624,4779.569685836226,3120000.0,HalfCheetah-v3,TD3_Q2a3x64_1p_zeros
625,8362.848714131178,3125000.0,HalfCheetah-v3,TD3_Q2a3x64_1p_zeros
626,6761.091991611477,3130000.0,HalfCheetah-v3,TD3_Q2a3x64_1p_zeros
627,6096.6694596080615,3135000.0,HalfCheetah-v3,TD3_Q2a3x64_1p_zeros
628,5289.687498049127,3140000.0,HalfCheetah-v3,TD3_Q2a3x64_1p_zeros
629,4699.244480605116,3145000.0,HalfCheetah-v3,TD3_Q2a3x64_1p_zeros
630,8333.686132345067,3150000.0,HalfCheetah-v3,TD3_Q2a3x64_1p_zeros
631,7138.651121393239,3155000.0,HalfCheetah-v3,TD3_Q2a3x64_1p_zeros
632,6105.802540205083,3160000.0,HalfCheetah-v3,TD3_Q2a3x64_1p_zeros
633,5309.044135559762,3165000.0,HalfCheetah-v3,TD3_Q2a3x64_1p_zeros
634,4666.637589437155,3170000.0,HalfCheetah-v3,TD3_Q2a3x64_1p_zeros
635,8472.37565091873,3175000.0,HalfCheetah-v3,TD3_Q2a3x64_1p_zeros
636,7277.890876901531,3180000.0,HalfCheetah-v3,TD3_Q2a3x64_1p_zeros
637,5961.731930538639,3185000.0,HalfCheetah-v3,TD3_Q2a3x64_1p_zeros
638,5411.314263795558,3190000.0,HalfCheetah-v3,TD3_Q2a3x64_1p_zeros
639,4881.272171500282,3195000.0,HalfCheetah-v3,TD3_Q2a3x64_1p_zeros
640,8260.349450571466,3200000.0,HalfCheetah-v3,TD3_Q2a3x64_1p_zeros
641,7286.37142524107,3205000.0,HalfCheetah-v3,TD3_Q2a3x64_1p_zeros
642,5712.7720090898165,3210000.0,HalfCheetah-v3,TD3_Q2a3x64_1p_zeros
643,5418.534354040862,3215000.0,HalfCheetah-v3,TD3_Q2a3x64_1p_zeros
644,4489.812271380784,3220000.0,HalfCheetah-v3,TD3_Q2a3x64_1p_zeros
645,8363.302741030664,3225000.0,HalfCheetah-v3,TD3_Q2a3x64_1p_zeros
646,7317.9461522435695,3230000.0,HalfCheetah-v3,TD3_Q2a3x64_1p_zeros
647,5496.708467753148,3235000.0,HalfCheetah-v3,TD3_Q2a3x64_1p_zeros
648,5589.681315727289,3240000.0,HalfCheetah-v3,TD3_Q2a3x64_1p_zeros
649,4751.509553710013,3245000.0,HalfCheetah-v3,TD3_Q2a3x64_1p_zeros
650,8365.967166801924,3250000.0,HalfCheetah-v3,TD3_Q2a3x64_1p_zeros
651,7311.5444758555695,3255000.0,HalfCheetah-v3,TD3_Q2a3x64_1p_zeros
652,6212.306999314256,3260000.0,HalfCheetah-v3,TD3_Q2a3x64_1p_zeros
653,5496.113942375179,3265000.0,HalfCheetah-v3,TD3_Q2a3x64_1p_zeros
654,4757.076756245211,3270000.0,HalfCheetah-v3,TD3_Q2a3x64_1p_zeros
655,8250.320554367649,3275000.0,HalfCheetah-v3,TD3_Q2a3x64_1p_zeros
656,7139.189017341853,3280000.0,HalfCheetah-v3,TD3_Q2a3x64_1p_zeros
657,6337.575908650735,3285000.0,HalfCheetah-v3,TD3_Q2a3x64_1p_zeros
658,5481.15871893072,3290000.0,HalfCheetah-v3,TD3_Q2a3x64_1p_zeros
659,4820.942505763122,3295000.0,HalfCheetah-v3,TD3_Q2a3x64_1p_zeros
660,8365.88579080495,3300000.0,HalfCheetah-v3,TD3_Q2a3x64_1p_zeros
661,7276.404342320321,3305000.0,HalfCheetah-v3,TD3_Q2a3x64_1p_zeros
662,6183.49138111199,3310000.0,HalfCheetah-v3,TD3_Q2a3x64_1p_zeros
663,5455.2180570509145,3315000.0,HalfCheetah-v3,TD3_Q2a3x64_1p_zeros
664,4788.886658222256,3320000.0,HalfCheetah-v3,TD3_Q2a3x64_1p_zeros
665,8473.173381481982,3325000.0,HalfCheetah-v3,TD3_Q2a3x64_1p_zeros
666,7331.386624517557,3330000.0,HalfCheetah-v3,TD3_Q2a3x64_1p_zeros
667,5998.086654705615,3335000.0,HalfCheetah-v3,TD3_Q2a3x64_1p_zeros
668,5277.367760126996,3340000.0,HalfCheetah-v3,TD3_Q2a3x64_1p_zeros
669,4949.044054210752,3345000.0,HalfCheetah-v3,TD3_Q2a3x64_1p_zeros
670,8514.25626107633,3350000.0,HalfCheetah-v3,TD3_Q2a3x64_1p_zeros
671,7322.923207408923,3355000.0,HalfCheetah-v3,TD3_Q2a3x64_1p_zeros
672,6340.974012796733,3360000.0,HalfCheetah-v3,TD3_Q2a3x64_1p_zeros
673,5212.223765143358,3365000.0,HalfCheetah-v3,TD3_Q2a3x64_1p_zeros
674,4715.190624916893,3370000.0,HalfCheetah-v3,TD3_Q2a3x64_1p_zeros
675,8435.481550213623,3375000.0,HalfCheetah-v3,TD3_Q2a3x64_1p_zeros
676,7085.463263446235,3380000.0,HalfCheetah-v3,TD3_Q2a3x64_1p_zeros
677,6210.986461113123,3385000.0,HalfCheetah-v3,TD3_Q2a3x64_1p_zeros
678,5280.529042107299,3390000.0,HalfCheetah-v3,TD3_Q2a3x64_1p_zeros
679,4714.042167111871,3395000.0,HalfCheetah-v3,TD3_Q2a3x64_1p_zeros
680,8439.403587041372,3400000.0,HalfCheetah-v3,TD3_Q2a3x64_1p_zeros
681,7311.17464267672,3405000.0,HalfCheetah-v3,TD3_Q2a3x64_1p_zeros
682,6191.344821838766,3410000.0,HalfCheetah-v3,TD3_Q2a3x64_1p_zeros
683,5490.851151530163,3415000.0,HalfCheetah-v3,TD3_Q2a3x64_1p_zeros
684,4459.495982830329,3420000.0,HalfCheetah-v3,TD3_Q2a3x64_1p_zeros
685,8463.965557700485,3425000.0,HalfCheetah-v3,TD3_Q2a3x64_1p_zeros
686,7186.926882279518,3430000.0,HalfCheetah-v3,TD3_Q2a3x64_1p_zeros
687,6175.244704122181,3435000.0,HalfCheetah-v3,TD3_Q2a3x64_1p_zeros
688,5439.381211774515,3440000.0,HalfCheetah-v3,TD3_Q2a3x64_1p_zeros
689,4355.283025492185,3445000.0,HalfCheetah-v3,TD3_Q2a3x64_1p_zeros
690,8523.515580883644,3450000.0,HalfCheetah-v3,TD3_Q2a3x64_1p_zeros
691,7416.495857338494,3455000.0,HalfCheetah-v3,TD3_Q2a3x64_1p_zeros
692,6348.011861611829,3460000.0,HalfCheetah-v3,TD3_Q2a3x64_1p_zeros
693,5030.283116488483,3465000.0,HalfCheetah-v3,TD3_Q2a3x64_1p_zeros
694,4530.342814440043,3470000.0,HalfCheetah-v3,TD3_Q2a3x64_1p_zeros
695,8254.709323189372,3475000.0,HalfCheetah-v3,TD3_Q2a3x64_1p_zeros
696,7277.583934695702,3480000.0,HalfCheetah-v3,TD3_Q2a3x64_1p_zeros
697,6266.221925196476,3485000.0,HalfCheetah-v3,TD3_Q2a3x64_1p_zeros
698,5646.836150319069,3490000.0,HalfCheetah-v3,TD3_Q2a3x64_1p_zeros
699,4964.813968460601,3495000.0,HalfCheetah-v3,TD3_Q2a3x64_1p_zeros
700,8603.10267036192,3500000.0,HalfCheetah-v3,TD3_Q2a3x64_1p_zeros
701,7230.689927884443,3505000.0,HalfCheetah-v3,TD3_Q2a3x64_1p_zeros
702,6177.7101070909475,3510000.0,HalfCheetah-v3,TD3_Q2a3x64_1p_zeros
703,5148.468552270535,3515000.0,HalfCheetah-v3,TD3_Q2a3x64_1p_zeros
704,4707.479363344975,3520000.0,HalfCheetah-v3,TD3_Q2a3x64_1p_zeros
705,8597.070418039988,3525000.0,HalfCheetah-v3,TD3_Q2a3x64_1p_zeros
706,7315.968082043268,3530000.0,HalfCheetah-v3,TD3_Q2a3x64_1p_zeros
707,6101.270532813733,3535000.0,HalfCheetah-v3,TD3_Q2a3x64_1p_zeros
708,5246.866100642971,3540000.0,HalfCheetah-v3,TD3_Q2a3x64_1p_zeros
709,4757.215257492027,3545000.0,HalfCheetah-v3,TD3_Q2a3x64_1p_zeros
710,8502.23070212516,3550000.0,HalfCheetah-v3,TD3_Q2a3x64_1p_zeros
711,6995.135322282606,3555000.0,HalfCheetah-v3,TD3_Q2a3x64_1p_zeros
712,6181.7327346720085,3560000.0,HalfCheetah-v3,TD3_Q2a3x64_1p_zeros
713,5349.866678731919,3565000.0,HalfCheetah-v3,TD3_Q2a3x64_1p_zeros
714,4707.201713273078,3570000.0,HalfCheetah-v3,TD3_Q2a3x64_1p_zeros
715,8602.873181055493,3575000.0,HalfCheetah-v3,TD3_Q2a3x64_1p_zeros
716,7420.795404622715,3580000.0,HalfCheetah-v3,TD3_Q2a3x64_1p_zeros
717,5989.335248805728,3585000.0,HalfCheetah-v3,TD3_Q2a3x64_1p_zeros
718,5340.65266337134,3590000.0,HalfCheetah-v3,TD3_Q2a3x64_1p_zeros
719,4748.849619437513,3595000.0,HalfCheetah-v3,TD3_Q2a3x64_1p_zeros
720,8581.492653353938,3600000.0,HalfCheetah-v3,TD3_Q2a3x64_1p_zeros
721,7363.667598194988,3605000.0,HalfCheetah-v3,TD3_Q2a3x64_1p_zeros
722,6137.681675981739,3610000.0,HalfCheetah-v3,TD3_Q2a3x64_1p_zeros
723,5456.453337925993,3615000.0,HalfCheetah-v3,TD3_Q2a3x64_1p_zeros
724,4788.104196795781,3620000.0,HalfCheetah-v3,TD3_Q2a3x64_1p_zeros
725,8565.267783527528,3625000.0,HalfCheetah-v3,TD3_Q2a3x64_1p_zeros
726,7366.336006982265,3630000.0,HalfCheetah-v3,TD3_Q2a3x64_1p_zeros
727,6400.010844189853,3635000.0,HalfCheetah-v3,TD3_Q2a3x64_1p_zeros
728,5230.105211705801,3640000.0,HalfCheetah-v3,TD3_Q2a3x64_1p_zeros
729,4768.096714464988,3645000.0,HalfCheetah-v3,TD3_Q2a3x64_1p_zeros
730,8634.343773441391,3650000.0,HalfCheetah-v3,TD3_Q2a3x64_1p_zeros
731,7294.793101291366,3655000.0,HalfCheetah-v3,TD3_Q2a3x64_1p_zeros
732,5962.616566449771,3660000.0,HalfCheetah-v3,TD3_Q2a3x64_1p_zeros
733,5381.790311402157,3665000.0,HalfCheetah-v3,TD3_Q2a3x64_1p_zeros
734,4684.143635672547,3670000.0,HalfCheetah-v3,TD3_Q2a3x64_1p_zeros
735,8709.793663411921,3675000.0,HalfCheetah-v3,TD3_Q2a3x64_1p_zeros
736,7564.183383873569,3680000.0,HalfCheetah-v3,TD3_Q2a3x64_1p_zeros
737,6374.254795458279,3685000.0,HalfCheetah-v3,TD3_Q2a3x64_1p_zeros
738,5327.890668615857,3690000.0,HalfCheetah-v3,TD3_Q2a3x64_1p_zeros
739,4791.664635190993,3695000.0,HalfCheetah-v3,TD3_Q2a3x64_1p_zeros
740,8540.333821110913,3700000.0,HalfCheetah-v3,TD3_Q2a3x64_1p_zeros
741,7309.701068487634,3705000.0,HalfCheetah-v3,TD3_Q2a3x64_1p_zeros
742,6137.638369056645,3710000.0,HalfCheetah-v3,TD3_Q2a3x64_1p_zeros
743,5341.215660112174,3715000.0,HalfCheetah-v3,TD3_Q2a3x64_1p_zeros
744,4910.3140433961435,3720000.0,HalfCheetah-v3,TD3_Q2a3x64_1p_zeros
745,8783.911763791755,3725000.0,HalfCheetah-v3,TD3_Q2a3x64_1p_zeros
746,7316.014760597851,3730000.0,HalfCheetah-v3,TD3_Q2a3x64_1p_zeros
747,6252.266850639137,3735000.0,HalfCheetah-v3,TD3_Q2a3x64_1p_zeros
748,5433.084763018528,3740000.0,HalfCheetah-v3,TD3_Q2a3x64_1p_zeros
749,4849.1968346067715,3745000.0,HalfCheetah-v3,TD3_Q2a3x64_1p_zeros
750,8747.162591223338,3750000.0,HalfCheetah-v3,TD3_Q2a3x64_1p_zeros
751,7309.217956451702,3755000.0,HalfCheetah-v3,TD3_Q2a3x64_1p_zeros
752,6137.514988268756,3760000.0,HalfCheetah-v3,TD3_Q2a3x64_1p_zeros
753,5346.7530624256115,3765000.0,HalfCheetah-v3,TD3_Q2a3x64_1p_zeros
754,4574.468357819887,3770000.0,HalfCheetah-v3,TD3_Q2a3x64_1p_zeros
755,8529.07280126226,3775000.0,HalfCheetah-v3,TD3_Q2a3x64_1p_zeros
756,7389.186908497094,3780000.0,HalfCheetah-v3,TD3_Q2a3x64_1p_zeros
757,6232.813651105064,3785000.0,HalfCheetah-v3,TD3_Q2a3x64_1p_zeros
758,5365.581662436502,3790000.0,HalfCheetah-v3,TD3_Q2a3x64_1p_zeros
759,4642.291503757812,3795000.0,HalfCheetah-v3,TD3_Q2a3x64_1p_zeros
760,8334.465503104426,3800000.0,HalfCheetah-v3,TD3_Q2a3x64_1p_zeros
761,7323.810664838132,3805000.0,HalfCheetah-v3,TD3_Q2a3x64_1p_zeros
762,6051.002330740046,3810000.0,HalfCheetah-v3,TD3_Q2a3x64_1p_zeros
763,5296.9251695240955,3815000.0,HalfCheetah-v3,TD3_Q2a3x64_1p_zeros
764,4504.231174733767,3820000.0,HalfCheetah-v3,TD3_Q2a3x64_1p_zeros
765,8666.979320128816,3825000.0,HalfCheetah-v3,TD3_Q2a3x64_1p_zeros
766,7241.081976304655,3830000.0,HalfCheetah-v3,TD3_Q2a3x64_1p_zeros
767,6200.630845200894,3835000.0,HalfCheetah-v3,TD3_Q2a3x64_1p_zeros
768,5217.70930402457,3840000.0,HalfCheetah-v3,TD3_Q2a3x64_1p_zeros
769,4665.593486556907,3845000.0,HalfCheetah-v3,TD3_Q2a3x64_1p_zeros
770,8734.315417061156,3850000.0,HalfCheetah-v3,TD3_Q2a3x64_1p_zeros
771,7418.72328850578,3855000.0,HalfCheetah-v3,TD3_Q2a3x64_1p_zeros
772,6142.035290033966,3860000.0,HalfCheetah-v3,TD3_Q2a3x64_1p_zeros
773,5173.476653037832,3865000.0,HalfCheetah-v3,TD3_Q2a3x64_1p_zeros
774,4534.68004853244,3870000.0,HalfCheetah-v3,TD3_Q2a3x64_1p_zeros
775,8810.720367689957,3875000.0,HalfCheetah-v3,TD3_Q2a3x64_1p_zeros
776,7482.816265760764,3880000.0,HalfCheetah-v3,TD3_Q2a3x64_1p_zeros
777,6103.841841896965,3885000.0,HalfCheetah-v3,TD3_Q2a3x64_1p_zeros
778,5332.119213161171,3890000.0,HalfCheetah-v3,TD3_Q2a3x64_1p_zeros
779,4617.48827279608,3895000.0,HalfCheetah-v3,TD3_Q2a3x64_1p_zeros
780,8947.69547539054,3900000.0,HalfCheetah-v3,TD3_Q2a3x64_1p_zeros
781,7628.040496419259,3905000.0,HalfCheetah-v3,TD3_Q2a3x64_1p_zeros
782,6126.040376494952,3910000.0,HalfCheetah-v3,TD3_Q2a3x64_1p_zeros
783,5374.171694127834,3915000.0,HalfCheetah-v3,TD3_Q2a3x64_1p_zeros
784,4597.972178329666,3920000.0,HalfCheetah-v3,TD3_Q2a3x64_1p_zeros
785,8708.278918577987,3925000.0,HalfCheetah-v3,TD3_Q2a3x64_1p_zeros
786,7346.526650630605,3930000.0,HalfCheetah-v3,TD3_Q2a3x64_1p_zeros
787,6010.856748629637,3935000.0,HalfCheetah-v3,TD3_Q2a3x64_1p_zeros
788,5211.71118935694,3940000.0,HalfCheetah-v3,TD3_Q2a3x64_1p_zeros
789,4327.542338152476,3945000.0,HalfCheetah-v3,TD3_Q2a3x64_1p_zeros
790,8830.865449838853,3950000.0,HalfCheetah-v3,TD3_Q2a3x64_1p_zeros
791,7547.515558919721,3955000.0,HalfCheetah-v3,TD3_Q2a3x64_1p_zeros
792,6329.147397935384,3960000.0,HalfCheetah-v3,TD3_Q2a3x64_1p_zeros
793,5443.2784408003245,3965000.0,HalfCheetah-v3,TD3_Q2a3x64_1p_zeros
794,4736.983888947467,3970000.0,HalfCheetah-v3,TD3_Q2a3x64_1p_zeros
795,8837.666317307054,3975000.0,HalfCheetah-v3,TD3_Q2a3x64_1p_zeros
796,7335.347691449785,3980000.0,HalfCheetah-v3,TD3_Q2a3x64_1p_zeros
797,6015.342878855985,3985000.0,HalfCheetah-v3,TD3_Q2a3x64_1p_zeros
798,5399.319216575488,3990000.0,HalfCheetah-v3,TD3_Q2a3x64_1p_zeros
799,4397.206747103797,3995000.0,HalfCheetah-v3,TD3_Q2a3x64_1p_zeros
800,8840.66654715431,4000000.0,HalfCheetah-v3,TD3_Q2a3x64_1p_zeros
801,7194.924711418789,4005000.0,HalfCheetah-v3,TD3_Q2a3x64_1p_zeros
802,6212.940054307042,4010000.0,HalfCheetah-v3,TD3_Q2a3x64_1p_zeros
803,5191.458353472217,4015000.0,HalfCheetah-v3,TD3_Q2a3x64_1p_zeros
804,4149.478574852388,4020000.0,HalfCheetah-v3,TD3_Q2a3x64_1p_zeros
805,9021.44205258053,4025000.0,HalfCheetah-v3,TD3_Q2a3x64_1p_zeros
806,7380.235044034884,4030000.0,HalfCheetah-v3,TD3_Q2a3x64_1p_zeros
807,6062.674491740778,4035000.0,HalfCheetah-v3,TD3_Q2a3x64_1p_zeros
808,5133.127740736059,4040000.0,HalfCheetah-v3,TD3_Q2a3x64_1p_zeros
809,4877.774676674956,4045000.0,HalfCheetah-v3,TD3_Q2a3x64_1p_zeros
810,8846.304883175075,4050000.0,HalfCheetah-v3,TD3_Q2a3x64_1p_zeros
811,7478.730372846042,4055000.0,HalfCheetah-v3,TD3_Q2a3x64_1p_zeros
812,6159.901278930893,4060000.0,HalfCheetah-v3,TD3_Q2a3x64_1p_zeros
813,5423.34959314914,4065000.0,HalfCheetah-v3,TD3_Q2a3x64_1p_zeros
814,4034.2746499886525,4070000.0,HalfCheetah-v3,TD3_Q2a3x64_1p_zeros
815,8931.292589671597,4075000.0,HalfCheetah-v3,TD3_Q2a3x64_1p_zeros
816,7333.638324358418,4080000.0,HalfCheetah-v3,TD3_Q2a3x64_1p_zeros
817,5739.92748784268,4085000.0,HalfCheetah-v3,TD3_Q2a3x64_1p_zeros
818,4869.7120427789105,4090000.0,HalfCheetah-v3,TD3_Q2a3x64_1p_zeros
819,4646.107535680335,4095000.0,HalfCheetah-v3,TD3_Q2a3x64_1p_zeros
820,8871.333868276477,4100000.0,HalfCheetah-v3,TD3_Q2a3x64_1p_zeros
821,6971.930105313762,4105000.0,HalfCheetah-v3,TD3_Q2a3x64_1p_zeros
822,5948.628951737701,4110000.0,HalfCheetah-v3,TD3_Q2a3x64_1p_zeros
823,5214.023527082018,4115000.0,HalfCheetah-v3,TD3_Q2a3x64_1p_zeros
824,4715.063914863419,4120000.0,HalfCheetah-v3,TD3_Q2a3x64_1p_zeros
825,9037.673159857975,4125000.0,HalfCheetah-v3,TD3_Q2a3x64_1p_zeros
826,7060.117434384109,4130000.0,HalfCheetah-v3,TD3_Q2a3x64_1p_zeros
827,6132.602618105315,4135000.0,HalfCheetah-v3,TD3_Q2a3x64_1p_zeros
828,5377.929468124574,4140000.0,HalfCheetah-v3,TD3_Q2a3x64_1p_zeros
829,4487.679474152738,4145000.0,HalfCheetah-v3,TD3_Q2a3x64_1p_zeros
830,8897.596744130788,4150000.0,HalfCheetah-v3,TD3_Q2a3x64_1p_zeros
831,6700.830757554679,4155000.0,HalfCheetah-v3,TD3_Q2a3x64_1p_zeros
832,6210.686163677674,4160000.0,HalfCheetah-v3,TD3_Q2a3x64_1p_zeros
833,5105.808598905739,4165000.0,HalfCheetah-v3,TD3_Q2a3x64_1p_zeros
834,4622.017595196183,4170000.0,HalfCheetah-v3,TD3_Q2a3x64_1p_zeros
835,8470.40826741858,4175000.0,HalfCheetah-v3,TD3_Q2a3x64_1p_zeros
836,7052.533687023328,4180000.0,HalfCheetah-v3,TD3_Q2a3x64_1p_zeros
837,6119.349858114904,4185000.0,HalfCheetah-v3,TD3_Q2a3x64_1p_zeros
838,4758.371213615775,4190000.0,HalfCheetah-v3,TD3_Q2a3x64_1p_zeros
839,4523.1599848121805,4195000.0,HalfCheetah-v3,TD3_Q2a3x64_1p_zeros
840,8990.558215968322,4200000.0,HalfCheetah-v3,TD3_Q2a3x64_1p_zeros
841,7588.611726822358,4205000.0,HalfCheetah-v3,TD3_Q2a3x64_1p_zeros
842,5917.620684415857,4210000.0,HalfCheetah-v3,TD3_Q2a3x64_1p_zeros
843,5338.435632225199,4215000.0,HalfCheetah-v3,TD3_Q2a3x64_1p_zeros
844,4521.105726793201,4220000.0,HalfCheetah-v3,TD3_Q2a3x64_1p_zeros
845,8960.471192179644,4225000.0,HalfCheetah-v3,TD3_Q2a3x64_1p_zeros
846,7533.5647564563,4230000.0,HalfCheetah-v3,TD3_Q2a3x64_1p_zeros
847,6318.687965614994,4235000.0,HalfCheetah-v3,TD3_Q2a3x64_1p_zeros
848,5319.466474507623,4240000.0,HalfCheetah-v3,TD3_Q2a3x64_1p_zeros
849,4347.02769365919,4245000.0,HalfCheetah-v3,TD3_Q2a3x64_1p_zeros
850,8864.794812363123,4250000.0,HalfCheetah-v3,TD3_Q2a3x64_1p_zeros
851,7535.7519099765805,4255000.0,HalfCheetah-v3,TD3_Q2a3x64_1p_zeros
852,6034.53033279854,4260000.0,HalfCheetah-v3,TD3_Q2a3x64_1p_zeros
853,5190.328507079346,4265000.0,HalfCheetah-v3,TD3_Q2a3x64_1p_zeros
854,4585.833155289498,4270000.0,HalfCheetah-v3,TD3_Q2a3x64_1p_zeros
855,9057.64509306486,4275000.0,HalfCheetah-v3,TD3_Q2a3x64_1p_zeros
856,6986.639078994925,4280000.0,HalfCheetah-v3,TD3_Q2a3x64_1p_zeros
857,5674.029886310285,4285000.0,HalfCheetah-v3,TD3_Q2a3x64_1p_zeros
858,4965.970275082488,4290000.0,HalfCheetah-v3,TD3_Q2a3x64_1p_zeros
859,4723.844796134141,4295000.0,HalfCheetah-v3,TD3_Q2a3x64_1p_zeros
860,8858.782824203121,4300000.0,HalfCheetah-v3,TD3_Q2a3x64_1p_zeros
861,7496.338024374818,4305000.0,HalfCheetah-v3,TD3_Q2a3x64_1p_zeros
862,6271.492431733982,4310000.0,HalfCheetah-v3,TD3_Q2a3x64_1p_zeros
863,4857.613608981714,4315000.0,HalfCheetah-v3,TD3_Q2a3x64_1p_zeros
864,4767.650245253885,4320000.0,HalfCheetah-v3,TD3_Q2a3x64_1p_zeros
865,9059.01561434592,4325000.0,HalfCheetah-v3,TD3_Q2a3x64_1p_zeros
866,7535.115355271276,4330000.0,HalfCheetah-v3,TD3_Q2a3x64_1p_zeros
867,6275.907046770065,4335000.0,HalfCheetah-v3,TD3_Q2a3x64_1p_zeros
868,5469.947408677321,4340000.0,HalfCheetah-v3,TD3_Q2a3x64_1p_zeros
869,4437.46320468915,4345000.0,HalfCheetah-v3,TD3_Q2a3x64_1p_zeros
870,8876.095301380075,4350000.0,HalfCheetah-v3,TD3_Q2a3x64_1p_zeros
871,7529.961313001497,4355000.0,HalfCheetah-v3,TD3_Q2a3x64_1p_zeros
872,6201.015579280502,4360000.0,HalfCheetah-v3,TD3_Q2a3x64_1p_zeros
873,5354.257450724195,4365000.0,HalfCheetah-v3,TD3_Q2a3x64_1p_zeros
874,4530.140915184697,4370000.0,HalfCheetah-v3,TD3_Q2a3x64_1p_zeros
875,8912.77914384503,4375000.0,HalfCheetah-v3,TD3_Q2a3x64_1p_zeros
876,7442.086049377244,4380000.0,HalfCheetah-v3,TD3_Q2a3x64_1p_zeros
877,6201.37811821604,4385000.0,HalfCheetah-v3,TD3_Q2a3x64_1p_zeros
878,5234.490860714557,4390000.0,HalfCheetah-v3,TD3_Q2a3x64_1p_zeros
879,4771.253089054046,4395000.0,HalfCheetah-v3,TD3_Q2a3x64_1p_zeros
880,9041.734483097684,4400000.0,HalfCheetah-v3,TD3_Q2a3x64_1p_zeros
881,7476.124100444458,4405000.0,HalfCheetah-v3,TD3_Q2a3x64_1p_zeros
882,5662.083002372138,4410000.0,HalfCheetah-v3,TD3_Q2a3x64_1p_zeros
883,4016.87890820877,4415000.0,HalfCheetah-v3,TD3_Q2a3x64_1p_zeros
884,4700.433355209292,4420000.0,HalfCheetah-v3,TD3_Q2a3x64_1p_zeros
885,8326.55534742826,4425000.0,HalfCheetah-v3,TD3_Q2a3x64_1p_zeros
886,7320.889548216454,4430000.0,HalfCheetah-v3,TD3_Q2a3x64_1p_zeros
887,5968.5119346088995,4435000.0,HalfCheetah-v3,TD3_Q2a3x64_1p_zeros
888,5310.64525389893,4440000.0,HalfCheetah-v3,TD3_Q2a3x64_1p_zeros
889,4181.87270552763,4445000.0,HalfCheetah-v3,TD3_Q2a3x64_1p_zeros
890,8223.769663002353,4450000.0,HalfCheetah-v3,TD3_Q2a3x64_1p_zeros
891,7500.45758328527,4455000.0,HalfCheetah-v3,TD3_Q2a3x64_1p_zeros
892,6020.561787266756,4460000.0,HalfCheetah-v3,TD3_Q2a3x64_1p_zeros
893,5258.735700250474,4465000.0,HalfCheetah-v3,TD3_Q2a3x64_1p_zeros
894,4569.565343684818,4470000.0,HalfCheetah-v3,TD3_Q2a3x64_1p_zeros
895,9184.023182223376,4475000.0,HalfCheetah-v3,TD3_Q2a3x64_1p_zeros
896,7499.6806606083865,4480000.0,HalfCheetah-v3,TD3_Q2a3x64_1p_zeros
897,6191.711251767799,4485000.0,HalfCheetah-v3,TD3_Q2a3x64_1p_zeros
898,5199.040603198422,4490000.0,HalfCheetah-v3,TD3_Q2a3x64_1p_zeros
899,4735.777340081287,4495000.0,HalfCheetah-v3,TD3_Q2a3x64_1p_zeros
900,8972.579840335182,4500000.0,HalfCheetah-v3,TD3_Q2a3x64_1p_zeros
901,7589.016761685989,4505000.0,HalfCheetah-v3,TD3_Q2a3x64_1p_zeros
902,6241.569311820753,4510000.0,HalfCheetah-v3,TD3_Q2a3x64_1p_zeros
903,5347.14823773298,4515000.0,HalfCheetah-v3,TD3_Q2a3x64_1p_zeros
904,4763.168070335772,4520000.0,HalfCheetah-v3,TD3_Q2a3x64_1p_zeros
905,9118.799933042199,4525000.0,HalfCheetah-v3,TD3_Q2a3x64_1p_zeros
906,7590.983552476621,4530000.0,HalfCheetah-v3,TD3_Q2a3x64_1p_zeros
907,6216.01546075841,4535000.0,HalfCheetah-v3,TD3_Q2a3x64_1p_zeros
908,5458.523904721514,4540000.0,HalfCheetah-v3,TD3_Q2a3x64_1p_zeros
909,4362.839513272333,4545000.0,HalfCheetah-v3,TD3_Q2a3x64_1p_zeros
910,9022.838624544518,4550000.0,HalfCheetah-v3,TD3_Q2a3x64_1p_zeros
911,7283.494755253171,4555000.0,HalfCheetah-v3,TD3_Q2a3x64_1p_zeros
912,5484.451546744343,4560000.0,HalfCheetah-v3,TD3_Q2a3x64_1p_zeros
913,5091.853495621888,4565000.0,HalfCheetah-v3,TD3_Q2a3x64_1p_zeros
914,4722.562611740592,4570000.0,HalfCheetah-v3,TD3_Q2a3x64_1p_zeros
915,9039.862764223184,4575000.0,HalfCheetah-v3,TD3_Q2a3x64_1p_zeros
916,7443.263259836439,4580000.0,HalfCheetah-v3,TD3_Q2a3x64_1p_zeros
917,6142.894950483869,4585000.0,HalfCheetah-v3,TD3_Q2a3x64_1p_zeros
918,5306.744252138619,4590000.0,HalfCheetah-v3,TD3_Q2a3x64_1p_zeros
919,4823.108928682971,4595000.0,HalfCheetah-v3,TD3_Q2a3x64_1p_zeros
920,8844.888251562848,4600000.0,HalfCheetah-v3,TD3_Q2a3x64_1p_zeros
921,7491.131083914866,4605000.0,HalfCheetah-v3,TD3_Q2a3x64_1p_zeros
922,6218.242236670525,4610000.0,HalfCheetah-v3,TD3_Q2a3x64_1p_zeros
923,5223.492749920482,4615000.0,HalfCheetah-v3,TD3_Q2a3x64_1p_zeros
924,4560.597623139667,4620000.0,HalfCheetah-v3,TD3_Q2a3x64_1p_zeros
925,8992.903747395225,4625000.0,HalfCheetah-v3,TD3_Q2a3x64_1p_zeros
926,7468.35981030641,4630000.0,HalfCheetah-v3,TD3_Q2a3x64_1p_zeros
927,6206.8464364601605,4635000.0,HalfCheetah-v3,TD3_Q2a3x64_1p_zeros
928,5417.569804830608,4640000.0,HalfCheetah-v3,TD3_Q2a3x64_1p_zeros
929,4719.611895077784,4645000.0,HalfCheetah-v3,TD3_Q2a3x64_1p_zeros
930,9061.563526454765,4650000.0,HalfCheetah-v3,TD3_Q2a3x64_1p_zeros
931,7627.299672489728,4655000.0,HalfCheetah-v3,TD3_Q2a3x64_1p_zeros
932,6233.942163481003,4660000.0,HalfCheetah-v3,TD3_Q2a3x64_1p_zeros
933,5307.530053134905,4665000.0,HalfCheetah-v3,TD3_Q2a3x64_1p_zeros
934,4442.036750790961,4670000.0,HalfCheetah-v3,TD3_Q2a3x64_1p_zeros
935,8659.67467346006,4675000.0,HalfCheetah-v3,TD3_Q2a3x64_1p_zeros
936,6800.651795576812,4680000.0,HalfCheetah-v3,TD3_Q2a3x64_1p_zeros
937,5877.628989371447,4685000.0,HalfCheetah-v3,TD3_Q2a3x64_1p_zeros
938,4793.38079662224,4690000.0,HalfCheetah-v3,TD3_Q2a3x64_1p_zeros
939,4029.3004015465617,4695000.0,HalfCheetah-v3,TD3_Q2a3x64_1p_zeros
940,9114.777205108165,4700000.0,HalfCheetah-v3,TD3_Q2a3x64_1p_zeros
941,7681.475398911326,4705000.0,HalfCheetah-v3,TD3_Q2a3x64_1p_zeros
942,6020.055982524538,4710000.0,HalfCheetah-v3,TD3_Q2a3x64_1p_zeros
943,4818.877069091742,4715000.0,HalfCheetah-v3,TD3_Q2a3x64_1p_zeros
944,4511.059597636844,4720000.0,HalfCheetah-v3,TD3_Q2a3x64_1p_zeros
945,9020.468980709355,4725000.0,HalfCheetah-v3,TD3_Q2a3x64_1p_zeros
946,7525.253116627221,4730000.0,HalfCheetah-v3,TD3_Q2a3x64_1p_zeros
947,6134.997099523563,4735000.0,HalfCheetah-v3,TD3_Q2a3x64_1p_zeros
948,5329.241877754679,4740000.0,HalfCheetah-v3,TD3_Q2a3x64_1p_zeros
949,4554.8591796895225,4745000.0,HalfCheetah-v3,TD3_Q2a3x64_1p_zeros
950,9187.757297435752,4750000.0,HalfCheetah-v3,TD3_Q2a3x64_1p_zeros
951,7381.729588798194,4755000.0,HalfCheetah-v3,TD3_Q2a3x64_1p_zeros
952,6030.091178010882,4760000.0,HalfCheetah-v3,TD3_Q2a3x64_1p_zeros
953,5424.458682999525,4765000.0,HalfCheetah-v3,TD3_Q2a3x64_1p_zeros
954,4663.273626156525,4770000.0,HalfCheetah-v3,TD3_Q2a3x64_1p_zeros
955,9292.003643500226,4775000.0,HalfCheetah-v3,TD3_Q2a3x64_1p_zeros
956,7527.322948473071,4780000.0,HalfCheetah-v3,TD3_Q2a3x64_1p_zeros
957,6103.121260461944,4785000.0,HalfCheetah-v3,TD3_Q2a3x64_1p_zeros
958,5263.615936342907,4790000.0,HalfCheetah-v3,TD3_Q2a3x64_1p_zeros
959,4650.257385867642,4795000.0,HalfCheetah-v3,TD3_Q2a3x64_1p_zeros
960,8932.787844922477,4800000.0,HalfCheetah-v3,TD3_Q2a3x64_1p_zeros
961,7495.420195039563,4805000.0,HalfCheetah-v3,TD3_Q2a3x64_1p_zeros
962,4974.1276637674655,4810000.0,HalfCheetah-v3,TD3_Q2a3x64_1p_zeros
963,4855.127051448553,4815000.0,HalfCheetah-v3,TD3_Q2a3x64_1p_zeros
964,4683.344840017319,4820000.0,HalfCheetah-v3,TD3_Q2a3x64_1p_zeros
965,9099.455057750278,4825000.0,HalfCheetah-v3,TD3_Q2a3x64_1p_zeros
966,7467.689826743655,4830000.0,HalfCheetah-v3,TD3_Q2a3x64_1p_zeros
967,5790.368321783988,4835000.0,HalfCheetah-v3,TD3_Q2a3x64_1p_zeros
968,4512.311989519687,4840000.0,HalfCheetah-v3,TD3_Q2a3x64_1p_zeros
969,3758.8832973692433,4845000.0,HalfCheetah-v3,TD3_Q2a3x64_1p_zeros
970,8896.346604253466,4850000.0,HalfCheetah-v3,TD3_Q2a3x64_1p_zeros
971,7379.197466543609,4855000.0,HalfCheetah-v3,TD3_Q2a3x64_1p_zeros
972,5878.4069631451275,4860000.0,HalfCheetah-v3,TD3_Q2a3x64_1p_zeros
973,5298.067736428577,4865000.0,HalfCheetah-v3,TD3_Q2a3x64_1p_zeros
974,4595.849951199498,4870000.0,HalfCheetah-v3,TD3_Q2a3x64_1p_zeros
975,8987.084419203926,4875000.0,HalfCheetah-v3,TD3_Q2a3x64_1p_zeros
976,7450.127112826977,4880000.0,HalfCheetah-v3,TD3_Q2a3x64_1p_zeros
977,6239.831389501134,4885000.0,HalfCheetah-v3,TD3_Q2a3x64_1p_zeros
978,5243.165283054403,4890000.0,HalfCheetah-v3,TD3_Q2a3x64_1p_zeros
979,4681.016192398618,4895000.0,HalfCheetah-v3,TD3_Q2a3x64_1p_zeros
980,8971.134180350147,4900000.0,HalfCheetah-v3,TD3_Q2a3x64_1p_zeros
981,7362.106732218262,4905000.0,HalfCheetah-v3,TD3_Q2a3x64_1p_zeros
982,6042.508071852622,4910000.0,HalfCheetah-v3,TD3_Q2a3x64_1p_zeros
983,5203.354600041358,4915000.0,HalfCheetah-v3,TD3_Q2a3x64_1p_zeros
984,4598.155342544694,4920000.0,HalfCheetah-v3,TD3_Q2a3x64_1p_zeros
985,9196.727595926899,4925000.0,HalfCheetah-v3,TD3_Q2a3x64_1p_zeros
986,7676.963748833186,4930000.0,HalfCheetah-v3,TD3_Q2a3x64_1p_zeros
987,5943.9713891047995,4935000.0,HalfCheetah-v3,TD3_Q2a3x64_1p_zeros
988,4757.825271950077,4940000.0,HalfCheetah-v3,TD3_Q2a3x64_1p_zeros
989,4176.6614662383745,4945000.0,HalfCheetah-v3,TD3_Q2a3x64_1p_zeros
990,9320.985754771686,4950000.0,HalfCheetah-v3,TD3_Q2a3x64_1p_zeros
991,7372.247259475157,4955000.0,HalfCheetah-v3,TD3_Q2a3x64_1p_zeros
992,6027.320885154188,4960000.0,HalfCheetah-v3,TD3_Q2a3x64_1p_zeros
993,5414.285445349962,4965000.0,HalfCheetah-v3,TD3_Q2a3x64_1p_zeros
994,4245.48241359865,4970000.0,HalfCheetah-v3,TD3_Q2a3x64_1p_zeros
995,9036.859421373321,4975000.0,HalfCheetah-v3,TD3_Q2a3x64_1p_zeros
996,7535.559367682104,4980000.0,HalfCheetah-v3,TD3_Q2a3x64_1p_zeros
997,6024.350073592252,4985000.0,HalfCheetah-v3,TD3_Q2a3x64_1p_zeros
998,5060.069300852231,4990000.0,HalfCheetah-v3,TD3_Q2a3x64_1p_zeros
999,4310.108227429468,4995000.0,HalfCheetah-v3,TD3_Q2a3x64_1p_zeros
