index,Average Return,Timesteps,env,algorithm_name
0,-319.9346660125788,0.0,HalfCheetah-v3,TD3_Q2a1x64_1p
1,-243.86235243806414,5000.0,HalfCheetah-v3,TD3_Q2a1x64_1p
2,-300.2512282294743,10000.0,HalfCheetah-v3,TD3_Q2a1x64_1p
3,-315.4187927361706,15000.0,HalfCheetah-v3,TD3_Q2a1x64_1p
4,-345.2298904619639,20000.0,HalfCheetah-v3,TD3_Q2a1x64_1p
5,-212.5030028151356,25000.0,HalfCheetah-v3,TD3_Q2a1x64_1p
6,-367.428281457676,30000.0,HalfCheetah-v3,TD3_Q2a1x64_1p
7,-295.32323549050017,35000.0,HalfCheetah-v3,TD3_Q2a1x64_1p
8,-354.53395484562185,40000.0,HalfCheetah-v3,TD3_Q2a1x64_1p
9,-365.75303679386127,45000.0,HalfCheetah-v3,TD3_Q2a1x64_1p
10,-523.1990952345504,50000.0,HalfCheetah-v3,TD3_Q2a1x64_1p
11,-529.3584577611839,55000.0,HalfCheetah-v3,TD3_Q2a1x64_1p
12,-510.5587289626865,60000.0,HalfCheetah-v3,TD3_Q2a1x64_1p
13,-515.7821143426836,65000.0,HalfCheetah-v3,TD3_Q2a1x64_1p
14,-544.1358024402991,70000.0,HalfCheetah-v3,TD3_Q2a1x64_1p
15,-413.1858842341932,75000.0,HalfCheetah-v3,TD3_Q2a1x64_1p
16,-404.5241865754894,80000.0,HalfCheetah-v3,TD3_Q2a1x64_1p
17,-414.8409238302811,85000.0,HalfCheetah-v3,TD3_Q2a1x64_1p
18,-396.6023836735043,90000.0,HalfCheetah-v3,TD3_Q2a1x64_1p
19,-426.41603440269955,95000.0,HalfCheetah-v3,TD3_Q2a1x64_1p
20,-5.358811939171494,100000.0,HalfCheetah-v3,TD3_Q2a1x64_1p
21,-3.6577399563791224,105000.0,HalfCheetah-v3,TD3_Q2a1x64_1p
22,-4.822108028494241,110000.0,HalfCheetah-v3,TD3_Q2a1x64_1p
23,-0.39367326208087916,115000.0,HalfCheetah-v3,TD3_Q2a1x64_1p
24,-7.522403206578547,120000.0,HalfCheetah-v3,TD3_Q2a1x64_1p
25,121.47443129483277,125000.0,HalfCheetah-v3,TD3_Q2a1x64_1p
26,161.61230621110644,130000.0,HalfCheetah-v3,TD3_Q2a1x64_1p
27,207.654577733032,135000.0,HalfCheetah-v3,TD3_Q2a1x64_1p
28,211.47989531015463,140000.0,HalfCheetah-v3,TD3_Q2a1x64_1p
29,119.23208831875004,145000.0,HalfCheetah-v3,TD3_Q2a1x64_1p
30,828.7919752327092,150000.0,HalfCheetah-v3,TD3_Q2a1x64_1p
31,682.6814861533298,155000.0,HalfCheetah-v3,TD3_Q2a1x64_1p
32,749.2934036477623,160000.0,HalfCheetah-v3,TD3_Q2a1x64_1p
33,810.1550674495094,165000.0,HalfCheetah-v3,TD3_Q2a1x64_1p
34,736.8098305513962,170000.0,HalfCheetah-v3,TD3_Q2a1x64_1p
35,880.4607857638297,175000.0,HalfCheetah-v3,TD3_Q2a1x64_1p
36,703.6310715077507,180000.0,HalfCheetah-v3,TD3_Q2a1x64_1p
37,728.2560858676144,185000.0,HalfCheetah-v3,TD3_Q2a1x64_1p
38,757.9511371379739,190000.0,HalfCheetah-v3,TD3_Q2a1x64_1p
39,808.7040267296602,195000.0,HalfCheetah-v3,TD3_Q2a1x64_1p
40,855.9592842329205,200000.0,HalfCheetah-v3,TD3_Q2a1x64_1p
41,962.8223108079608,205000.0,HalfCheetah-v3,TD3_Q2a1x64_1p
42,1056.743623732355,210000.0,HalfCheetah-v3,TD3_Q2a1x64_1p
43,1061.9290611629192,215000.0,HalfCheetah-v3,TD3_Q2a1x64_1p
44,853.5924004123556,220000.0,HalfCheetah-v3,TD3_Q2a1x64_1p
45,1212.4626369969205,225000.0,HalfCheetah-v3,TD3_Q2a1x64_1p
46,1029.3285491445183,230000.0,HalfCheetah-v3,TD3_Q2a1x64_1p
47,1170.6947036760669,235000.0,HalfCheetah-v3,TD3_Q2a1x64_1p
48,946.2288606125036,240000.0,HalfCheetah-v3,TD3_Q2a1x64_1p
49,1056.5230405373052,245000.0,HalfCheetah-v3,TD3_Q2a1x64_1p
50,2079.9575025700533,250000.0,HalfCheetah-v3,TD3_Q2a1x64_1p
51,2068.349132775565,255000.0,HalfCheetah-v3,TD3_Q2a1x64_1p
52,2084.4420150081037,260000.0,HalfCheetah-v3,TD3_Q2a1x64_1p
53,2000.5983288810444,265000.0,HalfCheetah-v3,TD3_Q2a1x64_1p
54,2049.767418703962,270000.0,HalfCheetah-v3,TD3_Q2a1x64_1p
55,2401.7398888424073,275000.0,HalfCheetah-v3,TD3_Q2a1x64_1p
56,1919.0032269122687,280000.0,HalfCheetah-v3,TD3_Q2a1x64_1p
57,2379.7913036347736,285000.0,HalfCheetah-v3,TD3_Q2a1x64_1p
58,2288.2998784230463,290000.0,HalfCheetah-v3,TD3_Q2a1x64_1p
59,2189.016445002896,295000.0,HalfCheetah-v3,TD3_Q2a1x64_1p
60,2495.2304700965815,300000.0,HalfCheetah-v3,TD3_Q2a1x64_1p
61,2607.958682706686,305000.0,HalfCheetah-v3,TD3_Q2a1x64_1p
62,2616.318964978007,310000.0,HalfCheetah-v3,TD3_Q2a1x64_1p
63,2545.328798709102,315000.0,HalfCheetah-v3,TD3_Q2a1x64_1p
64,2345.424780568977,320000.0,HalfCheetah-v3,TD3_Q2a1x64_1p
65,2229.464702586736,325000.0,HalfCheetah-v3,TD3_Q2a1x64_1p
66,2290.1764103714213,330000.0,HalfCheetah-v3,TD3_Q2a1x64_1p
67,2483.599238062076,335000.0,HalfCheetah-v3,TD3_Q2a1x64_1p
68,2311.896323353202,340000.0,HalfCheetah-v3,TD3_Q2a1x64_1p
69,1730.3294108043742,345000.0,HalfCheetah-v3,TD3_Q2a1x64_1p
70,3580.567908942846,350000.0,HalfCheetah-v3,TD3_Q2a1x64_1p
71,3574.71969546475,355000.0,HalfCheetah-v3,TD3_Q2a1x64_1p
72,3609.160604420046,360000.0,HalfCheetah-v3,TD3_Q2a1x64_1p
73,3406.8062000531254,365000.0,HalfCheetah-v3,TD3_Q2a1x64_1p
74,3418.1073682378956,370000.0,HalfCheetah-v3,TD3_Q2a1x64_1p
75,3692.8285002797356,375000.0,HalfCheetah-v3,TD3_Q2a1x64_1p
76,3474.3689878422692,380000.0,HalfCheetah-v3,TD3_Q2a1x64_1p
77,3651.9844157877574,385000.0,HalfCheetah-v3,TD3_Q2a1x64_1p
78,3571.6256379428632,390000.0,HalfCheetah-v3,TD3_Q2a1x64_1p
79,3217.897546016038,395000.0,HalfCheetah-v3,TD3_Q2a1x64_1p
80,3781.6459186442107,400000.0,HalfCheetah-v3,TD3_Q2a1x64_1p
81,3716.0560267921196,405000.0,HalfCheetah-v3,TD3_Q2a1x64_1p
82,3608.0734080317025,410000.0,HalfCheetah-v3,TD3_Q2a1x64_1p
83,3557.217562618143,415000.0,HalfCheetah-v3,TD3_Q2a1x64_1p
84,3583.174877450666,420000.0,HalfCheetah-v3,TD3_Q2a1x64_1p
85,3784.585034473752,425000.0,HalfCheetah-v3,TD3_Q2a1x64_1p
86,3721.518396550227,430000.0,HalfCheetah-v3,TD3_Q2a1x64_1p
87,3746.312316223009,435000.0,HalfCheetah-v3,TD3_Q2a1x64_1p
88,3661.2884515937985,440000.0,HalfCheetah-v3,TD3_Q2a1x64_1p
89,3548.7632592322916,445000.0,HalfCheetah-v3,TD3_Q2a1x64_1p
90,3851.849212446622,450000.0,HalfCheetah-v3,TD3_Q2a1x64_1p
91,3856.3372326139747,455000.0,HalfCheetah-v3,TD3_Q2a1x64_1p
92,3693.2630132862687,460000.0,HalfCheetah-v3,TD3_Q2a1x64_1p
93,3453.1400386069326,465000.0,HalfCheetah-v3,TD3_Q2a1x64_1p
94,3593.793850533056,470000.0,HalfCheetah-v3,TD3_Q2a1x64_1p
95,3992.698031197059,475000.0,HalfCheetah-v3,TD3_Q2a1x64_1p
96,3806.222400904821,480000.0,HalfCheetah-v3,TD3_Q2a1x64_1p
97,3685.4564979866373,485000.0,HalfCheetah-v3,TD3_Q2a1x64_1p
98,3755.717984484265,490000.0,HalfCheetah-v3,TD3_Q2a1x64_1p
99,3609.359874284112,495000.0,HalfCheetah-v3,TD3_Q2a1x64_1p
100,4060.2299515954546,500000.0,HalfCheetah-v3,TD3_Q2a1x64_1p
101,3574.791705398595,505000.0,HalfCheetah-v3,TD3_Q2a1x64_1p
102,3855.569734812735,510000.0,HalfCheetah-v3,TD3_Q2a1x64_1p
103,3710.2450792764894,515000.0,HalfCheetah-v3,TD3_Q2a1x64_1p
104,3579.6449004691567,520000.0,HalfCheetah-v3,TD3_Q2a1x64_1p
105,4173.907087640084,525000.0,HalfCheetah-v3,TD3_Q2a1x64_1p
106,4009.290564499776,530000.0,HalfCheetah-v3,TD3_Q2a1x64_1p
107,3888.993675974055,535000.0,HalfCheetah-v3,TD3_Q2a1x64_1p
108,3757.6289716989972,540000.0,HalfCheetah-v3,TD3_Q2a1x64_1p
109,3640.4147409037387,545000.0,HalfCheetah-v3,TD3_Q2a1x64_1p
110,3917.4730146041957,550000.0,HalfCheetah-v3,TD3_Q2a1x64_1p
111,3799.434109334801,555000.0,HalfCheetah-v3,TD3_Q2a1x64_1p
112,3565.1454559253434,560000.0,HalfCheetah-v3,TD3_Q2a1x64_1p
113,3583.023403179308,565000.0,HalfCheetah-v3,TD3_Q2a1x64_1p
114,3496.5338507251204,570000.0,HalfCheetah-v3,TD3_Q2a1x64_1p
115,4333.317340478975,575000.0,HalfCheetah-v3,TD3_Q2a1x64_1p
116,3911.9862009885283,580000.0,HalfCheetah-v3,TD3_Q2a1x64_1p
117,3793.877786790362,585000.0,HalfCheetah-v3,TD3_Q2a1x64_1p
118,3858.3855363378984,590000.0,HalfCheetah-v3,TD3_Q2a1x64_1p
119,3734.053659104159,595000.0,HalfCheetah-v3,TD3_Q2a1x64_1p
120,4331.576812247788,600000.0,HalfCheetah-v3,TD3_Q2a1x64_1p
121,4276.274008444025,605000.0,HalfCheetah-v3,TD3_Q2a1x64_1p
122,4143.697874243628,610000.0,HalfCheetah-v3,TD3_Q2a1x64_1p
123,3906.2349673223566,615000.0,HalfCheetah-v3,TD3_Q2a1x64_1p
124,3676.5860753157094,620000.0,HalfCheetah-v3,TD3_Q2a1x64_1p
125,4476.9674585934445,625000.0,HalfCheetah-v3,TD3_Q2a1x64_1p
126,4471.284558511684,630000.0,HalfCheetah-v3,TD3_Q2a1x64_1p
127,4124.385468971031,635000.0,HalfCheetah-v3,TD3_Q2a1x64_1p
128,4022.7396502939346,640000.0,HalfCheetah-v3,TD3_Q2a1x64_1p
129,3880.1278438363443,645000.0,HalfCheetah-v3,TD3_Q2a1x64_1p
130,4626.29395070782,650000.0,HalfCheetah-v3,TD3_Q2a1x64_1p
131,4449.899721399322,655000.0,HalfCheetah-v3,TD3_Q2a1x64_1p
132,4357.88806789362,660000.0,HalfCheetah-v3,TD3_Q2a1x64_1p
133,4082.616659937902,665000.0,HalfCheetah-v3,TD3_Q2a1x64_1p
134,3995.0935400207186,670000.0,HalfCheetah-v3,TD3_Q2a1x64_1p
135,4633.297095850042,675000.0,HalfCheetah-v3,TD3_Q2a1x64_1p
136,4496.394202803506,680000.0,HalfCheetah-v3,TD3_Q2a1x64_1p
137,4371.683057464442,685000.0,HalfCheetah-v3,TD3_Q2a1x64_1p
138,4206.871593163174,690000.0,HalfCheetah-v3,TD3_Q2a1x64_1p
139,4003.0011577564424,695000.0,HalfCheetah-v3,TD3_Q2a1x64_1p
140,4608.342648489587,700000.0,HalfCheetah-v3,TD3_Q2a1x64_1p
141,4523.778511337529,705000.0,HalfCheetah-v3,TD3_Q2a1x64_1p
142,4419.277685136528,710000.0,HalfCheetah-v3,TD3_Q2a1x64_1p
143,4259.1965378274535,715000.0,HalfCheetah-v3,TD3_Q2a1x64_1p
144,4012.258292217859,720000.0,HalfCheetah-v3,TD3_Q2a1x64_1p
145,4719.607085098483,725000.0,HalfCheetah-v3,TD3_Q2a1x64_1p
146,4566.204257105038,730000.0,HalfCheetah-v3,TD3_Q2a1x64_1p
147,4432.733965407323,735000.0,HalfCheetah-v3,TD3_Q2a1x64_1p
148,4203.310378919955,740000.0,HalfCheetah-v3,TD3_Q2a1x64_1p
149,4045.1909789299766,745000.0,HalfCheetah-v3,TD3_Q2a1x64_1p
150,4944.545744516167,750000.0,HalfCheetah-v3,TD3_Q2a1x64_1p
151,4925.3328625602535,755000.0,HalfCheetah-v3,TD3_Q2a1x64_1p
152,4640.833739016148,760000.0,HalfCheetah-v3,TD3_Q2a1x64_1p
153,4277.15605320863,765000.0,HalfCheetah-v3,TD3_Q2a1x64_1p
154,4113.09314704638,770000.0,HalfCheetah-v3,TD3_Q2a1x64_1p
155,5106.953840415032,775000.0,HalfCheetah-v3,TD3_Q2a1x64_1p
156,4975.482857730488,780000.0,HalfCheetah-v3,TD3_Q2a1x64_1p
157,4687.589656922796,785000.0,HalfCheetah-v3,TD3_Q2a1x64_1p
158,4429.766813352914,790000.0,HalfCheetah-v3,TD3_Q2a1x64_1p
159,4141.645610971932,795000.0,HalfCheetah-v3,TD3_Q2a1x64_1p
160,5144.434550110082,800000.0,HalfCheetah-v3,TD3_Q2a1x64_1p
161,4910.537453601413,805000.0,HalfCheetah-v3,TD3_Q2a1x64_1p
162,4715.43311495086,810000.0,HalfCheetah-v3,TD3_Q2a1x64_1p
163,4423.2198344353,815000.0,HalfCheetah-v3,TD3_Q2a1x64_1p
164,4094.9270221397915,820000.0,HalfCheetah-v3,TD3_Q2a1x64_1p
165,5170.032547296333,825000.0,HalfCheetah-v3,TD3_Q2a1x64_1p
166,4985.208768239694,830000.0,HalfCheetah-v3,TD3_Q2a1x64_1p
167,4732.691985121031,835000.0,HalfCheetah-v3,TD3_Q2a1x64_1p
168,4551.493352656318,840000.0,HalfCheetah-v3,TD3_Q2a1x64_1p
169,4214.651934376507,845000.0,HalfCheetah-v3,TD3_Q2a1x64_1p
170,5226.453501003935,850000.0,HalfCheetah-v3,TD3_Q2a1x64_1p
171,5011.999167384604,855000.0,HalfCheetah-v3,TD3_Q2a1x64_1p
172,4752.924702043889,860000.0,HalfCheetah-v3,TD3_Q2a1x64_1p
173,4440.325047435562,865000.0,HalfCheetah-v3,TD3_Q2a1x64_1p
174,3862.63434384394,870000.0,HalfCheetah-v3,TD3_Q2a1x64_1p
175,5133.519917273776,875000.0,HalfCheetah-v3,TD3_Q2a1x64_1p
176,4974.671674566196,880000.0,HalfCheetah-v3,TD3_Q2a1x64_1p
177,4765.413363468322,885000.0,HalfCheetah-v3,TD3_Q2a1x64_1p
178,4358.9345279779045,890000.0,HalfCheetah-v3,TD3_Q2a1x64_1p
179,4203.1409743812355,895000.0,HalfCheetah-v3,TD3_Q2a1x64_1p
180,5232.103689128771,900000.0,HalfCheetah-v3,TD3_Q2a1x64_1p
181,4986.019865664751,905000.0,HalfCheetah-v3,TD3_Q2a1x64_1p
182,4766.860466758169,910000.0,HalfCheetah-v3,TD3_Q2a1x64_1p
183,4422.277888445371,915000.0,HalfCheetah-v3,TD3_Q2a1x64_1p
184,4269.069571919967,920000.0,HalfCheetah-v3,TD3_Q2a1x64_1p
185,5170.981403726865,925000.0,HalfCheetah-v3,TD3_Q2a1x64_1p
186,4968.654640829917,930000.0,HalfCheetah-v3,TD3_Q2a1x64_1p
187,4694.578453038762,935000.0,HalfCheetah-v3,TD3_Q2a1x64_1p
188,4375.449678669576,940000.0,HalfCheetah-v3,TD3_Q2a1x64_1p
189,3889.6673179425998,945000.0,HalfCheetah-v3,TD3_Q2a1x64_1p
190,5143.213294358905,950000.0,HalfCheetah-v3,TD3_Q2a1x64_1p
191,4993.049350689591,955000.0,HalfCheetah-v3,TD3_Q2a1x64_1p
192,4738.460443358132,960000.0,HalfCheetah-v3,TD3_Q2a1x64_1p
193,4406.76133234728,965000.0,HalfCheetah-v3,TD3_Q2a1x64_1p
194,3938.025902619755,970000.0,HalfCheetah-v3,TD3_Q2a1x64_1p
195,5395.673665130138,975000.0,HalfCheetah-v3,TD3_Q2a1x64_1p
196,5157.520589409154,980000.0,HalfCheetah-v3,TD3_Q2a1x64_1p
197,4793.240797195229,985000.0,HalfCheetah-v3,TD3_Q2a1x64_1p
198,4114.3512597513045,990000.0,HalfCheetah-v3,TD3_Q2a1x64_1p
199,4102.02503901802,995000.0,HalfCheetah-v3,TD3_Q2a1x64_1p
200,5258.7643850472605,1000000.0,HalfCheetah-v3,TD3_Q2a1x64_1p
201,5127.312296614886,1005000.0,HalfCheetah-v3,TD3_Q2a1x64_1p
202,4767.912740427396,1010000.0,HalfCheetah-v3,TD3_Q2a1x64_1p
203,4554.337003459752,1015000.0,HalfCheetah-v3,TD3_Q2a1x64_1p
204,4206.92184822442,1020000.0,HalfCheetah-v3,TD3_Q2a1x64_1p
205,5463.691277521479,1025000.0,HalfCheetah-v3,TD3_Q2a1x64_1p
206,5125.374802484295,1030000.0,HalfCheetah-v3,TD3_Q2a1x64_1p
207,4877.384101506571,1035000.0,HalfCheetah-v3,TD3_Q2a1x64_1p
208,4406.734198833045,1040000.0,HalfCheetah-v3,TD3_Q2a1x64_1p
209,4039.5291680226596,1045000.0,HalfCheetah-v3,TD3_Q2a1x64_1p
210,5278.448192349934,1050000.0,HalfCheetah-v3,TD3_Q2a1x64_1p
211,5128.601800482599,1055000.0,HalfCheetah-v3,TD3_Q2a1x64_1p
212,4836.796423407797,1060000.0,HalfCheetah-v3,TD3_Q2a1x64_1p
213,4490.2771937495,1065000.0,HalfCheetah-v3,TD3_Q2a1x64_1p
214,4236.348703144511,1070000.0,HalfCheetah-v3,TD3_Q2a1x64_1p
215,5290.912506943236,1075000.0,HalfCheetah-v3,TD3_Q2a1x64_1p
216,5092.782173323621,1080000.0,HalfCheetah-v3,TD3_Q2a1x64_1p
217,4792.828686805455,1085000.0,HalfCheetah-v3,TD3_Q2a1x64_1p
218,4387.283405362654,1090000.0,HalfCheetah-v3,TD3_Q2a1x64_1p
219,4102.609842123222,1095000.0,HalfCheetah-v3,TD3_Q2a1x64_1p
220,5382.164032968201,1100000.0,HalfCheetah-v3,TD3_Q2a1x64_1p
221,5097.728686888554,1105000.0,HalfCheetah-v3,TD3_Q2a1x64_1p
222,4788.5895783960395,1110000.0,HalfCheetah-v3,TD3_Q2a1x64_1p
223,4547.435771742895,1115000.0,HalfCheetah-v3,TD3_Q2a1x64_1p
224,4034.1528434231027,1120000.0,HalfCheetah-v3,TD3_Q2a1x64_1p
225,5485.787042532522,1125000.0,HalfCheetah-v3,TD3_Q2a1x64_1p
226,5127.617961385357,1130000.0,HalfCheetah-v3,TD3_Q2a1x64_1p
227,4789.634450558119,1135000.0,HalfCheetah-v3,TD3_Q2a1x64_1p
228,4223.240394498518,1140000.0,HalfCheetah-v3,TD3_Q2a1x64_1p
229,3829.0488911011826,1145000.0,HalfCheetah-v3,TD3_Q2a1x64_1p
230,5383.509296917126,1150000.0,HalfCheetah-v3,TD3_Q2a1x64_1p
231,5020.043972417054,1155000.0,HalfCheetah-v3,TD3_Q2a1x64_1p
232,4738.553238297791,1160000.0,HalfCheetah-v3,TD3_Q2a1x64_1p
233,4384.125016300258,1165000.0,HalfCheetah-v3,TD3_Q2a1x64_1p
234,4127.0500511657665,1170000.0,HalfCheetah-v3,TD3_Q2a1x64_1p
235,5461.109294986959,1175000.0,HalfCheetah-v3,TD3_Q2a1x64_1p
236,5260.185199318555,1180000.0,HalfCheetah-v3,TD3_Q2a1x64_1p
237,4850.781364103945,1185000.0,HalfCheetah-v3,TD3_Q2a1x64_1p
238,4459.952901081966,1190000.0,HalfCheetah-v3,TD3_Q2a1x64_1p
239,4206.273218454799,1195000.0,HalfCheetah-v3,TD3_Q2a1x64_1p
240,5206.510235375043,1200000.0,HalfCheetah-v3,TD3_Q2a1x64_1p
241,5020.011689368295,1205000.0,HalfCheetah-v3,TD3_Q2a1x64_1p
242,4799.5786839903785,1210000.0,HalfCheetah-v3,TD3_Q2a1x64_1p
243,4483.990650985888,1215000.0,HalfCheetah-v3,TD3_Q2a1x64_1p
244,4167.713878430451,1220000.0,HalfCheetah-v3,TD3_Q2a1x64_1p
245,5526.027312426749,1225000.0,HalfCheetah-v3,TD3_Q2a1x64_1p
246,5199.214922654848,1230000.0,HalfCheetah-v3,TD3_Q2a1x64_1p
247,4785.012522761017,1235000.0,HalfCheetah-v3,TD3_Q2a1x64_1p
248,4223.807415840456,1240000.0,HalfCheetah-v3,TD3_Q2a1x64_1p
249,4085.5095752576044,1245000.0,HalfCheetah-v3,TD3_Q2a1x64_1p
250,5565.244587485946,1250000.0,HalfCheetah-v3,TD3_Q2a1x64_1p
251,5230.198188810529,1255000.0,HalfCheetah-v3,TD3_Q2a1x64_1p
252,4695.286060085857,1260000.0,HalfCheetah-v3,TD3_Q2a1x64_1p
253,4405.629582959384,1265000.0,HalfCheetah-v3,TD3_Q2a1x64_1p
254,4103.691096399109,1270000.0,HalfCheetah-v3,TD3_Q2a1x64_1p
255,5415.174319098423,1275000.0,HalfCheetah-v3,TD3_Q2a1x64_1p
256,5202.253359095296,1280000.0,HalfCheetah-v3,TD3_Q2a1x64_1p
257,4686.306213430369,1285000.0,HalfCheetah-v3,TD3_Q2a1x64_1p
258,4381.846305468904,1290000.0,HalfCheetah-v3,TD3_Q2a1x64_1p
259,4080.1260024392495,1295000.0,HalfCheetah-v3,TD3_Q2a1x64_1p
260,5472.531557147554,1300000.0,HalfCheetah-v3,TD3_Q2a1x64_1p
261,5257.636074266199,1305000.0,HalfCheetah-v3,TD3_Q2a1x64_1p
262,4907.0954416994855,1310000.0,HalfCheetah-v3,TD3_Q2a1x64_1p
263,4540.428196165018,1315000.0,HalfCheetah-v3,TD3_Q2a1x64_1p
264,4159.14458620679,1320000.0,HalfCheetah-v3,TD3_Q2a1x64_1p
265,5599.632644762206,1325000.0,HalfCheetah-v3,TD3_Q2a1x64_1p
266,5207.892502560916,1330000.0,HalfCheetah-v3,TD3_Q2a1x64_1p
267,4808.920848309489,1335000.0,HalfCheetah-v3,TD3_Q2a1x64_1p
268,4337.352332191323,1340000.0,HalfCheetah-v3,TD3_Q2a1x64_1p
269,4145.813267815644,1345000.0,HalfCheetah-v3,TD3_Q2a1x64_1p
270,5638.990218317179,1350000.0,HalfCheetah-v3,TD3_Q2a1x64_1p
271,5253.4642748875885,1355000.0,HalfCheetah-v3,TD3_Q2a1x64_1p
272,4811.119647654899,1360000.0,HalfCheetah-v3,TD3_Q2a1x64_1p
273,4393.924316779596,1365000.0,HalfCheetah-v3,TD3_Q2a1x64_1p
274,4089.6842163507476,1370000.0,HalfCheetah-v3,TD3_Q2a1x64_1p
275,5491.428193742229,1375000.0,HalfCheetah-v3,TD3_Q2a1x64_1p
276,5233.462448932228,1380000.0,HalfCheetah-v3,TD3_Q2a1x64_1p
277,4912.205264355482,1385000.0,HalfCheetah-v3,TD3_Q2a1x64_1p
278,4437.324895804806,1390000.0,HalfCheetah-v3,TD3_Q2a1x64_1p
279,3694.09936214418,1395000.0,HalfCheetah-v3,TD3_Q2a1x64_1p
280,5657.835062619405,1400000.0,HalfCheetah-v3,TD3_Q2a1x64_1p
281,5371.373377054513,1405000.0,HalfCheetah-v3,TD3_Q2a1x64_1p
282,4897.620980525481,1410000.0,HalfCheetah-v3,TD3_Q2a1x64_1p
283,4514.447011589414,1415000.0,HalfCheetah-v3,TD3_Q2a1x64_1p
284,4269.964568790113,1420000.0,HalfCheetah-v3,TD3_Q2a1x64_1p
285,5604.116512948049,1425000.0,HalfCheetah-v3,TD3_Q2a1x64_1p
286,5351.914860384999,1430000.0,HalfCheetah-v3,TD3_Q2a1x64_1p
287,4858.569125602027,1435000.0,HalfCheetah-v3,TD3_Q2a1x64_1p
288,4465.918845132825,1440000.0,HalfCheetah-v3,TD3_Q2a1x64_1p
289,3753.587349334596,1445000.0,HalfCheetah-v3,TD3_Q2a1x64_1p
290,5490.70190715486,1450000.0,HalfCheetah-v3,TD3_Q2a1x64_1p
291,5198.11019786628,1455000.0,HalfCheetah-v3,TD3_Q2a1x64_1p
292,4888.2261936191335,1460000.0,HalfCheetah-v3,TD3_Q2a1x64_1p
293,4191.074395581211,1465000.0,HalfCheetah-v3,TD3_Q2a1x64_1p
294,3954.3208819461443,1470000.0,HalfCheetah-v3,TD3_Q2a1x64_1p
295,5649.8131727082455,1475000.0,HalfCheetah-v3,TD3_Q2a1x64_1p
296,5331.233243962352,1480000.0,HalfCheetah-v3,TD3_Q2a1x64_1p
297,4917.567801567997,1485000.0,HalfCheetah-v3,TD3_Q2a1x64_1p
298,4459.78683717217,1490000.0,HalfCheetah-v3,TD3_Q2a1x64_1p
299,4101.723356888739,1495000.0,HalfCheetah-v3,TD3_Q2a1x64_1p
300,5626.904916585913,1500000.0,HalfCheetah-v3,TD3_Q2a1x64_1p
301,5371.827356070295,1505000.0,HalfCheetah-v3,TD3_Q2a1x64_1p
302,4637.627475051757,1510000.0,HalfCheetah-v3,TD3_Q2a1x64_1p
303,4242.306294214141,1515000.0,HalfCheetah-v3,TD3_Q2a1x64_1p
304,4184.658568956328,1520000.0,HalfCheetah-v3,TD3_Q2a1x64_1p
305,5622.763103789346,1525000.0,HalfCheetah-v3,TD3_Q2a1x64_1p
306,5329.641829063,1530000.0,HalfCheetah-v3,TD3_Q2a1x64_1p
307,4995.515690461568,1535000.0,HalfCheetah-v3,TD3_Q2a1x64_1p
308,4581.810194257008,1540000.0,HalfCheetah-v3,TD3_Q2a1x64_1p
309,4211.940103859126,1545000.0,HalfCheetah-v3,TD3_Q2a1x64_1p
310,5673.924543838615,1550000.0,HalfCheetah-v3,TD3_Q2a1x64_1p
311,5286.796003596219,1555000.0,HalfCheetah-v3,TD3_Q2a1x64_1p
312,4762.89939511794,1560000.0,HalfCheetah-v3,TD3_Q2a1x64_1p
313,4390.654476624286,1565000.0,HalfCheetah-v3,TD3_Q2a1x64_1p
314,3837.0309012560087,1570000.0,HalfCheetah-v3,TD3_Q2a1x64_1p
315,5675.949350855531,1575000.0,HalfCheetah-v3,TD3_Q2a1x64_1p
316,5454.2552329883865,1580000.0,HalfCheetah-v3,TD3_Q2a1x64_1p
317,4915.336635124595,1585000.0,HalfCheetah-v3,TD3_Q2a1x64_1p
318,4589.391842763607,1590000.0,HalfCheetah-v3,TD3_Q2a1x64_1p
319,4229.608045697261,1595000.0,HalfCheetah-v3,TD3_Q2a1x64_1p
320,5803.426814282942,1600000.0,HalfCheetah-v3,TD3_Q2a1x64_1p
321,5252.202222425289,1605000.0,HalfCheetah-v3,TD3_Q2a1x64_1p
322,4869.94495542613,1610000.0,HalfCheetah-v3,TD3_Q2a1x64_1p
323,4407.944887232379,1615000.0,HalfCheetah-v3,TD3_Q2a1x64_1p
324,4162.148972878966,1620000.0,HalfCheetah-v3,TD3_Q2a1x64_1p
325,5649.246379103037,1625000.0,HalfCheetah-v3,TD3_Q2a1x64_1p
326,5360.57132347581,1630000.0,HalfCheetah-v3,TD3_Q2a1x64_1p
327,4980.412596461209,1635000.0,HalfCheetah-v3,TD3_Q2a1x64_1p
328,4671.272352930503,1640000.0,HalfCheetah-v3,TD3_Q2a1x64_1p
329,4398.569340826411,1645000.0,HalfCheetah-v3,TD3_Q2a1x64_1p
330,5752.322179796118,1650000.0,HalfCheetah-v3,TD3_Q2a1x64_1p
331,5328.670182274851,1655000.0,HalfCheetah-v3,TD3_Q2a1x64_1p
332,4880.551288328332,1660000.0,HalfCheetah-v3,TD3_Q2a1x64_1p
333,4545.002842447795,1665000.0,HalfCheetah-v3,TD3_Q2a1x64_1p
334,4157.800052845187,1670000.0,HalfCheetah-v3,TD3_Q2a1x64_1p
335,5769.212003343648,1675000.0,HalfCheetah-v3,TD3_Q2a1x64_1p
336,5376.514505824112,1680000.0,HalfCheetah-v3,TD3_Q2a1x64_1p
337,4907.820667675881,1685000.0,HalfCheetah-v3,TD3_Q2a1x64_1p
338,4310.247325995454,1690000.0,HalfCheetah-v3,TD3_Q2a1x64_1p
339,4214.656914321111,1695000.0,HalfCheetah-v3,TD3_Q2a1x64_1p
340,5595.478340260283,1700000.0,HalfCheetah-v3,TD3_Q2a1x64_1p
341,5352.644539498917,1705000.0,HalfCheetah-v3,TD3_Q2a1x64_1p
342,4968.54412952456,1710000.0,HalfCheetah-v3,TD3_Q2a1x64_1p
343,4616.000470959946,1715000.0,HalfCheetah-v3,TD3_Q2a1x64_1p
344,4195.543608040507,1720000.0,HalfCheetah-v3,TD3_Q2a1x64_1p
345,5729.598303287145,1725000.0,HalfCheetah-v3,TD3_Q2a1x64_1p
346,5391.845244096171,1730000.0,HalfCheetah-v3,TD3_Q2a1x64_1p
347,4996.642854241644,1735000.0,HalfCheetah-v3,TD3_Q2a1x64_1p
348,4623.26144246659,1740000.0,HalfCheetah-v3,TD3_Q2a1x64_1p
349,4100.55620334588,1745000.0,HalfCheetah-v3,TD3_Q2a1x64_1p
350,5670.119101505271,1750000.0,HalfCheetah-v3,TD3_Q2a1x64_1p
351,5285.870117141449,1755000.0,HalfCheetah-v3,TD3_Q2a1x64_1p
352,4982.223567237354,1760000.0,HalfCheetah-v3,TD3_Q2a1x64_1p
353,4456.152819414175,1765000.0,HalfCheetah-v3,TD3_Q2a1x64_1p
354,4133.210912477574,1770000.0,HalfCheetah-v3,TD3_Q2a1x64_1p
355,5748.673163828886,1775000.0,HalfCheetah-v3,TD3_Q2a1x64_1p
356,5350.0825800829725,1780000.0,HalfCheetah-v3,TD3_Q2a1x64_1p
357,5008.944446341441,1785000.0,HalfCheetah-v3,TD3_Q2a1x64_1p
358,4436.695966779172,1790000.0,HalfCheetah-v3,TD3_Q2a1x64_1p
359,4064.1394601188417,1795000.0,HalfCheetah-v3,TD3_Q2a1x64_1p
360,5813.353691329799,1800000.0,HalfCheetah-v3,TD3_Q2a1x64_1p
361,5342.17518423771,1805000.0,HalfCheetah-v3,TD3_Q2a1x64_1p
362,4781.835683300555,1810000.0,HalfCheetah-v3,TD3_Q2a1x64_1p
363,4101.2901555684375,1815000.0,HalfCheetah-v3,TD3_Q2a1x64_1p
364,4094.9101575088594,1820000.0,HalfCheetah-v3,TD3_Q2a1x64_1p
365,5807.6335884708915,1825000.0,HalfCheetah-v3,TD3_Q2a1x64_1p
366,5429.258657292468,1830000.0,HalfCheetah-v3,TD3_Q2a1x64_1p
367,4885.13852821105,1835000.0,HalfCheetah-v3,TD3_Q2a1x64_1p
368,4379.267901207319,1840000.0,HalfCheetah-v3,TD3_Q2a1x64_1p
369,4233.876695616524,1845000.0,HalfCheetah-v3,TD3_Q2a1x64_1p
370,5859.144575460761,1850000.0,HalfCheetah-v3,TD3_Q2a1x64_1p
371,5467.654014795929,1855000.0,HalfCheetah-v3,TD3_Q2a1x64_1p
372,5018.938689592356,1860000.0,HalfCheetah-v3,TD3_Q2a1x64_1p
373,4597.035170013129,1865000.0,HalfCheetah-v3,TD3_Q2a1x64_1p
374,4070.18249910968,1870000.0,HalfCheetah-v3,TD3_Q2a1x64_1p
375,5743.781916883905,1875000.0,HalfCheetah-v3,TD3_Q2a1x64_1p
376,5395.74058651672,1880000.0,HalfCheetah-v3,TD3_Q2a1x64_1p
377,4937.107469337624,1885000.0,HalfCheetah-v3,TD3_Q2a1x64_1p
378,4345.291173578678,1890000.0,HalfCheetah-v3,TD3_Q2a1x64_1p
379,4212.167752695357,1895000.0,HalfCheetah-v3,TD3_Q2a1x64_1p
380,5873.828300621833,1900000.0,HalfCheetah-v3,TD3_Q2a1x64_1p
381,5438.5997888704605,1905000.0,HalfCheetah-v3,TD3_Q2a1x64_1p
382,4889.479207758066,1910000.0,HalfCheetah-v3,TD3_Q2a1x64_1p
383,4209.451959292273,1915000.0,HalfCheetah-v3,TD3_Q2a1x64_1p
384,3801.271300489366,1920000.0,HalfCheetah-v3,TD3_Q2a1x64_1p
385,5872.736521376615,1925000.0,HalfCheetah-v3,TD3_Q2a1x64_1p
386,5473.790370640369,1930000.0,HalfCheetah-v3,TD3_Q2a1x64_1p
387,4994.386213061381,1935000.0,HalfCheetah-v3,TD3_Q2a1x64_1p
388,4514.136426544873,1940000.0,HalfCheetah-v3,TD3_Q2a1x64_1p
389,3800.5164067377764,1945000.0,HalfCheetah-v3,TD3_Q2a1x64_1p
390,5913.759375737479,1950000.0,HalfCheetah-v3,TD3_Q2a1x64_1p
391,5464.691910727893,1955000.0,HalfCheetah-v3,TD3_Q2a1x64_1p
392,4987.23783293554,1960000.0,HalfCheetah-v3,TD3_Q2a1x64_1p
393,4591.147202122948,1965000.0,HalfCheetah-v3,TD3_Q2a1x64_1p
394,3880.237549524828,1970000.0,HalfCheetah-v3,TD3_Q2a1x64_1p
395,5789.841696536991,1975000.0,HalfCheetah-v3,TD3_Q2a1x64_1p
396,5420.377352000451,1980000.0,HalfCheetah-v3,TD3_Q2a1x64_1p
397,5023.9681974016685,1985000.0,HalfCheetah-v3,TD3_Q2a1x64_1p
398,4531.440522869767,1990000.0,HalfCheetah-v3,TD3_Q2a1x64_1p
399,4005.4560233496777,1995000.0,HalfCheetah-v3,TD3_Q2a1x64_1p
400,5885.732195568116,2000000.0,HalfCheetah-v3,TD3_Q2a1x64_1p
401,5428.88954102513,2005000.0,HalfCheetah-v3,TD3_Q2a1x64_1p
402,4853.66571077845,2010000.0,HalfCheetah-v3,TD3_Q2a1x64_1p
403,4456.857707804504,2015000.0,HalfCheetah-v3,TD3_Q2a1x64_1p
404,4213.787089403328,2020000.0,HalfCheetah-v3,TD3_Q2a1x64_1p
405,5875.824717851416,2025000.0,HalfCheetah-v3,TD3_Q2a1x64_1p
406,5404.789760509075,2030000.0,HalfCheetah-v3,TD3_Q2a1x64_1p
407,4986.166290206444,2035000.0,HalfCheetah-v3,TD3_Q2a1x64_1p
408,4508.181408036822,2040000.0,HalfCheetah-v3,TD3_Q2a1x64_1p
409,4115.623177076116,2045000.0,HalfCheetah-v3,TD3_Q2a1x64_1p
410,5579.187369561083,2050000.0,HalfCheetah-v3,TD3_Q2a1x64_1p
411,5111.3929814584735,2055000.0,HalfCheetah-v3,TD3_Q2a1x64_1p
412,4717.693052843291,2060000.0,HalfCheetah-v3,TD3_Q2a1x64_1p
413,4353.365530268725,2065000.0,HalfCheetah-v3,TD3_Q2a1x64_1p
414,3859.18266726666,2070000.0,HalfCheetah-v3,TD3_Q2a1x64_1p
415,5871.044588801223,2075000.0,HalfCheetah-v3,TD3_Q2a1x64_1p
416,5462.424914394242,2080000.0,HalfCheetah-v3,TD3_Q2a1x64_1p
417,4939.9159759544,2085000.0,HalfCheetah-v3,TD3_Q2a1x64_1p
418,4306.884033845063,2090000.0,HalfCheetah-v3,TD3_Q2a1x64_1p
419,4237.2728049932475,2095000.0,HalfCheetah-v3,TD3_Q2a1x64_1p
420,5895.131844890574,2100000.0,HalfCheetah-v3,TD3_Q2a1x64_1p
421,5410.739517567764,2105000.0,HalfCheetah-v3,TD3_Q2a1x64_1p
422,4923.903961982207,2110000.0,HalfCheetah-v3,TD3_Q2a1x64_1p
423,4555.415279918083,2115000.0,HalfCheetah-v3,TD3_Q2a1x64_1p
424,3853.3772649321,2120000.0,HalfCheetah-v3,TD3_Q2a1x64_1p
425,5909.677943061046,2125000.0,HalfCheetah-v3,TD3_Q2a1x64_1p
426,5416.543258199262,2130000.0,HalfCheetah-v3,TD3_Q2a1x64_1p
427,4682.755313874563,2135000.0,HalfCheetah-v3,TD3_Q2a1x64_1p
428,4523.439174595981,2140000.0,HalfCheetah-v3,TD3_Q2a1x64_1p
429,4080.6433618686447,2145000.0,HalfCheetah-v3,TD3_Q2a1x64_1p
430,5884.352714090153,2150000.0,HalfCheetah-v3,TD3_Q2a1x64_1p
431,5338.433688682224,2155000.0,HalfCheetah-v3,TD3_Q2a1x64_1p
432,4936.285663827414,2160000.0,HalfCheetah-v3,TD3_Q2a1x64_1p
433,4532.615429951924,2165000.0,HalfCheetah-v3,TD3_Q2a1x64_1p
434,3585.0847822588594,2170000.0,HalfCheetah-v3,TD3_Q2a1x64_1p
435,5768.743796179615,2175000.0,HalfCheetah-v3,TD3_Q2a1x64_1p
436,5442.679311674545,2180000.0,HalfCheetah-v3,TD3_Q2a1x64_1p
437,4915.169044158686,2185000.0,HalfCheetah-v3,TD3_Q2a1x64_1p
438,4426.918368985393,2190000.0,HalfCheetah-v3,TD3_Q2a1x64_1p
439,3773.752775509337,2195000.0,HalfCheetah-v3,TD3_Q2a1x64_1p
440,5925.868071824337,2200000.0,HalfCheetah-v3,TD3_Q2a1x64_1p
441,5454.195427937926,2205000.0,HalfCheetah-v3,TD3_Q2a1x64_1p
442,4647.6540952695705,2210000.0,HalfCheetah-v3,TD3_Q2a1x64_1p
443,4110.589855282785,2215000.0,HalfCheetah-v3,TD3_Q2a1x64_1p
444,4165.472246179152,2220000.0,HalfCheetah-v3,TD3_Q2a1x64_1p
445,5875.783487787514,2225000.0,HalfCheetah-v3,TD3_Q2a1x64_1p
446,5396.737239365966,2230000.0,HalfCheetah-v3,TD3_Q2a1x64_1p
447,4956.901898490131,2235000.0,HalfCheetah-v3,TD3_Q2a1x64_1p
448,4557.443757594845,2240000.0,HalfCheetah-v3,TD3_Q2a1x64_1p
449,4005.278810779423,2245000.0,HalfCheetah-v3,TD3_Q2a1x64_1p
450,5913.534497340581,2250000.0,HalfCheetah-v3,TD3_Q2a1x64_1p
451,5450.8748514356985,2255000.0,HalfCheetah-v3,TD3_Q2a1x64_1p
452,4898.306777354816,2260000.0,HalfCheetah-v3,TD3_Q2a1x64_1p
453,4559.474694033192,2265000.0,HalfCheetah-v3,TD3_Q2a1x64_1p
454,3864.4757448315468,2270000.0,HalfCheetah-v3,TD3_Q2a1x64_1p
455,5927.377959249443,2275000.0,HalfCheetah-v3,TD3_Q2a1x64_1p
456,5432.8876426947645,2280000.0,HalfCheetah-v3,TD3_Q2a1x64_1p
457,4781.095275092923,2285000.0,HalfCheetah-v3,TD3_Q2a1x64_1p
458,4161.711852852621,2290000.0,HalfCheetah-v3,TD3_Q2a1x64_1p
459,3948.192289126919,2295000.0,HalfCheetah-v3,TD3_Q2a1x64_1p
460,5928.834756546093,2300000.0,HalfCheetah-v3,TD3_Q2a1x64_1p
461,5444.882803066485,2305000.0,HalfCheetah-v3,TD3_Q2a1x64_1p
462,5061.211076397411,2310000.0,HalfCheetah-v3,TD3_Q2a1x64_1p
463,4491.071439511189,2315000.0,HalfCheetah-v3,TD3_Q2a1x64_1p
464,3961.536600741804,2320000.0,HalfCheetah-v3,TD3_Q2a1x64_1p
465,5964.066925026704,2325000.0,HalfCheetah-v3,TD3_Q2a1x64_1p
466,5441.208540520549,2330000.0,HalfCheetah-v3,TD3_Q2a1x64_1p
467,4945.168069781547,2335000.0,HalfCheetah-v3,TD3_Q2a1x64_1p
468,4630.7411868045365,2340000.0,HalfCheetah-v3,TD3_Q2a1x64_1p
469,3841.3071615986346,2345000.0,HalfCheetah-v3,TD3_Q2a1x64_1p
470,5943.534020166164,2350000.0,HalfCheetah-v3,TD3_Q2a1x64_1p
471,5440.788275001187,2355000.0,HalfCheetah-v3,TD3_Q2a1x64_1p
472,4940.405275121962,2360000.0,HalfCheetah-v3,TD3_Q2a1x64_1p
473,4654.813629947109,2365000.0,HalfCheetah-v3,TD3_Q2a1x64_1p
474,4227.281678374702,2370000.0,HalfCheetah-v3,TD3_Q2a1x64_1p
475,5938.35181405256,2375000.0,HalfCheetah-v3,TD3_Q2a1x64_1p
476,5475.599660275414,2380000.0,HalfCheetah-v3,TD3_Q2a1x64_1p
477,4941.939772971288,2385000.0,HalfCheetah-v3,TD3_Q2a1x64_1p
478,4297.826084496046,2390000.0,HalfCheetah-v3,TD3_Q2a1x64_1p
479,4334.877306961929,2395000.0,HalfCheetah-v3,TD3_Q2a1x64_1p
480,5875.0982466420355,2400000.0,HalfCheetah-v3,TD3_Q2a1x64_1p
481,5446.976914483885,2405000.0,HalfCheetah-v3,TD3_Q2a1x64_1p
482,4996.264475499239,2410000.0,HalfCheetah-v3,TD3_Q2a1x64_1p
483,4438.374502427521,2415000.0,HalfCheetah-v3,TD3_Q2a1x64_1p
484,4213.399605536825,2420000.0,HalfCheetah-v3,TD3_Q2a1x64_1p
485,5941.132404760459,2425000.0,HalfCheetah-v3,TD3_Q2a1x64_1p
486,5434.43497583303,2430000.0,HalfCheetah-v3,TD3_Q2a1x64_1p
487,4959.169534464097,2435000.0,HalfCheetah-v3,TD3_Q2a1x64_1p
488,4484.989410745003,2440000.0,HalfCheetah-v3,TD3_Q2a1x64_1p
489,3758.9365854499965,2445000.0,HalfCheetah-v3,TD3_Q2a1x64_1p
490,5792.4466693543945,2450000.0,HalfCheetah-v3,TD3_Q2a1x64_1p
491,5482.239782573969,2455000.0,HalfCheetah-v3,TD3_Q2a1x64_1p
492,5025.548240976206,2460000.0,HalfCheetah-v3,TD3_Q2a1x64_1p
493,4150.480880394421,2465000.0,HalfCheetah-v3,TD3_Q2a1x64_1p
494,4224.543874947122,2470000.0,HalfCheetah-v3,TD3_Q2a1x64_1p
495,5873.824402210768,2475000.0,HalfCheetah-v3,TD3_Q2a1x64_1p
496,5471.948809707816,2480000.0,HalfCheetah-v3,TD3_Q2a1x64_1p
497,5030.7901790364185,2485000.0,HalfCheetah-v3,TD3_Q2a1x64_1p
498,3846.7993828230783,2490000.0,HalfCheetah-v3,TD3_Q2a1x64_1p
499,3738.930523569018,2495000.0,HalfCheetah-v3,TD3_Q2a1x64_1p
500,5926.555953107913,2500000.0,HalfCheetah-v3,TD3_Q2a1x64_1p
501,5433.882302142463,2505000.0,HalfCheetah-v3,TD3_Q2a1x64_1p
502,4902.625685586688,2510000.0,HalfCheetah-v3,TD3_Q2a1x64_1p
503,4551.723837308968,2515000.0,HalfCheetah-v3,TD3_Q2a1x64_1p
504,3734.880987641801,2520000.0,HalfCheetah-v3,TD3_Q2a1x64_1p
505,5921.3162307456005,2525000.0,HalfCheetah-v3,TD3_Q2a1x64_1p
506,5449.822477919567,2530000.0,HalfCheetah-v3,TD3_Q2a1x64_1p
507,4977.33064069439,2535000.0,HalfCheetah-v3,TD3_Q2a1x64_1p
508,4608.218901465487,2540000.0,HalfCheetah-v3,TD3_Q2a1x64_1p
509,4108.868039306495,2545000.0,HalfCheetah-v3,TD3_Q2a1x64_1p
510,5949.896701004901,2550000.0,HalfCheetah-v3,TD3_Q2a1x64_1p
511,5587.767179525685,2555000.0,HalfCheetah-v3,TD3_Q2a1x64_1p
512,4966.035541138082,2560000.0,HalfCheetah-v3,TD3_Q2a1x64_1p
513,4330.922214940673,2565000.0,HalfCheetah-v3,TD3_Q2a1x64_1p
514,3686.725963024589,2570000.0,HalfCheetah-v3,TD3_Q2a1x64_1p
515,5937.13546682117,2575000.0,HalfCheetah-v3,TD3_Q2a1x64_1p
516,5456.609956849185,2580000.0,HalfCheetah-v3,TD3_Q2a1x64_1p
517,4834.019345942731,2585000.0,HalfCheetah-v3,TD3_Q2a1x64_1p
518,3962.5722308446893,2590000.0,HalfCheetah-v3,TD3_Q2a1x64_1p
519,3987.7909661364342,2595000.0,HalfCheetah-v3,TD3_Q2a1x64_1p
520,5932.093367039915,2600000.0,HalfCheetah-v3,TD3_Q2a1x64_1p
521,5442.046196950597,2605000.0,HalfCheetah-v3,TD3_Q2a1x64_1p
522,4979.867367276303,2610000.0,HalfCheetah-v3,TD3_Q2a1x64_1p
523,4228.560701666034,2615000.0,HalfCheetah-v3,TD3_Q2a1x64_1p
524,4262.663675535975,2620000.0,HalfCheetah-v3,TD3_Q2a1x64_1p
525,5867.052784182769,2625000.0,HalfCheetah-v3,TD3_Q2a1x64_1p
526,5539.7758536009105,2630000.0,HalfCheetah-v3,TD3_Q2a1x64_1p
527,4943.507671823312,2635000.0,HalfCheetah-v3,TD3_Q2a1x64_1p
528,4624.038539842831,2640000.0,HalfCheetah-v3,TD3_Q2a1x64_1p
529,4169.604599713187,2645000.0,HalfCheetah-v3,TD3_Q2a1x64_1p
530,5926.541617114861,2650000.0,HalfCheetah-v3,TD3_Q2a1x64_1p
531,5495.060443274785,2655000.0,HalfCheetah-v3,TD3_Q2a1x64_1p
532,4958.610074914123,2660000.0,HalfCheetah-v3,TD3_Q2a1x64_1p
533,4203.942182828437,2665000.0,HalfCheetah-v3,TD3_Q2a1x64_1p
534,4259.736051027893,2670000.0,HalfCheetah-v3,TD3_Q2a1x64_1p
535,5855.657723592896,2675000.0,HalfCheetah-v3,TD3_Q2a1x64_1p
536,5549.791592798767,2680000.0,HalfCheetah-v3,TD3_Q2a1x64_1p
537,4738.795267224346,2685000.0,HalfCheetah-v3,TD3_Q2a1x64_1p
538,4576.673188462881,2690000.0,HalfCheetah-v3,TD3_Q2a1x64_1p
539,4231.85885605713,2695000.0,HalfCheetah-v3,TD3_Q2a1x64_1p
540,5924.525151305018,2700000.0,HalfCheetah-v3,TD3_Q2a1x64_1p
541,5201.926724577743,2705000.0,HalfCheetah-v3,TD3_Q2a1x64_1p
542,4877.499174180004,2710000.0,HalfCheetah-v3,TD3_Q2a1x64_1p
543,4533.425571352033,2715000.0,HalfCheetah-v3,TD3_Q2a1x64_1p
544,3939.324998151119,2720000.0,HalfCheetah-v3,TD3_Q2a1x64_1p
545,5901.472753718881,2725000.0,HalfCheetah-v3,TD3_Q2a1x64_1p
546,5460.454849141303,2730000.0,HalfCheetah-v3,TD3_Q2a1x64_1p
547,4985.869550583103,2735000.0,HalfCheetah-v3,TD3_Q2a1x64_1p
548,4644.701583178906,2740000.0,HalfCheetah-v3,TD3_Q2a1x64_1p
549,4337.8451551551425,2745000.0,HalfCheetah-v3,TD3_Q2a1x64_1p
550,5883.642556257267,2750000.0,HalfCheetah-v3,TD3_Q2a1x64_1p
551,5482.514662311301,2755000.0,HalfCheetah-v3,TD3_Q2a1x64_1p
552,5084.734628054284,2760000.0,HalfCheetah-v3,TD3_Q2a1x64_1p
553,4511.050258404854,2765000.0,HalfCheetah-v3,TD3_Q2a1x64_1p
554,3566.4184816687766,2770000.0,HalfCheetah-v3,TD3_Q2a1x64_1p
555,6032.859933786774,2775000.0,HalfCheetah-v3,TD3_Q2a1x64_1p
556,5535.035270108428,2780000.0,HalfCheetah-v3,TD3_Q2a1x64_1p
557,5030.614198971492,2785000.0,HalfCheetah-v3,TD3_Q2a1x64_1p
558,4453.901701688353,2790000.0,HalfCheetah-v3,TD3_Q2a1x64_1p
559,4209.321708817086,2795000.0,HalfCheetah-v3,TD3_Q2a1x64_1p
560,5913.555431079634,2800000.0,HalfCheetah-v3,TD3_Q2a1x64_1p
561,5452.045888040101,2805000.0,HalfCheetah-v3,TD3_Q2a1x64_1p
562,4937.587853413379,2810000.0,HalfCheetah-v3,TD3_Q2a1x64_1p
563,4248.474769309696,2815000.0,HalfCheetah-v3,TD3_Q2a1x64_1p
564,4155.798328188279,2820000.0,HalfCheetah-v3,TD3_Q2a1x64_1p
565,5985.477713891454,2825000.0,HalfCheetah-v3,TD3_Q2a1x64_1p
566,5599.961605515924,2830000.0,HalfCheetah-v3,TD3_Q2a1x64_1p
567,5092.767670026913,2835000.0,HalfCheetah-v3,TD3_Q2a1x64_1p
568,4694.739929206652,2840000.0,HalfCheetah-v3,TD3_Q2a1x64_1p
569,4331.943623634735,2845000.0,HalfCheetah-v3,TD3_Q2a1x64_1p
570,5861.73068753142,2850000.0,HalfCheetah-v3,TD3_Q2a1x64_1p
571,5501.768994364813,2855000.0,HalfCheetah-v3,TD3_Q2a1x64_1p
572,5155.690537900114,2860000.0,HalfCheetah-v3,TD3_Q2a1x64_1p
573,4719.524225583764,2865000.0,HalfCheetah-v3,TD3_Q2a1x64_1p
574,4357.109363753985,2870000.0,HalfCheetah-v3,TD3_Q2a1x64_1p
575,6046.177228750637,2875000.0,HalfCheetah-v3,TD3_Q2a1x64_1p
576,5617.855006827163,2880000.0,HalfCheetah-v3,TD3_Q2a1x64_1p
577,5119.421371249809,2885000.0,HalfCheetah-v3,TD3_Q2a1x64_1p
578,4706.291060210456,2890000.0,HalfCheetah-v3,TD3_Q2a1x64_1p
579,4142.677200366616,2895000.0,HalfCheetah-v3,TD3_Q2a1x64_1p
580,6060.652533370706,2900000.0,HalfCheetah-v3,TD3_Q2a1x64_1p
581,5613.1323728143925,2905000.0,HalfCheetah-v3,TD3_Q2a1x64_1p
582,5052.707391908369,2910000.0,HalfCheetah-v3,TD3_Q2a1x64_1p
583,4280.379159115188,2915000.0,HalfCheetah-v3,TD3_Q2a1x64_1p
584,4221.780082472595,2920000.0,HalfCheetah-v3,TD3_Q2a1x64_1p
585,5948.622371577057,2925000.0,HalfCheetah-v3,TD3_Q2a1x64_1p
586,5596.9429301491,2930000.0,HalfCheetah-v3,TD3_Q2a1x64_1p
587,5179.297290587747,2935000.0,HalfCheetah-v3,TD3_Q2a1x64_1p
588,4753.6969969434085,2940000.0,HalfCheetah-v3,TD3_Q2a1x64_1p
589,4311.559752584313,2945000.0,HalfCheetah-v3,TD3_Q2a1x64_1p
590,6048.046485187025,2950000.0,HalfCheetah-v3,TD3_Q2a1x64_1p
591,5516.930804233796,2955000.0,HalfCheetah-v3,TD3_Q2a1x64_1p
592,5099.104490485599,2960000.0,HalfCheetah-v3,TD3_Q2a1x64_1p
593,4645.06947216367,2965000.0,HalfCheetah-v3,TD3_Q2a1x64_1p
594,4269.79305880476,2970000.0,HalfCheetah-v3,TD3_Q2a1x64_1p
595,6005.323650977062,2975000.0,HalfCheetah-v3,TD3_Q2a1x64_1p
596,5372.22614903035,2980000.0,HalfCheetah-v3,TD3_Q2a1x64_1p
597,4925.398483577999,2985000.0,HalfCheetah-v3,TD3_Q2a1x64_1p
598,4680.345809898819,2990000.0,HalfCheetah-v3,TD3_Q2a1x64_1p
599,4084.2396747110492,2995000.0,HalfCheetah-v3,TD3_Q2a1x64_1p
600,5965.9494817046325,3000000.0,HalfCheetah-v3,TD3_Q2a1x64_1p
601,5450.212791418327,3005000.0,HalfCheetah-v3,TD3_Q2a1x64_1p
602,5099.343303796881,3010000.0,HalfCheetah-v3,TD3_Q2a1x64_1p
603,4557.598729117091,3015000.0,HalfCheetah-v3,TD3_Q2a1x64_1p
604,4135.082073718711,3020000.0,HalfCheetah-v3,TD3_Q2a1x64_1p
605,5967.695522424337,3025000.0,HalfCheetah-v3,TD3_Q2a1x64_1p
606,5588.192693894533,3030000.0,HalfCheetah-v3,TD3_Q2a1x64_1p
607,5124.07322808827,3035000.0,HalfCheetah-v3,TD3_Q2a1x64_1p
608,4679.766641817574,3040000.0,HalfCheetah-v3,TD3_Q2a1x64_1p
609,4297.660432831471,3045000.0,HalfCheetah-v3,TD3_Q2a1x64_1p
610,6066.516995426704,3050000.0,HalfCheetah-v3,TD3_Q2a1x64_1p
611,5568.401160264566,3055000.0,HalfCheetah-v3,TD3_Q2a1x64_1p
612,5106.187303444384,3060000.0,HalfCheetah-v3,TD3_Q2a1x64_1p
613,4674.310571587891,3065000.0,HalfCheetah-v3,TD3_Q2a1x64_1p
614,4306.727664738346,3070000.0,HalfCheetah-v3,TD3_Q2a1x64_1p
615,6089.5813830889765,3075000.0,HalfCheetah-v3,TD3_Q2a1x64_1p
616,5612.473950486425,3080000.0,HalfCheetah-v3,TD3_Q2a1x64_1p
617,5237.625526002699,3085000.0,HalfCheetah-v3,TD3_Q2a1x64_1p
618,4088.9865796494146,3090000.0,HalfCheetah-v3,TD3_Q2a1x64_1p
619,4228.816070395651,3095000.0,HalfCheetah-v3,TD3_Q2a1x64_1p
620,6047.9779217435,3100000.0,HalfCheetah-v3,TD3_Q2a1x64_1p
621,5671.012402214442,3105000.0,HalfCheetah-v3,TD3_Q2a1x64_1p
622,4970.446948594455,3110000.0,HalfCheetah-v3,TD3_Q2a1x64_1p
623,4774.535372786602,3115000.0,HalfCheetah-v3,TD3_Q2a1x64_1p
624,4112.57969733125,3120000.0,HalfCheetah-v3,TD3_Q2a1x64_1p
625,6097.503201477713,3125000.0,HalfCheetah-v3,TD3_Q2a1x64_1p
626,5622.097173578393,3130000.0,HalfCheetah-v3,TD3_Q2a1x64_1p
627,5142.357958590224,3135000.0,HalfCheetah-v3,TD3_Q2a1x64_1p
628,4692.867935937296,3140000.0,HalfCheetah-v3,TD3_Q2a1x64_1p
629,4276.51330906005,3145000.0,HalfCheetah-v3,TD3_Q2a1x64_1p
630,5971.630959033848,3150000.0,HalfCheetah-v3,TD3_Q2a1x64_1p
631,5604.358449122356,3155000.0,HalfCheetah-v3,TD3_Q2a1x64_1p
632,5113.266303167922,3160000.0,HalfCheetah-v3,TD3_Q2a1x64_1p
633,4554.109496207622,3165000.0,HalfCheetah-v3,TD3_Q2a1x64_1p
634,3921.473462646788,3170000.0,HalfCheetah-v3,TD3_Q2a1x64_1p
635,6066.746100012529,3175000.0,HalfCheetah-v3,TD3_Q2a1x64_1p
636,5651.00221243932,3180000.0,HalfCheetah-v3,TD3_Q2a1x64_1p
637,5069.025790504894,3185000.0,HalfCheetah-v3,TD3_Q2a1x64_1p
638,4719.601039717881,3190000.0,HalfCheetah-v3,TD3_Q2a1x64_1p
639,4323.616652809475,3195000.0,HalfCheetah-v3,TD3_Q2a1x64_1p
640,6045.48482027142,3200000.0,HalfCheetah-v3,TD3_Q2a1x64_1p
641,5670.87536818068,3205000.0,HalfCheetah-v3,TD3_Q2a1x64_1p
642,5201.7647937023385,3210000.0,HalfCheetah-v3,TD3_Q2a1x64_1p
643,4729.809562062995,3215000.0,HalfCheetah-v3,TD3_Q2a1x64_1p
644,4321.707969445101,3220000.0,HalfCheetah-v3,TD3_Q2a1x64_1p
645,6067.039264292353,3225000.0,HalfCheetah-v3,TD3_Q2a1x64_1p
646,5693.013167705054,3230000.0,HalfCheetah-v3,TD3_Q2a1x64_1p
647,5120.209451251626,3235000.0,HalfCheetah-v3,TD3_Q2a1x64_1p
648,4696.247687136102,3240000.0,HalfCheetah-v3,TD3_Q2a1x64_1p
649,4079.9451366169,3245000.0,HalfCheetah-v3,TD3_Q2a1x64_1p
650,6133.306970269799,3250000.0,HalfCheetah-v3,TD3_Q2a1x64_1p
651,5701.559218691869,3255000.0,HalfCheetah-v3,TD3_Q2a1x64_1p
652,5112.017835006413,3260000.0,HalfCheetah-v3,TD3_Q2a1x64_1p
653,4634.329716437506,3265000.0,HalfCheetah-v3,TD3_Q2a1x64_1p
654,4178.014700233984,3270000.0,HalfCheetah-v3,TD3_Q2a1x64_1p
655,6081.093287925898,3275000.0,HalfCheetah-v3,TD3_Q2a1x64_1p
656,5657.167099249844,3280000.0,HalfCheetah-v3,TD3_Q2a1x64_1p
657,5074.060560117103,3285000.0,HalfCheetah-v3,TD3_Q2a1x64_1p
658,4684.905380104478,3290000.0,HalfCheetah-v3,TD3_Q2a1x64_1p
659,4063.0763859342596,3295000.0,HalfCheetah-v3,TD3_Q2a1x64_1p
660,6120.690479833255,3300000.0,HalfCheetah-v3,TD3_Q2a1x64_1p
661,5632.177748624832,3305000.0,HalfCheetah-v3,TD3_Q2a1x64_1p
662,5146.479758713878,3310000.0,HalfCheetah-v3,TD3_Q2a1x64_1p
663,4378.045815746632,3315000.0,HalfCheetah-v3,TD3_Q2a1x64_1p
664,3933.325003022819,3320000.0,HalfCheetah-v3,TD3_Q2a1x64_1p
665,6165.750026592998,3325000.0,HalfCheetah-v3,TD3_Q2a1x64_1p
666,5636.403145541028,3330000.0,HalfCheetah-v3,TD3_Q2a1x64_1p
667,5103.198321986972,3335000.0,HalfCheetah-v3,TD3_Q2a1x64_1p
668,3999.728513333868,3340000.0,HalfCheetah-v3,TD3_Q2a1x64_1p
669,4256.978191765431,3345000.0,HalfCheetah-v3,TD3_Q2a1x64_1p
670,6127.251936330309,3350000.0,HalfCheetah-v3,TD3_Q2a1x64_1p
671,5708.006173345904,3355000.0,HalfCheetah-v3,TD3_Q2a1x64_1p
672,5232.254525842091,3360000.0,HalfCheetah-v3,TD3_Q2a1x64_1p
673,4062.528295646346,3365000.0,HalfCheetah-v3,TD3_Q2a1x64_1p
674,3886.5296716488583,3370000.0,HalfCheetah-v3,TD3_Q2a1x64_1p
675,6072.266507560175,3375000.0,HalfCheetah-v3,TD3_Q2a1x64_1p
676,5604.688653064382,3380000.0,HalfCheetah-v3,TD3_Q2a1x64_1p
677,5275.521985882998,3385000.0,HalfCheetah-v3,TD3_Q2a1x64_1p
678,4650.494587853513,3390000.0,HalfCheetah-v3,TD3_Q2a1x64_1p
679,4214.673886750308,3395000.0,HalfCheetah-v3,TD3_Q2a1x64_1p
680,6092.7015712166885,3400000.0,HalfCheetah-v3,TD3_Q2a1x64_1p
681,5620.793222807052,3405000.0,HalfCheetah-v3,TD3_Q2a1x64_1p
682,5061.378554925589,3410000.0,HalfCheetah-v3,TD3_Q2a1x64_1p
683,4637.39219344599,3415000.0,HalfCheetah-v3,TD3_Q2a1x64_1p
684,4243.574092463655,3420000.0,HalfCheetah-v3,TD3_Q2a1x64_1p
685,6165.606851320159,3425000.0,HalfCheetah-v3,TD3_Q2a1x64_1p
686,5578.288511644851,3430000.0,HalfCheetah-v3,TD3_Q2a1x64_1p
687,5140.241254024811,3435000.0,HalfCheetah-v3,TD3_Q2a1x64_1p
688,4705.220618022666,3440000.0,HalfCheetah-v3,TD3_Q2a1x64_1p
689,3951.9964113529363,3445000.0,HalfCheetah-v3,TD3_Q2a1x64_1p
690,6252.57939413579,3450000.0,HalfCheetah-v3,TD3_Q2a1x64_1p
691,5840.359814540832,3455000.0,HalfCheetah-v3,TD3_Q2a1x64_1p
692,5221.214702109581,3460000.0,HalfCheetah-v3,TD3_Q2a1x64_1p
693,4655.28542230881,3465000.0,HalfCheetah-v3,TD3_Q2a1x64_1p
694,4320.33095890423,3470000.0,HalfCheetah-v3,TD3_Q2a1x64_1p
695,6084.912779521173,3475000.0,HalfCheetah-v3,TD3_Q2a1x64_1p
696,5646.453943632321,3480000.0,HalfCheetah-v3,TD3_Q2a1x64_1p
697,5067.510402649041,3485000.0,HalfCheetah-v3,TD3_Q2a1x64_1p
698,4569.360907299733,3490000.0,HalfCheetah-v3,TD3_Q2a1x64_1p
699,4259.6347016477785,3495000.0,HalfCheetah-v3,TD3_Q2a1x64_1p
700,6273.822551908759,3500000.0,HalfCheetah-v3,TD3_Q2a1x64_1p
701,5742.28644278421,3505000.0,HalfCheetah-v3,TD3_Q2a1x64_1p
702,5218.91858101039,3510000.0,HalfCheetah-v3,TD3_Q2a1x64_1p
703,4109.980733120386,3515000.0,HalfCheetah-v3,TD3_Q2a1x64_1p
704,4224.030932670497,3520000.0,HalfCheetah-v3,TD3_Q2a1x64_1p
705,6251.841433595973,3525000.0,HalfCheetah-v3,TD3_Q2a1x64_1p
706,5728.567869852249,3530000.0,HalfCheetah-v3,TD3_Q2a1x64_1p
707,5217.79929849638,3535000.0,HalfCheetah-v3,TD3_Q2a1x64_1p
708,4701.83517727105,3540000.0,HalfCheetah-v3,TD3_Q2a1x64_1p
709,4064.859674718925,3545000.0,HalfCheetah-v3,TD3_Q2a1x64_1p
710,6250.72790424574,3550000.0,HalfCheetah-v3,TD3_Q2a1x64_1p
711,5715.448972354939,3555000.0,HalfCheetah-v3,TD3_Q2a1x64_1p
712,5208.571450970798,3560000.0,HalfCheetah-v3,TD3_Q2a1x64_1p
713,4808.962830173942,3565000.0,HalfCheetah-v3,TD3_Q2a1x64_1p
714,4231.374566377246,3570000.0,HalfCheetah-v3,TD3_Q2a1x64_1p
715,6234.670710029727,3575000.0,HalfCheetah-v3,TD3_Q2a1x64_1p
716,5721.786595325714,3580000.0,HalfCheetah-v3,TD3_Q2a1x64_1p
717,5066.599571830223,3585000.0,HalfCheetah-v3,TD3_Q2a1x64_1p
718,4669.824356894861,3590000.0,HalfCheetah-v3,TD3_Q2a1x64_1p
719,3783.9359175249037,3595000.0,HalfCheetah-v3,TD3_Q2a1x64_1p
720,6327.531002097478,3600000.0,HalfCheetah-v3,TD3_Q2a1x64_1p
721,5838.180931341967,3605000.0,HalfCheetah-v3,TD3_Q2a1x64_1p
722,5367.85358523738,3610000.0,HalfCheetah-v3,TD3_Q2a1x64_1p
723,4297.482717092899,3615000.0,HalfCheetah-v3,TD3_Q2a1x64_1p
724,4327.962587287007,3620000.0,HalfCheetah-v3,TD3_Q2a1x64_1p
725,6295.1401188550835,3625000.0,HalfCheetah-v3,TD3_Q2a1x64_1p
726,5860.859573528784,3630000.0,HalfCheetah-v3,TD3_Q2a1x64_1p
727,5022.506809742551,3635000.0,HalfCheetah-v3,TD3_Q2a1x64_1p
728,4576.830416124311,3640000.0,HalfCheetah-v3,TD3_Q2a1x64_1p
729,3137.70729625357,3645000.0,HalfCheetah-v3,TD3_Q2a1x64_1p
730,6235.0714769466795,3650000.0,HalfCheetah-v3,TD3_Q2a1x64_1p
731,5583.589175255383,3655000.0,HalfCheetah-v3,TD3_Q2a1x64_1p
732,5188.031289984187,3660000.0,HalfCheetah-v3,TD3_Q2a1x64_1p
733,4699.28718022791,3665000.0,HalfCheetah-v3,TD3_Q2a1x64_1p
734,4125.529775370248,3670000.0,HalfCheetah-v3,TD3_Q2a1x64_1p
735,6361.55064048953,3675000.0,HalfCheetah-v3,TD3_Q2a1x64_1p
736,5876.258199286634,3680000.0,HalfCheetah-v3,TD3_Q2a1x64_1p
737,4841.59195902584,3685000.0,HalfCheetah-v3,TD3_Q2a1x64_1p
738,4770.181076525079,3690000.0,HalfCheetah-v3,TD3_Q2a1x64_1p
739,3856.80720598426,3695000.0,HalfCheetah-v3,TD3_Q2a1x64_1p
740,6330.8449352301195,3700000.0,HalfCheetah-v3,TD3_Q2a1x64_1p
741,5730.343462875239,3705000.0,HalfCheetah-v3,TD3_Q2a1x64_1p
742,5215.023170690589,3710000.0,HalfCheetah-v3,TD3_Q2a1x64_1p
743,4564.815586450273,3715000.0,HalfCheetah-v3,TD3_Q2a1x64_1p
744,4096.467446312828,3720000.0,HalfCheetah-v3,TD3_Q2a1x64_1p
745,6318.666454720155,3725000.0,HalfCheetah-v3,TD3_Q2a1x64_1p
746,5833.768825503223,3730000.0,HalfCheetah-v3,TD3_Q2a1x64_1p
747,5365.214268842808,3735000.0,HalfCheetah-v3,TD3_Q2a1x64_1p
748,4782.73546386405,3740000.0,HalfCheetah-v3,TD3_Q2a1x64_1p
749,4399.777589355428,3745000.0,HalfCheetah-v3,TD3_Q2a1x64_1p
750,6364.165944210196,3750000.0,HalfCheetah-v3,TD3_Q2a1x64_1p
751,5817.647718748382,3755000.0,HalfCheetah-v3,TD3_Q2a1x64_1p
752,5328.812999919697,3760000.0,HalfCheetah-v3,TD3_Q2a1x64_1p
753,4753.301301445934,3765000.0,HalfCheetah-v3,TD3_Q2a1x64_1p
754,4083.277679353482,3770000.0,HalfCheetah-v3,TD3_Q2a1x64_1p
755,6393.9153465872205,3775000.0,HalfCheetah-v3,TD3_Q2a1x64_1p
756,5927.068089733112,3780000.0,HalfCheetah-v3,TD3_Q2a1x64_1p
757,5312.196769944206,3785000.0,HalfCheetah-v3,TD3_Q2a1x64_1p
758,4686.567561976936,3790000.0,HalfCheetah-v3,TD3_Q2a1x64_1p
759,4444.980233308406,3795000.0,HalfCheetah-v3,TD3_Q2a1x64_1p
760,6288.20217179425,3800000.0,HalfCheetah-v3,TD3_Q2a1x64_1p
761,5829.8251836157715,3805000.0,HalfCheetah-v3,TD3_Q2a1x64_1p
762,4781.54108443026,3810000.0,HalfCheetah-v3,TD3_Q2a1x64_1p
763,4875.426469591692,3815000.0,HalfCheetah-v3,TD3_Q2a1x64_1p
764,4289.229235364178,3820000.0,HalfCheetah-v3,TD3_Q2a1x64_1p
765,6369.701076651018,3825000.0,HalfCheetah-v3,TD3_Q2a1x64_1p
766,5877.220005223155,3830000.0,HalfCheetah-v3,TD3_Q2a1x64_1p
767,5342.0213796416265,3835000.0,HalfCheetah-v3,TD3_Q2a1x64_1p
768,4762.302996297587,3840000.0,HalfCheetah-v3,TD3_Q2a1x64_1p
769,4286.940508598293,3845000.0,HalfCheetah-v3,TD3_Q2a1x64_1p
770,6350.237620259997,3850000.0,HalfCheetah-v3,TD3_Q2a1x64_1p
771,5881.342609272526,3855000.0,HalfCheetah-v3,TD3_Q2a1x64_1p
772,5372.52402415504,3860000.0,HalfCheetah-v3,TD3_Q2a1x64_1p
773,4520.6746505876745,3865000.0,HalfCheetah-v3,TD3_Q2a1x64_1p
774,4247.377090633309,3870000.0,HalfCheetah-v3,TD3_Q2a1x64_1p
775,6453.0103105416,3875000.0,HalfCheetah-v3,TD3_Q2a1x64_1p
776,5918.372861674641,3880000.0,HalfCheetah-v3,TD3_Q2a1x64_1p
777,5483.678047448052,3885000.0,HalfCheetah-v3,TD3_Q2a1x64_1p
778,4789.760717604578,3890000.0,HalfCheetah-v3,TD3_Q2a1x64_1p
779,4139.7891961707155,3895000.0,HalfCheetah-v3,TD3_Q2a1x64_1p
780,6409.114575164239,3900000.0,HalfCheetah-v3,TD3_Q2a1x64_1p
781,5836.94154746488,3905000.0,HalfCheetah-v3,TD3_Q2a1x64_1p
782,5026.3952245819,3910000.0,HalfCheetah-v3,TD3_Q2a1x64_1p
783,4523.626539514659,3915000.0,HalfCheetah-v3,TD3_Q2a1x64_1p
784,4383.175777602872,3920000.0,HalfCheetah-v3,TD3_Q2a1x64_1p
785,6224.155967589143,3925000.0,HalfCheetah-v3,TD3_Q2a1x64_1p
786,5793.032916361752,3930000.0,HalfCheetah-v3,TD3_Q2a1x64_1p
787,5231.880891744896,3935000.0,HalfCheetah-v3,TD3_Q2a1x64_1p
788,4823.314156797331,3940000.0,HalfCheetah-v3,TD3_Q2a1x64_1p
789,4379.478074261147,3945000.0,HalfCheetah-v3,TD3_Q2a1x64_1p
790,6422.1273704632285,3950000.0,HalfCheetah-v3,TD3_Q2a1x64_1p
791,5890.748386304151,3955000.0,HalfCheetah-v3,TD3_Q2a1x64_1p
792,5272.819672528458,3960000.0,HalfCheetah-v3,TD3_Q2a1x64_1p
793,4800.5769443013105,3965000.0,HalfCheetah-v3,TD3_Q2a1x64_1p
794,4443.752264979632,3970000.0,HalfCheetah-v3,TD3_Q2a1x64_1p
795,6397.599913891169,3975000.0,HalfCheetah-v3,TD3_Q2a1x64_1p
796,5939.736791081377,3980000.0,HalfCheetah-v3,TD3_Q2a1x64_1p
797,5364.353572306427,3985000.0,HalfCheetah-v3,TD3_Q2a1x64_1p
798,4725.36479875443,3990000.0,HalfCheetah-v3,TD3_Q2a1x64_1p
799,4337.842848130404,3995000.0,HalfCheetah-v3,TD3_Q2a1x64_1p
800,6379.9350262220005,4000000.0,HalfCheetah-v3,TD3_Q2a1x64_1p
801,5872.343568130582,4005000.0,HalfCheetah-v3,TD3_Q2a1x64_1p
802,5271.701399279089,4010000.0,HalfCheetah-v3,TD3_Q2a1x64_1p
803,4798.491085256114,4015000.0,HalfCheetah-v3,TD3_Q2a1x64_1p
804,4011.516146942283,4020000.0,HalfCheetah-v3,TD3_Q2a1x64_1p
805,6385.191528524996,4025000.0,HalfCheetah-v3,TD3_Q2a1x64_1p
806,6015.426633620406,4030000.0,HalfCheetah-v3,TD3_Q2a1x64_1p
807,5227.239542466384,4035000.0,HalfCheetah-v3,TD3_Q2a1x64_1p
808,4675.666103386487,4040000.0,HalfCheetah-v3,TD3_Q2a1x64_1p
809,4256.861818483624,4045000.0,HalfCheetah-v3,TD3_Q2a1x64_1p
810,6362.3814907469705,4050000.0,HalfCheetah-v3,TD3_Q2a1x64_1p
811,5844.719945065832,4055000.0,HalfCheetah-v3,TD3_Q2a1x64_1p
812,5213.062549848836,4060000.0,HalfCheetah-v3,TD3_Q2a1x64_1p
813,4696.885922114646,4065000.0,HalfCheetah-v3,TD3_Q2a1x64_1p
814,4041.735665837984,4070000.0,HalfCheetah-v3,TD3_Q2a1x64_1p
815,6571.40645673455,4075000.0,HalfCheetah-v3,TD3_Q2a1x64_1p
816,5984.121462349215,4080000.0,HalfCheetah-v3,TD3_Q2a1x64_1p
817,5144.13279572587,4085000.0,HalfCheetah-v3,TD3_Q2a1x64_1p
818,4801.6520627134105,4090000.0,HalfCheetah-v3,TD3_Q2a1x64_1p
819,4340.283622828568,4095000.0,HalfCheetah-v3,TD3_Q2a1x64_1p
820,6444.549313749833,4100000.0,HalfCheetah-v3,TD3_Q2a1x64_1p
821,5948.993234265539,4105000.0,HalfCheetah-v3,TD3_Q2a1x64_1p
822,5331.092547568255,4110000.0,HalfCheetah-v3,TD3_Q2a1x64_1p
823,4487.882291658085,4115000.0,HalfCheetah-v3,TD3_Q2a1x64_1p
824,3937.626945705557,4120000.0,HalfCheetah-v3,TD3_Q2a1x64_1p
825,6549.098497332411,4125000.0,HalfCheetah-v3,TD3_Q2a1x64_1p
826,5953.829377315046,4130000.0,HalfCheetah-v3,TD3_Q2a1x64_1p
827,4491.152183424728,4135000.0,HalfCheetah-v3,TD3_Q2a1x64_1p
828,4824.896618836709,4140000.0,HalfCheetah-v3,TD3_Q2a1x64_1p
829,3597.6843558298933,4145000.0,HalfCheetah-v3,TD3_Q2a1x64_1p
830,6473.415780396723,4150000.0,HalfCheetah-v3,TD3_Q2a1x64_1p
831,5972.784971615956,4155000.0,HalfCheetah-v3,TD3_Q2a1x64_1p
832,4769.176740994279,4160000.0,HalfCheetah-v3,TD3_Q2a1x64_1p
833,4734.5091650887225,4165000.0,HalfCheetah-v3,TD3_Q2a1x64_1p
834,3929.3508076435514,4170000.0,HalfCheetah-v3,TD3_Q2a1x64_1p
835,6571.294558437083,4175000.0,HalfCheetah-v3,TD3_Q2a1x64_1p
836,6014.980942495293,4180000.0,HalfCheetah-v3,TD3_Q2a1x64_1p
837,5253.010538303474,4185000.0,HalfCheetah-v3,TD3_Q2a1x64_1p
838,4438.86797008855,4190000.0,HalfCheetah-v3,TD3_Q2a1x64_1p
839,3690.987845349316,4195000.0,HalfCheetah-v3,TD3_Q2a1x64_1p
840,6310.731835317629,4200000.0,HalfCheetah-v3,TD3_Q2a1x64_1p
841,5882.229144645343,4205000.0,HalfCheetah-v3,TD3_Q2a1x64_1p
842,5277.436710733158,4210000.0,HalfCheetah-v3,TD3_Q2a1x64_1p
843,4754.88589894922,4215000.0,HalfCheetah-v3,TD3_Q2a1x64_1p
844,4242.985585005331,4220000.0,HalfCheetah-v3,TD3_Q2a1x64_1p
845,6506.041520745478,4225000.0,HalfCheetah-v3,TD3_Q2a1x64_1p
846,5921.669179312284,4230000.0,HalfCheetah-v3,TD3_Q2a1x64_1p
847,5311.426050084732,4235000.0,HalfCheetah-v3,TD3_Q2a1x64_1p
848,4373.29205168526,4240000.0,HalfCheetah-v3,TD3_Q2a1x64_1p
849,4291.6453172675265,4245000.0,HalfCheetah-v3,TD3_Q2a1x64_1p
850,6517.514271325619,4250000.0,HalfCheetah-v3,TD3_Q2a1x64_1p
851,5788.189068264568,4255000.0,HalfCheetah-v3,TD3_Q2a1x64_1p
852,5366.020026342386,4260000.0,HalfCheetah-v3,TD3_Q2a1x64_1p
853,4893.326390181909,4265000.0,HalfCheetah-v3,TD3_Q2a1x64_1p
854,4401.41183982409,4270000.0,HalfCheetah-v3,TD3_Q2a1x64_1p
855,6456.485383776266,4275000.0,HalfCheetah-v3,TD3_Q2a1x64_1p
856,5943.437939208068,4280000.0,HalfCheetah-v3,TD3_Q2a1x64_1p
857,5350.930992192611,4285000.0,HalfCheetah-v3,TD3_Q2a1x64_1p
858,4824.958233121262,4290000.0,HalfCheetah-v3,TD3_Q2a1x64_1p
859,3936.332425634914,4295000.0,HalfCheetah-v3,TD3_Q2a1x64_1p
860,6495.691474129482,4300000.0,HalfCheetah-v3,TD3_Q2a1x64_1p
861,5930.858721966744,4305000.0,HalfCheetah-v3,TD3_Q2a1x64_1p
862,5265.228404658521,4310000.0,HalfCheetah-v3,TD3_Q2a1x64_1p
863,4822.554155885275,4315000.0,HalfCheetah-v3,TD3_Q2a1x64_1p
864,4360.080319834442,4320000.0,HalfCheetah-v3,TD3_Q2a1x64_1p
865,6483.733545498366,4325000.0,HalfCheetah-v3,TD3_Q2a1x64_1p
866,5902.340251118264,4330000.0,HalfCheetah-v3,TD3_Q2a1x64_1p
867,5271.516769779153,4335000.0,HalfCheetah-v3,TD3_Q2a1x64_1p
868,4542.106030484708,4340000.0,HalfCheetah-v3,TD3_Q2a1x64_1p
869,4381.640860791459,4345000.0,HalfCheetah-v3,TD3_Q2a1x64_1p
870,6519.935515534505,4350000.0,HalfCheetah-v3,TD3_Q2a1x64_1p
871,5939.726760756502,4355000.0,HalfCheetah-v3,TD3_Q2a1x64_1p
872,5368.781270078207,4360000.0,HalfCheetah-v3,TD3_Q2a1x64_1p
873,4833.180089307372,4365000.0,HalfCheetah-v3,TD3_Q2a1x64_1p
874,4359.954906939949,4370000.0,HalfCheetah-v3,TD3_Q2a1x64_1p
875,6488.887224012464,4375000.0,HalfCheetah-v3,TD3_Q2a1x64_1p
876,5950.611638481618,4380000.0,HalfCheetah-v3,TD3_Q2a1x64_1p
877,5312.999485780096,4385000.0,HalfCheetah-v3,TD3_Q2a1x64_1p
878,4792.340870659885,4390000.0,HalfCheetah-v3,TD3_Q2a1x64_1p
879,4197.280365084587,4395000.0,HalfCheetah-v3,TD3_Q2a1x64_1p
880,6602.710581260713,4400000.0,HalfCheetah-v3,TD3_Q2a1x64_1p
881,6004.060861521364,4405000.0,HalfCheetah-v3,TD3_Q2a1x64_1p
882,5283.045640558436,4410000.0,HalfCheetah-v3,TD3_Q2a1x64_1p
883,4785.852285594045,4415000.0,HalfCheetah-v3,TD3_Q2a1x64_1p
884,4374.088319800357,4420000.0,HalfCheetah-v3,TD3_Q2a1x64_1p
885,6554.753502886719,4425000.0,HalfCheetah-v3,TD3_Q2a1x64_1p
886,5505.104244711254,4430000.0,HalfCheetah-v3,TD3_Q2a1x64_1p
887,5328.787039656533,4435000.0,HalfCheetah-v3,TD3_Q2a1x64_1p
888,3915.881795062808,4440000.0,HalfCheetah-v3,TD3_Q2a1x64_1p
889,4260.644585491578,4445000.0,HalfCheetah-v3,TD3_Q2a1x64_1p
890,6628.1706570605575,4450000.0,HalfCheetah-v3,TD3_Q2a1x64_1p
891,6061.273966220222,4455000.0,HalfCheetah-v3,TD3_Q2a1x64_1p
892,5331.457582725941,4460000.0,HalfCheetah-v3,TD3_Q2a1x64_1p
893,4819.707408416497,4465000.0,HalfCheetah-v3,TD3_Q2a1x64_1p
894,4344.656081481941,4470000.0,HalfCheetah-v3,TD3_Q2a1x64_1p
895,6526.422611610063,4475000.0,HalfCheetah-v3,TD3_Q2a1x64_1p
896,5988.972218121359,4480000.0,HalfCheetah-v3,TD3_Q2a1x64_1p
897,5224.750670066625,4485000.0,HalfCheetah-v3,TD3_Q2a1x64_1p
898,4433.5240689316015,4490000.0,HalfCheetah-v3,TD3_Q2a1x64_1p
899,4064.7196435863298,4495000.0,HalfCheetah-v3,TD3_Q2a1x64_1p
900,6606.798615717942,4500000.0,HalfCheetah-v3,TD3_Q2a1x64_1p
901,6060.566243562765,4505000.0,HalfCheetah-v3,TD3_Q2a1x64_1p
902,5021.526140727871,4510000.0,HalfCheetah-v3,TD3_Q2a1x64_1p
903,4915.824768901849,4515000.0,HalfCheetah-v3,TD3_Q2a1x64_1p
904,4319.940251020141,4520000.0,HalfCheetah-v3,TD3_Q2a1x64_1p
905,6547.711902715252,4525000.0,HalfCheetah-v3,TD3_Q2a1x64_1p
906,6075.276559037757,4530000.0,HalfCheetah-v3,TD3_Q2a1x64_1p
907,5487.885789286581,4535000.0,HalfCheetah-v3,TD3_Q2a1x64_1p
908,4857.619648261621,4540000.0,HalfCheetah-v3,TD3_Q2a1x64_1p
909,4370.408011987861,4545000.0,HalfCheetah-v3,TD3_Q2a1x64_1p
910,6628.436884197957,4550000.0,HalfCheetah-v3,TD3_Q2a1x64_1p
911,6114.126676311846,4555000.0,HalfCheetah-v3,TD3_Q2a1x64_1p
912,5406.871575474479,4560000.0,HalfCheetah-v3,TD3_Q2a1x64_1p
913,4939.542516304099,4565000.0,HalfCheetah-v3,TD3_Q2a1x64_1p
914,4466.759078202393,4570000.0,HalfCheetah-v3,TD3_Q2a1x64_1p
915,6632.443694101424,4575000.0,HalfCheetah-v3,TD3_Q2a1x64_1p
916,5870.113410357226,4580000.0,HalfCheetah-v3,TD3_Q2a1x64_1p
917,5279.990167079786,4585000.0,HalfCheetah-v3,TD3_Q2a1x64_1p
918,4790.790095240807,4590000.0,HalfCheetah-v3,TD3_Q2a1x64_1p
919,4376.518862841631,4595000.0,HalfCheetah-v3,TD3_Q2a1x64_1p
920,6605.05686581872,4600000.0,HalfCheetah-v3,TD3_Q2a1x64_1p
921,6097.9341169165455,4605000.0,HalfCheetah-v3,TD3_Q2a1x64_1p
922,5417.768546811183,4610000.0,HalfCheetah-v3,TD3_Q2a1x64_1p
923,4930.128610489219,4615000.0,HalfCheetah-v3,TD3_Q2a1x64_1p
924,4070.6538563821937,4620000.0,HalfCheetah-v3,TD3_Q2a1x64_1p
925,6613.836753177292,4625000.0,HalfCheetah-v3,TD3_Q2a1x64_1p
926,5982.154366101616,4630000.0,HalfCheetah-v3,TD3_Q2a1x64_1p
927,5069.299257278277,4635000.0,HalfCheetah-v3,TD3_Q2a1x64_1p
928,4895.015533886159,4640000.0,HalfCheetah-v3,TD3_Q2a1x64_1p
929,4224.023752174887,4645000.0,HalfCheetah-v3,TD3_Q2a1x64_1p
930,6540.035422710216,4650000.0,HalfCheetah-v3,TD3_Q2a1x64_1p
931,5969.680569945946,4655000.0,HalfCheetah-v3,TD3_Q2a1x64_1p
932,5344.990411008286,4660000.0,HalfCheetah-v3,TD3_Q2a1x64_1p
933,4537.098285448399,4665000.0,HalfCheetah-v3,TD3_Q2a1x64_1p
934,4218.720229574111,4670000.0,HalfCheetah-v3,TD3_Q2a1x64_1p
935,6653.45334589386,4675000.0,HalfCheetah-v3,TD3_Q2a1x64_1p
936,6096.539142049508,4680000.0,HalfCheetah-v3,TD3_Q2a1x64_1p
937,5019.224553494987,4685000.0,HalfCheetah-v3,TD3_Q2a1x64_1p
938,4674.217202686319,4690000.0,HalfCheetah-v3,TD3_Q2a1x64_1p
939,4419.748191987152,4695000.0,HalfCheetah-v3,TD3_Q2a1x64_1p
940,6629.263715364805,4700000.0,HalfCheetah-v3,TD3_Q2a1x64_1p
941,5794.638811672779,4705000.0,HalfCheetah-v3,TD3_Q2a1x64_1p
942,5103.66506124374,4710000.0,HalfCheetah-v3,TD3_Q2a1x64_1p
943,4921.869768824878,4715000.0,HalfCheetah-v3,TD3_Q2a1x64_1p
944,4418.59750434021,4720000.0,HalfCheetah-v3,TD3_Q2a1x64_1p
945,6531.514569548172,4725000.0,HalfCheetah-v3,TD3_Q2a1x64_1p
946,5988.419602168485,4730000.0,HalfCheetah-v3,TD3_Q2a1x64_1p
947,5375.127755278247,4735000.0,HalfCheetah-v3,TD3_Q2a1x64_1p
948,4494.9893609380615,4740000.0,HalfCheetah-v3,TD3_Q2a1x64_1p
949,4377.669495943493,4745000.0,HalfCheetah-v3,TD3_Q2a1x64_1p
950,6539.683377970966,4750000.0,HalfCheetah-v3,TD3_Q2a1x64_1p
951,6000.5103098677155,4755000.0,HalfCheetah-v3,TD3_Q2a1x64_1p
952,5433.152650792404,4760000.0,HalfCheetah-v3,TD3_Q2a1x64_1p
953,4793.022410810909,4765000.0,HalfCheetah-v3,TD3_Q2a1x64_1p
954,4396.796563009347,4770000.0,HalfCheetah-v3,TD3_Q2a1x64_1p
955,6665.088820007573,4775000.0,HalfCheetah-v3,TD3_Q2a1x64_1p
956,6126.721476196682,4780000.0,HalfCheetah-v3,TD3_Q2a1x64_1p
957,5396.522445082311,4785000.0,HalfCheetah-v3,TD3_Q2a1x64_1p
958,4904.59281509733,4790000.0,HalfCheetah-v3,TD3_Q2a1x64_1p
959,4481.87832424684,4795000.0,HalfCheetah-v3,TD3_Q2a1x64_1p
960,6578.034737353541,4800000.0,HalfCheetah-v3,TD3_Q2a1x64_1p
961,5973.452943557566,4805000.0,HalfCheetah-v3,TD3_Q2a1x64_1p
962,5256.003554637107,4810000.0,HalfCheetah-v3,TD3_Q2a1x64_1p
963,4511.228408843854,4815000.0,HalfCheetah-v3,TD3_Q2a1x64_1p
964,4062.878962565204,4820000.0,HalfCheetah-v3,TD3_Q2a1x64_1p
965,6689.963071825419,4825000.0,HalfCheetah-v3,TD3_Q2a1x64_1p
966,6042.203239001416,4830000.0,HalfCheetah-v3,TD3_Q2a1x64_1p
967,5420.622484650444,4835000.0,HalfCheetah-v3,TD3_Q2a1x64_1p
968,4946.968598415506,4840000.0,HalfCheetah-v3,TD3_Q2a1x64_1p
969,4157.000205391214,4845000.0,HalfCheetah-v3,TD3_Q2a1x64_1p
970,6679.04800711937,4850000.0,HalfCheetah-v3,TD3_Q2a1x64_1p
971,6134.943605128905,4855000.0,HalfCheetah-v3,TD3_Q2a1x64_1p
972,5478.60444462769,4860000.0,HalfCheetah-v3,TD3_Q2a1x64_1p
973,4824.565976969706,4865000.0,HalfCheetah-v3,TD3_Q2a1x64_1p
974,4266.162138154767,4870000.0,HalfCheetah-v3,TD3_Q2a1x64_1p
975,6520.172781042208,4875000.0,HalfCheetah-v3,TD3_Q2a1x64_1p
976,6031.032450806978,4880000.0,HalfCheetah-v3,TD3_Q2a1x64_1p
977,5132.740539558731,4885000.0,HalfCheetah-v3,TD3_Q2a1x64_1p
978,4872.43208780808,4890000.0,HalfCheetah-v3,TD3_Q2a1x64_1p
979,4184.879674912567,4895000.0,HalfCheetah-v3,TD3_Q2a1x64_1p
980,6690.088635710128,4900000.0,HalfCheetah-v3,TD3_Q2a1x64_1p
981,5714.910264564563,4905000.0,HalfCheetah-v3,TD3_Q2a1x64_1p
982,5531.025504300046,4910000.0,HalfCheetah-v3,TD3_Q2a1x64_1p
983,4727.930423348403,4915000.0,HalfCheetah-v3,TD3_Q2a1x64_1p
984,4078.635365869118,4920000.0,HalfCheetah-v3,TD3_Q2a1x64_1p
985,6709.434176699014,4925000.0,HalfCheetah-v3,TD3_Q2a1x64_1p
986,6144.450891802249,4930000.0,HalfCheetah-v3,TD3_Q2a1x64_1p
987,5347.124657742862,4935000.0,HalfCheetah-v3,TD3_Q2a1x64_1p
988,4592.604086304167,4940000.0,HalfCheetah-v3,TD3_Q2a1x64_1p
989,4473.984999065933,4945000.0,HalfCheetah-v3,TD3_Q2a1x64_1p
990,6624.9992417670655,4950000.0,HalfCheetah-v3,TD3_Q2a1x64_1p
991,6141.099834144025,4955000.0,HalfCheetah-v3,TD3_Q2a1x64_1p
992,5566.24902305945,4960000.0,HalfCheetah-v3,TD3_Q2a1x64_1p
993,4906.388988312826,4965000.0,HalfCheetah-v3,TD3_Q2a1x64_1p
994,4431.635284380177,4970000.0,HalfCheetah-v3,TD3_Q2a1x64_1p
995,6690.661877428664,4975000.0,HalfCheetah-v3,TD3_Q2a1x64_1p
996,6163.185628761594,4980000.0,HalfCheetah-v3,TD3_Q2a1x64_1p
997,5097.420221528244,4985000.0,HalfCheetah-v3,TD3_Q2a1x64_1p
998,4708.022944429403,4990000.0,HalfCheetah-v3,TD3_Q2a1x64_1p
999,4015.3362464485167,4995000.0,HalfCheetah-v3,TD3_Q2a1x64_1p
