index,Average Return,Timesteps,env,algorithm_name
0,927.8968679704172,0.0,Ant-v3,TD3_Q2ahidden1x64_facp1
1,927.4229340795246,5000.0,Ant-v3,TD3_Q2ahidden1x64_facp1
2,927.3063911120995,10000.0,Ant-v3,TD3_Q2ahidden1x64_facp1
3,819.3369564755525,15000.0,Ant-v3,TD3_Q2ahidden1x64_facp1
4,889.9383796434855,20000.0,Ant-v3,TD3_Q2ahidden1x64_facp1
5,874.0386834074527,25000.0,Ant-v3,TD3_Q2ahidden1x64_facp1
6,847.7683945815727,30000.0,Ant-v3,TD3_Q2ahidden1x64_facp1
7,829.1851799109248,35000.0,Ant-v3,TD3_Q2ahidden1x64_facp1
8,860.661430041413,40000.0,Ant-v3,TD3_Q2ahidden1x64_facp1
9,838.8578529920151,45000.0,Ant-v3,TD3_Q2ahidden1x64_facp1
10,886.5621408566391,50000.0,Ant-v3,TD3_Q2ahidden1x64_facp1
11,809.1449419542041,55000.0,Ant-v3,TD3_Q2ahidden1x64_facp1
12,707.0373838999028,60000.0,Ant-v3,TD3_Q2ahidden1x64_facp1
13,847.7625648649753,65000.0,Ant-v3,TD3_Q2ahidden1x64_facp1
14,891.72654273885,70000.0,Ant-v3,TD3_Q2ahidden1x64_facp1
15,745.742728398295,75000.0,Ant-v3,TD3_Q2ahidden1x64_facp1
16,932.0198381337225,80000.0,Ant-v3,TD3_Q2ahidden1x64_facp1
17,951.0796621683678,85000.0,Ant-v3,TD3_Q2ahidden1x64_facp1
18,903.2878092626901,90000.0,Ant-v3,TD3_Q2ahidden1x64_facp1
19,845.2530572589278,95000.0,Ant-v3,TD3_Q2ahidden1x64_facp1
20,847.6539164444008,100000.0,Ant-v3,TD3_Q2ahidden1x64_facp1
21,957.9613175391329,105000.0,Ant-v3,TD3_Q2ahidden1x64_facp1
22,947.3462812269665,110000.0,Ant-v3,TD3_Q2ahidden1x64_facp1
23,926.0483753430144,115000.0,Ant-v3,TD3_Q2ahidden1x64_facp1
24,960.1370496577199,120000.0,Ant-v3,TD3_Q2ahidden1x64_facp1
25,962.0364049616288,125000.0,Ant-v3,TD3_Q2ahidden1x64_facp1
26,949.1466999563308,130000.0,Ant-v3,TD3_Q2ahidden1x64_facp1
27,973.0313140417459,135000.0,Ant-v3,TD3_Q2ahidden1x64_facp1
28,964.1798393836095,140000.0,Ant-v3,TD3_Q2ahidden1x64_facp1
29,971.3748427282713,145000.0,Ant-v3,TD3_Q2ahidden1x64_facp1
30,954.4933781458847,150000.0,Ant-v3,TD3_Q2ahidden1x64_facp1
31,950.4500291083971,155000.0,Ant-v3,TD3_Q2ahidden1x64_facp1
32,936.4740243599826,160000.0,Ant-v3,TD3_Q2ahidden1x64_facp1
33,970.5946066965868,165000.0,Ant-v3,TD3_Q2ahidden1x64_facp1
34,964.8065857074205,170000.0,Ant-v3,TD3_Q2ahidden1x64_facp1
35,878.2861637062813,175000.0,Ant-v3,TD3_Q2ahidden1x64_facp1
36,943.9173353335639,180000.0,Ant-v3,TD3_Q2ahidden1x64_facp1
37,958.420123201074,185000.0,Ant-v3,TD3_Q2ahidden1x64_facp1
38,961.1372096996558,190000.0,Ant-v3,TD3_Q2ahidden1x64_facp1
39,947.6235578334293,195000.0,Ant-v3,TD3_Q2ahidden1x64_facp1
40,968.8372789790835,200000.0,Ant-v3,TD3_Q2ahidden1x64_facp1
41,947.7325098165268,205000.0,Ant-v3,TD3_Q2ahidden1x64_facp1
42,966.3938101097323,210000.0,Ant-v3,TD3_Q2ahidden1x64_facp1
43,937.1425614859785,215000.0,Ant-v3,TD3_Q2ahidden1x64_facp1
44,971.9728384323613,220000.0,Ant-v3,TD3_Q2ahidden1x64_facp1
45,1016.6803787768362,225000.0,Ant-v3,TD3_Q2ahidden1x64_facp1
46,1185.8932646628625,230000.0,Ant-v3,TD3_Q2ahidden1x64_facp1
47,1008.2219005382616,235000.0,Ant-v3,TD3_Q2ahidden1x64_facp1
48,1105.0683751479887,240000.0,Ant-v3,TD3_Q2ahidden1x64_facp1
49,1120.2543651678757,245000.0,Ant-v3,TD3_Q2ahidden1x64_facp1
50,1160.719820667413,250000.0,Ant-v3,TD3_Q2ahidden1x64_facp1
51,1184.6870987077414,255000.0,Ant-v3,TD3_Q2ahidden1x64_facp1
52,962.1695043175936,260000.0,Ant-v3,TD3_Q2ahidden1x64_facp1
53,1087.7074126053353,265000.0,Ant-v3,TD3_Q2ahidden1x64_facp1
54,1189.5434859205993,270000.0,Ant-v3,TD3_Q2ahidden1x64_facp1
55,1177.425714735405,275000.0,Ant-v3,TD3_Q2ahidden1x64_facp1
56,1369.2117458741404,280000.0,Ant-v3,TD3_Q2ahidden1x64_facp1
57,1112.5659581424168,285000.0,Ant-v3,TD3_Q2ahidden1x64_facp1
58,1609.022015459674,290000.0,Ant-v3,TD3_Q2ahidden1x64_facp1
59,1296.186820144511,295000.0,Ant-v3,TD3_Q2ahidden1x64_facp1
60,1656.699922297127,300000.0,Ant-v3,TD3_Q2ahidden1x64_facp1
61,1758.6431798421968,305000.0,Ant-v3,TD3_Q2ahidden1x64_facp1
62,1411.1648565190783,310000.0,Ant-v3,TD3_Q2ahidden1x64_facp1
63,1724.9743644547057,315000.0,Ant-v3,TD3_Q2ahidden1x64_facp1
64,1747.9032217778513,320000.0,Ant-v3,TD3_Q2ahidden1x64_facp1
65,1810.823408892801,325000.0,Ant-v3,TD3_Q2ahidden1x64_facp1
66,1937.1004343322006,330000.0,Ant-v3,TD3_Q2ahidden1x64_facp1
67,1713.9788476498584,335000.0,Ant-v3,TD3_Q2ahidden1x64_facp1
68,1992.7913205471862,340000.0,Ant-v3,TD3_Q2ahidden1x64_facp1
69,1817.6007826934579,345000.0,Ant-v3,TD3_Q2ahidden1x64_facp1
70,1440.9243708112358,350000.0,Ant-v3,TD3_Q2ahidden1x64_facp1
71,2203.668058179955,355000.0,Ant-v3,TD3_Q2ahidden1x64_facp1
72,1960.8039204293582,360000.0,Ant-v3,TD3_Q2ahidden1x64_facp1
73,2016.3220867645152,365000.0,Ant-v3,TD3_Q2ahidden1x64_facp1
74,2098.175125473715,370000.0,Ant-v3,TD3_Q2ahidden1x64_facp1
75,2198.248372401795,375000.0,Ant-v3,TD3_Q2ahidden1x64_facp1
76,2298.598096986267,380000.0,Ant-v3,TD3_Q2ahidden1x64_facp1
77,2204.0942464179943,385000.0,Ant-v3,TD3_Q2ahidden1x64_facp1
78,2221.073426307632,390000.0,Ant-v3,TD3_Q2ahidden1x64_facp1
79,2031.65832426547,395000.0,Ant-v3,TD3_Q2ahidden1x64_facp1
80,2086.7405818065645,400000.0,Ant-v3,TD3_Q2ahidden1x64_facp1
81,1700.4505544888411,405000.0,Ant-v3,TD3_Q2ahidden1x64_facp1
82,2340.250372432045,410000.0,Ant-v3,TD3_Q2ahidden1x64_facp1
83,2416.0312951841292,415000.0,Ant-v3,TD3_Q2ahidden1x64_facp1
84,2247.8584010034665,420000.0,Ant-v3,TD3_Q2ahidden1x64_facp1
85,1971.8238848435892,425000.0,Ant-v3,TD3_Q2ahidden1x64_facp1
86,1938.7782463106373,430000.0,Ant-v3,TD3_Q2ahidden1x64_facp1
87,2116.014326748972,435000.0,Ant-v3,TD3_Q2ahidden1x64_facp1
88,1761.6565497258139,440000.0,Ant-v3,TD3_Q2ahidden1x64_facp1
89,2330.8136776718225,445000.0,Ant-v3,TD3_Q2ahidden1x64_facp1
90,2483.1449732228084,450000.0,Ant-v3,TD3_Q2ahidden1x64_facp1
91,2525.3009701625265,455000.0,Ant-v3,TD3_Q2ahidden1x64_facp1
92,2184.4092642990327,460000.0,Ant-v3,TD3_Q2ahidden1x64_facp1
93,2431.5445293284433,465000.0,Ant-v3,TD3_Q2ahidden1x64_facp1
94,2118.8020144385628,470000.0,Ant-v3,TD3_Q2ahidden1x64_facp1
95,2468.8546152859717,475000.0,Ant-v3,TD3_Q2ahidden1x64_facp1
96,2664.4099032922986,480000.0,Ant-v3,TD3_Q2ahidden1x64_facp1
97,2556.096876480938,485000.0,Ant-v3,TD3_Q2ahidden1x64_facp1
98,2484.4977658522303,490000.0,Ant-v3,TD3_Q2ahidden1x64_facp1
99,2428.2459711416477,495000.0,Ant-v3,TD3_Q2ahidden1x64_facp1
100,2613.493623420277,500000.0,Ant-v3,TD3_Q2ahidden1x64_facp1
101,2561.764739804997,505000.0,Ant-v3,TD3_Q2ahidden1x64_facp1
102,2015.430680381604,510000.0,Ant-v3,TD3_Q2ahidden1x64_facp1
103,2563.598855180172,515000.0,Ant-v3,TD3_Q2ahidden1x64_facp1
104,2151.920223338045,520000.0,Ant-v3,TD3_Q2ahidden1x64_facp1
105,2626.289877674045,525000.0,Ant-v3,TD3_Q2ahidden1x64_facp1
106,2518.5538225519795,530000.0,Ant-v3,TD3_Q2ahidden1x64_facp1
107,2491.7776181576874,535000.0,Ant-v3,TD3_Q2ahidden1x64_facp1
108,2636.956556616849,540000.0,Ant-v3,TD3_Q2ahidden1x64_facp1
109,2641.433197555677,545000.0,Ant-v3,TD3_Q2ahidden1x64_facp1
110,2576.061054315515,550000.0,Ant-v3,TD3_Q2ahidden1x64_facp1
111,2531.792423910503,555000.0,Ant-v3,TD3_Q2ahidden1x64_facp1
112,2662.6862913233026,560000.0,Ant-v3,TD3_Q2ahidden1x64_facp1
113,2821.1688580361333,565000.0,Ant-v3,TD3_Q2ahidden1x64_facp1
114,2745.7869442999463,570000.0,Ant-v3,TD3_Q2ahidden1x64_facp1
115,2743.4831850260543,575000.0,Ant-v3,TD3_Q2ahidden1x64_facp1
116,2821.007835378333,580000.0,Ant-v3,TD3_Q2ahidden1x64_facp1
117,2744.287278011127,585000.0,Ant-v3,TD3_Q2ahidden1x64_facp1
118,2477.617080139781,590000.0,Ant-v3,TD3_Q2ahidden1x64_facp1
119,2232.015781700071,595000.0,Ant-v3,TD3_Q2ahidden1x64_facp1
120,2614.54469074993,600000.0,Ant-v3,TD3_Q2ahidden1x64_facp1
121,2725.2895534029813,605000.0,Ant-v3,TD3_Q2ahidden1x64_facp1
122,2651.253202504289,610000.0,Ant-v3,TD3_Q2ahidden1x64_facp1
123,2651.1104892749804,615000.0,Ant-v3,TD3_Q2ahidden1x64_facp1
124,2821.822481077922,620000.0,Ant-v3,TD3_Q2ahidden1x64_facp1
125,2504.8702209085486,625000.0,Ant-v3,TD3_Q2ahidden1x64_facp1
126,2618.6330880058617,630000.0,Ant-v3,TD3_Q2ahidden1x64_facp1
127,2915.157018832567,635000.0,Ant-v3,TD3_Q2ahidden1x64_facp1
128,2761.9543311551474,640000.0,Ant-v3,TD3_Q2ahidden1x64_facp1
129,2996.766400332647,645000.0,Ant-v3,TD3_Q2ahidden1x64_facp1
130,2790.4205984464807,650000.0,Ant-v3,TD3_Q2ahidden1x64_facp1
131,2565.7645961856306,655000.0,Ant-v3,TD3_Q2ahidden1x64_facp1
132,2241.4448824495694,660000.0,Ant-v3,TD3_Q2ahidden1x64_facp1
133,2213.0808062032743,665000.0,Ant-v3,TD3_Q2ahidden1x64_facp1
134,2861.701688369309,670000.0,Ant-v3,TD3_Q2ahidden1x64_facp1
135,2682.0073268068118,675000.0,Ant-v3,TD3_Q2ahidden1x64_facp1
136,2885.71587475212,680000.0,Ant-v3,TD3_Q2ahidden1x64_facp1
137,2547.362064319398,685000.0,Ant-v3,TD3_Q2ahidden1x64_facp1
138,2428.5509466248286,690000.0,Ant-v3,TD3_Q2ahidden1x64_facp1
139,2999.512485451505,695000.0,Ant-v3,TD3_Q2ahidden1x64_facp1
140,2763.7463117306097,700000.0,Ant-v3,TD3_Q2ahidden1x64_facp1
141,2173.1225370956467,705000.0,Ant-v3,TD3_Q2ahidden1x64_facp1
142,2434.0602765520075,710000.0,Ant-v3,TD3_Q2ahidden1x64_facp1
143,2379.5212957815415,715000.0,Ant-v3,TD3_Q2ahidden1x64_facp1
144,3045.5094234057847,720000.0,Ant-v3,TD3_Q2ahidden1x64_facp1
145,2927.807565897968,725000.0,Ant-v3,TD3_Q2ahidden1x64_facp1
146,3072.0442774676003,730000.0,Ant-v3,TD3_Q2ahidden1x64_facp1
147,2731.752738455559,735000.0,Ant-v3,TD3_Q2ahidden1x64_facp1
148,2789.374568443604,740000.0,Ant-v3,TD3_Q2ahidden1x64_facp1
149,2963.6013851779626,745000.0,Ant-v3,TD3_Q2ahidden1x64_facp1
150,2935.6200215613962,750000.0,Ant-v3,TD3_Q2ahidden1x64_facp1
151,2841.094952213448,755000.0,Ant-v3,TD3_Q2ahidden1x64_facp1
152,2934.389497830945,760000.0,Ant-v3,TD3_Q2ahidden1x64_facp1
153,3007.907265258729,765000.0,Ant-v3,TD3_Q2ahidden1x64_facp1
154,3108.260563525623,770000.0,Ant-v3,TD3_Q2ahidden1x64_facp1
155,2650.046928468858,775000.0,Ant-v3,TD3_Q2ahidden1x64_facp1
156,2427.0206168034742,780000.0,Ant-v3,TD3_Q2ahidden1x64_facp1
157,2894.277483633234,785000.0,Ant-v3,TD3_Q2ahidden1x64_facp1
158,3153.313433691329,790000.0,Ant-v3,TD3_Q2ahidden1x64_facp1
159,3023.799670512212,795000.0,Ant-v3,TD3_Q2ahidden1x64_facp1
160,2716.724655814871,800000.0,Ant-v3,TD3_Q2ahidden1x64_facp1
161,3157.822342620517,805000.0,Ant-v3,TD3_Q2ahidden1x64_facp1
162,3005.838825218504,810000.0,Ant-v3,TD3_Q2ahidden1x64_facp1
163,2971.942849069862,815000.0,Ant-v3,TD3_Q2ahidden1x64_facp1
164,2959.474645712403,820000.0,Ant-v3,TD3_Q2ahidden1x64_facp1
165,3113.5174592115964,825000.0,Ant-v3,TD3_Q2ahidden1x64_facp1
166,3128.2487011378043,830000.0,Ant-v3,TD3_Q2ahidden1x64_facp1
167,2908.09234605035,835000.0,Ant-v3,TD3_Q2ahidden1x64_facp1
168,2590.191147933339,840000.0,Ant-v3,TD3_Q2ahidden1x64_facp1
169,2110.789309352276,845000.0,Ant-v3,TD3_Q2ahidden1x64_facp1
170,3064.471950439123,850000.0,Ant-v3,TD3_Q2ahidden1x64_facp1
171,3278.8766788380867,855000.0,Ant-v3,TD3_Q2ahidden1x64_facp1
172,3233.2951211480213,860000.0,Ant-v3,TD3_Q2ahidden1x64_facp1
173,2963.0366971488365,865000.0,Ant-v3,TD3_Q2ahidden1x64_facp1
174,3019.6155062758526,870000.0,Ant-v3,TD3_Q2ahidden1x64_facp1
175,2899.4218158180684,875000.0,Ant-v3,TD3_Q2ahidden1x64_facp1
176,3084.9534707593634,880000.0,Ant-v3,TD3_Q2ahidden1x64_facp1
177,2439.367610347288,885000.0,Ant-v3,TD3_Q2ahidden1x64_facp1
178,3169.84538965112,890000.0,Ant-v3,TD3_Q2ahidden1x64_facp1
179,2713.5993542004176,895000.0,Ant-v3,TD3_Q2ahidden1x64_facp1
180,3183.6181916570035,900000.0,Ant-v3,TD3_Q2ahidden1x64_facp1
181,2996.30543179882,905000.0,Ant-v3,TD3_Q2ahidden1x64_facp1
182,3114.265970713007,910000.0,Ant-v3,TD3_Q2ahidden1x64_facp1
183,3085.7997443752083,915000.0,Ant-v3,TD3_Q2ahidden1x64_facp1
184,2911.050251558055,920000.0,Ant-v3,TD3_Q2ahidden1x64_facp1
185,3212.033436132081,925000.0,Ant-v3,TD3_Q2ahidden1x64_facp1
186,2913.2382333441265,930000.0,Ant-v3,TD3_Q2ahidden1x64_facp1
187,3032.046318675393,935000.0,Ant-v3,TD3_Q2ahidden1x64_facp1
188,2972.1228347240076,940000.0,Ant-v3,TD3_Q2ahidden1x64_facp1
189,3139.145727911362,945000.0,Ant-v3,TD3_Q2ahidden1x64_facp1
190,3128.9512627459876,950000.0,Ant-v3,TD3_Q2ahidden1x64_facp1
191,3081.3795207981484,955000.0,Ant-v3,TD3_Q2ahidden1x64_facp1
192,2900.251424176516,960000.0,Ant-v3,TD3_Q2ahidden1x64_facp1
193,3224.775085081791,965000.0,Ant-v3,TD3_Q2ahidden1x64_facp1
194,2883.9816578513605,970000.0,Ant-v3,TD3_Q2ahidden1x64_facp1
195,2955.6661796011335,975000.0,Ant-v3,TD3_Q2ahidden1x64_facp1
196,2881.84919718905,980000.0,Ant-v3,TD3_Q2ahidden1x64_facp1
197,3062.049076958438,985000.0,Ant-v3,TD3_Q2ahidden1x64_facp1
198,2816.5377980815597,990000.0,Ant-v3,TD3_Q2ahidden1x64_facp1
199,3082.190637306134,995000.0,Ant-v3,TD3_Q2ahidden1x64_facp1
200,3227.6482559312035,1000000.0,Ant-v3,TD3_Q2ahidden1x64_facp1
