index,Average Return,Timesteps,env,algorithm_name
0,66.70857324979328,0,Humanoid-v3,SAC_Q2a
1,79.65280031646009,5000,Humanoid-v3,SAC_Q2a
2,246.41779593416504,10000,Humanoid-v3,SAC_Q2a
3,322.01469547569366,15000,Humanoid-v3,SAC_Q2a
4,301.8527743937973,20000,Humanoid-v3,SAC_Q2a
5,439.9587422107671,25000,Humanoid-v3,SAC_Q2a
6,409.3848956920225,30000,Humanoid-v3,SAC_Q2a
7,531.1715648457936,35000,Humanoid-v3,SAC_Q2a
8,614.2197019921297,40000,Humanoid-v3,SAC_Q2a
9,484.91234045679704,45000,Humanoid-v3,SAC_Q2a
10,448.41405549063865,50000,Humanoid-v3,SAC_Q2a
11,469.2700951378607,55000,Humanoid-v3,SAC_Q2a
12,486.3397984807842,60000,Humanoid-v3,SAC_Q2a
13,512.1607950770889,65000,Humanoid-v3,SAC_Q2a
14,484.49672577546136,70000,Humanoid-v3,SAC_Q2a
15,382.4908845331061,75000,Humanoid-v3,SAC_Q2a
16,556.9453615771831,80000,Humanoid-v3,SAC_Q2a
17,561.1286829544176,85000,Humanoid-v3,SAC_Q2a
18,611.8315861077988,90000,Humanoid-v3,SAC_Q2a
19,700.6141310377211,95000,Humanoid-v3,SAC_Q2a
20,601.7201219233945,100000,Humanoid-v3,SAC_Q2a
21,521.5912516978941,105000,Humanoid-v3,SAC_Q2a
22,648.1365906791765,110000,Humanoid-v3,SAC_Q2a
23,682.2613970255103,115000,Humanoid-v3,SAC_Q2a
24,630.5250229515357,120000,Humanoid-v3,SAC_Q2a
25,650.5368827690033,125000,Humanoid-v3,SAC_Q2a
26,594.8757875185576,130000,Humanoid-v3,SAC_Q2a
27,624.1322691441771,135000,Humanoid-v3,SAC_Q2a
28,690.0918777781366,140000,Humanoid-v3,SAC_Q2a
29,567.6474640667564,145000,Humanoid-v3,SAC_Q2a
30,635.1500179430564,150000,Humanoid-v3,SAC_Q2a
31,797.7007745847998,155000,Humanoid-v3,SAC_Q2a
32,757.6529121378646,160000,Humanoid-v3,SAC_Q2a
33,877.1789919218802,165000,Humanoid-v3,SAC_Q2a
34,888.6497245500286,170000,Humanoid-v3,SAC_Q2a
35,822.9082960890537,175000,Humanoid-v3,SAC_Q2a
36,850.677371046829,180000,Humanoid-v3,SAC_Q2a
37,825.463803010244,185000,Humanoid-v3,SAC_Q2a
38,955.9741565313104,190000,Humanoid-v3,SAC_Q2a
39,692.8555397262015,195000,Humanoid-v3,SAC_Q2a
40,727.964185309436,200000,Humanoid-v3,SAC_Q2a
41,1110.3393152467975,205000,Humanoid-v3,SAC_Q2a
42,663.8491786725829,210000,Humanoid-v3,SAC_Q2a
43,1227.8888681457988,215000,Humanoid-v3,SAC_Q2a
44,777.259046143106,220000,Humanoid-v3,SAC_Q2a
45,855.4503079762959,225000,Humanoid-v3,SAC_Q2a
46,1607.7938006364277,230000,Humanoid-v3,SAC_Q2a
47,2646.505741175747,235000,Humanoid-v3,SAC_Q2a
48,3081.6256166063586,240000,Humanoid-v3,SAC_Q2a
49,3124.1050802781456,245000,Humanoid-v3,SAC_Q2a
50,3133.599736203403,250000,Humanoid-v3,SAC_Q2a
51,1816.9850107762545,255000,Humanoid-v3,SAC_Q2a
52,3907.196218093726,260000,Humanoid-v3,SAC_Q2a
53,2265.9372759232747,265000,Humanoid-v3,SAC_Q2a
54,2413.497940338017,270000,Humanoid-v3,SAC_Q2a
55,1267.112679443854,275000,Humanoid-v3,SAC_Q2a
56,3300.4755827616646,280000,Humanoid-v3,SAC_Q2a
57,1830.7168743495088,285000,Humanoid-v3,SAC_Q2a
58,3479.954004837707,290000,Humanoid-v3,SAC_Q2a
59,1582.1507891869019,295000,Humanoid-v3,SAC_Q2a
60,5158.358926930144,300000,Humanoid-v3,SAC_Q2a
61,2774.3422885065,305000,Humanoid-v3,SAC_Q2a
62,4992.936843043104,310000,Humanoid-v3,SAC_Q2a
63,1374.662341341959,315000,Humanoid-v3,SAC_Q2a
64,2777.41051306231,320000,Humanoid-v3,SAC_Q2a
65,2945.10802694681,325000,Humanoid-v3,SAC_Q2a
66,931.8779398156621,330000,Humanoid-v3,SAC_Q2a
67,2924.2774233207556,335000,Humanoid-v3,SAC_Q2a
68,1704.1828584996886,340000,Humanoid-v3,SAC_Q2a
69,1781.574696889543,345000,Humanoid-v3,SAC_Q2a
70,1399.092920339936,350000,Humanoid-v3,SAC_Q2a
71,3007.3509129539166,355000,Humanoid-v3,SAC_Q2a
72,2830.840852797968,360000,Humanoid-v3,SAC_Q2a
73,1431.7172946812539,365000,Humanoid-v3,SAC_Q2a
74,2135.90420225891,370000,Humanoid-v3,SAC_Q2a
75,1609.0212715704547,375000,Humanoid-v3,SAC_Q2a
76,2814.2787569475945,380000,Humanoid-v3,SAC_Q2a
77,3778.926682742783,385000,Humanoid-v3,SAC_Q2a
