index,Average Return,Timesteps,env,algorithm_name
0,-272.0187196191278,0.0,HalfCheetah-v3,TD3_Q2aAC
1,-235.87071634632517,5000.0,HalfCheetah-v3,TD3_Q2aAC
2,-299.08398067202063,10000.0,HalfCheetah-v3,TD3_Q2aAC
3,-534.0936767285282,15000.0,HalfCheetah-v3,TD3_Q2aAC
4,-634.3719755247538,20000.0,HalfCheetah-v3,TD3_Q2aAC
5,-655.6120227271219,25000.0,HalfCheetah-v3,TD3_Q2aAC
6,-380.49178244863595,30000.0,HalfCheetah-v3,TD3_Q2aAC
7,255.47023098472386,35000.0,HalfCheetah-v3,TD3_Q2aAC
8,573.7610433195521,40000.0,HalfCheetah-v3,TD3_Q2aAC
9,968.4519699470159,45000.0,HalfCheetah-v3,TD3_Q2aAC
10,867.9010439904796,50000.0,HalfCheetah-v3,TD3_Q2aAC
11,1218.4778157987046,55000.0,HalfCheetah-v3,TD3_Q2aAC
12,1808.9560148750654,60000.0,HalfCheetah-v3,TD3_Q2aAC
13,2093.6560833574267,65000.0,HalfCheetah-v3,TD3_Q2aAC
14,2080.005124972812,70000.0,HalfCheetah-v3,TD3_Q2aAC
15,3087.070737881072,75000.0,HalfCheetah-v3,TD3_Q2aAC
16,2075.96566896103,80000.0,HalfCheetah-v3,TD3_Q2aAC
17,3953.2786029177355,85000.0,HalfCheetah-v3,TD3_Q2aAC
18,3345.1415087918554,90000.0,HalfCheetah-v3,TD3_Q2aAC
19,4158.2328196027,95000.0,HalfCheetah-v3,TD3_Q2aAC
20,4073.236924835738,100000.0,HalfCheetah-v3,TD3_Q2aAC
21,4180.740451275663,105000.0,HalfCheetah-v3,TD3_Q2aAC
22,4362.169891814155,110000.0,HalfCheetah-v3,TD3_Q2aAC
23,4215.029102530683,115000.0,HalfCheetah-v3,TD3_Q2aAC
24,4375.495187200809,120000.0,HalfCheetah-v3,TD3_Q2aAC
25,4251.498933919245,125000.0,HalfCheetah-v3,TD3_Q2aAC
26,4629.3720472564,130000.0,HalfCheetah-v3,TD3_Q2aAC
27,4401.035384978384,135000.0,HalfCheetah-v3,TD3_Q2aAC
28,4719.50515068035,140000.0,HalfCheetah-v3,TD3_Q2aAC
29,4710.9508564754415,145000.0,HalfCheetah-v3,TD3_Q2aAC
30,5305.061983585881,150000.0,HalfCheetah-v3,TD3_Q2aAC
31,5075.840654550162,155000.0,HalfCheetah-v3,TD3_Q2aAC
32,5075.267342586119,160000.0,HalfCheetah-v3,TD3_Q2aAC
33,5113.471499563033,165000.0,HalfCheetah-v3,TD3_Q2aAC
34,5256.0020227984305,170000.0,HalfCheetah-v3,TD3_Q2aAC
35,5113.267879577263,175000.0,HalfCheetah-v3,TD3_Q2aAC
36,5224.320420085235,180000.0,HalfCheetah-v3,TD3_Q2aAC
37,5115.332815631651,185000.0,HalfCheetah-v3,TD3_Q2aAC
38,5316.126599387963,190000.0,HalfCheetah-v3,TD3_Q2aAC
39,5430.790378189783,195000.0,HalfCheetah-v3,TD3_Q2aAC
40,5269.732915305022,200000.0,HalfCheetah-v3,TD3_Q2aAC
41,5306.169825741613,205000.0,HalfCheetah-v3,TD3_Q2aAC
42,5278.996857854896,210000.0,HalfCheetah-v3,TD3_Q2aAC
43,5299.945551240161,215000.0,HalfCheetah-v3,TD3_Q2aAC
44,5350.760679930274,220000.0,HalfCheetah-v3,TD3_Q2aAC
45,5421.826097376196,225000.0,HalfCheetah-v3,TD3_Q2aAC
46,5332.098850995125,230000.0,HalfCheetah-v3,TD3_Q2aAC
47,5351.928738551198,235000.0,HalfCheetah-v3,TD3_Q2aAC
48,5421.6293790235595,240000.0,HalfCheetah-v3,TD3_Q2aAC
49,5535.284041794739,245000.0,HalfCheetah-v3,TD3_Q2aAC
50,4960.543074902956,250000.0,HalfCheetah-v3,TD3_Q2aAC
51,5419.603305910142,255000.0,HalfCheetah-v3,TD3_Q2aAC
52,5446.19593709141,260000.0,HalfCheetah-v3,TD3_Q2aAC
53,5626.616512719906,265000.0,HalfCheetah-v3,TD3_Q2aAC
54,5548.602602030339,270000.0,HalfCheetah-v3,TD3_Q2aAC
55,5753.236334124835,275000.0,HalfCheetah-v3,TD3_Q2aAC
56,5446.18365849697,280000.0,HalfCheetah-v3,TD3_Q2aAC
57,5548.670844630875,285000.0,HalfCheetah-v3,TD3_Q2aAC
58,5239.996633300592,290000.0,HalfCheetah-v3,TD3_Q2aAC
59,5641.9968147825875,295000.0,HalfCheetah-v3,TD3_Q2aAC
60,5649.808776938046,300000.0,HalfCheetah-v3,TD3_Q2aAC
61,5679.481752694497,305000.0,HalfCheetah-v3,TD3_Q2aAC
62,5800.2103566505075,310000.0,HalfCheetah-v3,TD3_Q2aAC
63,4990.733687350231,315000.0,HalfCheetah-v3,TD3_Q2aAC
64,5719.683007017891,320000.0,HalfCheetah-v3,TD3_Q2aAC
65,5699.416956256463,325000.0,HalfCheetah-v3,TD3_Q2aAC
66,5714.95628547948,330000.0,HalfCheetah-v3,TD3_Q2aAC
67,5722.599870896227,335000.0,HalfCheetah-v3,TD3_Q2aAC
68,5842.239217396073,340000.0,HalfCheetah-v3,TD3_Q2aAC
69,5628.780435262951,345000.0,HalfCheetah-v3,TD3_Q2aAC
70,5980.33954535717,350000.0,HalfCheetah-v3,TD3_Q2aAC
71,5725.098771673902,355000.0,HalfCheetah-v3,TD3_Q2aAC
72,5715.810939614105,360000.0,HalfCheetah-v3,TD3_Q2aAC
73,5781.913432036246,365000.0,HalfCheetah-v3,TD3_Q2aAC
74,5869.135108518092,370000.0,HalfCheetah-v3,TD3_Q2aAC
75,6207.018721690543,375000.0,HalfCheetah-v3,TD3_Q2aAC
76,5989.546573538194,380000.0,HalfCheetah-v3,TD3_Q2aAC
77,5889.880056542845,385000.0,HalfCheetah-v3,TD3_Q2aAC
78,5970.019217171444,390000.0,HalfCheetah-v3,TD3_Q2aAC
79,5889.343251077637,395000.0,HalfCheetah-v3,TD3_Q2aAC
80,6003.516299411914,400000.0,HalfCheetah-v3,TD3_Q2aAC
81,5861.625254448775,405000.0,HalfCheetah-v3,TD3_Q2aAC
82,5997.229148064363,410000.0,HalfCheetah-v3,TD3_Q2aAC
83,6027.35148457343,415000.0,HalfCheetah-v3,TD3_Q2aAC
84,5856.137668364502,420000.0,HalfCheetah-v3,TD3_Q2aAC
85,6077.372147420011,425000.0,HalfCheetah-v3,TD3_Q2aAC
86,5852.744036054769,430000.0,HalfCheetah-v3,TD3_Q2aAC
87,5979.658934209121,435000.0,HalfCheetah-v3,TD3_Q2aAC
88,5934.218168276054,440000.0,HalfCheetah-v3,TD3_Q2aAC
89,6226.305083969872,445000.0,HalfCheetah-v3,TD3_Q2aAC
90,5707.83534851798,450000.0,HalfCheetah-v3,TD3_Q2aAC
91,5981.183263783694,455000.0,HalfCheetah-v3,TD3_Q2aAC
92,5942.441893341067,460000.0,HalfCheetah-v3,TD3_Q2aAC
93,5846.86183290467,465000.0,HalfCheetah-v3,TD3_Q2aAC
94,5994.031590082483,470000.0,HalfCheetah-v3,TD3_Q2aAC
95,6054.266827901802,475000.0,HalfCheetah-v3,TD3_Q2aAC
96,6240.457279653414,480000.0,HalfCheetah-v3,TD3_Q2aAC
97,6183.448944529557,485000.0,HalfCheetah-v3,TD3_Q2aAC
98,6170.409765963794,490000.0,HalfCheetah-v3,TD3_Q2aAC
99,6104.428147553984,495000.0,HalfCheetah-v3,TD3_Q2aAC
100,6259.11082280908,500000.0,HalfCheetah-v3,TD3_Q2aAC
101,6241.098457625098,505000.0,HalfCheetah-v3,TD3_Q2aAC
102,6299.597799996152,510000.0,HalfCheetah-v3,TD3_Q2aAC
103,6275.417482705174,515000.0,HalfCheetah-v3,TD3_Q2aAC
104,6187.281554480158,520000.0,HalfCheetah-v3,TD3_Q2aAC
105,6365.364299400199,525000.0,HalfCheetah-v3,TD3_Q2aAC
106,6323.095645163993,530000.0,HalfCheetah-v3,TD3_Q2aAC
107,6255.0884878256975,535000.0,HalfCheetah-v3,TD3_Q2aAC
108,6353.208871103817,540000.0,HalfCheetah-v3,TD3_Q2aAC
109,6309.914655628202,545000.0,HalfCheetah-v3,TD3_Q2aAC
110,6425.2073737288765,550000.0,HalfCheetah-v3,TD3_Q2aAC
111,6371.755897665824,555000.0,HalfCheetah-v3,TD3_Q2aAC
112,6361.978211014022,560000.0,HalfCheetah-v3,TD3_Q2aAC
113,6499.981631689652,565000.0,HalfCheetah-v3,TD3_Q2aAC
114,6313.745130294021,570000.0,HalfCheetah-v3,TD3_Q2aAC
115,6160.4830854063,575000.0,HalfCheetah-v3,TD3_Q2aAC
116,6356.005526614422,580000.0,HalfCheetah-v3,TD3_Q2aAC
117,6343.582783150961,585000.0,HalfCheetah-v3,TD3_Q2aAC
118,6375.699262155271,590000.0,HalfCheetah-v3,TD3_Q2aAC
119,6399.351530775861,595000.0,HalfCheetah-v3,TD3_Q2aAC
120,6596.739372873648,600000.0,HalfCheetah-v3,TD3_Q2aAC
121,6412.037151568025,605000.0,HalfCheetah-v3,TD3_Q2aAC
122,6482.16492122,610000.0,HalfCheetah-v3,TD3_Q2aAC
123,6415.472335610171,615000.0,HalfCheetah-v3,TD3_Q2aAC
124,6620.308270090897,620000.0,HalfCheetah-v3,TD3_Q2aAC
125,6387.03833522444,625000.0,HalfCheetah-v3,TD3_Q2aAC
126,6286.637206658808,630000.0,HalfCheetah-v3,TD3_Q2aAC
127,6514.849702577121,635000.0,HalfCheetah-v3,TD3_Q2aAC
128,6504.386592142664,640000.0,HalfCheetah-v3,TD3_Q2aAC
129,6386.286776428853,645000.0,HalfCheetah-v3,TD3_Q2aAC
130,6531.371648648312,650000.0,HalfCheetah-v3,TD3_Q2aAC
131,6486.654412840868,655000.0,HalfCheetah-v3,TD3_Q2aAC
132,6499.524824968047,660000.0,HalfCheetah-v3,TD3_Q2aAC
133,6533.546452189009,665000.0,HalfCheetah-v3,TD3_Q2aAC
134,6541.0359889073015,670000.0,HalfCheetah-v3,TD3_Q2aAC
135,6382.745842455384,675000.0,HalfCheetah-v3,TD3_Q2aAC
136,6494.376418080441,680000.0,HalfCheetah-v3,TD3_Q2aAC
137,6496.43811531539,685000.0,HalfCheetah-v3,TD3_Q2aAC
138,6475.560895140725,690000.0,HalfCheetah-v3,TD3_Q2aAC
139,6494.536940906373,695000.0,HalfCheetah-v3,TD3_Q2aAC
140,6517.953258300618,700000.0,HalfCheetah-v3,TD3_Q2aAC
141,6473.156390905768,705000.0,HalfCheetah-v3,TD3_Q2aAC
142,6663.469714447962,710000.0,HalfCheetah-v3,TD3_Q2aAC
143,6705.429882224091,715000.0,HalfCheetah-v3,TD3_Q2aAC
144,6590.3126459819205,720000.0,HalfCheetah-v3,TD3_Q2aAC
145,6684.7314853055595,725000.0,HalfCheetah-v3,TD3_Q2aAC
146,6438.477103756524,730000.0,HalfCheetah-v3,TD3_Q2aAC
147,6581.672672055989,735000.0,HalfCheetah-v3,TD3_Q2aAC
148,6539.68325389243,740000.0,HalfCheetah-v3,TD3_Q2aAC
149,6646.102083852718,745000.0,HalfCheetah-v3,TD3_Q2aAC
150,6742.628513682657,750000.0,HalfCheetah-v3,TD3_Q2aAC
151,6555.426728239088,755000.0,HalfCheetah-v3,TD3_Q2aAC
152,6712.783197325528,760000.0,HalfCheetah-v3,TD3_Q2aAC
153,6826.958600963479,765000.0,HalfCheetah-v3,TD3_Q2aAC
154,6766.669300173914,770000.0,HalfCheetah-v3,TD3_Q2aAC
155,6259.923578958564,775000.0,HalfCheetah-v3,TD3_Q2aAC
156,6844.706620970885,780000.0,HalfCheetah-v3,TD3_Q2aAC
157,6912.914357331296,785000.0,HalfCheetah-v3,TD3_Q2aAC
158,6949.974526421061,790000.0,HalfCheetah-v3,TD3_Q2aAC
159,6894.211085715717,795000.0,HalfCheetah-v3,TD3_Q2aAC
160,6866.05287069519,800000.0,HalfCheetah-v3,TD3_Q2aAC
161,6990.442547625777,805000.0,HalfCheetah-v3,TD3_Q2aAC
162,6926.314541991766,810000.0,HalfCheetah-v3,TD3_Q2aAC
163,6996.987492487968,815000.0,HalfCheetah-v3,TD3_Q2aAC
164,6988.249696057808,820000.0,HalfCheetah-v3,TD3_Q2aAC
165,7132.574164993755,825000.0,HalfCheetah-v3,TD3_Q2aAC
166,6807.104551178214,830000.0,HalfCheetah-v3,TD3_Q2aAC
167,6844.275127484568,835000.0,HalfCheetah-v3,TD3_Q2aAC
168,7074.839602008474,840000.0,HalfCheetah-v3,TD3_Q2aAC
169,7047.537655334194,845000.0,HalfCheetah-v3,TD3_Q2aAC
170,6885.714356432218,850000.0,HalfCheetah-v3,TD3_Q2aAC
171,7004.010726862296,855000.0,HalfCheetah-v3,TD3_Q2aAC
172,7057.557592777293,860000.0,HalfCheetah-v3,TD3_Q2aAC
173,7166.788746330232,865000.0,HalfCheetah-v3,TD3_Q2aAC
174,7001.767768558915,870000.0,HalfCheetah-v3,TD3_Q2aAC
175,7037.641845670943,875000.0,HalfCheetah-v3,TD3_Q2aAC
176,7163.188878034876,880000.0,HalfCheetah-v3,TD3_Q2aAC
177,7137.78363831217,885000.0,HalfCheetah-v3,TD3_Q2aAC
178,7156.841558243349,890000.0,HalfCheetah-v3,TD3_Q2aAC
179,6952.796513189399,895000.0,HalfCheetah-v3,TD3_Q2aAC
180,6801.323731392081,900000.0,HalfCheetah-v3,TD3_Q2aAC
181,7011.32910411087,905000.0,HalfCheetah-v3,TD3_Q2aAC
182,7199.19267275831,910000.0,HalfCheetah-v3,TD3_Q2aAC
183,7112.371315094136,915000.0,HalfCheetah-v3,TD3_Q2aAC
184,7188.061452516728,920000.0,HalfCheetah-v3,TD3_Q2aAC
185,7143.804724641312,925000.0,HalfCheetah-v3,TD3_Q2aAC
186,7222.000169009642,930000.0,HalfCheetah-v3,TD3_Q2aAC
187,7063.8343479661435,935000.0,HalfCheetah-v3,TD3_Q2aAC
188,7264.53588026403,940000.0,HalfCheetah-v3,TD3_Q2aAC
189,7152.845983178306,945000.0,HalfCheetah-v3,TD3_Q2aAC
190,7193.228688420415,950000.0,HalfCheetah-v3,TD3_Q2aAC
191,7284.086791227605,955000.0,HalfCheetah-v3,TD3_Q2aAC
192,7153.674738588308,960000.0,HalfCheetah-v3,TD3_Q2aAC
193,7302.763197155662,965000.0,HalfCheetah-v3,TD3_Q2aAC
194,7238.298586870407,970000.0,HalfCheetah-v3,TD3_Q2aAC
195,7218.328538327059,975000.0,HalfCheetah-v3,TD3_Q2aAC
196,7240.031668855374,980000.0,HalfCheetah-v3,TD3_Q2aAC
197,7297.720078614218,985000.0,HalfCheetah-v3,TD3_Q2aAC
198,7283.06436065974,990000.0,HalfCheetah-v3,TD3_Q2aAC
199,7330.982192294611,995000.0,HalfCheetah-v3,TD3_Q2aAC
200,7219.05861019359,1000000.0,HalfCheetah-v3,TD3_Q2aAC
