index,Average Return,Timesteps,env,algorithm_name
0,-177.80050902693273,0,HalfCheetah-v3,SAC_Q2a
1,-21.51330684807306,5000,HalfCheetah-v3,SAC_Q2a
2,-395.1884267801645,10000,HalfCheetah-v3,SAC_Q2a
3,-183.69899343816672,15000,HalfCheetah-v3,SAC_Q2a
4,-153.0522991637302,20000,HalfCheetah-v3,SAC_Q2a
5,774.5423375861122,25000,HalfCheetah-v3,SAC_Q2a
6,853.6849008179446,30000,HalfCheetah-v3,SAC_Q2a
7,2568.0423629725315,35000,HalfCheetah-v3,SAC_Q2a
8,3355.5292988615693,40000,HalfCheetah-v3,SAC_Q2a
9,2353.2436913370616,45000,HalfCheetah-v3,SAC_Q2a
10,3528.644684747857,50000,HalfCheetah-v3,SAC_Q2a
11,4002.2421929828924,55000,HalfCheetah-v3,SAC_Q2a
12,4065.5154448563203,60000,HalfCheetah-v3,SAC_Q2a
13,4374.9555083708365,65000,HalfCheetah-v3,SAC_Q2a
14,4656.868181770496,70000,HalfCheetah-v3,SAC_Q2a
15,4868.129978217019,75000,HalfCheetah-v3,SAC_Q2a
16,4818.132797437547,80000,HalfCheetah-v3,SAC_Q2a
17,5006.33533485942,85000,HalfCheetah-v3,SAC_Q2a
18,5202.8417162794885,90000,HalfCheetah-v3,SAC_Q2a
19,5324.070913819911,95000,HalfCheetah-v3,SAC_Q2a
20,5294.649682663066,100000,HalfCheetah-v3,SAC_Q2a
21,5495.357892241525,105000,HalfCheetah-v3,SAC_Q2a
22,5583.565382991694,110000,HalfCheetah-v3,SAC_Q2a
23,5463.526883494029,115000,HalfCheetah-v3,SAC_Q2a
24,5536.136360367449,120000,HalfCheetah-v3,SAC_Q2a
25,5803.275030797628,125000,HalfCheetah-v3,SAC_Q2a
26,6038.168405098696,130000,HalfCheetah-v3,SAC_Q2a
27,6189.691708310704,135000,HalfCheetah-v3,SAC_Q2a
28,5869.392111378264,140000,HalfCheetah-v3,SAC_Q2a
29,6210.215813898885,145000,HalfCheetah-v3,SAC_Q2a
30,6181.074399333281,150000,HalfCheetah-v3,SAC_Q2a
31,6118.694421270238,155000,HalfCheetah-v3,SAC_Q2a
32,6498.385724557222,160000,HalfCheetah-v3,SAC_Q2a
33,6303.180693483567,165000,HalfCheetah-v3,SAC_Q2a
34,6446.887947198194,170000,HalfCheetah-v3,SAC_Q2a
35,6498.866957029715,175000,HalfCheetah-v3,SAC_Q2a
36,6561.440484295839,180000,HalfCheetah-v3,SAC_Q2a
37,6663.833689369819,185000,HalfCheetah-v3,SAC_Q2a
38,6497.012175598126,190000,HalfCheetah-v3,SAC_Q2a
39,6580.137903233427,195000,HalfCheetah-v3,SAC_Q2a
40,6703.97903455025,200000,HalfCheetah-v3,SAC_Q2a
41,6863.7764547129555,205000,HalfCheetah-v3,SAC_Q2a
42,6656.6218624468065,210000,HalfCheetah-v3,SAC_Q2a
43,6553.035260323855,215000,HalfCheetah-v3,SAC_Q2a
44,7304.954959136647,220000,HalfCheetah-v3,SAC_Q2a
45,7356.485438775829,225000,HalfCheetah-v3,SAC_Q2a
46,7415.036965987402,230000,HalfCheetah-v3,SAC_Q2a
47,7451.33928261916,235000,HalfCheetah-v3,SAC_Q2a
48,7271.838473720342,240000,HalfCheetah-v3,SAC_Q2a
49,7368.1275079045445,245000,HalfCheetah-v3,SAC_Q2a
50,7548.808579432283,250000,HalfCheetah-v3,SAC_Q2a
51,7851.812668927125,255000,HalfCheetah-v3,SAC_Q2a
52,7412.221435784132,260000,HalfCheetah-v3,SAC_Q2a
53,7989.8438943457995,265000,HalfCheetah-v3,SAC_Q2a
54,7702.168951156306,270000,HalfCheetah-v3,SAC_Q2a
55,8107.865499508529,275000,HalfCheetah-v3,SAC_Q2a
56,8042.206240500969,280000,HalfCheetah-v3,SAC_Q2a
57,7897.881473579759,285000,HalfCheetah-v3,SAC_Q2a
58,8124.016810190366,290000,HalfCheetah-v3,SAC_Q2a
59,8187.392571690054,295000,HalfCheetah-v3,SAC_Q2a
60,8240.270822274098,300000,HalfCheetah-v3,SAC_Q2a
61,8188.463892232731,305000,HalfCheetah-v3,SAC_Q2a
62,8338.495467724877,310000,HalfCheetah-v3,SAC_Q2a
63,8412.211243098747,315000,HalfCheetah-v3,SAC_Q2a
64,8374.877327340782,320000,HalfCheetah-v3,SAC_Q2a
65,8414.431898965919,325000,HalfCheetah-v3,SAC_Q2a
66,8155.730868720978,330000,HalfCheetah-v3,SAC_Q2a
67,8405.211441894176,335000,HalfCheetah-v3,SAC_Q2a
68,8444.701104227059,340000,HalfCheetah-v3,SAC_Q2a
69,8567.01828330822,345000,HalfCheetah-v3,SAC_Q2a
70,8435.329638954803,350000,HalfCheetah-v3,SAC_Q2a
71,8621.749849533964,355000,HalfCheetah-v3,SAC_Q2a
72,8501.00560276931,360000,HalfCheetah-v3,SAC_Q2a
73,8044.102448327181,365000,HalfCheetah-v3,SAC_Q2a
74,8643.775069619485,370000,HalfCheetah-v3,SAC_Q2a
75,8535.433179079515,375000,HalfCheetah-v3,SAC_Q2a
76,8657.231812015565,380000,HalfCheetah-v3,SAC_Q2a
77,8663.097430260565,385000,HalfCheetah-v3,SAC_Q2a
78,8601.504492385018,390000,HalfCheetah-v3,SAC_Q2a
79,8851.431841567788,395000,HalfCheetah-v3,SAC_Q2a
80,8712.931459034384,400000,HalfCheetah-v3,SAC_Q2a
81,8690.137134140732,405000,HalfCheetah-v3,SAC_Q2a
82,8862.628400427631,410000,HalfCheetah-v3,SAC_Q2a
83,8461.449954334295,415000,HalfCheetah-v3,SAC_Q2a
84,8781.303475437968,420000,HalfCheetah-v3,SAC_Q2a
85,8866.546758352266,425000,HalfCheetah-v3,SAC_Q2a
86,8939.773265883752,430000,HalfCheetah-v3,SAC_Q2a
87,9020.070544916478,435000,HalfCheetah-v3,SAC_Q2a
88,8938.24317916565,440000,HalfCheetah-v3,SAC_Q2a
89,8871.963459114988,445000,HalfCheetah-v3,SAC_Q2a
90,9057.882574171192,450000,HalfCheetah-v3,SAC_Q2a
91,9153.579704739295,455000,HalfCheetah-v3,SAC_Q2a
92,8809.541809556853,460000,HalfCheetah-v3,SAC_Q2a
93,9097.870133902079,465000,HalfCheetah-v3,SAC_Q2a
94,9077.223834054323,470000,HalfCheetah-v3,SAC_Q2a
95,9116.654657109659,475000,HalfCheetah-v3,SAC_Q2a
96,9042.954268429756,480000,HalfCheetah-v3,SAC_Q2a
97,9065.587869457853,485000,HalfCheetah-v3,SAC_Q2a
98,9354.574239727193,490000,HalfCheetah-v3,SAC_Q2a
99,8938.685214854979,495000,HalfCheetah-v3,SAC_Q2a
100,9185.06372612648,500000,HalfCheetah-v3,SAC_Q2a
101,9371.362927118138,505000,HalfCheetah-v3,SAC_Q2a
102,9451.950430237352,510000,HalfCheetah-v3,SAC_Q2a
103,9360.480620154207,515000,HalfCheetah-v3,SAC_Q2a
104,9444.69493096323,520000,HalfCheetah-v3,SAC_Q2a
105,9466.825120062807,525000,HalfCheetah-v3,SAC_Q2a
106,9319.113027723262,530000,HalfCheetah-v3,SAC_Q2a
107,9413.995756210283,535000,HalfCheetah-v3,SAC_Q2a
108,9369.449400217216,540000,HalfCheetah-v3,SAC_Q2a
109,9426.916562854582,545000,HalfCheetah-v3,SAC_Q2a
110,9220.535724504507,550000,HalfCheetah-v3,SAC_Q2a
111,9733.81190642796,555000,HalfCheetah-v3,SAC_Q2a
112,9585.19154148644,560000,HalfCheetah-v3,SAC_Q2a
113,9527.282479880227,565000,HalfCheetah-v3,SAC_Q2a
114,9191.101657758254,570000,HalfCheetah-v3,SAC_Q2a
115,8999.077656262394,575000,HalfCheetah-v3,SAC_Q2a
116,9622.933329885866,580000,HalfCheetah-v3,SAC_Q2a
117,9690.833924578696,585000,HalfCheetah-v3,SAC_Q2a
118,9561.006433317885,590000,HalfCheetah-v3,SAC_Q2a
119,9684.17964155417,595000,HalfCheetah-v3,SAC_Q2a
120,9730.503453479843,600000,HalfCheetah-v3,SAC_Q2a
121,9655.97575309537,605000,HalfCheetah-v3,SAC_Q2a
122,9851.27454832289,610000,HalfCheetah-v3,SAC_Q2a
123,9766.381090092258,615000,HalfCheetah-v3,SAC_Q2a
124,9880.267676888654,620000,HalfCheetah-v3,SAC_Q2a
125,9895.249686459068,625000,HalfCheetah-v3,SAC_Q2a
126,10008.682452979185,630000,HalfCheetah-v3,SAC_Q2a
127,9872.9593663768,635000,HalfCheetah-v3,SAC_Q2a
128,9957.547748640116,640000,HalfCheetah-v3,SAC_Q2a
129,10081.857675794596,645000,HalfCheetah-v3,SAC_Q2a
130,9857.68471828321,650000,HalfCheetah-v3,SAC_Q2a
131,9824.99546146265,655000,HalfCheetah-v3,SAC_Q2a
132,9995.995677612462,660000,HalfCheetah-v3,SAC_Q2a
