index,Average Return,Timesteps,env,algorithm_name
0,-5.520526060900028,0.0,HalfCheetah-v3,TD3_Q2a2x64_1p_zeros
1,-20.849853514552315,5000.0,HalfCheetah-v3,TD3_Q2a2x64_1p_zeros
2,-57.05136147556085,10000.0,HalfCheetah-v3,TD3_Q2a2x64_1p_zeros
3,-107.16258880821741,15000.0,HalfCheetah-v3,TD3_Q2a2x64_1p_zeros
4,-136.2211756910204,20000.0,HalfCheetah-v3,TD3_Q2a2x64_1p_zeros
5,-5.261103401418255,25000.0,HalfCheetah-v3,TD3_Q2a2x64_1p_zeros
6,-21.269105517668297,30000.0,HalfCheetah-v3,TD3_Q2a2x64_1p_zeros
7,-54.25265139809098,35000.0,HalfCheetah-v3,TD3_Q2a2x64_1p_zeros
8,-90.08368840525313,40000.0,HalfCheetah-v3,TD3_Q2a2x64_1p_zeros
9,-152.7977328227508,45000.0,HalfCheetah-v3,TD3_Q2a2x64_1p_zeros
10,-453.8242783772591,50000.0,HalfCheetah-v3,TD3_Q2a2x64_1p_zeros
11,-442.1808136923934,55000.0,HalfCheetah-v3,TD3_Q2a2x64_1p_zeros
12,-427.948884583105,60000.0,HalfCheetah-v3,TD3_Q2a2x64_1p_zeros
13,-418.58521177041257,65000.0,HalfCheetah-v3,TD3_Q2a2x64_1p_zeros
14,-403.41761309124155,70000.0,HalfCheetah-v3,TD3_Q2a2x64_1p_zeros
15,-453.99798215129647,75000.0,HalfCheetah-v3,TD3_Q2a2x64_1p_zeros
16,-392.6192854818645,80000.0,HalfCheetah-v3,TD3_Q2a2x64_1p_zeros
17,-390.15249913264904,85000.0,HalfCheetah-v3,TD3_Q2a2x64_1p_zeros
18,-364.0138891875364,90000.0,HalfCheetah-v3,TD3_Q2a2x64_1p_zeros
19,-359.8091921300738,95000.0,HalfCheetah-v3,TD3_Q2a2x64_1p_zeros
20,-134.47846157907261,100000.0,HalfCheetah-v3,TD3_Q2a2x64_1p_zeros
21,-201.16284503351812,105000.0,HalfCheetah-v3,TD3_Q2a2x64_1p_zeros
22,-177.54935442247296,110000.0,HalfCheetah-v3,TD3_Q2a2x64_1p_zeros
23,-127.61765725377197,115000.0,HalfCheetah-v3,TD3_Q2a2x64_1p_zeros
24,-108.81270131145345,120000.0,HalfCheetah-v3,TD3_Q2a2x64_1p_zeros
25,463.5449797008916,125000.0,HalfCheetah-v3,TD3_Q2a2x64_1p_zeros
26,432.1977801064683,130000.0,HalfCheetah-v3,TD3_Q2a2x64_1p_zeros
27,321.66177875502507,135000.0,HalfCheetah-v3,TD3_Q2a2x64_1p_zeros
28,490.3377551331455,140000.0,HalfCheetah-v3,TD3_Q2a2x64_1p_zeros
29,413.76225595663743,145000.0,HalfCheetah-v3,TD3_Q2a2x64_1p_zeros
30,1402.2959689974832,150000.0,HalfCheetah-v3,TD3_Q2a2x64_1p_zeros
31,1235.5657226182532,155000.0,HalfCheetah-v3,TD3_Q2a2x64_1p_zeros
32,1182.2689632775598,160000.0,HalfCheetah-v3,TD3_Q2a2x64_1p_zeros
33,1378.7963212571985,165000.0,HalfCheetah-v3,TD3_Q2a2x64_1p_zeros
34,1176.5700010816563,170000.0,HalfCheetah-v3,TD3_Q2a2x64_1p_zeros
35,2437.3233200576824,175000.0,HalfCheetah-v3,TD3_Q2a2x64_1p_zeros
36,2384.2926698011515,180000.0,HalfCheetah-v3,TD3_Q2a2x64_1p_zeros
37,2360.6298377609683,185000.0,HalfCheetah-v3,TD3_Q2a2x64_1p_zeros
38,2363.203994235188,190000.0,HalfCheetah-v3,TD3_Q2a2x64_1p_zeros
39,2239.45246766687,195000.0,HalfCheetah-v3,TD3_Q2a2x64_1p_zeros
40,2862.1438959425714,200000.0,HalfCheetah-v3,TD3_Q2a2x64_1p_zeros
41,2729.453855597929,205000.0,HalfCheetah-v3,TD3_Q2a2x64_1p_zeros
42,2641.08266897073,210000.0,HalfCheetah-v3,TD3_Q2a2x64_1p_zeros
43,2682.4494129619025,215000.0,HalfCheetah-v3,TD3_Q2a2x64_1p_zeros
44,2648.569858605908,220000.0,HalfCheetah-v3,TD3_Q2a2x64_1p_zeros
45,2515.837998453717,225000.0,HalfCheetah-v3,TD3_Q2a2x64_1p_zeros
46,2563.9192523718693,230000.0,HalfCheetah-v3,TD3_Q2a2x64_1p_zeros
47,2593.575601674389,235000.0,HalfCheetah-v3,TD3_Q2a2x64_1p_zeros
48,2246.537459974562,240000.0,HalfCheetah-v3,TD3_Q2a2x64_1p_zeros
49,2500.7630122121855,245000.0,HalfCheetah-v3,TD3_Q2a2x64_1p_zeros
50,3105.8273740513996,250000.0,HalfCheetah-v3,TD3_Q2a2x64_1p_zeros
51,3105.8849474293315,255000.0,HalfCheetah-v3,TD3_Q2a2x64_1p_zeros
52,3019.1054046752492,260000.0,HalfCheetah-v3,TD3_Q2a2x64_1p_zeros
53,2942.125680310375,265000.0,HalfCheetah-v3,TD3_Q2a2x64_1p_zeros
54,2910.1657569241365,270000.0,HalfCheetah-v3,TD3_Q2a2x64_1p_zeros
55,3169.9895876816036,275000.0,HalfCheetah-v3,TD3_Q2a2x64_1p_zeros
56,3255.3025681673034,280000.0,HalfCheetah-v3,TD3_Q2a2x64_1p_zeros
57,3166.4882351100578,285000.0,HalfCheetah-v3,TD3_Q2a2x64_1p_zeros
58,2672.5810164373365,290000.0,HalfCheetah-v3,TD3_Q2a2x64_1p_zeros
59,2853.6871208774287,295000.0,HalfCheetah-v3,TD3_Q2a2x64_1p_zeros
60,3555.8732896223773,300000.0,HalfCheetah-v3,TD3_Q2a2x64_1p_zeros
61,3428.4350560565144,305000.0,HalfCheetah-v3,TD3_Q2a2x64_1p_zeros
62,2855.77465263613,310000.0,HalfCheetah-v3,TD3_Q2a2x64_1p_zeros
63,3058.0973528411077,315000.0,HalfCheetah-v3,TD3_Q2a2x64_1p_zeros
64,2921.1923721717585,320000.0,HalfCheetah-v3,TD3_Q2a2x64_1p_zeros
65,3559.282578294614,325000.0,HalfCheetah-v3,TD3_Q2a2x64_1p_zeros
66,3554.8169933141303,330000.0,HalfCheetah-v3,TD3_Q2a2x64_1p_zeros
67,3160.467643609112,335000.0,HalfCheetah-v3,TD3_Q2a2x64_1p_zeros
68,3182.9025296135997,340000.0,HalfCheetah-v3,TD3_Q2a2x64_1p_zeros
69,3157.5251276094186,345000.0,HalfCheetah-v3,TD3_Q2a2x64_1p_zeros
70,3741.164987142579,350000.0,HalfCheetah-v3,TD3_Q2a2x64_1p_zeros
71,3086.0673502350705,355000.0,HalfCheetah-v3,TD3_Q2a2x64_1p_zeros
72,3221.0001456149585,360000.0,HalfCheetah-v3,TD3_Q2a2x64_1p_zeros
73,3364.962485215131,365000.0,HalfCheetah-v3,TD3_Q2a2x64_1p_zeros
74,2924.9838645218033,370000.0,HalfCheetah-v3,TD3_Q2a2x64_1p_zeros
75,4155.305272445598,375000.0,HalfCheetah-v3,TD3_Q2a2x64_1p_zeros
76,3990.5843268295525,380000.0,HalfCheetah-v3,TD3_Q2a2x64_1p_zeros
77,3747.0093712851717,385000.0,HalfCheetah-v3,TD3_Q2a2x64_1p_zeros
78,3518.066726992277,390000.0,HalfCheetah-v3,TD3_Q2a2x64_1p_zeros
79,3477.216385003931,395000.0,HalfCheetah-v3,TD3_Q2a2x64_1p_zeros
80,4098.612503915252,400000.0,HalfCheetah-v3,TD3_Q2a2x64_1p_zeros
81,3997.6201415732075,405000.0,HalfCheetah-v3,TD3_Q2a2x64_1p_zeros
82,3779.058302096889,410000.0,HalfCheetah-v3,TD3_Q2a2x64_1p_zeros
83,3371.7010003083806,415000.0,HalfCheetah-v3,TD3_Q2a2x64_1p_zeros
84,3018.955010139791,420000.0,HalfCheetah-v3,TD3_Q2a2x64_1p_zeros
85,4409.303173215141,425000.0,HalfCheetah-v3,TD3_Q2a2x64_1p_zeros
86,4165.522984769972,430000.0,HalfCheetah-v3,TD3_Q2a2x64_1p_zeros
87,3757.9590889069345,435000.0,HalfCheetah-v3,TD3_Q2a2x64_1p_zeros
88,3354.233523580565,440000.0,HalfCheetah-v3,TD3_Q2a2x64_1p_zeros
89,3625.461953397599,445000.0,HalfCheetah-v3,TD3_Q2a2x64_1p_zeros
90,4425.710774867433,450000.0,HalfCheetah-v3,TD3_Q2a2x64_1p_zeros
91,4283.310760495592,455000.0,HalfCheetah-v3,TD3_Q2a2x64_1p_zeros
92,4047.1348804331487,460000.0,HalfCheetah-v3,TD3_Q2a2x64_1p_zeros
93,3817.5500978833616,465000.0,HalfCheetah-v3,TD3_Q2a2x64_1p_zeros
94,3579.2012363247477,470000.0,HalfCheetah-v3,TD3_Q2a2x64_1p_zeros
95,4553.467894134655,475000.0,HalfCheetah-v3,TD3_Q2a2x64_1p_zeros
96,4417.953010332824,480000.0,HalfCheetah-v3,TD3_Q2a2x64_1p_zeros
97,4192.661274370785,485000.0,HalfCheetah-v3,TD3_Q2a2x64_1p_zeros
98,3929.149169167329,490000.0,HalfCheetah-v3,TD3_Q2a2x64_1p_zeros
99,3757.425914246701,495000.0,HalfCheetah-v3,TD3_Q2a2x64_1p_zeros
100,4525.621647065154,500000.0,HalfCheetah-v3,TD3_Q2a2x64_1p_zeros
101,4376.367520675413,505000.0,HalfCheetah-v3,TD3_Q2a2x64_1p_zeros
102,4172.82928249279,510000.0,HalfCheetah-v3,TD3_Q2a2x64_1p_zeros
103,3960.062139275141,515000.0,HalfCheetah-v3,TD3_Q2a2x64_1p_zeros
104,3728.050701154534,520000.0,HalfCheetah-v3,TD3_Q2a2x64_1p_zeros
105,4583.495728468171,525000.0,HalfCheetah-v3,TD3_Q2a2x64_1p_zeros
106,4439.762916567781,530000.0,HalfCheetah-v3,TD3_Q2a2x64_1p_zeros
107,4184.960621073367,535000.0,HalfCheetah-v3,TD3_Q2a2x64_1p_zeros
108,3949.192835147142,540000.0,HalfCheetah-v3,TD3_Q2a2x64_1p_zeros
109,3753.818430434817,545000.0,HalfCheetah-v3,TD3_Q2a2x64_1p_zeros
110,4616.898611749242,550000.0,HalfCheetah-v3,TD3_Q2a2x64_1p_zeros
111,4488.01223559998,555000.0,HalfCheetah-v3,TD3_Q2a2x64_1p_zeros
112,4278.828874029978,560000.0,HalfCheetah-v3,TD3_Q2a2x64_1p_zeros
113,4075.9610553383013,565000.0,HalfCheetah-v3,TD3_Q2a2x64_1p_zeros
114,3862.5295523733466,570000.0,HalfCheetah-v3,TD3_Q2a2x64_1p_zeros
115,4630.378885108152,575000.0,HalfCheetah-v3,TD3_Q2a2x64_1p_zeros
116,4464.147884136574,580000.0,HalfCheetah-v3,TD3_Q2a2x64_1p_zeros
117,4191.7980896266145,585000.0,HalfCheetah-v3,TD3_Q2a2x64_1p_zeros
118,3996.970952848591,590000.0,HalfCheetah-v3,TD3_Q2a2x64_1p_zeros
119,3819.8697206410334,595000.0,HalfCheetah-v3,TD3_Q2a2x64_1p_zeros
120,4713.074387579895,600000.0,HalfCheetah-v3,TD3_Q2a2x64_1p_zeros
121,4543.874787672927,605000.0,HalfCheetah-v3,TD3_Q2a2x64_1p_zeros
122,4339.234481427676,610000.0,HalfCheetah-v3,TD3_Q2a2x64_1p_zeros
123,4137.789804242914,615000.0,HalfCheetah-v3,TD3_Q2a2x64_1p_zeros
124,3631.1137630850235,620000.0,HalfCheetah-v3,TD3_Q2a2x64_1p_zeros
125,4750.111253843447,625000.0,HalfCheetah-v3,TD3_Q2a2x64_1p_zeros
126,4621.414681611006,630000.0,HalfCheetah-v3,TD3_Q2a2x64_1p_zeros
127,4397.280039612211,635000.0,HalfCheetah-v3,TD3_Q2a2x64_1p_zeros
128,4185.497981454486,640000.0,HalfCheetah-v3,TD3_Q2a2x64_1p_zeros
129,3924.6943114650626,645000.0,HalfCheetah-v3,TD3_Q2a2x64_1p_zeros
130,4683.015610969693,650000.0,HalfCheetah-v3,TD3_Q2a2x64_1p_zeros
131,4462.7448067158575,655000.0,HalfCheetah-v3,TD3_Q2a2x64_1p_zeros
132,4231.89603757336,660000.0,HalfCheetah-v3,TD3_Q2a2x64_1p_zeros
133,4046.8291034009285,665000.0,HalfCheetah-v3,TD3_Q2a2x64_1p_zeros
134,3718.46461439788,670000.0,HalfCheetah-v3,TD3_Q2a2x64_1p_zeros
135,4758.4158988280615,675000.0,HalfCheetah-v3,TD3_Q2a2x64_1p_zeros
136,4617.802897282423,680000.0,HalfCheetah-v3,TD3_Q2a2x64_1p_zeros
137,4439.180280454675,685000.0,HalfCheetah-v3,TD3_Q2a2x64_1p_zeros
138,4198.261353917627,690000.0,HalfCheetah-v3,TD3_Q2a2x64_1p_zeros
139,3975.184023199702,695000.0,HalfCheetah-v3,TD3_Q2a2x64_1p_zeros
140,4675.342748623441,700000.0,HalfCheetah-v3,TD3_Q2a2x64_1p_zeros
141,4576.055179614427,705000.0,HalfCheetah-v3,TD3_Q2a2x64_1p_zeros
142,4318.227662746699,710000.0,HalfCheetah-v3,TD3_Q2a2x64_1p_zeros
143,4074.7658635547364,715000.0,HalfCheetah-v3,TD3_Q2a2x64_1p_zeros
144,3885.612677780356,720000.0,HalfCheetah-v3,TD3_Q2a2x64_1p_zeros
145,4717.304298986676,725000.0,HalfCheetah-v3,TD3_Q2a2x64_1p_zeros
146,4603.1179954243125,730000.0,HalfCheetah-v3,TD3_Q2a2x64_1p_zeros
147,4410.506344208485,735000.0,HalfCheetah-v3,TD3_Q2a2x64_1p_zeros
148,4174.359191210728,740000.0,HalfCheetah-v3,TD3_Q2a2x64_1p_zeros
149,3877.118894599805,745000.0,HalfCheetah-v3,TD3_Q2a2x64_1p_zeros
150,4726.462737337506,750000.0,HalfCheetah-v3,TD3_Q2a2x64_1p_zeros
151,4567.996574847863,755000.0,HalfCheetah-v3,TD3_Q2a2x64_1p_zeros
152,4379.935676297862,760000.0,HalfCheetah-v3,TD3_Q2a2x64_1p_zeros
153,4165.534066340526,765000.0,HalfCheetah-v3,TD3_Q2a2x64_1p_zeros
154,3964.242131700551,770000.0,HalfCheetah-v3,TD3_Q2a2x64_1p_zeros
155,4773.852709137436,775000.0,HalfCheetah-v3,TD3_Q2a2x64_1p_zeros
156,4666.9815172303315,780000.0,HalfCheetah-v3,TD3_Q2a2x64_1p_zeros
157,4454.798789366066,785000.0,HalfCheetah-v3,TD3_Q2a2x64_1p_zeros
158,4261.68305771961,790000.0,HalfCheetah-v3,TD3_Q2a2x64_1p_zeros
159,4011.540677594961,795000.0,HalfCheetah-v3,TD3_Q2a2x64_1p_zeros
160,4722.027744113335,800000.0,HalfCheetah-v3,TD3_Q2a2x64_1p_zeros
161,4643.875714653027,805000.0,HalfCheetah-v3,TD3_Q2a2x64_1p_zeros
162,4390.366539410704,810000.0,HalfCheetah-v3,TD3_Q2a2x64_1p_zeros
163,4159.3729812392685,815000.0,HalfCheetah-v3,TD3_Q2a2x64_1p_zeros
164,3943.8826909506556,820000.0,HalfCheetah-v3,TD3_Q2a2x64_1p_zeros
165,4733.417752709231,825000.0,HalfCheetah-v3,TD3_Q2a2x64_1p_zeros
166,4618.907833562929,830000.0,HalfCheetah-v3,TD3_Q2a2x64_1p_zeros
167,4429.88181533633,835000.0,HalfCheetah-v3,TD3_Q2a2x64_1p_zeros
168,4131.460067964202,840000.0,HalfCheetah-v3,TD3_Q2a2x64_1p_zeros
169,3932.6336344216556,845000.0,HalfCheetah-v3,TD3_Q2a2x64_1p_zeros
170,4772.26805087699,850000.0,HalfCheetah-v3,TD3_Q2a2x64_1p_zeros
171,4642.819598878475,855000.0,HalfCheetah-v3,TD3_Q2a2x64_1p_zeros
172,4482.664592117913,860000.0,HalfCheetah-v3,TD3_Q2a2x64_1p_zeros
173,4236.598137474463,865000.0,HalfCheetah-v3,TD3_Q2a2x64_1p_zeros
174,4013.9445795633555,870000.0,HalfCheetah-v3,TD3_Q2a2x64_1p_zeros
175,4763.726116497985,875000.0,HalfCheetah-v3,TD3_Q2a2x64_1p_zeros
176,4638.915077729271,880000.0,HalfCheetah-v3,TD3_Q2a2x64_1p_zeros
177,4456.183240844427,885000.0,HalfCheetah-v3,TD3_Q2a2x64_1p_zeros
178,4228.971256796858,890000.0,HalfCheetah-v3,TD3_Q2a2x64_1p_zeros
179,3983.2091478514544,895000.0,HalfCheetah-v3,TD3_Q2a2x64_1p_zeros
180,4800.928641784018,900000.0,HalfCheetah-v3,TD3_Q2a2x64_1p_zeros
181,4669.178415125848,905000.0,HalfCheetah-v3,TD3_Q2a2x64_1p_zeros
182,4473.064890294205,910000.0,HalfCheetah-v3,TD3_Q2a2x64_1p_zeros
183,4245.8584619965895,915000.0,HalfCheetah-v3,TD3_Q2a2x64_1p_zeros
184,3996.585262870558,920000.0,HalfCheetah-v3,TD3_Q2a2x64_1p_zeros
185,4762.474981237103,925000.0,HalfCheetah-v3,TD3_Q2a2x64_1p_zeros
186,4628.7687779155585,930000.0,HalfCheetah-v3,TD3_Q2a2x64_1p_zeros
187,4429.632173120622,935000.0,HalfCheetah-v3,TD3_Q2a2x64_1p_zeros
188,4139.381027767087,940000.0,HalfCheetah-v3,TD3_Q2a2x64_1p_zeros
189,3941.4172609069124,945000.0,HalfCheetah-v3,TD3_Q2a2x64_1p_zeros
190,4805.967017970647,950000.0,HalfCheetah-v3,TD3_Q2a2x64_1p_zeros
191,4622.661444696882,955000.0,HalfCheetah-v3,TD3_Q2a2x64_1p_zeros
192,4428.058299988824,960000.0,HalfCheetah-v3,TD3_Q2a2x64_1p_zeros
193,4253.100065399694,965000.0,HalfCheetah-v3,TD3_Q2a2x64_1p_zeros
194,3969.5184214087094,970000.0,HalfCheetah-v3,TD3_Q2a2x64_1p_zeros
195,4791.866037078253,975000.0,HalfCheetah-v3,TD3_Q2a2x64_1p_zeros
196,4661.011923349381,980000.0,HalfCheetah-v3,TD3_Q2a2x64_1p_zeros
197,4517.274514108179,985000.0,HalfCheetah-v3,TD3_Q2a2x64_1p_zeros
198,4254.975486865765,990000.0,HalfCheetah-v3,TD3_Q2a2x64_1p_zeros
199,4107.553219205713,995000.0,HalfCheetah-v3,TD3_Q2a2x64_1p_zeros
200,4793.524255350809,1000000.0,HalfCheetah-v3,TD3_Q2a2x64_1p_zeros
201,4684.319931783618,1005000.0,HalfCheetah-v3,TD3_Q2a2x64_1p_zeros
202,4503.251299142177,1010000.0,HalfCheetah-v3,TD3_Q2a2x64_1p_zeros
203,4267.178437867382,1015000.0,HalfCheetah-v3,TD3_Q2a2x64_1p_zeros
204,4022.8614505641117,1020000.0,HalfCheetah-v3,TD3_Q2a2x64_1p_zeros
205,4827.506888330875,1025000.0,HalfCheetah-v3,TD3_Q2a2x64_1p_zeros
206,4652.88931038323,1030000.0,HalfCheetah-v3,TD3_Q2a2x64_1p_zeros
207,4484.407361739819,1035000.0,HalfCheetah-v3,TD3_Q2a2x64_1p_zeros
208,4223.709280289471,1040000.0,HalfCheetah-v3,TD3_Q2a2x64_1p_zeros
209,4070.858471808469,1045000.0,HalfCheetah-v3,TD3_Q2a2x64_1p_zeros
210,4804.219091401612,1050000.0,HalfCheetah-v3,TD3_Q2a2x64_1p_zeros
211,4709.4533020513345,1055000.0,HalfCheetah-v3,TD3_Q2a2x64_1p_zeros
212,4528.223370332871,1060000.0,HalfCheetah-v3,TD3_Q2a2x64_1p_zeros
213,4336.55514466774,1065000.0,HalfCheetah-v3,TD3_Q2a2x64_1p_zeros
214,4083.957933170349,1070000.0,HalfCheetah-v3,TD3_Q2a2x64_1p_zeros
215,4858.352049157659,1075000.0,HalfCheetah-v3,TD3_Q2a2x64_1p_zeros
216,4704.6497727208825,1080000.0,HalfCheetah-v3,TD3_Q2a2x64_1p_zeros
217,4511.815631384679,1085000.0,HalfCheetah-v3,TD3_Q2a2x64_1p_zeros
218,4301.309939356581,1090000.0,HalfCheetah-v3,TD3_Q2a2x64_1p_zeros
219,4108.6565221992305,1095000.0,HalfCheetah-v3,TD3_Q2a2x64_1p_zeros
220,4835.732093064887,1100000.0,HalfCheetah-v3,TD3_Q2a2x64_1p_zeros
221,4714.556926618674,1105000.0,HalfCheetah-v3,TD3_Q2a2x64_1p_zeros
222,4503.709131091311,1110000.0,HalfCheetah-v3,TD3_Q2a2x64_1p_zeros
223,4275.028696740868,1115000.0,HalfCheetah-v3,TD3_Q2a2x64_1p_zeros
224,4041.794857628322,1120000.0,HalfCheetah-v3,TD3_Q2a2x64_1p_zeros
225,4867.235720793314,1125000.0,HalfCheetah-v3,TD3_Q2a2x64_1p_zeros
226,4738.474286963504,1130000.0,HalfCheetah-v3,TD3_Q2a2x64_1p_zeros
227,4542.595859042149,1135000.0,HalfCheetah-v3,TD3_Q2a2x64_1p_zeros
228,4317.9496443618855,1140000.0,HalfCheetah-v3,TD3_Q2a2x64_1p_zeros
229,4124.252169050153,1145000.0,HalfCheetah-v3,TD3_Q2a2x64_1p_zeros
230,4864.806057127771,1150000.0,HalfCheetah-v3,TD3_Q2a2x64_1p_zeros
231,4728.366734755516,1155000.0,HalfCheetah-v3,TD3_Q2a2x64_1p_zeros
232,4541.907017259387,1160000.0,HalfCheetah-v3,TD3_Q2a2x64_1p_zeros
233,4324.80063516127,1165000.0,HalfCheetah-v3,TD3_Q2a2x64_1p_zeros
234,4114.35241868047,1170000.0,HalfCheetah-v3,TD3_Q2a2x64_1p_zeros
235,4888.235597826138,1175000.0,HalfCheetah-v3,TD3_Q2a2x64_1p_zeros
236,4760.296208505052,1180000.0,HalfCheetah-v3,TD3_Q2a2x64_1p_zeros
237,4543.376771104106,1185000.0,HalfCheetah-v3,TD3_Q2a2x64_1p_zeros
238,4328.409152695953,1190000.0,HalfCheetah-v3,TD3_Q2a2x64_1p_zeros
239,4103.102516121131,1195000.0,HalfCheetah-v3,TD3_Q2a2x64_1p_zeros
240,4847.882332948255,1200000.0,HalfCheetah-v3,TD3_Q2a2x64_1p_zeros
241,4719.431657320182,1205000.0,HalfCheetah-v3,TD3_Q2a2x64_1p_zeros
242,4537.075874121292,1210000.0,HalfCheetah-v3,TD3_Q2a2x64_1p_zeros
243,4297.056226249291,1215000.0,HalfCheetah-v3,TD3_Q2a2x64_1p_zeros
244,4076.8041199077693,1220000.0,HalfCheetah-v3,TD3_Q2a2x64_1p_zeros
245,4845.2424524252365,1225000.0,HalfCheetah-v3,TD3_Q2a2x64_1p_zeros
246,4735.50500495021,1230000.0,HalfCheetah-v3,TD3_Q2a2x64_1p_zeros
247,4520.100145268624,1235000.0,HalfCheetah-v3,TD3_Q2a2x64_1p_zeros
248,4317.950544881583,1240000.0,HalfCheetah-v3,TD3_Q2a2x64_1p_zeros
249,4111.098028556893,1245000.0,HalfCheetah-v3,TD3_Q2a2x64_1p_zeros
250,4897.0003531691855,1250000.0,HalfCheetah-v3,TD3_Q2a2x64_1p_zeros
251,4773.001073045613,1255000.0,HalfCheetah-v3,TD3_Q2a2x64_1p_zeros
252,4545.070928738778,1260000.0,HalfCheetah-v3,TD3_Q2a2x64_1p_zeros
253,4363.112572868196,1265000.0,HalfCheetah-v3,TD3_Q2a2x64_1p_zeros
254,4134.679830241,1270000.0,HalfCheetah-v3,TD3_Q2a2x64_1p_zeros
255,4874.596583713443,1275000.0,HalfCheetah-v3,TD3_Q2a2x64_1p_zeros
256,4753.514007938531,1280000.0,HalfCheetah-v3,TD3_Q2a2x64_1p_zeros
257,4616.8779865683555,1285000.0,HalfCheetah-v3,TD3_Q2a2x64_1p_zeros
258,4380.123002328752,1290000.0,HalfCheetah-v3,TD3_Q2a2x64_1p_zeros
259,4148.916334492783,1295000.0,HalfCheetah-v3,TD3_Q2a2x64_1p_zeros
260,4877.4067412034865,1300000.0,HalfCheetah-v3,TD3_Q2a2x64_1p_zeros
261,4755.859866901694,1305000.0,HalfCheetah-v3,TD3_Q2a2x64_1p_zeros
262,4581.795723414909,1310000.0,HalfCheetah-v3,TD3_Q2a2x64_1p_zeros
263,4345.731596197631,1315000.0,HalfCheetah-v3,TD3_Q2a2x64_1p_zeros
264,4136.287804419802,1320000.0,HalfCheetah-v3,TD3_Q2a2x64_1p_zeros
265,4908.49220066569,1325000.0,HalfCheetah-v3,TD3_Q2a2x64_1p_zeros
266,4768.32724766303,1330000.0,HalfCheetah-v3,TD3_Q2a2x64_1p_zeros
267,4583.268164285849,1335000.0,HalfCheetah-v3,TD3_Q2a2x64_1p_zeros
268,4346.044230932379,1340000.0,HalfCheetah-v3,TD3_Q2a2x64_1p_zeros
269,4148.91849451803,1345000.0,HalfCheetah-v3,TD3_Q2a2x64_1p_zeros
270,4890.454243366108,1350000.0,HalfCheetah-v3,TD3_Q2a2x64_1p_zeros
271,4770.924196822771,1355000.0,HalfCheetah-v3,TD3_Q2a2x64_1p_zeros
272,4578.886865639355,1360000.0,HalfCheetah-v3,TD3_Q2a2x64_1p_zeros
273,4362.992262808862,1365000.0,HalfCheetah-v3,TD3_Q2a2x64_1p_zeros
274,4142.1221800902695,1370000.0,HalfCheetah-v3,TD3_Q2a2x64_1p_zeros
275,4877.45813559021,1375000.0,HalfCheetah-v3,TD3_Q2a2x64_1p_zeros
276,4754.475222119896,1380000.0,HalfCheetah-v3,TD3_Q2a2x64_1p_zeros
277,4578.4643571124425,1385000.0,HalfCheetah-v3,TD3_Q2a2x64_1p_zeros
278,4324.223555730341,1390000.0,HalfCheetah-v3,TD3_Q2a2x64_1p_zeros
279,4066.0935331596693,1395000.0,HalfCheetah-v3,TD3_Q2a2x64_1p_zeros
280,4933.402280052573,1400000.0,HalfCheetah-v3,TD3_Q2a2x64_1p_zeros
281,4812.9830733768695,1405000.0,HalfCheetah-v3,TD3_Q2a2x64_1p_zeros
282,4611.683457724922,1410000.0,HalfCheetah-v3,TD3_Q2a2x64_1p_zeros
283,4415.435743470959,1415000.0,HalfCheetah-v3,TD3_Q2a2x64_1p_zeros
284,4195.117824647377,1420000.0,HalfCheetah-v3,TD3_Q2a2x64_1p_zeros
285,4920.094856495154,1425000.0,HalfCheetah-v3,TD3_Q2a2x64_1p_zeros
286,4792.766216775118,1430000.0,HalfCheetah-v3,TD3_Q2a2x64_1p_zeros
287,4626.352371206638,1435000.0,HalfCheetah-v3,TD3_Q2a2x64_1p_zeros
288,4446.277455330886,1440000.0,HalfCheetah-v3,TD3_Q2a2x64_1p_zeros
289,4176.5803184814995,1445000.0,HalfCheetah-v3,TD3_Q2a2x64_1p_zeros
290,4871.701758259175,1450000.0,HalfCheetah-v3,TD3_Q2a2x64_1p_zeros
291,4745.071726944223,1455000.0,HalfCheetah-v3,TD3_Q2a2x64_1p_zeros
292,4540.511907674146,1460000.0,HalfCheetah-v3,TD3_Q2a2x64_1p_zeros
293,4335.147004349759,1465000.0,HalfCheetah-v3,TD3_Q2a2x64_1p_zeros
294,4147.783317641653,1470000.0,HalfCheetah-v3,TD3_Q2a2x64_1p_zeros
295,4929.007167599314,1475000.0,HalfCheetah-v3,TD3_Q2a2x64_1p_zeros
296,4773.600612398066,1480000.0,HalfCheetah-v3,TD3_Q2a2x64_1p_zeros
297,4591.32464097295,1485000.0,HalfCheetah-v3,TD3_Q2a2x64_1p_zeros
298,4393.048172409614,1490000.0,HalfCheetah-v3,TD3_Q2a2x64_1p_zeros
299,4182.577884429045,1495000.0,HalfCheetah-v3,TD3_Q2a2x64_1p_zeros
300,4963.249077976973,1500000.0,HalfCheetah-v3,TD3_Q2a2x64_1p_zeros
301,4810.834518536554,1505000.0,HalfCheetah-v3,TD3_Q2a2x64_1p_zeros
302,4646.816082314501,1510000.0,HalfCheetah-v3,TD3_Q2a2x64_1p_zeros
303,4456.664762355433,1515000.0,HalfCheetah-v3,TD3_Q2a2x64_1p_zeros
304,4220.507889758576,1520000.0,HalfCheetah-v3,TD3_Q2a2x64_1p_zeros
305,4933.1130351294805,1525000.0,HalfCheetah-v3,TD3_Q2a2x64_1p_zeros
306,4816.827601413837,1530000.0,HalfCheetah-v3,TD3_Q2a2x64_1p_zeros
307,4612.872110487656,1535000.0,HalfCheetah-v3,TD3_Q2a2x64_1p_zeros
308,4415.537744686594,1540000.0,HalfCheetah-v3,TD3_Q2a2x64_1p_zeros
309,4213.886765805166,1545000.0,HalfCheetah-v3,TD3_Q2a2x64_1p_zeros
310,4923.652040520342,1550000.0,HalfCheetah-v3,TD3_Q2a2x64_1p_zeros
311,4808.74126910035,1555000.0,HalfCheetah-v3,TD3_Q2a2x64_1p_zeros
312,4656.91319895932,1560000.0,HalfCheetah-v3,TD3_Q2a2x64_1p_zeros
313,4450.152532816139,1565000.0,HalfCheetah-v3,TD3_Q2a2x64_1p_zeros
314,4281.4415082753785,1570000.0,HalfCheetah-v3,TD3_Q2a2x64_1p_zeros
315,4915.120366189555,1575000.0,HalfCheetah-v3,TD3_Q2a2x64_1p_zeros
316,4792.482884845083,1580000.0,HalfCheetah-v3,TD3_Q2a2x64_1p_zeros
317,4626.870627773446,1585000.0,HalfCheetah-v3,TD3_Q2a2x64_1p_zeros
318,4376.9905046384765,1590000.0,HalfCheetah-v3,TD3_Q2a2x64_1p_zeros
319,4044.960399445511,1595000.0,HalfCheetah-v3,TD3_Q2a2x64_1p_zeros
320,4869.282595391013,1600000.0,HalfCheetah-v3,TD3_Q2a2x64_1p_zeros
321,4767.694137176631,1605000.0,HalfCheetah-v3,TD3_Q2a2x64_1p_zeros
322,4615.907021388553,1610000.0,HalfCheetah-v3,TD3_Q2a2x64_1p_zeros
323,4407.2928223909785,1615000.0,HalfCheetah-v3,TD3_Q2a2x64_1p_zeros
324,4186.694205639474,1620000.0,HalfCheetah-v3,TD3_Q2a2x64_1p_zeros
325,4945.342317927668,1625000.0,HalfCheetah-v3,TD3_Q2a2x64_1p_zeros
326,4809.014446309929,1630000.0,HalfCheetah-v3,TD3_Q2a2x64_1p_zeros
327,4638.771523087884,1635000.0,HalfCheetah-v3,TD3_Q2a2x64_1p_zeros
328,4454.596570153668,1640000.0,HalfCheetah-v3,TD3_Q2a2x64_1p_zeros
329,4243.534163127232,1645000.0,HalfCheetah-v3,TD3_Q2a2x64_1p_zeros
330,4962.021839939421,1650000.0,HalfCheetah-v3,TD3_Q2a2x64_1p_zeros
331,4850.428840390506,1655000.0,HalfCheetah-v3,TD3_Q2a2x64_1p_zeros
332,4642.65368315504,1660000.0,HalfCheetah-v3,TD3_Q2a2x64_1p_zeros
333,4452.289279573633,1665000.0,HalfCheetah-v3,TD3_Q2a2x64_1p_zeros
334,4236.530939761277,1670000.0,HalfCheetah-v3,TD3_Q2a2x64_1p_zeros
335,4940.122705580345,1675000.0,HalfCheetah-v3,TD3_Q2a2x64_1p_zeros
336,4823.484395039506,1680000.0,HalfCheetah-v3,TD3_Q2a2x64_1p_zeros
337,4662.019583202241,1685000.0,HalfCheetah-v3,TD3_Q2a2x64_1p_zeros
338,4423.546950167162,1690000.0,HalfCheetah-v3,TD3_Q2a2x64_1p_zeros
339,4213.411149585039,1695000.0,HalfCheetah-v3,TD3_Q2a2x64_1p_zeros
340,4955.803811539345,1700000.0,HalfCheetah-v3,TD3_Q2a2x64_1p_zeros
341,4835.218610990893,1705000.0,HalfCheetah-v3,TD3_Q2a2x64_1p_zeros
342,4693.48411222308,1710000.0,HalfCheetah-v3,TD3_Q2a2x64_1p_zeros
343,4465.263932029527,1715000.0,HalfCheetah-v3,TD3_Q2a2x64_1p_zeros
344,4301.855646277733,1720000.0,HalfCheetah-v3,TD3_Q2a2x64_1p_zeros
345,4911.779334933175,1725000.0,HalfCheetah-v3,TD3_Q2a2x64_1p_zeros
346,4795.466107979099,1730000.0,HalfCheetah-v3,TD3_Q2a2x64_1p_zeros
347,4593.5353063139155,1735000.0,HalfCheetah-v3,TD3_Q2a2x64_1p_zeros
348,4403.152670192674,1740000.0,HalfCheetah-v3,TD3_Q2a2x64_1p_zeros
349,4179.82576207359,1745000.0,HalfCheetah-v3,TD3_Q2a2x64_1p_zeros
350,4944.63930541384,1750000.0,HalfCheetah-v3,TD3_Q2a2x64_1p_zeros
351,4815.220595223245,1755000.0,HalfCheetah-v3,TD3_Q2a2x64_1p_zeros
352,4649.678617612285,1760000.0,HalfCheetah-v3,TD3_Q2a2x64_1p_zeros
353,4470.627037097599,1765000.0,HalfCheetah-v3,TD3_Q2a2x64_1p_zeros
354,4286.415331899693,1770000.0,HalfCheetah-v3,TD3_Q2a2x64_1p_zeros
355,4958.213262015546,1775000.0,HalfCheetah-v3,TD3_Q2a2x64_1p_zeros
356,4836.79116440262,1780000.0,HalfCheetah-v3,TD3_Q2a2x64_1p_zeros
357,4674.647029808978,1785000.0,HalfCheetah-v3,TD3_Q2a2x64_1p_zeros
358,4498.329145732933,1790000.0,HalfCheetah-v3,TD3_Q2a2x64_1p_zeros
359,4304.122843673873,1795000.0,HalfCheetah-v3,TD3_Q2a2x64_1p_zeros
360,4960.71292611454,1800000.0,HalfCheetah-v3,TD3_Q2a2x64_1p_zeros
361,4851.05310259778,1805000.0,HalfCheetah-v3,TD3_Q2a2x64_1p_zeros
362,4665.334904537982,1810000.0,HalfCheetah-v3,TD3_Q2a2x64_1p_zeros
363,4470.5557450428805,1815000.0,HalfCheetah-v3,TD3_Q2a2x64_1p_zeros
364,4311.63627873458,1820000.0,HalfCheetah-v3,TD3_Q2a2x64_1p_zeros
365,5018.047291983952,1825000.0,HalfCheetah-v3,TD3_Q2a2x64_1p_zeros
366,4873.805840162824,1830000.0,HalfCheetah-v3,TD3_Q2a2x64_1p_zeros
367,4674.013663143746,1835000.0,HalfCheetah-v3,TD3_Q2a2x64_1p_zeros
368,4503.818554756317,1840000.0,HalfCheetah-v3,TD3_Q2a2x64_1p_zeros
369,4330.669118608328,1845000.0,HalfCheetah-v3,TD3_Q2a2x64_1p_zeros
370,5009.449564849447,1850000.0,HalfCheetah-v3,TD3_Q2a2x64_1p_zeros
371,4872.688088854216,1855000.0,HalfCheetah-v3,TD3_Q2a2x64_1p_zeros
372,4713.597111049452,1860000.0,HalfCheetah-v3,TD3_Q2a2x64_1p_zeros
373,4512.292386197518,1865000.0,HalfCheetah-v3,TD3_Q2a2x64_1p_zeros
374,4301.478064895911,1870000.0,HalfCheetah-v3,TD3_Q2a2x64_1p_zeros
375,5028.885901314596,1875000.0,HalfCheetah-v3,TD3_Q2a2x64_1p_zeros
376,4884.121261651102,1880000.0,HalfCheetah-v3,TD3_Q2a2x64_1p_zeros
377,4704.667757443354,1885000.0,HalfCheetah-v3,TD3_Q2a2x64_1p_zeros
378,4525.329276553666,1890000.0,HalfCheetah-v3,TD3_Q2a2x64_1p_zeros
379,4307.082422866235,1895000.0,HalfCheetah-v3,TD3_Q2a2x64_1p_zeros
380,5005.976714752778,1900000.0,HalfCheetah-v3,TD3_Q2a2x64_1p_zeros
381,4901.5825761670285,1905000.0,HalfCheetah-v3,TD3_Q2a2x64_1p_zeros
382,4749.714638941643,1910000.0,HalfCheetah-v3,TD3_Q2a2x64_1p_zeros
383,4552.902001253924,1915000.0,HalfCheetah-v3,TD3_Q2a2x64_1p_zeros
384,4333.091833820881,1920000.0,HalfCheetah-v3,TD3_Q2a2x64_1p_zeros
385,5026.900067007363,1925000.0,HalfCheetah-v3,TD3_Q2a2x64_1p_zeros
386,4884.631703051957,1930000.0,HalfCheetah-v3,TD3_Q2a2x64_1p_zeros
387,4724.226780521619,1935000.0,HalfCheetah-v3,TD3_Q2a2x64_1p_zeros
388,4555.168211886516,1940000.0,HalfCheetah-v3,TD3_Q2a2x64_1p_zeros
389,4368.751682173917,1945000.0,HalfCheetah-v3,TD3_Q2a2x64_1p_zeros
390,5001.703912214334,1950000.0,HalfCheetah-v3,TD3_Q2a2x64_1p_zeros
391,4864.227921649553,1955000.0,HalfCheetah-v3,TD3_Q2a2x64_1p_zeros
392,4709.26145263057,1960000.0,HalfCheetah-v3,TD3_Q2a2x64_1p_zeros
393,4541.450609430891,1965000.0,HalfCheetah-v3,TD3_Q2a2x64_1p_zeros
394,4327.033754574194,1970000.0,HalfCheetah-v3,TD3_Q2a2x64_1p_zeros
395,5049.044057918644,1975000.0,HalfCheetah-v3,TD3_Q2a2x64_1p_zeros
396,4888.279959628792,1980000.0,HalfCheetah-v3,TD3_Q2a2x64_1p_zeros
397,4707.58663611356,1985000.0,HalfCheetah-v3,TD3_Q2a2x64_1p_zeros
398,4481.768036632819,1990000.0,HalfCheetah-v3,TD3_Q2a2x64_1p_zeros
399,4297.257980351404,1995000.0,HalfCheetah-v3,TD3_Q2a2x64_1p_zeros
400,5046.355013104408,2000000.0,HalfCheetah-v3,TD3_Q2a2x64_1p_zeros
401,4911.725592149638,2005000.0,HalfCheetah-v3,TD3_Q2a2x64_1p_zeros
402,4747.159599592751,2010000.0,HalfCheetah-v3,TD3_Q2a2x64_1p_zeros
403,4530.322414149362,2015000.0,HalfCheetah-v3,TD3_Q2a2x64_1p_zeros
404,4283.555717005087,2020000.0,HalfCheetah-v3,TD3_Q2a2x64_1p_zeros
405,5051.210167649824,2025000.0,HalfCheetah-v3,TD3_Q2a2x64_1p_zeros
406,4918.133201635761,2030000.0,HalfCheetah-v3,TD3_Q2a2x64_1p_zeros
407,4764.749087057498,2035000.0,HalfCheetah-v3,TD3_Q2a2x64_1p_zeros
408,4515.443740413508,2040000.0,HalfCheetah-v3,TD3_Q2a2x64_1p_zeros
409,4306.912260718171,2045000.0,HalfCheetah-v3,TD3_Q2a2x64_1p_zeros
410,5051.179019785207,2050000.0,HalfCheetah-v3,TD3_Q2a2x64_1p_zeros
411,4902.358430248487,2055000.0,HalfCheetah-v3,TD3_Q2a2x64_1p_zeros
412,4719.805491788298,2060000.0,HalfCheetah-v3,TD3_Q2a2x64_1p_zeros
413,4518.1377571775,2065000.0,HalfCheetah-v3,TD3_Q2a2x64_1p_zeros
414,4347.642710397765,2070000.0,HalfCheetah-v3,TD3_Q2a2x64_1p_zeros
415,5092.170364569852,2075000.0,HalfCheetah-v3,TD3_Q2a2x64_1p_zeros
416,4971.743890473705,2080000.0,HalfCheetah-v3,TD3_Q2a2x64_1p_zeros
417,4814.971577809994,2085000.0,HalfCheetah-v3,TD3_Q2a2x64_1p_zeros
418,4654.715844083971,2090000.0,HalfCheetah-v3,TD3_Q2a2x64_1p_zeros
419,4393.209016403914,2095000.0,HalfCheetah-v3,TD3_Q2a2x64_1p_zeros
420,5062.93376044805,2100000.0,HalfCheetah-v3,TD3_Q2a2x64_1p_zeros
421,4952.4922662422005,2105000.0,HalfCheetah-v3,TD3_Q2a2x64_1p_zeros
422,4784.1044851150045,2110000.0,HalfCheetah-v3,TD3_Q2a2x64_1p_zeros
423,4622.720515722546,2115000.0,HalfCheetah-v3,TD3_Q2a2x64_1p_zeros
424,4414.2920869520385,2120000.0,HalfCheetah-v3,TD3_Q2a2x64_1p_zeros
425,5071.888765048065,2125000.0,HalfCheetah-v3,TD3_Q2a2x64_1p_zeros
426,4972.65620970441,2130000.0,HalfCheetah-v3,TD3_Q2a2x64_1p_zeros
427,4775.808953425406,2135000.0,HalfCheetah-v3,TD3_Q2a2x64_1p_zeros
428,4579.448876500168,2140000.0,HalfCheetah-v3,TD3_Q2a2x64_1p_zeros
429,4336.465606326448,2145000.0,HalfCheetah-v3,TD3_Q2a2x64_1p_zeros
430,5079.658574492676,2150000.0,HalfCheetah-v3,TD3_Q2a2x64_1p_zeros
431,4954.115144961419,2155000.0,HalfCheetah-v3,TD3_Q2a2x64_1p_zeros
432,4773.816428984661,2160000.0,HalfCheetah-v3,TD3_Q2a2x64_1p_zeros
433,4595.776095278594,2165000.0,HalfCheetah-v3,TD3_Q2a2x64_1p_zeros
434,4361.117048078133,2170000.0,HalfCheetah-v3,TD3_Q2a2x64_1p_zeros
435,5076.19734723124,2175000.0,HalfCheetah-v3,TD3_Q2a2x64_1p_zeros
436,4959.899546679042,2180000.0,HalfCheetah-v3,TD3_Q2a2x64_1p_zeros
437,4819.244758154929,2185000.0,HalfCheetah-v3,TD3_Q2a2x64_1p_zeros
438,4591.212731380396,2190000.0,HalfCheetah-v3,TD3_Q2a2x64_1p_zeros
439,4449.066891533202,2195000.0,HalfCheetah-v3,TD3_Q2a2x64_1p_zeros
440,5109.939191859694,2200000.0,HalfCheetah-v3,TD3_Q2a2x64_1p_zeros
441,4986.740410102601,2205000.0,HalfCheetah-v3,TD3_Q2a2x64_1p_zeros
442,4829.732784236239,2210000.0,HalfCheetah-v3,TD3_Q2a2x64_1p_zeros
443,4599.545738802686,2215000.0,HalfCheetah-v3,TD3_Q2a2x64_1p_zeros
444,4392.201227452356,2220000.0,HalfCheetah-v3,TD3_Q2a2x64_1p_zeros
445,5133.959894282667,2225000.0,HalfCheetah-v3,TD3_Q2a2x64_1p_zeros
446,5004.965834613983,2230000.0,HalfCheetah-v3,TD3_Q2a2x64_1p_zeros
447,4836.697744767062,2235000.0,HalfCheetah-v3,TD3_Q2a2x64_1p_zeros
448,4634.932825878692,2240000.0,HalfCheetah-v3,TD3_Q2a2x64_1p_zeros
449,4448.303354149651,2245000.0,HalfCheetah-v3,TD3_Q2a2x64_1p_zeros
450,5135.705894558562,2250000.0,HalfCheetah-v3,TD3_Q2a2x64_1p_zeros
451,4986.591930196356,2255000.0,HalfCheetah-v3,TD3_Q2a2x64_1p_zeros
452,4836.239594413912,2260000.0,HalfCheetah-v3,TD3_Q2a2x64_1p_zeros
453,4602.293484194108,2265000.0,HalfCheetah-v3,TD3_Q2a2x64_1p_zeros
454,4430.249527094373,2270000.0,HalfCheetah-v3,TD3_Q2a2x64_1p_zeros
455,5109.223557611689,2275000.0,HalfCheetah-v3,TD3_Q2a2x64_1p_zeros
456,4992.179801584945,2280000.0,HalfCheetah-v3,TD3_Q2a2x64_1p_zeros
457,4851.51648283811,2285000.0,HalfCheetah-v3,TD3_Q2a2x64_1p_zeros
458,4636.979581337706,2290000.0,HalfCheetah-v3,TD3_Q2a2x64_1p_zeros
459,4477.710816993043,2295000.0,HalfCheetah-v3,TD3_Q2a2x64_1p_zeros
460,5114.9773698317385,2300000.0,HalfCheetah-v3,TD3_Q2a2x64_1p_zeros
461,4980.410797763137,2305000.0,HalfCheetah-v3,TD3_Q2a2x64_1p_zeros
462,4798.952316990157,2310000.0,HalfCheetah-v3,TD3_Q2a2x64_1p_zeros
463,4597.306628197514,2315000.0,HalfCheetah-v3,TD3_Q2a2x64_1p_zeros
464,4346.388152424444,2320000.0,HalfCheetah-v3,TD3_Q2a2x64_1p_zeros
465,5144.798359770474,2325000.0,HalfCheetah-v3,TD3_Q2a2x64_1p_zeros
466,5025.273246073486,2330000.0,HalfCheetah-v3,TD3_Q2a2x64_1p_zeros
467,4837.588804906487,2335000.0,HalfCheetah-v3,TD3_Q2a2x64_1p_zeros
468,4667.57219491169,2340000.0,HalfCheetah-v3,TD3_Q2a2x64_1p_zeros
469,4449.049299215553,2345000.0,HalfCheetah-v3,TD3_Q2a2x64_1p_zeros
470,5131.0463027355845,2350000.0,HalfCheetah-v3,TD3_Q2a2x64_1p_zeros
471,5015.035164106954,2355000.0,HalfCheetah-v3,TD3_Q2a2x64_1p_zeros
472,4804.216496557183,2360000.0,HalfCheetah-v3,TD3_Q2a2x64_1p_zeros
473,4654.4839250672685,2365000.0,HalfCheetah-v3,TD3_Q2a2x64_1p_zeros
474,4438.350690757803,2370000.0,HalfCheetah-v3,TD3_Q2a2x64_1p_zeros
475,5177.858210232308,2375000.0,HalfCheetah-v3,TD3_Q2a2x64_1p_zeros
476,5058.818089105814,2380000.0,HalfCheetah-v3,TD3_Q2a2x64_1p_zeros
477,4869.7842490990515,2385000.0,HalfCheetah-v3,TD3_Q2a2x64_1p_zeros
478,4692.304392153457,2390000.0,HalfCheetah-v3,TD3_Q2a2x64_1p_zeros
479,4515.7228229514785,2395000.0,HalfCheetah-v3,TD3_Q2a2x64_1p_zeros
480,5147.595584313004,2400000.0,HalfCheetah-v3,TD3_Q2a2x64_1p_zeros
481,5034.227169309523,2405000.0,HalfCheetah-v3,TD3_Q2a2x64_1p_zeros
482,4887.89713365533,2410000.0,HalfCheetah-v3,TD3_Q2a2x64_1p_zeros
483,4731.082486749393,2415000.0,HalfCheetah-v3,TD3_Q2a2x64_1p_zeros
484,4496.708494189834,2420000.0,HalfCheetah-v3,TD3_Q2a2x64_1p_zeros
485,5155.437968536467,2425000.0,HalfCheetah-v3,TD3_Q2a2x64_1p_zeros
486,5042.850360443289,2430000.0,HalfCheetah-v3,TD3_Q2a2x64_1p_zeros
487,4887.576886175357,2435000.0,HalfCheetah-v3,TD3_Q2a2x64_1p_zeros
488,4652.312506231229,2440000.0,HalfCheetah-v3,TD3_Q2a2x64_1p_zeros
489,4446.210164659395,2445000.0,HalfCheetah-v3,TD3_Q2a2x64_1p_zeros
490,5213.227046827515,2450000.0,HalfCheetah-v3,TD3_Q2a2x64_1p_zeros
491,5094.395264738081,2455000.0,HalfCheetah-v3,TD3_Q2a2x64_1p_zeros
492,4958.455428824358,2460000.0,HalfCheetah-v3,TD3_Q2a2x64_1p_zeros
493,4734.322114950441,2465000.0,HalfCheetah-v3,TD3_Q2a2x64_1p_zeros
494,4494.7207406590705,2470000.0,HalfCheetah-v3,TD3_Q2a2x64_1p_zeros
495,5173.025721187072,2475000.0,HalfCheetah-v3,TD3_Q2a2x64_1p_zeros
496,5057.036223502426,2480000.0,HalfCheetah-v3,TD3_Q2a2x64_1p_zeros
497,4860.734603992996,2485000.0,HalfCheetah-v3,TD3_Q2a2x64_1p_zeros
498,4659.747620419545,2490000.0,HalfCheetah-v3,TD3_Q2a2x64_1p_zeros
499,4444.315737637495,2495000.0,HalfCheetah-v3,TD3_Q2a2x64_1p_zeros
500,5243.002018155223,2500000.0,HalfCheetah-v3,TD3_Q2a2x64_1p_zeros
501,5130.391620385972,2505000.0,HalfCheetah-v3,TD3_Q2a2x64_1p_zeros
502,4956.698504801485,2510000.0,HalfCheetah-v3,TD3_Q2a2x64_1p_zeros
503,4806.831013142384,2515000.0,HalfCheetah-v3,TD3_Q2a2x64_1p_zeros
504,4525.886637352598,2520000.0,HalfCheetah-v3,TD3_Q2a2x64_1p_zeros
505,5160.599677952952,2525000.0,HalfCheetah-v3,TD3_Q2a2x64_1p_zeros
506,5000.901343545096,2530000.0,HalfCheetah-v3,TD3_Q2a2x64_1p_zeros
507,4852.350160429618,2535000.0,HalfCheetah-v3,TD3_Q2a2x64_1p_zeros
508,4648.133019698155,2540000.0,HalfCheetah-v3,TD3_Q2a2x64_1p_zeros
509,4441.588267602786,2545000.0,HalfCheetah-v3,TD3_Q2a2x64_1p_zeros
510,5278.599561419743,2550000.0,HalfCheetah-v3,TD3_Q2a2x64_1p_zeros
511,5139.867933746428,2555000.0,HalfCheetah-v3,TD3_Q2a2x64_1p_zeros
512,4959.720790817039,2560000.0,HalfCheetah-v3,TD3_Q2a2x64_1p_zeros
513,4766.988594674885,2565000.0,HalfCheetah-v3,TD3_Q2a2x64_1p_zeros
514,4553.302008399247,2570000.0,HalfCheetah-v3,TD3_Q2a2x64_1p_zeros
515,5243.843007908408,2575000.0,HalfCheetah-v3,TD3_Q2a2x64_1p_zeros
516,5095.588698594138,2580000.0,HalfCheetah-v3,TD3_Q2a2x64_1p_zeros
517,4925.501550459096,2585000.0,HalfCheetah-v3,TD3_Q2a2x64_1p_zeros
518,4755.324837845514,2590000.0,HalfCheetah-v3,TD3_Q2a2x64_1p_zeros
519,4505.9795591672,2595000.0,HalfCheetah-v3,TD3_Q2a2x64_1p_zeros
520,5292.0525745183395,2600000.0,HalfCheetah-v3,TD3_Q2a2x64_1p_zeros
521,5150.450648722082,2605000.0,HalfCheetah-v3,TD3_Q2a2x64_1p_zeros
522,4967.864943483875,2610000.0,HalfCheetah-v3,TD3_Q2a2x64_1p_zeros
523,4743.961696693928,2615000.0,HalfCheetah-v3,TD3_Q2a2x64_1p_zeros
524,4547.691895456351,2620000.0,HalfCheetah-v3,TD3_Q2a2x64_1p_zeros
525,5273.427596762149,2625000.0,HalfCheetah-v3,TD3_Q2a2x64_1p_zeros
526,5123.912672235403,2630000.0,HalfCheetah-v3,TD3_Q2a2x64_1p_zeros
527,4938.300062474219,2635000.0,HalfCheetah-v3,TD3_Q2a2x64_1p_zeros
528,4727.757616274775,2640000.0,HalfCheetah-v3,TD3_Q2a2x64_1p_zeros
529,4532.790662520374,2645000.0,HalfCheetah-v3,TD3_Q2a2x64_1p_zeros
530,5278.9828822869795,2650000.0,HalfCheetah-v3,TD3_Q2a2x64_1p_zeros
531,5143.578106749409,2655000.0,HalfCheetah-v3,TD3_Q2a2x64_1p_zeros
532,4979.238141736864,2660000.0,HalfCheetah-v3,TD3_Q2a2x64_1p_zeros
533,4673.361547179187,2665000.0,HalfCheetah-v3,TD3_Q2a2x64_1p_zeros
534,4556.813329314138,2670000.0,HalfCheetah-v3,TD3_Q2a2x64_1p_zeros
535,5267.584318534348,2675000.0,HalfCheetah-v3,TD3_Q2a2x64_1p_zeros
536,5112.29969766247,2680000.0,HalfCheetah-v3,TD3_Q2a2x64_1p_zeros
537,4963.0908952253485,2685000.0,HalfCheetah-v3,TD3_Q2a2x64_1p_zeros
538,4741.917258032743,2690000.0,HalfCheetah-v3,TD3_Q2a2x64_1p_zeros
539,4584.093278686327,2695000.0,HalfCheetah-v3,TD3_Q2a2x64_1p_zeros
540,5304.400311829787,2700000.0,HalfCheetah-v3,TD3_Q2a2x64_1p_zeros
541,5164.113327247995,2705000.0,HalfCheetah-v3,TD3_Q2a2x64_1p_zeros
542,4954.361502107202,2710000.0,HalfCheetah-v3,TD3_Q2a2x64_1p_zeros
543,4782.415809327137,2715000.0,HalfCheetah-v3,TD3_Q2a2x64_1p_zeros
544,4530.643684917139,2720000.0,HalfCheetah-v3,TD3_Q2a2x64_1p_zeros
545,5275.855346175821,2725000.0,HalfCheetah-v3,TD3_Q2a2x64_1p_zeros
546,5142.503655662238,2730000.0,HalfCheetah-v3,TD3_Q2a2x64_1p_zeros
547,4917.967049281253,2735000.0,HalfCheetah-v3,TD3_Q2a2x64_1p_zeros
548,4698.0942701019685,2740000.0,HalfCheetah-v3,TD3_Q2a2x64_1p_zeros
549,4528.006816637065,2745000.0,HalfCheetah-v3,TD3_Q2a2x64_1p_zeros
550,5341.800826870325,2750000.0,HalfCheetah-v3,TD3_Q2a2x64_1p_zeros
551,5169.97120695899,2755000.0,HalfCheetah-v3,TD3_Q2a2x64_1p_zeros
552,5012.485366994211,2760000.0,HalfCheetah-v3,TD3_Q2a2x64_1p_zeros
553,4799.43231810517,2765000.0,HalfCheetah-v3,TD3_Q2a2x64_1p_zeros
554,4535.40176844326,2770000.0,HalfCheetah-v3,TD3_Q2a2x64_1p_zeros
555,5336.9956349602135,2775000.0,HalfCheetah-v3,TD3_Q2a2x64_1p_zeros
556,5229.904116174277,2780000.0,HalfCheetah-v3,TD3_Q2a2x64_1p_zeros
557,5024.751390932419,2785000.0,HalfCheetah-v3,TD3_Q2a2x64_1p_zeros
558,4836.395651544695,2790000.0,HalfCheetah-v3,TD3_Q2a2x64_1p_zeros
559,4539.18062436299,2795000.0,HalfCheetah-v3,TD3_Q2a2x64_1p_zeros
560,5364.5626108564,2800000.0,HalfCheetah-v3,TD3_Q2a2x64_1p_zeros
561,5234.603402943855,2805000.0,HalfCheetah-v3,TD3_Q2a2x64_1p_zeros
562,5008.0174932848695,2810000.0,HalfCheetah-v3,TD3_Q2a2x64_1p_zeros
563,4786.250458424198,2815000.0,HalfCheetah-v3,TD3_Q2a2x64_1p_zeros
564,4586.266019815111,2820000.0,HalfCheetah-v3,TD3_Q2a2x64_1p_zeros
565,5480.265241857374,2825000.0,HalfCheetah-v3,TD3_Q2a2x64_1p_zeros
566,5309.010601040864,2830000.0,HalfCheetah-v3,TD3_Q2a2x64_1p_zeros
567,5069.303276059976,2835000.0,HalfCheetah-v3,TD3_Q2a2x64_1p_zeros
568,4929.095124320049,2840000.0,HalfCheetah-v3,TD3_Q2a2x64_1p_zeros
569,4653.419400274686,2845000.0,HalfCheetah-v3,TD3_Q2a2x64_1p_zeros
570,5433.917822989531,2850000.0,HalfCheetah-v3,TD3_Q2a2x64_1p_zeros
571,5282.782335999843,2855000.0,HalfCheetah-v3,TD3_Q2a2x64_1p_zeros
572,5151.16365004247,2860000.0,HalfCheetah-v3,TD3_Q2a2x64_1p_zeros
573,4897.81910045262,2865000.0,HalfCheetah-v3,TD3_Q2a2x64_1p_zeros
574,4666.938582553193,2870000.0,HalfCheetah-v3,TD3_Q2a2x64_1p_zeros
575,5448.181072957812,2875000.0,HalfCheetah-v3,TD3_Q2a2x64_1p_zeros
576,5278.356243484723,2880000.0,HalfCheetah-v3,TD3_Q2a2x64_1p_zeros
577,5045.150517347386,2885000.0,HalfCheetah-v3,TD3_Q2a2x64_1p_zeros
578,4837.553704097933,2890000.0,HalfCheetah-v3,TD3_Q2a2x64_1p_zeros
579,4629.084569668523,2895000.0,HalfCheetah-v3,TD3_Q2a2x64_1p_zeros
580,5380.252125482327,2900000.0,HalfCheetah-v3,TD3_Q2a2x64_1p_zeros
581,5232.829258731308,2905000.0,HalfCheetah-v3,TD3_Q2a2x64_1p_zeros
582,5087.124340053251,2910000.0,HalfCheetah-v3,TD3_Q2a2x64_1p_zeros
583,4845.440097693344,2915000.0,HalfCheetah-v3,TD3_Q2a2x64_1p_zeros
584,4658.319812316457,2920000.0,HalfCheetah-v3,TD3_Q2a2x64_1p_zeros
585,5509.5800112852,2925000.0,HalfCheetah-v3,TD3_Q2a2x64_1p_zeros
586,5361.267166288495,2930000.0,HalfCheetah-v3,TD3_Q2a2x64_1p_zeros
587,5151.182201826801,2935000.0,HalfCheetah-v3,TD3_Q2a2x64_1p_zeros
588,4927.40877766553,2940000.0,HalfCheetah-v3,TD3_Q2a2x64_1p_zeros
589,4717.179306785965,2945000.0,HalfCheetah-v3,TD3_Q2a2x64_1p_zeros
590,5499.6154227948955,2950000.0,HalfCheetah-v3,TD3_Q2a2x64_1p_zeros
591,5324.926060439031,2955000.0,HalfCheetah-v3,TD3_Q2a2x64_1p_zeros
592,5138.986886914224,2960000.0,HalfCheetah-v3,TD3_Q2a2x64_1p_zeros
593,4942.032351198466,2965000.0,HalfCheetah-v3,TD3_Q2a2x64_1p_zeros
594,4664.281420180194,2970000.0,HalfCheetah-v3,TD3_Q2a2x64_1p_zeros
595,5556.699003519448,2975000.0,HalfCheetah-v3,TD3_Q2a2x64_1p_zeros
596,5324.250546279498,2980000.0,HalfCheetah-v3,TD3_Q2a2x64_1p_zeros
597,5136.06467929076,2985000.0,HalfCheetah-v3,TD3_Q2a2x64_1p_zeros
598,4903.2893827999615,2990000.0,HalfCheetah-v3,TD3_Q2a2x64_1p_zeros
599,4622.484870965707,2995000.0,HalfCheetah-v3,TD3_Q2a2x64_1p_zeros
600,5606.427525961025,3000000.0,HalfCheetah-v3,TD3_Q2a2x64_1p_zeros
601,5401.736720637351,3005000.0,HalfCheetah-v3,TD3_Q2a2x64_1p_zeros
602,5182.385629111581,3010000.0,HalfCheetah-v3,TD3_Q2a2x64_1p_zeros
603,4890.884604468252,3015000.0,HalfCheetah-v3,TD3_Q2a2x64_1p_zeros
604,4693.998081980235,3020000.0,HalfCheetah-v3,TD3_Q2a2x64_1p_zeros
605,5509.136919793583,3025000.0,HalfCheetah-v3,TD3_Q2a2x64_1p_zeros
606,5325.391374287257,3030000.0,HalfCheetah-v3,TD3_Q2a2x64_1p_zeros
607,5148.065236145625,3035000.0,HalfCheetah-v3,TD3_Q2a2x64_1p_zeros
608,4894.585442194349,3040000.0,HalfCheetah-v3,TD3_Q2a2x64_1p_zeros
609,4634.944678922073,3045000.0,HalfCheetah-v3,TD3_Q2a2x64_1p_zeros
610,5558.481152639275,3050000.0,HalfCheetah-v3,TD3_Q2a2x64_1p_zeros
611,5425.25637007988,3055000.0,HalfCheetah-v3,TD3_Q2a2x64_1p_zeros
612,5005.376112250053,3060000.0,HalfCheetah-v3,TD3_Q2a2x64_1p_zeros
613,4958.273990799396,3065000.0,HalfCheetah-v3,TD3_Q2a2x64_1p_zeros
614,4716.985791933739,3070000.0,HalfCheetah-v3,TD3_Q2a2x64_1p_zeros
615,5633.986578614744,3075000.0,HalfCheetah-v3,TD3_Q2a2x64_1p_zeros
616,5446.127637890095,3080000.0,HalfCheetah-v3,TD3_Q2a2x64_1p_zeros
617,5202.712699943011,3085000.0,HalfCheetah-v3,TD3_Q2a2x64_1p_zeros
618,4945.803696117989,3090000.0,HalfCheetah-v3,TD3_Q2a2x64_1p_zeros
619,4700.56010406083,3095000.0,HalfCheetah-v3,TD3_Q2a2x64_1p_zeros
620,5622.414559453266,3100000.0,HalfCheetah-v3,TD3_Q2a2x64_1p_zeros
621,5424.553754255614,3105000.0,HalfCheetah-v3,TD3_Q2a2x64_1p_zeros
622,5200.811199660029,3110000.0,HalfCheetah-v3,TD3_Q2a2x64_1p_zeros
623,5006.427577492703,3115000.0,HalfCheetah-v3,TD3_Q2a2x64_1p_zeros
624,4548.736677703771,3120000.0,HalfCheetah-v3,TD3_Q2a2x64_1p_zeros
625,5496.055861507864,3125000.0,HalfCheetah-v3,TD3_Q2a2x64_1p_zeros
626,5320.203550086785,3130000.0,HalfCheetah-v3,TD3_Q2a2x64_1p_zeros
627,5069.140761478374,3135000.0,HalfCheetah-v3,TD3_Q2a2x64_1p_zeros
628,4818.846621628703,3140000.0,HalfCheetah-v3,TD3_Q2a2x64_1p_zeros
629,4575.008182650012,3145000.0,HalfCheetah-v3,TD3_Q2a2x64_1p_zeros
630,5647.7117288170975,3150000.0,HalfCheetah-v3,TD3_Q2a2x64_1p_zeros
631,5443.172641271945,3155000.0,HalfCheetah-v3,TD3_Q2a2x64_1p_zeros
632,4765.134485958856,3160000.0,HalfCheetah-v3,TD3_Q2a2x64_1p_zeros
633,4977.3366660638,3165000.0,HalfCheetah-v3,TD3_Q2a2x64_1p_zeros
634,4801.604839883997,3170000.0,HalfCheetah-v3,TD3_Q2a2x64_1p_zeros
635,5679.63267619279,3175000.0,HalfCheetah-v3,TD3_Q2a2x64_1p_zeros
636,5432.323780535841,3180000.0,HalfCheetah-v3,TD3_Q2a2x64_1p_zeros
637,5124.05760824344,3185000.0,HalfCheetah-v3,TD3_Q2a2x64_1p_zeros
638,4865.617199986488,3190000.0,HalfCheetah-v3,TD3_Q2a2x64_1p_zeros
639,4496.839235451413,3195000.0,HalfCheetah-v3,TD3_Q2a2x64_1p_zeros
640,5762.768239711566,3200000.0,HalfCheetah-v3,TD3_Q2a2x64_1p_zeros
641,5474.597826049018,3205000.0,HalfCheetah-v3,TD3_Q2a2x64_1p_zeros
642,5267.795691916528,3210000.0,HalfCheetah-v3,TD3_Q2a2x64_1p_zeros
643,4972.014248530055,3215000.0,HalfCheetah-v3,TD3_Q2a2x64_1p_zeros
644,4714.26397766877,3220000.0,HalfCheetah-v3,TD3_Q2a2x64_1p_zeros
645,5782.390898206424,3225000.0,HalfCheetah-v3,TD3_Q2a2x64_1p_zeros
646,5543.460186940672,3230000.0,HalfCheetah-v3,TD3_Q2a2x64_1p_zeros
647,5329.356281955,3235000.0,HalfCheetah-v3,TD3_Q2a2x64_1p_zeros
648,5009.277499633251,3240000.0,HalfCheetah-v3,TD3_Q2a2x64_1p_zeros
649,4565.158399176181,3245000.0,HalfCheetah-v3,TD3_Q2a2x64_1p_zeros
650,5704.087964906916,3250000.0,HalfCheetah-v3,TD3_Q2a2x64_1p_zeros
651,5438.73773061426,3255000.0,HalfCheetah-v3,TD3_Q2a2x64_1p_zeros
652,5247.498112021635,3260000.0,HalfCheetah-v3,TD3_Q2a2x64_1p_zeros
653,4622.553411230798,3265000.0,HalfCheetah-v3,TD3_Q2a2x64_1p_zeros
654,4658.269461288266,3270000.0,HalfCheetah-v3,TD3_Q2a2x64_1p_zeros
655,5856.792416973137,3275000.0,HalfCheetah-v3,TD3_Q2a2x64_1p_zeros
656,5682.160834185841,3280000.0,HalfCheetah-v3,TD3_Q2a2x64_1p_zeros
657,5466.055093224548,3285000.0,HalfCheetah-v3,TD3_Q2a2x64_1p_zeros
658,5121.425731960959,3290000.0,HalfCheetah-v3,TD3_Q2a2x64_1p_zeros
659,4940.314039312254,3295000.0,HalfCheetah-v3,TD3_Q2a2x64_1p_zeros
660,5791.193476478991,3300000.0,HalfCheetah-v3,TD3_Q2a2x64_1p_zeros
661,5578.0937346573355,3305000.0,HalfCheetah-v3,TD3_Q2a2x64_1p_zeros
662,5370.228796541792,3310000.0,HalfCheetah-v3,TD3_Q2a2x64_1p_zeros
663,5093.892126533993,3315000.0,HalfCheetah-v3,TD3_Q2a2x64_1p_zeros
664,4893.400851013874,3320000.0,HalfCheetah-v3,TD3_Q2a2x64_1p_zeros
665,5408.017524612802,3325000.0,HalfCheetah-v3,TD3_Q2a2x64_1p_zeros
666,4984.216457661652,3330000.0,HalfCheetah-v3,TD3_Q2a2x64_1p_zeros
667,5098.32063592772,3335000.0,HalfCheetah-v3,TD3_Q2a2x64_1p_zeros
668,4704.405164402104,3340000.0,HalfCheetah-v3,TD3_Q2a2x64_1p_zeros
669,4761.614964376202,3345000.0,HalfCheetah-v3,TD3_Q2a2x64_1p_zeros
670,5939.076145844645,3350000.0,HalfCheetah-v3,TD3_Q2a2x64_1p_zeros
671,5216.293570612637,3355000.0,HalfCheetah-v3,TD3_Q2a2x64_1p_zeros
672,5455.020909941254,3360000.0,HalfCheetah-v3,TD3_Q2a2x64_1p_zeros
673,4872.093369614011,3365000.0,HalfCheetah-v3,TD3_Q2a2x64_1p_zeros
674,4544.2538096249045,3370000.0,HalfCheetah-v3,TD3_Q2a2x64_1p_zeros
675,5778.2842216849995,3375000.0,HalfCheetah-v3,TD3_Q2a2x64_1p_zeros
676,5622.942381656971,3380000.0,HalfCheetah-v3,TD3_Q2a2x64_1p_zeros
677,5469.511185859931,3385000.0,HalfCheetah-v3,TD3_Q2a2x64_1p_zeros
678,4334.087945394052,3390000.0,HalfCheetah-v3,TD3_Q2a2x64_1p_zeros
679,4687.722352794967,3395000.0,HalfCheetah-v3,TD3_Q2a2x64_1p_zeros
680,5998.164729262352,3400000.0,HalfCheetah-v3,TD3_Q2a2x64_1p_zeros
681,5600.814426058436,3405000.0,HalfCheetah-v3,TD3_Q2a2x64_1p_zeros
682,5558.244568462448,3410000.0,HalfCheetah-v3,TD3_Q2a2x64_1p_zeros
683,5166.019048581444,3415000.0,HalfCheetah-v3,TD3_Q2a2x64_1p_zeros
684,4908.925701493094,3420000.0,HalfCheetah-v3,TD3_Q2a2x64_1p_zeros
685,5651.485653723217,3425000.0,HalfCheetah-v3,TD3_Q2a2x64_1p_zeros
686,5766.333107497003,3430000.0,HalfCheetah-v3,TD3_Q2a2x64_1p_zeros
687,5459.006449604882,3435000.0,HalfCheetah-v3,TD3_Q2a2x64_1p_zeros
688,5245.942047044335,3440000.0,HalfCheetah-v3,TD3_Q2a2x64_1p_zeros
689,4852.935576276453,3445000.0,HalfCheetah-v3,TD3_Q2a2x64_1p_zeros
690,5939.310332805117,3450000.0,HalfCheetah-v3,TD3_Q2a2x64_1p_zeros
691,5819.892212633674,3455000.0,HalfCheetah-v3,TD3_Q2a2x64_1p_zeros
692,5426.23052781094,3460000.0,HalfCheetah-v3,TD3_Q2a2x64_1p_zeros
693,5174.432081821184,3465000.0,HalfCheetah-v3,TD3_Q2a2x64_1p_zeros
694,4473.549269714212,3470000.0,HalfCheetah-v3,TD3_Q2a2x64_1p_zeros
695,6244.420278914387,3475000.0,HalfCheetah-v3,TD3_Q2a2x64_1p_zeros
696,5934.399072660341,3480000.0,HalfCheetah-v3,TD3_Q2a2x64_1p_zeros
697,5641.955066918542,3485000.0,HalfCheetah-v3,TD3_Q2a2x64_1p_zeros
698,5380.324870965366,3490000.0,HalfCheetah-v3,TD3_Q2a2x64_1p_zeros
699,5122.048906240964,3495000.0,HalfCheetah-v3,TD3_Q2a2x64_1p_zeros
700,6101.752502975254,3500000.0,HalfCheetah-v3,TD3_Q2a2x64_1p_zeros
701,5896.578423315024,3505000.0,HalfCheetah-v3,TD3_Q2a2x64_1p_zeros
702,5521.505258138142,3510000.0,HalfCheetah-v3,TD3_Q2a2x64_1p_zeros
703,5046.294626412821,3515000.0,HalfCheetah-v3,TD3_Q2a2x64_1p_zeros
704,4189.201387085605,3520000.0,HalfCheetah-v3,TD3_Q2a2x64_1p_zeros
705,5761.717104115998,3525000.0,HalfCheetah-v3,TD3_Q2a2x64_1p_zeros
706,5988.795443383407,3530000.0,HalfCheetah-v3,TD3_Q2a2x64_1p_zeros
707,5105.948745273235,3535000.0,HalfCheetah-v3,TD3_Q2a2x64_1p_zeros
708,5208.167126120416,3540000.0,HalfCheetah-v3,TD3_Q2a2x64_1p_zeros
709,5149.7149521739775,3545000.0,HalfCheetah-v3,TD3_Q2a2x64_1p_zeros
710,5538.602293181945,3550000.0,HalfCheetah-v3,TD3_Q2a2x64_1p_zeros
711,5931.2659723435345,3555000.0,HalfCheetah-v3,TD3_Q2a2x64_1p_zeros
712,5564.8514261017135,3560000.0,HalfCheetah-v3,TD3_Q2a2x64_1p_zeros
713,5464.4567403314195,3565000.0,HalfCheetah-v3,TD3_Q2a2x64_1p_zeros
714,4567.123671063858,3570000.0,HalfCheetah-v3,TD3_Q2a2x64_1p_zeros
715,6326.258338208862,3575000.0,HalfCheetah-v3,TD3_Q2a2x64_1p_zeros
716,6072.4609946767905,3580000.0,HalfCheetah-v3,TD3_Q2a2x64_1p_zeros
717,5817.529074591021,3585000.0,HalfCheetah-v3,TD3_Q2a2x64_1p_zeros
718,5511.684241310928,3590000.0,HalfCheetah-v3,TD3_Q2a2x64_1p_zeros
719,5148.641653350364,3595000.0,HalfCheetah-v3,TD3_Q2a2x64_1p_zeros
720,6233.035018186847,3600000.0,HalfCheetah-v3,TD3_Q2a2x64_1p_zeros
721,5501.604104089061,3605000.0,HalfCheetah-v3,TD3_Q2a2x64_1p_zeros
722,5820.918170466133,3610000.0,HalfCheetah-v3,TD3_Q2a2x64_1p_zeros
723,5570.30183210815,3615000.0,HalfCheetah-v3,TD3_Q2a2x64_1p_zeros
724,5185.0832868690895,3620000.0,HalfCheetah-v3,TD3_Q2a2x64_1p_zeros
725,6299.110831859724,3625000.0,HalfCheetah-v3,TD3_Q2a2x64_1p_zeros
726,6218.901580104571,3630000.0,HalfCheetah-v3,TD3_Q2a2x64_1p_zeros
727,5949.074023019691,3635000.0,HalfCheetah-v3,TD3_Q2a2x64_1p_zeros
728,5574.548394926797,3640000.0,HalfCheetah-v3,TD3_Q2a2x64_1p_zeros
729,4898.896772174283,3645000.0,HalfCheetah-v3,TD3_Q2a2x64_1p_zeros
730,6527.260363845724,3650000.0,HalfCheetah-v3,TD3_Q2a2x64_1p_zeros
731,6263.573090538461,3655000.0,HalfCheetah-v3,TD3_Q2a2x64_1p_zeros
732,5952.650998649991,3660000.0,HalfCheetah-v3,TD3_Q2a2x64_1p_zeros
733,5550.729686468135,3665000.0,HalfCheetah-v3,TD3_Q2a2x64_1p_zeros
734,5331.164413329543,3670000.0,HalfCheetah-v3,TD3_Q2a2x64_1p_zeros
735,6508.370316892284,3675000.0,HalfCheetah-v3,TD3_Q2a2x64_1p_zeros
736,6415.681452161923,3680000.0,HalfCheetah-v3,TD3_Q2a2x64_1p_zeros
737,6064.2816202275135,3685000.0,HalfCheetah-v3,TD3_Q2a2x64_1p_zeros
738,5787.092351236184,3690000.0,HalfCheetah-v3,TD3_Q2a2x64_1p_zeros
739,4927.4503376864,3695000.0,HalfCheetah-v3,TD3_Q2a2x64_1p_zeros
740,6553.1825844016985,3700000.0,HalfCheetah-v3,TD3_Q2a2x64_1p_zeros
741,6388.803403651558,3705000.0,HalfCheetah-v3,TD3_Q2a2x64_1p_zeros
742,6190.358168771807,3710000.0,HalfCheetah-v3,TD3_Q2a2x64_1p_zeros
743,5796.997097367228,3715000.0,HalfCheetah-v3,TD3_Q2a2x64_1p_zeros
744,5505.032004255529,3720000.0,HalfCheetah-v3,TD3_Q2a2x64_1p_zeros
745,6836.536638505815,3725000.0,HalfCheetah-v3,TD3_Q2a2x64_1p_zeros
746,6535.933364378949,3730000.0,HalfCheetah-v3,TD3_Q2a2x64_1p_zeros
747,6205.955697357935,3735000.0,HalfCheetah-v3,TD3_Q2a2x64_1p_zeros
748,5788.277622146195,3740000.0,HalfCheetah-v3,TD3_Q2a2x64_1p_zeros
749,5447.098808663801,3745000.0,HalfCheetah-v3,TD3_Q2a2x64_1p_zeros
750,6841.303594991235,3750000.0,HalfCheetah-v3,TD3_Q2a2x64_1p_zeros
751,6657.739083834208,3755000.0,HalfCheetah-v3,TD3_Q2a2x64_1p_zeros
752,6304.19545544123,3760000.0,HalfCheetah-v3,TD3_Q2a2x64_1p_zeros
753,5930.087311199199,3765000.0,HalfCheetah-v3,TD3_Q2a2x64_1p_zeros
754,5672.054527984759,3770000.0,HalfCheetah-v3,TD3_Q2a2x64_1p_zeros
755,6855.90662149793,3775000.0,HalfCheetah-v3,TD3_Q2a2x64_1p_zeros
756,6618.488999418999,3780000.0,HalfCheetah-v3,TD3_Q2a2x64_1p_zeros
757,6347.498405991208,3785000.0,HalfCheetah-v3,TD3_Q2a2x64_1p_zeros
758,5966.006202780574,3790000.0,HalfCheetah-v3,TD3_Q2a2x64_1p_zeros
759,5588.409957181277,3795000.0,HalfCheetah-v3,TD3_Q2a2x64_1p_zeros
760,6787.082404026446,3800000.0,HalfCheetah-v3,TD3_Q2a2x64_1p_zeros
761,6666.500257928771,3805000.0,HalfCheetah-v3,TD3_Q2a2x64_1p_zeros
762,6309.4450164262835,3810000.0,HalfCheetah-v3,TD3_Q2a2x64_1p_zeros
763,6093.6337711137185,3815000.0,HalfCheetah-v3,TD3_Q2a2x64_1p_zeros
764,5792.068323948676,3820000.0,HalfCheetah-v3,TD3_Q2a2x64_1p_zeros
765,6992.425781747681,3825000.0,HalfCheetah-v3,TD3_Q2a2x64_1p_zeros
766,6773.734259121117,3830000.0,HalfCheetah-v3,TD3_Q2a2x64_1p_zeros
767,6548.7487327974495,3835000.0,HalfCheetah-v3,TD3_Q2a2x64_1p_zeros
768,6142.8458595716465,3840000.0,HalfCheetah-v3,TD3_Q2a2x64_1p_zeros
769,5659.459390487092,3845000.0,HalfCheetah-v3,TD3_Q2a2x64_1p_zeros
770,6981.023050860553,3850000.0,HalfCheetah-v3,TD3_Q2a2x64_1p_zeros
771,6840.892324979126,3855000.0,HalfCheetah-v3,TD3_Q2a2x64_1p_zeros
772,6585.426335699536,3860000.0,HalfCheetah-v3,TD3_Q2a2x64_1p_zeros
773,6019.323121015315,3865000.0,HalfCheetah-v3,TD3_Q2a2x64_1p_zeros
774,5688.889011096006,3870000.0,HalfCheetah-v3,TD3_Q2a2x64_1p_zeros
775,7198.130125776716,3875000.0,HalfCheetah-v3,TD3_Q2a2x64_1p_zeros
776,6966.730050140172,3880000.0,HalfCheetah-v3,TD3_Q2a2x64_1p_zeros
777,6721.369636433201,3885000.0,HalfCheetah-v3,TD3_Q2a2x64_1p_zeros
778,6151.6019405276065,3890000.0,HalfCheetah-v3,TD3_Q2a2x64_1p_zeros
779,5970.193833600282,3895000.0,HalfCheetah-v3,TD3_Q2a2x64_1p_zeros
780,7323.054660879883,3900000.0,HalfCheetah-v3,TD3_Q2a2x64_1p_zeros
781,7197.101301047682,3905000.0,HalfCheetah-v3,TD3_Q2a2x64_1p_zeros
782,6817.838463834373,3910000.0,HalfCheetah-v3,TD3_Q2a2x64_1p_zeros
783,6421.306073658829,3915000.0,HalfCheetah-v3,TD3_Q2a2x64_1p_zeros
784,6063.165318559932,3920000.0,HalfCheetah-v3,TD3_Q2a2x64_1p_zeros
785,7294.252908966235,3925000.0,HalfCheetah-v3,TD3_Q2a2x64_1p_zeros
786,7168.394429267154,3930000.0,HalfCheetah-v3,TD3_Q2a2x64_1p_zeros
787,6874.177143695595,3935000.0,HalfCheetah-v3,TD3_Q2a2x64_1p_zeros
788,6480.149293160765,3940000.0,HalfCheetah-v3,TD3_Q2a2x64_1p_zeros
789,6024.018041932506,3945000.0,HalfCheetah-v3,TD3_Q2a2x64_1p_zeros
790,7051.229609368905,3950000.0,HalfCheetah-v3,TD3_Q2a2x64_1p_zeros
791,6810.335649550689,3955000.0,HalfCheetah-v3,TD3_Q2a2x64_1p_zeros
792,6543.63894472866,3960000.0,HalfCheetah-v3,TD3_Q2a2x64_1p_zeros
793,6395.646194393091,3965000.0,HalfCheetah-v3,TD3_Q2a2x64_1p_zeros
794,5805.049559927008,3970000.0,HalfCheetah-v3,TD3_Q2a2x64_1p_zeros
795,7231.84098536672,3975000.0,HalfCheetah-v3,TD3_Q2a2x64_1p_zeros
796,7024.289184268474,3980000.0,HalfCheetah-v3,TD3_Q2a2x64_1p_zeros
797,6864.3920911285695,3985000.0,HalfCheetah-v3,TD3_Q2a2x64_1p_zeros
798,6409.552047626514,3990000.0,HalfCheetah-v3,TD3_Q2a2x64_1p_zeros
799,6073.389204026755,3995000.0,HalfCheetah-v3,TD3_Q2a2x64_1p_zeros
800,7449.513978215133,4000000.0,HalfCheetah-v3,TD3_Q2a2x64_1p_zeros
801,7246.757774223464,4005000.0,HalfCheetah-v3,TD3_Q2a2x64_1p_zeros
802,6977.970465083828,4010000.0,HalfCheetah-v3,TD3_Q2a2x64_1p_zeros
803,6485.047308770378,4015000.0,HalfCheetah-v3,TD3_Q2a2x64_1p_zeros
804,6131.460668825976,4020000.0,HalfCheetah-v3,TD3_Q2a2x64_1p_zeros
805,7363.041796016885,4025000.0,HalfCheetah-v3,TD3_Q2a2x64_1p_zeros
806,6991.109401333952,4030000.0,HalfCheetah-v3,TD3_Q2a2x64_1p_zeros
807,6806.214290612882,4035000.0,HalfCheetah-v3,TD3_Q2a2x64_1p_zeros
808,6430.071719504317,4040000.0,HalfCheetah-v3,TD3_Q2a2x64_1p_zeros
809,6159.592876139375,4045000.0,HalfCheetah-v3,TD3_Q2a2x64_1p_zeros
810,7519.68625904522,4050000.0,HalfCheetah-v3,TD3_Q2a2x64_1p_zeros
811,7233.413393404851,4055000.0,HalfCheetah-v3,TD3_Q2a2x64_1p_zeros
812,6899.380606903705,4060000.0,HalfCheetah-v3,TD3_Q2a2x64_1p_zeros
813,6586.707528516328,4065000.0,HalfCheetah-v3,TD3_Q2a2x64_1p_zeros
814,6270.785953450569,4070000.0,HalfCheetah-v3,TD3_Q2a2x64_1p_zeros
815,7565.724556536105,4075000.0,HalfCheetah-v3,TD3_Q2a2x64_1p_zeros
816,7402.213208028678,4080000.0,HalfCheetah-v3,TD3_Q2a2x64_1p_zeros
817,7165.811394326467,4085000.0,HalfCheetah-v3,TD3_Q2a2x64_1p_zeros
818,6658.930069295406,4090000.0,HalfCheetah-v3,TD3_Q2a2x64_1p_zeros
819,6295.739037879737,4095000.0,HalfCheetah-v3,TD3_Q2a2x64_1p_zeros
820,7469.856094647939,4100000.0,HalfCheetah-v3,TD3_Q2a2x64_1p_zeros
821,7335.565544585033,4105000.0,HalfCheetah-v3,TD3_Q2a2x64_1p_zeros
822,6995.881076501375,4110000.0,HalfCheetah-v3,TD3_Q2a2x64_1p_zeros
823,6565.162227980999,4115000.0,HalfCheetah-v3,TD3_Q2a2x64_1p_zeros
824,6195.037942914752,4120000.0,HalfCheetah-v3,TD3_Q2a2x64_1p_zeros
825,7622.693786682971,4125000.0,HalfCheetah-v3,TD3_Q2a2x64_1p_zeros
826,7430.471502549937,4130000.0,HalfCheetah-v3,TD3_Q2a2x64_1p_zeros
827,7155.104472918855,4135000.0,HalfCheetah-v3,TD3_Q2a2x64_1p_zeros
828,6734.096761322139,4140000.0,HalfCheetah-v3,TD3_Q2a2x64_1p_zeros
829,5678.482390419023,4145000.0,HalfCheetah-v3,TD3_Q2a2x64_1p_zeros
830,7821.842002440312,4150000.0,HalfCheetah-v3,TD3_Q2a2x64_1p_zeros
831,7465.72732227991,4155000.0,HalfCheetah-v3,TD3_Q2a2x64_1p_zeros
832,7134.517046904562,4160000.0,HalfCheetah-v3,TD3_Q2a2x64_1p_zeros
833,6770.977106090065,4165000.0,HalfCheetah-v3,TD3_Q2a2x64_1p_zeros
834,6310.079133978719,4170000.0,HalfCheetah-v3,TD3_Q2a2x64_1p_zeros
835,7769.053252686566,4175000.0,HalfCheetah-v3,TD3_Q2a2x64_1p_zeros
836,7438.027090538149,4180000.0,HalfCheetah-v3,TD3_Q2a2x64_1p_zeros
837,6965.5941032278615,4185000.0,HalfCheetah-v3,TD3_Q2a2x64_1p_zeros
838,6428.120207902841,4190000.0,HalfCheetah-v3,TD3_Q2a2x64_1p_zeros
839,5698.868833312278,4195000.0,HalfCheetah-v3,TD3_Q2a2x64_1p_zeros
840,7847.42985261763,4200000.0,HalfCheetah-v3,TD3_Q2a2x64_1p_zeros
841,7587.400812995738,4205000.0,HalfCheetah-v3,TD3_Q2a2x64_1p_zeros
842,7158.872573829157,4210000.0,HalfCheetah-v3,TD3_Q2a2x64_1p_zeros
843,6283.87854733351,4215000.0,HalfCheetah-v3,TD3_Q2a2x64_1p_zeros
844,6280.91288908509,4220000.0,HalfCheetah-v3,TD3_Q2a2x64_1p_zeros
845,7809.912332856218,4225000.0,HalfCheetah-v3,TD3_Q2a2x64_1p_zeros
846,7492.87732504387,4230000.0,HalfCheetah-v3,TD3_Q2a2x64_1p_zeros
847,7219.321090936403,4235000.0,HalfCheetah-v3,TD3_Q2a2x64_1p_zeros
848,6781.277259115579,4240000.0,HalfCheetah-v3,TD3_Q2a2x64_1p_zeros
849,6336.375842865929,4245000.0,HalfCheetah-v3,TD3_Q2a2x64_1p_zeros
850,7860.577666973021,4250000.0,HalfCheetah-v3,TD3_Q2a2x64_1p_zeros
851,7679.97437541596,4255000.0,HalfCheetah-v3,TD3_Q2a2x64_1p_zeros
852,7230.422453745903,4260000.0,HalfCheetah-v3,TD3_Q2a2x64_1p_zeros
853,6755.5387575630175,4265000.0,HalfCheetah-v3,TD3_Q2a2x64_1p_zeros
854,6240.3379352734855,4270000.0,HalfCheetah-v3,TD3_Q2a2x64_1p_zeros
855,7645.653441450321,4275000.0,HalfCheetah-v3,TD3_Q2a2x64_1p_zeros
856,7340.180489081981,4280000.0,HalfCheetah-v3,TD3_Q2a2x64_1p_zeros
857,6889.535281093951,4285000.0,HalfCheetah-v3,TD3_Q2a2x64_1p_zeros
858,6777.32453567997,4290000.0,HalfCheetah-v3,TD3_Q2a2x64_1p_zeros
859,6402.862822592888,4295000.0,HalfCheetah-v3,TD3_Q2a2x64_1p_zeros
860,7727.102784064325,4300000.0,HalfCheetah-v3,TD3_Q2a2x64_1p_zeros
861,7441.480396718335,4305000.0,HalfCheetah-v3,TD3_Q2a2x64_1p_zeros
862,7128.955698469566,4310000.0,HalfCheetah-v3,TD3_Q2a2x64_1p_zeros
863,6827.155908348151,4315000.0,HalfCheetah-v3,TD3_Q2a2x64_1p_zeros
864,6331.291574701221,4320000.0,HalfCheetah-v3,TD3_Q2a2x64_1p_zeros
865,7560.2824677240515,4325000.0,HalfCheetah-v3,TD3_Q2a2x64_1p_zeros
866,7383.778308876035,4330000.0,HalfCheetah-v3,TD3_Q2a2x64_1p_zeros
867,7106.856770260267,4335000.0,HalfCheetah-v3,TD3_Q2a2x64_1p_zeros
868,6877.416514020621,4340000.0,HalfCheetah-v3,TD3_Q2a2x64_1p_zeros
869,6506.382782957762,4345000.0,HalfCheetah-v3,TD3_Q2a2x64_1p_zeros
870,7840.461646428377,4350000.0,HalfCheetah-v3,TD3_Q2a2x64_1p_zeros
871,7679.97310669334,4355000.0,HalfCheetah-v3,TD3_Q2a2x64_1p_zeros
872,7273.332996528338,4360000.0,HalfCheetah-v3,TD3_Q2a2x64_1p_zeros
873,6861.19888540473,4365000.0,HalfCheetah-v3,TD3_Q2a2x64_1p_zeros
874,6330.0322387828155,4370000.0,HalfCheetah-v3,TD3_Q2a2x64_1p_zeros
875,7851.808778280201,4375000.0,HalfCheetah-v3,TD3_Q2a2x64_1p_zeros
876,7576.5505104015365,4380000.0,HalfCheetah-v3,TD3_Q2a2x64_1p_zeros
877,7236.634240120524,4385000.0,HalfCheetah-v3,TD3_Q2a2x64_1p_zeros
878,6811.433168163601,4390000.0,HalfCheetah-v3,TD3_Q2a2x64_1p_zeros
879,6224.356553508262,4395000.0,HalfCheetah-v3,TD3_Q2a2x64_1p_zeros
880,7976.5458694213285,4400000.0,HalfCheetah-v3,TD3_Q2a2x64_1p_zeros
881,7911.3026375544305,4405000.0,HalfCheetah-v3,TD3_Q2a2x64_1p_zeros
882,7472.556010720781,4410000.0,HalfCheetah-v3,TD3_Q2a2x64_1p_zeros
883,6968.120250738012,4415000.0,HalfCheetah-v3,TD3_Q2a2x64_1p_zeros
884,6493.6180204968105,4420000.0,HalfCheetah-v3,TD3_Q2a2x64_1p_zeros
885,7802.994291907673,4425000.0,HalfCheetah-v3,TD3_Q2a2x64_1p_zeros
886,7656.67320218737,4430000.0,HalfCheetah-v3,TD3_Q2a2x64_1p_zeros
887,7306.174209394128,4435000.0,HalfCheetah-v3,TD3_Q2a2x64_1p_zeros
888,6870.955310514493,4440000.0,HalfCheetah-v3,TD3_Q2a2x64_1p_zeros
889,6479.1933823076115,4445000.0,HalfCheetah-v3,TD3_Q2a2x64_1p_zeros
890,8036.482982413998,4450000.0,HalfCheetah-v3,TD3_Q2a2x64_1p_zeros
891,7762.527389740947,4455000.0,HalfCheetah-v3,TD3_Q2a2x64_1p_zeros
892,7442.974179651416,4460000.0,HalfCheetah-v3,TD3_Q2a2x64_1p_zeros
893,7090.276764759347,4465000.0,HalfCheetah-v3,TD3_Q2a2x64_1p_zeros
894,6509.137701864407,4470000.0,HalfCheetah-v3,TD3_Q2a2x64_1p_zeros
895,8208.146325720229,4475000.0,HalfCheetah-v3,TD3_Q2a2x64_1p_zeros
896,7939.421993790146,4480000.0,HalfCheetah-v3,TD3_Q2a2x64_1p_zeros
897,7636.1389146546935,4485000.0,HalfCheetah-v3,TD3_Q2a2x64_1p_zeros
898,7240.481049148366,4490000.0,HalfCheetah-v3,TD3_Q2a2x64_1p_zeros
899,6671.459966231103,4495000.0,HalfCheetah-v3,TD3_Q2a2x64_1p_zeros
900,8031.490400219474,4500000.0,HalfCheetah-v3,TD3_Q2a2x64_1p_zeros
901,7950.420075572397,4505000.0,HalfCheetah-v3,TD3_Q2a2x64_1p_zeros
902,7631.971875035124,4510000.0,HalfCheetah-v3,TD3_Q2a2x64_1p_zeros
903,7143.912888415514,4515000.0,HalfCheetah-v3,TD3_Q2a2x64_1p_zeros
904,6724.588480009797,4520000.0,HalfCheetah-v3,TD3_Q2a2x64_1p_zeros
905,8264.521588343956,4525000.0,HalfCheetah-v3,TD3_Q2a2x64_1p_zeros
906,8043.433144428969,4530000.0,HalfCheetah-v3,TD3_Q2a2x64_1p_zeros
907,7626.863360544774,4535000.0,HalfCheetah-v3,TD3_Q2a2x64_1p_zeros
908,7192.410359363819,4540000.0,HalfCheetah-v3,TD3_Q2a2x64_1p_zeros
909,6777.315206105981,4545000.0,HalfCheetah-v3,TD3_Q2a2x64_1p_zeros
910,8282.163180652427,4550000.0,HalfCheetah-v3,TD3_Q2a2x64_1p_zeros
911,7955.175503669893,4555000.0,HalfCheetah-v3,TD3_Q2a2x64_1p_zeros
912,7695.933485046175,4560000.0,HalfCheetah-v3,TD3_Q2a2x64_1p_zeros
913,7284.165948891857,4565000.0,HalfCheetah-v3,TD3_Q2a2x64_1p_zeros
914,6786.384960560861,4570000.0,HalfCheetah-v3,TD3_Q2a2x64_1p_zeros
915,8112.977337143774,4575000.0,HalfCheetah-v3,TD3_Q2a2x64_1p_zeros
916,7920.603835915354,4580000.0,HalfCheetah-v3,TD3_Q2a2x64_1p_zeros
917,7440.68881903315,4585000.0,HalfCheetah-v3,TD3_Q2a2x64_1p_zeros
918,7091.7637741938115,4590000.0,HalfCheetah-v3,TD3_Q2a2x64_1p_zeros
919,6744.381227085081,4595000.0,HalfCheetah-v3,TD3_Q2a2x64_1p_zeros
920,8211.628717570231,4600000.0,HalfCheetah-v3,TD3_Q2a2x64_1p_zeros
921,8095.0314740210215,4605000.0,HalfCheetah-v3,TD3_Q2a2x64_1p_zeros
922,7758.648148985111,4610000.0,HalfCheetah-v3,TD3_Q2a2x64_1p_zeros
923,7421.1055310343045,4615000.0,HalfCheetah-v3,TD3_Q2a2x64_1p_zeros
924,6879.303601670499,4620000.0,HalfCheetah-v3,TD3_Q2a2x64_1p_zeros
925,8000.403849972569,4625000.0,HalfCheetah-v3,TD3_Q2a2x64_1p_zeros
926,7786.592093189445,4630000.0,HalfCheetah-v3,TD3_Q2a2x64_1p_zeros
927,7350.177762075371,4635000.0,HalfCheetah-v3,TD3_Q2a2x64_1p_zeros
928,6611.690808237024,4640000.0,HalfCheetah-v3,TD3_Q2a2x64_1p_zeros
929,6159.882494088111,4645000.0,HalfCheetah-v3,TD3_Q2a2x64_1p_zeros
930,8463.033567671995,4650000.0,HalfCheetah-v3,TD3_Q2a2x64_1p_zeros
931,8154.256487117718,4655000.0,HalfCheetah-v3,TD3_Q2a2x64_1p_zeros
932,7558.117518715308,4660000.0,HalfCheetah-v3,TD3_Q2a2x64_1p_zeros
933,7259.138210420239,4665000.0,HalfCheetah-v3,TD3_Q2a2x64_1p_zeros
934,6726.394314831137,4670000.0,HalfCheetah-v3,TD3_Q2a2x64_1p_zeros
935,8259.262997800357,4675000.0,HalfCheetah-v3,TD3_Q2a2x64_1p_zeros
936,8109.897484363437,4680000.0,HalfCheetah-v3,TD3_Q2a2x64_1p_zeros
937,7592.1501875782005,4685000.0,HalfCheetah-v3,TD3_Q2a2x64_1p_zeros
938,7195.219526330536,4690000.0,HalfCheetah-v3,TD3_Q2a2x64_1p_zeros
939,6678.881955052287,4695000.0,HalfCheetah-v3,TD3_Q2a2x64_1p_zeros
940,8418.161199065642,4700000.0,HalfCheetah-v3,TD3_Q2a2x64_1p_zeros
941,8144.320468388438,4705000.0,HalfCheetah-v3,TD3_Q2a2x64_1p_zeros
942,7735.917246024357,4710000.0,HalfCheetah-v3,TD3_Q2a2x64_1p_zeros
943,7246.606856941029,4715000.0,HalfCheetah-v3,TD3_Q2a2x64_1p_zeros
944,6772.849831306773,4720000.0,HalfCheetah-v3,TD3_Q2a2x64_1p_zeros
945,8079.025727625832,4725000.0,HalfCheetah-v3,TD3_Q2a2x64_1p_zeros
946,7796.0735161180855,4730000.0,HalfCheetah-v3,TD3_Q2a2x64_1p_zeros
947,7428.865061024136,4735000.0,HalfCheetah-v3,TD3_Q2a2x64_1p_zeros
948,6886.747786783126,4740000.0,HalfCheetah-v3,TD3_Q2a2x64_1p_zeros
949,6357.937534927866,4745000.0,HalfCheetah-v3,TD3_Q2a2x64_1p_zeros
950,8254.51521031065,4750000.0,HalfCheetah-v3,TD3_Q2a2x64_1p_zeros
951,8052.302095527308,4755000.0,HalfCheetah-v3,TD3_Q2a2x64_1p_zeros
952,7807.510235275836,4760000.0,HalfCheetah-v3,TD3_Q2a2x64_1p_zeros
953,7410.63940530064,4765000.0,HalfCheetah-v3,TD3_Q2a2x64_1p_zeros
954,7087.903841787852,4770000.0,HalfCheetah-v3,TD3_Q2a2x64_1p_zeros
955,8421.861480631913,4775000.0,HalfCheetah-v3,TD3_Q2a2x64_1p_zeros
956,8293.960134213896,4780000.0,HalfCheetah-v3,TD3_Q2a2x64_1p_zeros
957,7842.116006669433,4785000.0,HalfCheetah-v3,TD3_Q2a2x64_1p_zeros
958,7314.769865707609,4790000.0,HalfCheetah-v3,TD3_Q2a2x64_1p_zeros
959,6842.7244432623265,4795000.0,HalfCheetah-v3,TD3_Q2a2x64_1p_zeros
960,8442.801724362365,4800000.0,HalfCheetah-v3,TD3_Q2a2x64_1p_zeros
961,8282.097773775222,4805000.0,HalfCheetah-v3,TD3_Q2a2x64_1p_zeros
962,7784.007318298611,4810000.0,HalfCheetah-v3,TD3_Q2a2x64_1p_zeros
963,7267.03017034482,4815000.0,HalfCheetah-v3,TD3_Q2a2x64_1p_zeros
964,6682.669012104224,4820000.0,HalfCheetah-v3,TD3_Q2a2x64_1p_zeros
965,8636.403759317474,4825000.0,HalfCheetah-v3,TD3_Q2a2x64_1p_zeros
966,8530.438949984093,4830000.0,HalfCheetah-v3,TD3_Q2a2x64_1p_zeros
967,8022.43104523279,4835000.0,HalfCheetah-v3,TD3_Q2a2x64_1p_zeros
968,7452.9927859210975,4840000.0,HalfCheetah-v3,TD3_Q2a2x64_1p_zeros
969,6862.329550537348,4845000.0,HalfCheetah-v3,TD3_Q2a2x64_1p_zeros
970,8361.744183706292,4850000.0,HalfCheetah-v3,TD3_Q2a2x64_1p_zeros
971,8043.097356385244,4855000.0,HalfCheetah-v3,TD3_Q2a2x64_1p_zeros
972,7790.620990094855,4860000.0,HalfCheetah-v3,TD3_Q2a2x64_1p_zeros
973,7295.633153939481,4865000.0,HalfCheetah-v3,TD3_Q2a2x64_1p_zeros
974,6575.958764863029,4870000.0,HalfCheetah-v3,TD3_Q2a2x64_1p_zeros
975,8745.5231993862,4875000.0,HalfCheetah-v3,TD3_Q2a2x64_1p_zeros
976,8389.839729616642,4880000.0,HalfCheetah-v3,TD3_Q2a2x64_1p_zeros
977,8052.410585739136,4885000.0,HalfCheetah-v3,TD3_Q2a2x64_1p_zeros
978,7401.969442794393,4890000.0,HalfCheetah-v3,TD3_Q2a2x64_1p_zeros
979,7097.596528560488,4895000.0,HalfCheetah-v3,TD3_Q2a2x64_1p_zeros
980,8525.04155764948,4900000.0,HalfCheetah-v3,TD3_Q2a2x64_1p_zeros
981,8383.332325260995,4905000.0,HalfCheetah-v3,TD3_Q2a2x64_1p_zeros
982,8074.050105639592,4910000.0,HalfCheetah-v3,TD3_Q2a2x64_1p_zeros
983,7475.7888930946865,4915000.0,HalfCheetah-v3,TD3_Q2a2x64_1p_zeros
984,7005.058620655104,4920000.0,HalfCheetah-v3,TD3_Q2a2x64_1p_zeros
985,8595.99669528004,4925000.0,HalfCheetah-v3,TD3_Q2a2x64_1p_zeros
986,8488.0976072786,4930000.0,HalfCheetah-v3,TD3_Q2a2x64_1p_zeros
987,8081.080068680164,4935000.0,HalfCheetah-v3,TD3_Q2a2x64_1p_zeros
988,7179.472272485526,4940000.0,HalfCheetah-v3,TD3_Q2a2x64_1p_zeros
989,7203.165910178255,4945000.0,HalfCheetah-v3,TD3_Q2a2x64_1p_zeros
990,8783.726405784158,4950000.0,HalfCheetah-v3,TD3_Q2a2x64_1p_zeros
991,8585.666942837426,4955000.0,HalfCheetah-v3,TD3_Q2a2x64_1p_zeros
992,8181.1563909583465,4960000.0,HalfCheetah-v3,TD3_Q2a2x64_1p_zeros
993,7710.779419271198,4965000.0,HalfCheetah-v3,TD3_Q2a2x64_1p_zeros
994,7119.78932498864,4970000.0,HalfCheetah-v3,TD3_Q2a2x64_1p_zeros
995,8391.499063380217,4975000.0,HalfCheetah-v3,TD3_Q2a2x64_1p_zeros
996,8226.388113934834,4980000.0,HalfCheetah-v3,TD3_Q2a2x64_1p_zeros
997,7978.653763381941,4985000.0,HalfCheetah-v3,TD3_Q2a2x64_1p_zeros
998,7496.0496829225285,4990000.0,HalfCheetah-v3,TD3_Q2a2x64_1p_zeros
999,7018.97995840639,4995000.0,HalfCheetah-v3,TD3_Q2a2x64_1p_zeros
