index,Average Return,Timesteps,env,algorithm_name
0,936.9938731677528,0.0,Ant-v3,TD3_Q2ahidden1x64_facp1
1,937.9425443955606,5000.0,Ant-v3,TD3_Q2ahidden1x64_facp1
2,936.131686616561,10000.0,Ant-v3,TD3_Q2ahidden1x64_facp1
3,784.0146227328236,15000.0,Ant-v3,TD3_Q2ahidden1x64_facp1
4,921.7358761712558,20000.0,Ant-v3,TD3_Q2ahidden1x64_facp1
5,657.1218711449463,25000.0,Ant-v3,TD3_Q2ahidden1x64_facp1
6,752.3860235485778,30000.0,Ant-v3,TD3_Q2ahidden1x64_facp1
7,735.510356431084,35000.0,Ant-v3,TD3_Q2ahidden1x64_facp1
8,718.14097553826,40000.0,Ant-v3,TD3_Q2ahidden1x64_facp1
9,857.581378661884,45000.0,Ant-v3,TD3_Q2ahidden1x64_facp1
10,888.5332315372432,50000.0,Ant-v3,TD3_Q2ahidden1x64_facp1
11,908.796196465838,55000.0,Ant-v3,TD3_Q2ahidden1x64_facp1
12,753.8885532929567,60000.0,Ant-v3,TD3_Q2ahidden1x64_facp1
13,817.7143465218423,65000.0,Ant-v3,TD3_Q2ahidden1x64_facp1
14,785.5603421839875,70000.0,Ant-v3,TD3_Q2ahidden1x64_facp1
15,896.1837810989348,75000.0,Ant-v3,TD3_Q2ahidden1x64_facp1
16,932.6191966037622,80000.0,Ant-v3,TD3_Q2ahidden1x64_facp1
17,839.0270023041807,85000.0,Ant-v3,TD3_Q2ahidden1x64_facp1
18,685.5999767412907,90000.0,Ant-v3,TD3_Q2ahidden1x64_facp1
19,564.1940704618958,95000.0,Ant-v3,TD3_Q2ahidden1x64_facp1
20,936.7464815295416,100000.0,Ant-v3,TD3_Q2ahidden1x64_facp1
21,794.2774867945059,105000.0,Ant-v3,TD3_Q2ahidden1x64_facp1
22,642.3270075365535,110000.0,Ant-v3,TD3_Q2ahidden1x64_facp1
23,919.3001324698774,115000.0,Ant-v3,TD3_Q2ahidden1x64_facp1
24,838.8840449596388,120000.0,Ant-v3,TD3_Q2ahidden1x64_facp1
25,763.3731057575113,125000.0,Ant-v3,TD3_Q2ahidden1x64_facp1
26,969.2714692006027,130000.0,Ant-v3,TD3_Q2ahidden1x64_facp1
27,790.4762964721607,135000.0,Ant-v3,TD3_Q2ahidden1x64_facp1
28,143.56740933500038,140000.0,Ant-v3,TD3_Q2ahidden1x64_facp1
29,260.1323073028261,145000.0,Ant-v3,TD3_Q2ahidden1x64_facp1
30,401.3374442511921,150000.0,Ant-v3,TD3_Q2ahidden1x64_facp1
31,685.4004192903229,155000.0,Ant-v3,TD3_Q2ahidden1x64_facp1
32,1153.050632717392,160000.0,Ant-v3,TD3_Q2ahidden1x64_facp1
33,1533.956653394762,165000.0,Ant-v3,TD3_Q2ahidden1x64_facp1
34,1402.9870605115236,170000.0,Ant-v3,TD3_Q2ahidden1x64_facp1
35,1115.4056563982192,175000.0,Ant-v3,TD3_Q2ahidden1x64_facp1
36,498.48106634810654,180000.0,Ant-v3,TD3_Q2ahidden1x64_facp1
37,1664.7601173372009,185000.0,Ant-v3,TD3_Q2ahidden1x64_facp1
38,1625.8381044789442,190000.0,Ant-v3,TD3_Q2ahidden1x64_facp1
39,1443.6736364431886,195000.0,Ant-v3,TD3_Q2ahidden1x64_facp1
40,707.4063939268715,200000.0,Ant-v3,TD3_Q2ahidden1x64_facp1
41,796.5796704128521,205000.0,Ant-v3,TD3_Q2ahidden1x64_facp1
42,2180.7726559532284,210000.0,Ant-v3,TD3_Q2ahidden1x64_facp1
43,2298.3331282215336,215000.0,Ant-v3,TD3_Q2ahidden1x64_facp1
44,2004.0116016218788,220000.0,Ant-v3,TD3_Q2ahidden1x64_facp1
45,1935.5820712131783,225000.0,Ant-v3,TD3_Q2ahidden1x64_facp1
46,2449.477171401628,230000.0,Ant-v3,TD3_Q2ahidden1x64_facp1
47,2200.041781427142,235000.0,Ant-v3,TD3_Q2ahidden1x64_facp1
48,1730.4457394826618,240000.0,Ant-v3,TD3_Q2ahidden1x64_facp1
49,1813.2054069491037,245000.0,Ant-v3,TD3_Q2ahidden1x64_facp1
50,2411.997196569241,250000.0,Ant-v3,TD3_Q2ahidden1x64_facp1
51,1675.4774329612526,255000.0,Ant-v3,TD3_Q2ahidden1x64_facp1
52,2583.6809897991843,260000.0,Ant-v3,TD3_Q2ahidden1x64_facp1
53,2129.869410256912,265000.0,Ant-v3,TD3_Q2ahidden1x64_facp1
54,1345.7598014207688,270000.0,Ant-v3,TD3_Q2ahidden1x64_facp1
55,2724.2722685331005,275000.0,Ant-v3,TD3_Q2ahidden1x64_facp1
56,2609.9198980873093,280000.0,Ant-v3,TD3_Q2ahidden1x64_facp1
57,2655.3047283308897,285000.0,Ant-v3,TD3_Q2ahidden1x64_facp1
58,1094.844440889008,290000.0,Ant-v3,TD3_Q2ahidden1x64_facp1
59,2069.042541327015,295000.0,Ant-v3,TD3_Q2ahidden1x64_facp1
60,1968.2999207761218,300000.0,Ant-v3,TD3_Q2ahidden1x64_facp1
61,2682.0287184579765,305000.0,Ant-v3,TD3_Q2ahidden1x64_facp1
62,2608.8878982389233,310000.0,Ant-v3,TD3_Q2ahidden1x64_facp1
63,2974.6102556583296,315000.0,Ant-v3,TD3_Q2ahidden1x64_facp1
64,2715.7311584301,320000.0,Ant-v3,TD3_Q2ahidden1x64_facp1
65,3183.653763021613,325000.0,Ant-v3,TD3_Q2ahidden1x64_facp1
66,2673.5187658089803,330000.0,Ant-v3,TD3_Q2ahidden1x64_facp1
67,2977.607744126716,335000.0,Ant-v3,TD3_Q2ahidden1x64_facp1
68,3613.518882895408,340000.0,Ant-v3,TD3_Q2ahidden1x64_facp1
69,2743.394399124304,345000.0,Ant-v3,TD3_Q2ahidden1x64_facp1
70,3202.2521429456037,350000.0,Ant-v3,TD3_Q2ahidden1x64_facp1
71,3182.668273738241,355000.0,Ant-v3,TD3_Q2ahidden1x64_facp1
72,3365.688976336737,360000.0,Ant-v3,TD3_Q2ahidden1x64_facp1
73,3184.311432897138,365000.0,Ant-v3,TD3_Q2ahidden1x64_facp1
74,3744.8154774589884,370000.0,Ant-v3,TD3_Q2ahidden1x64_facp1
75,3499.680024654229,375000.0,Ant-v3,TD3_Q2ahidden1x64_facp1
76,2442.208198791629,380000.0,Ant-v3,TD3_Q2ahidden1x64_facp1
77,3459.5551586755137,385000.0,Ant-v3,TD3_Q2ahidden1x64_facp1
78,2910.9951053151694,390000.0,Ant-v3,TD3_Q2ahidden1x64_facp1
79,3316.703158191972,395000.0,Ant-v3,TD3_Q2ahidden1x64_facp1
80,3844.971629877206,400000.0,Ant-v3,TD3_Q2ahidden1x64_facp1
81,4005.4774697711764,405000.0,Ant-v3,TD3_Q2ahidden1x64_facp1
82,3865.538239367389,410000.0,Ant-v3,TD3_Q2ahidden1x64_facp1
83,618.3246599994585,415000.0,Ant-v3,TD3_Q2ahidden1x64_facp1
84,3859.696161297278,420000.0,Ant-v3,TD3_Q2ahidden1x64_facp1
85,4116.720928669431,425000.0,Ant-v3,TD3_Q2ahidden1x64_facp1
86,3371.88165778708,430000.0,Ant-v3,TD3_Q2ahidden1x64_facp1
87,4076.71623471091,435000.0,Ant-v3,TD3_Q2ahidden1x64_facp1
88,3385.7427204141486,440000.0,Ant-v3,TD3_Q2ahidden1x64_facp1
89,3682.0510475318506,445000.0,Ant-v3,TD3_Q2ahidden1x64_facp1
90,4287.955167308733,450000.0,Ant-v3,TD3_Q2ahidden1x64_facp1
91,3502.2798794806013,455000.0,Ant-v3,TD3_Q2ahidden1x64_facp1
92,3035.6387769958837,460000.0,Ant-v3,TD3_Q2ahidden1x64_facp1
93,3589.6793591645787,465000.0,Ant-v3,TD3_Q2ahidden1x64_facp1
94,3286.9817492082047,470000.0,Ant-v3,TD3_Q2ahidden1x64_facp1
95,3966.7677051848177,475000.0,Ant-v3,TD3_Q2ahidden1x64_facp1
96,3864.122057987324,480000.0,Ant-v3,TD3_Q2ahidden1x64_facp1
97,3787.006196976021,485000.0,Ant-v3,TD3_Q2ahidden1x64_facp1
98,3734.014463895156,490000.0,Ant-v3,TD3_Q2ahidden1x64_facp1
99,4830.358363178349,495000.0,Ant-v3,TD3_Q2ahidden1x64_facp1
100,4607.501849176878,500000.0,Ant-v3,TD3_Q2ahidden1x64_facp1
101,4278.910397016587,505000.0,Ant-v3,TD3_Q2ahidden1x64_facp1
102,2937.8182386705785,510000.0,Ant-v3,TD3_Q2ahidden1x64_facp1
103,3914.756777050379,515000.0,Ant-v3,TD3_Q2ahidden1x64_facp1
104,4179.947215545632,520000.0,Ant-v3,TD3_Q2ahidden1x64_facp1
105,4207.09411718547,525000.0,Ant-v3,TD3_Q2ahidden1x64_facp1
106,4554.342510222852,530000.0,Ant-v3,TD3_Q2ahidden1x64_facp1
107,4119.199635383856,535000.0,Ant-v3,TD3_Q2ahidden1x64_facp1
108,4469.394797811853,540000.0,Ant-v3,TD3_Q2ahidden1x64_facp1
109,4884.3285631173185,545000.0,Ant-v3,TD3_Q2ahidden1x64_facp1
110,4653.934831241257,550000.0,Ant-v3,TD3_Q2ahidden1x64_facp1
111,4396.0442946893245,555000.0,Ant-v3,TD3_Q2ahidden1x64_facp1
112,4443.379498912714,560000.0,Ant-v3,TD3_Q2ahidden1x64_facp1
113,4303.836968595632,565000.0,Ant-v3,TD3_Q2ahidden1x64_facp1
114,4866.891057111276,570000.0,Ant-v3,TD3_Q2ahidden1x64_facp1
115,4047.389034322514,575000.0,Ant-v3,TD3_Q2ahidden1x64_facp1
116,4969.3919128450425,580000.0,Ant-v3,TD3_Q2ahidden1x64_facp1
117,4597.181994363596,585000.0,Ant-v3,TD3_Q2ahidden1x64_facp1
118,4990.2329952079435,590000.0,Ant-v3,TD3_Q2ahidden1x64_facp1
119,4564.369360097679,595000.0,Ant-v3,TD3_Q2ahidden1x64_facp1
120,4282.382741998561,600000.0,Ant-v3,TD3_Q2ahidden1x64_facp1
121,4774.273355852285,605000.0,Ant-v3,TD3_Q2ahidden1x64_facp1
122,4862.17623658554,610000.0,Ant-v3,TD3_Q2ahidden1x64_facp1
123,4914.45918294673,615000.0,Ant-v3,TD3_Q2ahidden1x64_facp1
124,3929.1374263355547,620000.0,Ant-v3,TD3_Q2ahidden1x64_facp1
125,4602.833164358417,625000.0,Ant-v3,TD3_Q2ahidden1x64_facp1
126,4921.623921331895,630000.0,Ant-v3,TD3_Q2ahidden1x64_facp1
127,4928.209607030128,635000.0,Ant-v3,TD3_Q2ahidden1x64_facp1
128,4688.566664791211,640000.0,Ant-v3,TD3_Q2ahidden1x64_facp1
129,4971.486251990568,645000.0,Ant-v3,TD3_Q2ahidden1x64_facp1
130,4449.884676881863,650000.0,Ant-v3,TD3_Q2ahidden1x64_facp1
131,5128.961910985368,655000.0,Ant-v3,TD3_Q2ahidden1x64_facp1
132,3994.2557029293,660000.0,Ant-v3,TD3_Q2ahidden1x64_facp1
133,5205.260488988047,665000.0,Ant-v3,TD3_Q2ahidden1x64_facp1
134,4878.247079773463,670000.0,Ant-v3,TD3_Q2ahidden1x64_facp1
135,4591.487122694541,675000.0,Ant-v3,TD3_Q2ahidden1x64_facp1
136,5302.659067149058,680000.0,Ant-v3,TD3_Q2ahidden1x64_facp1
137,4853.180002871479,685000.0,Ant-v3,TD3_Q2ahidden1x64_facp1
138,4776.118453712461,690000.0,Ant-v3,TD3_Q2ahidden1x64_facp1
139,5121.826896747067,695000.0,Ant-v3,TD3_Q2ahidden1x64_facp1
140,4960.855069738389,700000.0,Ant-v3,TD3_Q2ahidden1x64_facp1
141,5279.705288044787,705000.0,Ant-v3,TD3_Q2ahidden1x64_facp1
142,5046.676973024506,710000.0,Ant-v3,TD3_Q2ahidden1x64_facp1
143,5006.8930169305295,715000.0,Ant-v3,TD3_Q2ahidden1x64_facp1
144,4630.16421823995,720000.0,Ant-v3,TD3_Q2ahidden1x64_facp1
145,5075.2811623324915,725000.0,Ant-v3,TD3_Q2ahidden1x64_facp1
146,4759.586960724961,730000.0,Ant-v3,TD3_Q2ahidden1x64_facp1
147,5364.987267730094,735000.0,Ant-v3,TD3_Q2ahidden1x64_facp1
148,4868.887935792999,740000.0,Ant-v3,TD3_Q2ahidden1x64_facp1
149,5303.580225434392,745000.0,Ant-v3,TD3_Q2ahidden1x64_facp1
150,5119.275149549114,750000.0,Ant-v3,TD3_Q2ahidden1x64_facp1
151,4928.5389505028525,755000.0,Ant-v3,TD3_Q2ahidden1x64_facp1
152,5403.326395208207,760000.0,Ant-v3,TD3_Q2ahidden1x64_facp1
153,5280.842662695107,765000.0,Ant-v3,TD3_Q2ahidden1x64_facp1
154,5332.187755602135,770000.0,Ant-v3,TD3_Q2ahidden1x64_facp1
155,5439.383675400461,775000.0,Ant-v3,TD3_Q2ahidden1x64_facp1
156,5183.883598647853,780000.0,Ant-v3,TD3_Q2ahidden1x64_facp1
157,5383.210952611503,785000.0,Ant-v3,TD3_Q2ahidden1x64_facp1
158,5116.178799138239,790000.0,Ant-v3,TD3_Q2ahidden1x64_facp1
159,5164.0690927037795,795000.0,Ant-v3,TD3_Q2ahidden1x64_facp1
160,4851.651781876658,800000.0,Ant-v3,TD3_Q2ahidden1x64_facp1
161,5115.671031673887,805000.0,Ant-v3,TD3_Q2ahidden1x64_facp1
162,5259.345438809595,810000.0,Ant-v3,TD3_Q2ahidden1x64_facp1
163,5008.05653303749,815000.0,Ant-v3,TD3_Q2ahidden1x64_facp1
164,5400.932038575861,820000.0,Ant-v3,TD3_Q2ahidden1x64_facp1
165,5475.479198684071,825000.0,Ant-v3,TD3_Q2ahidden1x64_facp1
166,5343.554043390539,830000.0,Ant-v3,TD3_Q2ahidden1x64_facp1
167,5252.886585592545,835000.0,Ant-v3,TD3_Q2ahidden1x64_facp1
168,5352.596148749945,840000.0,Ant-v3,TD3_Q2ahidden1x64_facp1
169,5020.869115433413,845000.0,Ant-v3,TD3_Q2ahidden1x64_facp1
170,5363.129227113277,850000.0,Ant-v3,TD3_Q2ahidden1x64_facp1
171,5399.271980418508,855000.0,Ant-v3,TD3_Q2ahidden1x64_facp1
172,5282.62584400621,860000.0,Ant-v3,TD3_Q2ahidden1x64_facp1
173,5511.958275692864,865000.0,Ant-v3,TD3_Q2ahidden1x64_facp1
174,4215.021895434433,870000.0,Ant-v3,TD3_Q2ahidden1x64_facp1
175,5388.976687342705,875000.0,Ant-v3,TD3_Q2ahidden1x64_facp1
176,4646.500101764525,880000.0,Ant-v3,TD3_Q2ahidden1x64_facp1
177,4826.111334613682,885000.0,Ant-v3,TD3_Q2ahidden1x64_facp1
178,5261.905584697142,890000.0,Ant-v3,TD3_Q2ahidden1x64_facp1
179,5237.03648604318,895000.0,Ant-v3,TD3_Q2ahidden1x64_facp1
180,5448.226617391983,900000.0,Ant-v3,TD3_Q2ahidden1x64_facp1
181,5647.38610302978,905000.0,Ant-v3,TD3_Q2ahidden1x64_facp1
182,5546.089767571353,910000.0,Ant-v3,TD3_Q2ahidden1x64_facp1
183,5345.02796438622,915000.0,Ant-v3,TD3_Q2ahidden1x64_facp1
184,5430.2968619322855,920000.0,Ant-v3,TD3_Q2ahidden1x64_facp1
185,5346.118306284059,925000.0,Ant-v3,TD3_Q2ahidden1x64_facp1
186,5559.578928632274,930000.0,Ant-v3,TD3_Q2ahidden1x64_facp1
187,5588.000984397547,935000.0,Ant-v3,TD3_Q2ahidden1x64_facp1
188,5483.697967591607,940000.0,Ant-v3,TD3_Q2ahidden1x64_facp1
189,5470.875845805581,945000.0,Ant-v3,TD3_Q2ahidden1x64_facp1
190,4536.751849848215,950000.0,Ant-v3,TD3_Q2ahidden1x64_facp1
191,4970.036169232812,955000.0,Ant-v3,TD3_Q2ahidden1x64_facp1
192,5414.04934677376,960000.0,Ant-v3,TD3_Q2ahidden1x64_facp1
193,4835.707679384422,965000.0,Ant-v3,TD3_Q2ahidden1x64_facp1
194,5194.04972352645,970000.0,Ant-v3,TD3_Q2ahidden1x64_facp1
195,4615.24028121181,975000.0,Ant-v3,TD3_Q2ahidden1x64_facp1
196,5664.166730931532,980000.0,Ant-v3,TD3_Q2ahidden1x64_facp1
197,5520.677845626125,985000.0,Ant-v3,TD3_Q2ahidden1x64_facp1
198,5597.858430569829,990000.0,Ant-v3,TD3_Q2ahidden1x64_facp1
199,4887.279286676773,995000.0,Ant-v3,TD3_Q2ahidden1x64_facp1
200,5288.466898591725,1000000.0,Ant-v3,TD3_Q2ahidden1x64_facp1
