index,Average Return,Timesteps,env,algorithm_name
0,-31.127228876363233,0,HalfCheetah-v3,SAC_Q2a
1,287.2832079286085,5000,HalfCheetah-v3,SAC_Q2a
2,-237.20040991093447,10000,HalfCheetah-v3,SAC_Q2a
3,-262.0186361315803,15000,HalfCheetah-v3,SAC_Q2a
4,7.058304801247234,20000,HalfCheetah-v3,SAC_Q2a
5,313.42926248939716,25000,HalfCheetah-v3,SAC_Q2a
6,1292.0959954176283,30000,HalfCheetah-v3,SAC_Q2a
7,1765.6167924269562,35000,HalfCheetah-v3,SAC_Q2a
8,2416.5949741804375,40000,HalfCheetah-v3,SAC_Q2a
9,2460.3028246115314,45000,HalfCheetah-v3,SAC_Q2a
10,2742.482606552956,50000,HalfCheetah-v3,SAC_Q2a
11,2958.5444380919253,55000,HalfCheetah-v3,SAC_Q2a
12,3152.9362351139953,60000,HalfCheetah-v3,SAC_Q2a
13,3355.0054199841425,65000,HalfCheetah-v3,SAC_Q2a
14,3740.706933978932,70000,HalfCheetah-v3,SAC_Q2a
15,3716.05886739649,75000,HalfCheetah-v3,SAC_Q2a
16,3883.2823044806064,80000,HalfCheetah-v3,SAC_Q2a
17,4012.3317387302022,85000,HalfCheetah-v3,SAC_Q2a
18,4068.6732960630397,90000,HalfCheetah-v3,SAC_Q2a
19,4321.685863505279,95000,HalfCheetah-v3,SAC_Q2a
20,4432.682436247218,100000,HalfCheetah-v3,SAC_Q2a
21,4570.572596215666,105000,HalfCheetah-v3,SAC_Q2a
22,4678.774377936307,110000,HalfCheetah-v3,SAC_Q2a
23,4819.035487831795,115000,HalfCheetah-v3,SAC_Q2a
24,4810.563718817028,120000,HalfCheetah-v3,SAC_Q2a
25,4973.937177604849,125000,HalfCheetah-v3,SAC_Q2a
26,5051.75532483097,130000,HalfCheetah-v3,SAC_Q2a
27,5143.317674844687,135000,HalfCheetah-v3,SAC_Q2a
28,4994.820694968722,140000,HalfCheetah-v3,SAC_Q2a
29,5334.672565646694,145000,HalfCheetah-v3,SAC_Q2a
30,5504.906649191201,150000,HalfCheetah-v3,SAC_Q2a
31,5280.412521325097,155000,HalfCheetah-v3,SAC_Q2a
32,5434.069327957406,160000,HalfCheetah-v3,SAC_Q2a
33,5694.405993793181,165000,HalfCheetah-v3,SAC_Q2a
34,5714.246695080537,170000,HalfCheetah-v3,SAC_Q2a
35,5731.445104089771,175000,HalfCheetah-v3,SAC_Q2a
36,5650.071165202813,180000,HalfCheetah-v3,SAC_Q2a
37,5336.562111558293,185000,HalfCheetah-v3,SAC_Q2a
38,5936.290503414573,190000,HalfCheetah-v3,SAC_Q2a
39,5952.037328643072,195000,HalfCheetah-v3,SAC_Q2a
40,6132.88363603415,200000,HalfCheetah-v3,SAC_Q2a
41,6256.801268782454,205000,HalfCheetah-v3,SAC_Q2a
42,6240.246644885097,210000,HalfCheetah-v3,SAC_Q2a
43,6514.0648435777985,215000,HalfCheetah-v3,SAC_Q2a
44,6486.835313767664,220000,HalfCheetah-v3,SAC_Q2a
45,6092.698109158612,225000,HalfCheetah-v3,SAC_Q2a
46,6622.247093654114,230000,HalfCheetah-v3,SAC_Q2a
47,6756.05824735151,235000,HalfCheetah-v3,SAC_Q2a
48,6821.705034697901,240000,HalfCheetah-v3,SAC_Q2a
49,6676.96998829708,245000,HalfCheetah-v3,SAC_Q2a
50,6578.0446314863075,250000,HalfCheetah-v3,SAC_Q2a
51,7031.910913290759,255000,HalfCheetah-v3,SAC_Q2a
52,7053.152977280339,260000,HalfCheetah-v3,SAC_Q2a
53,6987.489258681961,265000,HalfCheetah-v3,SAC_Q2a
54,6897.057624879606,270000,HalfCheetah-v3,SAC_Q2a
55,6940.829071887852,275000,HalfCheetah-v3,SAC_Q2a
56,6991.383196154539,280000,HalfCheetah-v3,SAC_Q2a
57,7389.279012645066,285000,HalfCheetah-v3,SAC_Q2a
58,7406.974622994392,290000,HalfCheetah-v3,SAC_Q2a
59,7445.897415299465,295000,HalfCheetah-v3,SAC_Q2a
60,7646.064777331281,300000,HalfCheetah-v3,SAC_Q2a
61,7506.35138321659,305000,HalfCheetah-v3,SAC_Q2a
62,7607.638530957744,310000,HalfCheetah-v3,SAC_Q2a
63,7693.089691129011,315000,HalfCheetah-v3,SAC_Q2a
64,7547.8134999934355,320000,HalfCheetah-v3,SAC_Q2a
65,7773.93816828606,325000,HalfCheetah-v3,SAC_Q2a
66,7860.267788187562,330000,HalfCheetah-v3,SAC_Q2a
67,7879.4802949426285,335000,HalfCheetah-v3,SAC_Q2a
68,7985.393724174675,340000,HalfCheetah-v3,SAC_Q2a
69,8011.554068027921,345000,HalfCheetah-v3,SAC_Q2a
70,8146.934160546026,350000,HalfCheetah-v3,SAC_Q2a
71,7909.663887482631,355000,HalfCheetah-v3,SAC_Q2a
72,8029.975323967674,360000,HalfCheetah-v3,SAC_Q2a
73,8202.491850021674,365000,HalfCheetah-v3,SAC_Q2a
74,8250.316329468968,370000,HalfCheetah-v3,SAC_Q2a
75,8465.824089112892,375000,HalfCheetah-v3,SAC_Q2a
76,7963.394659758543,380000,HalfCheetah-v3,SAC_Q2a
77,8415.279611755526,385000,HalfCheetah-v3,SAC_Q2a
78,8569.521142633688,390000,HalfCheetah-v3,SAC_Q2a
79,8521.561082423274,395000,HalfCheetah-v3,SAC_Q2a
80,8458.399594374114,400000,HalfCheetah-v3,SAC_Q2a
81,8582.46007444163,405000,HalfCheetah-v3,SAC_Q2a
82,8473.101810108023,410000,HalfCheetah-v3,SAC_Q2a
83,8740.7771747041,415000,HalfCheetah-v3,SAC_Q2a
84,8600.280658230531,420000,HalfCheetah-v3,SAC_Q2a
85,8837.793932639233,425000,HalfCheetah-v3,SAC_Q2a
86,8897.719692632458,430000,HalfCheetah-v3,SAC_Q2a
87,8858.487292993996,435000,HalfCheetah-v3,SAC_Q2a
88,8485.490828467642,440000,HalfCheetah-v3,SAC_Q2a
89,8917.771978629375,445000,HalfCheetah-v3,SAC_Q2a
90,9030.07100235792,450000,HalfCheetah-v3,SAC_Q2a
91,9147.019281709232,455000,HalfCheetah-v3,SAC_Q2a
92,9061.76873169549,460000,HalfCheetah-v3,SAC_Q2a
93,8795.151182922064,465000,HalfCheetah-v3,SAC_Q2a
94,9183.148740776747,470000,HalfCheetah-v3,SAC_Q2a
95,9241.479106702614,475000,HalfCheetah-v3,SAC_Q2a
96,8804.244122877975,480000,HalfCheetah-v3,SAC_Q2a
97,9238.462855955731,485000,HalfCheetah-v3,SAC_Q2a
98,9114.37891847973,490000,HalfCheetah-v3,SAC_Q2a
99,9093.803514213216,495000,HalfCheetah-v3,SAC_Q2a
100,8759.943375482348,500000,HalfCheetah-v3,SAC_Q2a
101,8950.702442343734,505000,HalfCheetah-v3,SAC_Q2a
102,8138.458588124272,510000,HalfCheetah-v3,SAC_Q2a
103,8509.574146330971,515000,HalfCheetah-v3,SAC_Q2a
104,9014.032220828773,520000,HalfCheetah-v3,SAC_Q2a
105,9345.479594887338,525000,HalfCheetah-v3,SAC_Q2a
106,9537.40474961039,530000,HalfCheetah-v3,SAC_Q2a
107,9392.906719050736,535000,HalfCheetah-v3,SAC_Q2a
108,9403.601247916606,540000,HalfCheetah-v3,SAC_Q2a
109,8068.76135807924,545000,HalfCheetah-v3,SAC_Q2a
110,9155.986603750624,550000,HalfCheetah-v3,SAC_Q2a
111,9292.449318038533,555000,HalfCheetah-v3,SAC_Q2a
112,9474.572091344204,560000,HalfCheetah-v3,SAC_Q2a
113,9180.091792967474,565000,HalfCheetah-v3,SAC_Q2a
114,9723.327666739644,570000,HalfCheetah-v3,SAC_Q2a
115,9242.52342047867,575000,HalfCheetah-v3,SAC_Q2a
116,9567.645917551547,580000,HalfCheetah-v3,SAC_Q2a
117,8880.489703351457,585000,HalfCheetah-v3,SAC_Q2a
118,9688.74435191666,590000,HalfCheetah-v3,SAC_Q2a
119,8736.394395152161,595000,HalfCheetah-v3,SAC_Q2a
120,9662.82408663382,600000,HalfCheetah-v3,SAC_Q2a
121,9513.86035215527,605000,HalfCheetah-v3,SAC_Q2a
122,9667.453475230259,610000,HalfCheetah-v3,SAC_Q2a
123,9125.087659327273,615000,HalfCheetah-v3,SAC_Q2a
124,9748.563562161038,620000,HalfCheetah-v3,SAC_Q2a
125,9795.4177743992,625000,HalfCheetah-v3,SAC_Q2a
126,9647.625100783072,630000,HalfCheetah-v3,SAC_Q2a
127,9843.912883145747,635000,HalfCheetah-v3,SAC_Q2a
128,8854.073815850308,640000,HalfCheetah-v3,SAC_Q2a
129,8478.732821766525,645000,HalfCheetah-v3,SAC_Q2a
130,9666.046061912359,650000,HalfCheetah-v3,SAC_Q2a
131,9683.379898190304,655000,HalfCheetah-v3,SAC_Q2a
132,9791.108893973902,660000,HalfCheetah-v3,SAC_Q2a
133,9960.033528747903,665000,HalfCheetah-v3,SAC_Q2a
134,9952.985452063804,670000,HalfCheetah-v3,SAC_Q2a
