index,Average Return,Timesteps,env,algorithm_name
0,-54.48163986100938,0,HalfCheetah-v3,SAC_Q2a
1,-1.493452433695111,5000,HalfCheetah-v3,SAC_Q2a
2,-365.2376163201281,10000,HalfCheetah-v3,SAC_Q2a
3,-252.8262053379057,15000,HalfCheetah-v3,SAC_Q2a
4,-362.90570029375124,20000,HalfCheetah-v3,SAC_Q2a
5,595.236261518635,25000,HalfCheetah-v3,SAC_Q2a
6,375.6206553202421,30000,HalfCheetah-v3,SAC_Q2a
7,509.7757636643413,35000,HalfCheetah-v3,SAC_Q2a
8,2334.572839753849,40000,HalfCheetah-v3,SAC_Q2a
9,2734.161909795096,45000,HalfCheetah-v3,SAC_Q2a
10,3052.9048157246334,50000,HalfCheetah-v3,SAC_Q2a
11,2920.132633652137,55000,HalfCheetah-v3,SAC_Q2a
12,3351.7246833069685,60000,HalfCheetah-v3,SAC_Q2a
13,3798.1501849827446,65000,HalfCheetah-v3,SAC_Q2a
14,3643.369330503546,70000,HalfCheetah-v3,SAC_Q2a
15,3692.9629683869607,75000,HalfCheetah-v3,SAC_Q2a
16,4384.710750902921,80000,HalfCheetah-v3,SAC_Q2a
17,4170.090705577992,85000,HalfCheetah-v3,SAC_Q2a
18,4209.132666714772,90000,HalfCheetah-v3,SAC_Q2a
19,4477.452019428145,95000,HalfCheetah-v3,SAC_Q2a
20,4392.89824432022,100000,HalfCheetah-v3,SAC_Q2a
21,5126.412371265689,105000,HalfCheetah-v3,SAC_Q2a
22,5501.384321081963,110000,HalfCheetah-v3,SAC_Q2a
23,5606.52675892509,115000,HalfCheetah-v3,SAC_Q2a
24,5591.970902852884,120000,HalfCheetah-v3,SAC_Q2a
25,6129.973526083536,125000,HalfCheetah-v3,SAC_Q2a
26,5901.059307949202,130000,HalfCheetah-v3,SAC_Q2a
27,5726.25515653418,135000,HalfCheetah-v3,SAC_Q2a
28,5423.0828123667425,140000,HalfCheetah-v3,SAC_Q2a
29,5719.628630680976,145000,HalfCheetah-v3,SAC_Q2a
30,6022.117575083583,150000,HalfCheetah-v3,SAC_Q2a
31,6554.735592381771,155000,HalfCheetah-v3,SAC_Q2a
32,6552.860649780322,160000,HalfCheetah-v3,SAC_Q2a
33,6491.737171199117,165000,HalfCheetah-v3,SAC_Q2a
34,6665.5995809334945,170000,HalfCheetah-v3,SAC_Q2a
35,6613.080467847625,175000,HalfCheetah-v3,SAC_Q2a
36,6613.501331658203,180000,HalfCheetah-v3,SAC_Q2a
37,6696.712314722882,185000,HalfCheetah-v3,SAC_Q2a
38,6953.400770396831,190000,HalfCheetah-v3,SAC_Q2a
39,6851.750675601706,195000,HalfCheetah-v3,SAC_Q2a
40,6989.228940101163,200000,HalfCheetah-v3,SAC_Q2a
41,6906.542963971762,205000,HalfCheetah-v3,SAC_Q2a
42,7191.283976141359,210000,HalfCheetah-v3,SAC_Q2a
43,7099.427088342098,215000,HalfCheetah-v3,SAC_Q2a
44,7288.137895022311,220000,HalfCheetah-v3,SAC_Q2a
45,7210.224622171414,225000,HalfCheetah-v3,SAC_Q2a
46,7294.453027593879,230000,HalfCheetah-v3,SAC_Q2a
47,7520.567217154205,235000,HalfCheetah-v3,SAC_Q2a
48,7307.676627614857,240000,HalfCheetah-v3,SAC_Q2a
49,7501.134280582354,245000,HalfCheetah-v3,SAC_Q2a
50,7554.425238557202,250000,HalfCheetah-v3,SAC_Q2a
51,7473.403461656731,255000,HalfCheetah-v3,SAC_Q2a
52,7570.236260869409,260000,HalfCheetah-v3,SAC_Q2a
53,7554.139508594951,265000,HalfCheetah-v3,SAC_Q2a
54,7580.387287294658,270000,HalfCheetah-v3,SAC_Q2a
55,7677.744657412904,275000,HalfCheetah-v3,SAC_Q2a
56,7665.377264075437,280000,HalfCheetah-v3,SAC_Q2a
57,7936.276199469857,285000,HalfCheetah-v3,SAC_Q2a
58,7916.431424228959,290000,HalfCheetah-v3,SAC_Q2a
59,7586.642707704855,295000,HalfCheetah-v3,SAC_Q2a
60,7826.677934159639,300000,HalfCheetah-v3,SAC_Q2a
61,8067.040429909854,305000,HalfCheetah-v3,SAC_Q2a
62,7994.7441790213825,310000,HalfCheetah-v3,SAC_Q2a
63,8107.130876622107,315000,HalfCheetah-v3,SAC_Q2a
64,8160.259021355227,320000,HalfCheetah-v3,SAC_Q2a
65,8465.51758454811,325000,HalfCheetah-v3,SAC_Q2a
66,8310.6117122324,330000,HalfCheetah-v3,SAC_Q2a
67,8517.432296382467,335000,HalfCheetah-v3,SAC_Q2a
68,8786.912803430449,340000,HalfCheetah-v3,SAC_Q2a
69,8457.789683546614,345000,HalfCheetah-v3,SAC_Q2a
70,8435.098256658724,350000,HalfCheetah-v3,SAC_Q2a
71,8750.880513394459,355000,HalfCheetah-v3,SAC_Q2a
72,8620.953706414215,360000,HalfCheetah-v3,SAC_Q2a
73,8722.913954103538,365000,HalfCheetah-v3,SAC_Q2a
74,8808.097042514977,370000,HalfCheetah-v3,SAC_Q2a
75,8830.56054472542,375000,HalfCheetah-v3,SAC_Q2a
76,8933.193412183677,380000,HalfCheetah-v3,SAC_Q2a
77,8833.566438774369,385000,HalfCheetah-v3,SAC_Q2a
78,8849.14648927584,390000,HalfCheetah-v3,SAC_Q2a
79,8989.707737843435,395000,HalfCheetah-v3,SAC_Q2a
80,9050.944810190273,400000,HalfCheetah-v3,SAC_Q2a
81,9087.180689330704,405000,HalfCheetah-v3,SAC_Q2a
82,9193.317520847297,410000,HalfCheetah-v3,SAC_Q2a
83,9120.725837657006,415000,HalfCheetah-v3,SAC_Q2a
84,9194.344469344229,420000,HalfCheetah-v3,SAC_Q2a
85,9301.20151864684,425000,HalfCheetah-v3,SAC_Q2a
86,9112.228452731511,430000,HalfCheetah-v3,SAC_Q2a
87,9280.839014180718,435000,HalfCheetah-v3,SAC_Q2a
88,9423.201589679227,440000,HalfCheetah-v3,SAC_Q2a
89,9138.036044473982,445000,HalfCheetah-v3,SAC_Q2a
90,9447.302157750084,450000,HalfCheetah-v3,SAC_Q2a
91,9660.223599825367,455000,HalfCheetah-v3,SAC_Q2a
92,8985.144168965307,460000,HalfCheetah-v3,SAC_Q2a
93,9558.90853404141,465000,HalfCheetah-v3,SAC_Q2a
94,9664.831746384469,470000,HalfCheetah-v3,SAC_Q2a
95,9674.516004583402,475000,HalfCheetah-v3,SAC_Q2a
96,9705.978273680723,480000,HalfCheetah-v3,SAC_Q2a
97,9444.263876550565,485000,HalfCheetah-v3,SAC_Q2a
98,9979.406478452152,490000,HalfCheetah-v3,SAC_Q2a
99,9886.192349039136,495000,HalfCheetah-v3,SAC_Q2a
100,9813.79611265547,500000,HalfCheetah-v3,SAC_Q2a
101,9799.517464101604,505000,HalfCheetah-v3,SAC_Q2a
102,9053.009096970238,510000,HalfCheetah-v3,SAC_Q2a
103,9848.749511258207,515000,HalfCheetah-v3,SAC_Q2a
104,9943.119490632065,520000,HalfCheetah-v3,SAC_Q2a
105,10171.93204810253,525000,HalfCheetah-v3,SAC_Q2a
106,9893.592022024168,530000,HalfCheetah-v3,SAC_Q2a
107,10154.17378930737,535000,HalfCheetah-v3,SAC_Q2a
108,9895.28640485555,540000,HalfCheetah-v3,SAC_Q2a
109,10016.522264254456,545000,HalfCheetah-v3,SAC_Q2a
110,10206.452358649043,550000,HalfCheetah-v3,SAC_Q2a
111,10272.17295686126,555000,HalfCheetah-v3,SAC_Q2a
112,10302.70550776371,560000,HalfCheetah-v3,SAC_Q2a
113,10138.993628973689,565000,HalfCheetah-v3,SAC_Q2a
114,10202.231685154668,570000,HalfCheetah-v3,SAC_Q2a
115,9862.974551490628,575000,HalfCheetah-v3,SAC_Q2a
116,10077.596282584404,580000,HalfCheetah-v3,SAC_Q2a
117,10213.747427761762,585000,HalfCheetah-v3,SAC_Q2a
118,10216.043831568613,590000,HalfCheetah-v3,SAC_Q2a
119,10350.263050591795,595000,HalfCheetah-v3,SAC_Q2a
120,10269.111555838483,600000,HalfCheetah-v3,SAC_Q2a
121,10469.621167959653,605000,HalfCheetah-v3,SAC_Q2a
122,10409.082832682067,610000,HalfCheetah-v3,SAC_Q2a
123,10082.282569873167,615000,HalfCheetah-v3,SAC_Q2a
124,10470.300185773767,620000,HalfCheetah-v3,SAC_Q2a
125,10508.968525535563,625000,HalfCheetah-v3,SAC_Q2a
126,10128.95254356284,630000,HalfCheetah-v3,SAC_Q2a
127,10606.071823113889,635000,HalfCheetah-v3,SAC_Q2a
128,10466.056807877394,640000,HalfCheetah-v3,SAC_Q2a
129,10371.483210625109,645000,HalfCheetah-v3,SAC_Q2a
130,10501.612638640272,650000,HalfCheetah-v3,SAC_Q2a
131,10356.409283257695,655000,HalfCheetah-v3,SAC_Q2a
132,10607.594501105305,660000,HalfCheetah-v3,SAC_Q2a
133,10351.446232376027,665000,HalfCheetah-v3,SAC_Q2a
134,10625.43926444798,670000,HalfCheetah-v3,SAC_Q2a
