index,Average Return,Timesteps,env,algorithm_name
0,-44.48669359795691,0,HalfCheetah-v3,SAC
1,-25.226045696691475,5000,HalfCheetah-v3,SAC
2,-236.35730952454924,10000,HalfCheetah-v3,SAC
3,-188.9262895165747,15000,HalfCheetah-v3,SAC
4,-112.13337474636702,20000,HalfCheetah-v3,SAC
5,425.1576191370232,25000,HalfCheetah-v3,SAC
6,1242.1863532144666,30000,HalfCheetah-v3,SAC
7,1713.470766933067,35000,HalfCheetah-v3,SAC
8,1739.688831735693,40000,HalfCheetah-v3,SAC
9,2428.946295531739,45000,HalfCheetah-v3,SAC
10,3490.8406407467073,50000,HalfCheetah-v3,SAC
11,3808.1563032315075,55000,HalfCheetah-v3,SAC
12,3801.563251193137,60000,HalfCheetah-v3,SAC
13,3941.275683536266,65000,HalfCheetah-v3,SAC
14,3899.2174555426327,70000,HalfCheetah-v3,SAC
15,4291.110983399968,75000,HalfCheetah-v3,SAC
16,4303.303853942873,80000,HalfCheetah-v3,SAC
17,4851.269642587444,85000,HalfCheetah-v3,SAC
18,4854.529153893485,90000,HalfCheetah-v3,SAC
19,4879.439723838272,95000,HalfCheetah-v3,SAC
20,4973.908190202952,100000,HalfCheetah-v3,SAC
21,5117.729938249782,105000,HalfCheetah-v3,SAC
22,5005.154862003763,110000,HalfCheetah-v3,SAC
23,5352.055781420211,115000,HalfCheetah-v3,SAC
24,5157.2795403010705,120000,HalfCheetah-v3,SAC
25,5641.548235198906,125000,HalfCheetah-v3,SAC
26,5472.058937693939,130000,HalfCheetah-v3,SAC
27,5804.021174009331,135000,HalfCheetah-v3,SAC
28,5891.224070109406,140000,HalfCheetah-v3,SAC
29,6000.290406712198,145000,HalfCheetah-v3,SAC
30,5999.842621373086,150000,HalfCheetah-v3,SAC
31,5874.419512699858,155000,HalfCheetah-v3,SAC
32,6422.901894987015,160000,HalfCheetah-v3,SAC
33,6637.973925614339,165000,HalfCheetah-v3,SAC
34,6415.419217393288,170000,HalfCheetah-v3,SAC
35,6252.001688133928,175000,HalfCheetah-v3,SAC
36,6414.225346148394,180000,HalfCheetah-v3,SAC
37,6679.534049245973,185000,HalfCheetah-v3,SAC
38,6618.299624404154,190000,HalfCheetah-v3,SAC
39,6907.910253705154,195000,HalfCheetah-v3,SAC
40,6747.632491213725,200000,HalfCheetah-v3,SAC
41,6886.551395901204,205000,HalfCheetah-v3,SAC
42,7022.290833091621,210000,HalfCheetah-v3,SAC
43,6993.8963517245475,215000,HalfCheetah-v3,SAC
44,7167.084356573761,220000,HalfCheetah-v3,SAC
45,7395.226875961751,225000,HalfCheetah-v3,SAC
46,7146.948700910145,230000,HalfCheetah-v3,SAC
47,6979.136005259736,235000,HalfCheetah-v3,SAC
48,6860.679678778135,240000,HalfCheetah-v3,SAC
49,7561.848472673647,245000,HalfCheetah-v3,SAC
50,7643.481835618533,250000,HalfCheetah-v3,SAC
51,7592.449005227529,255000,HalfCheetah-v3,SAC
52,7598.47084515281,260000,HalfCheetah-v3,SAC
53,7593.11550016035,265000,HalfCheetah-v3,SAC
54,7845.689473428785,270000,HalfCheetah-v3,SAC
55,7472.10935861373,275000,HalfCheetah-v3,SAC
56,7814.055328906547,280000,HalfCheetah-v3,SAC
57,7854.9461424588035,285000,HalfCheetah-v3,SAC
58,7825.466163517044,290000,HalfCheetah-v3,SAC
59,7877.5527823265265,295000,HalfCheetah-v3,SAC
60,7864.036267117347,300000,HalfCheetah-v3,SAC
61,7896.344702869363,305000,HalfCheetah-v3,SAC
62,8226.920402495898,310000,HalfCheetah-v3,SAC
63,8225.30371861536,315000,HalfCheetah-v3,SAC
64,8247.64410019821,320000,HalfCheetah-v3,SAC
65,8255.101917604927,325000,HalfCheetah-v3,SAC
66,8355.195751379735,330000,HalfCheetah-v3,SAC
67,8381.63243920026,335000,HalfCheetah-v3,SAC
68,8355.915934024812,340000,HalfCheetah-v3,SAC
69,8443.7799909501,345000,HalfCheetah-v3,SAC
70,8455.892887462784,350000,HalfCheetah-v3,SAC
71,8527.482364976566,355000,HalfCheetah-v3,SAC
72,8529.294957638751,360000,HalfCheetah-v3,SAC
73,8283.474861705577,365000,HalfCheetah-v3,SAC
74,8592.827470426788,370000,HalfCheetah-v3,SAC
75,8706.799103817682,375000,HalfCheetah-v3,SAC
76,8628.169905896546,380000,HalfCheetah-v3,SAC
77,8965.643647148867,385000,HalfCheetah-v3,SAC
78,8872.033991776476,390000,HalfCheetah-v3,SAC
79,8919.70410809806,395000,HalfCheetah-v3,SAC
80,8726.005301190784,400000,HalfCheetah-v3,SAC
81,8881.403640440938,405000,HalfCheetah-v3,SAC
82,8929.643261661353,410000,HalfCheetah-v3,SAC
83,8542.70376771755,415000,HalfCheetah-v3,SAC
84,9038.01400661686,420000,HalfCheetah-v3,SAC
85,9236.918046630864,425000,HalfCheetah-v3,SAC
86,8950.317621054639,430000,HalfCheetah-v3,SAC
87,9247.551515019035,435000,HalfCheetah-v3,SAC
88,9305.816695911974,440000,HalfCheetah-v3,SAC
89,9382.940678917965,445000,HalfCheetah-v3,SAC
90,9243.69830769051,450000,HalfCheetah-v3,SAC
91,9416.185579487465,455000,HalfCheetah-v3,SAC
92,9328.406027130508,460000,HalfCheetah-v3,SAC
93,9314.288661054698,465000,HalfCheetah-v3,SAC
94,9432.64995284601,470000,HalfCheetah-v3,SAC
95,8928.420058280117,475000,HalfCheetah-v3,SAC
96,9342.12764665376,480000,HalfCheetah-v3,SAC
97,9352.430725406088,485000,HalfCheetah-v3,SAC
98,9506.902852993488,490000,HalfCheetah-v3,SAC
99,9402.96745425116,495000,HalfCheetah-v3,SAC
100,9539.359638967635,500000,HalfCheetah-v3,SAC
101,9411.871081712636,505000,HalfCheetah-v3,SAC
102,9691.2878291473,510000,HalfCheetah-v3,SAC
103,9695.222017558133,515000,HalfCheetah-v3,SAC
104,8725.920385238276,520000,HalfCheetah-v3,SAC
105,9552.090950637643,525000,HalfCheetah-v3,SAC
106,9426.464849537357,530000,HalfCheetah-v3,SAC
107,9487.694702783465,535000,HalfCheetah-v3,SAC
108,9809.107437397452,540000,HalfCheetah-v3,SAC
109,9702.574358272603,545000,HalfCheetah-v3,SAC
110,9699.13324160954,550000,HalfCheetah-v3,SAC
111,9631.785915974415,555000,HalfCheetah-v3,SAC
112,9829.21091752969,560000,HalfCheetah-v3,SAC
113,9505.225670495172,565000,HalfCheetah-v3,SAC
114,9650.478048536967,570000,HalfCheetah-v3,SAC
115,10005.553022135704,575000,HalfCheetah-v3,SAC
116,9776.414311525037,580000,HalfCheetah-v3,SAC
117,9874.460136718695,585000,HalfCheetah-v3,SAC
118,10177.686230402112,590000,HalfCheetah-v3,SAC
119,9954.122324356607,595000,HalfCheetah-v3,SAC
120,10112.827256501792,600000,HalfCheetah-v3,SAC
121,10055.285182420697,605000,HalfCheetah-v3,SAC
122,10057.393853910946,610000,HalfCheetah-v3,SAC
123,9107.893194325703,615000,HalfCheetah-v3,SAC
124,9992.28540294414,620000,HalfCheetah-v3,SAC
125,9851.84587322107,625000,HalfCheetah-v3,SAC
126,10024.353504609146,630000,HalfCheetah-v3,SAC
127,9977.140088939512,635000,HalfCheetah-v3,SAC
128,9988.485264805964,640000,HalfCheetah-v3,SAC
129,10210.68222763023,645000,HalfCheetah-v3,SAC
130,10187.67792105981,650000,HalfCheetah-v3,SAC
131,10060.042397973422,655000,HalfCheetah-v3,SAC
132,10117.419619655937,660000,HalfCheetah-v3,SAC
133,10054.042844490226,665000,HalfCheetah-v3,SAC
134,10109.722887521879,670000,HalfCheetah-v3,SAC
135,9432.132587192978,675000,HalfCheetah-v3,SAC
136,10247.581323033504,680000,HalfCheetah-v3,SAC
137,10188.772874953384,685000,HalfCheetah-v3,SAC
138,10345.35051251468,690000,HalfCheetah-v3,SAC
139,10429.168974852679,695000,HalfCheetah-v3,SAC
140,10059.440275144563,700000,HalfCheetah-v3,SAC
141,10324.287657199482,705000,HalfCheetah-v3,SAC
142,10065.82288297947,710000,HalfCheetah-v3,SAC
143,10243.587223694158,715000,HalfCheetah-v3,SAC
144,10208.160314507126,720000,HalfCheetah-v3,SAC
145,10498.081921753936,725000,HalfCheetah-v3,SAC
146,10010.567802703332,730000,HalfCheetah-v3,SAC
147,10465.78110396177,735000,HalfCheetah-v3,SAC
148,9400.808680448928,740000,HalfCheetah-v3,SAC
149,10577.602468554851,745000,HalfCheetah-v3,SAC
150,10397.135257942231,750000,HalfCheetah-v3,SAC
151,10019.106984592841,755000,HalfCheetah-v3,SAC
152,9774.697067050158,760000,HalfCheetah-v3,SAC
153,10579.790528458852,765000,HalfCheetah-v3,SAC
154,10545.675523062271,770000,HalfCheetah-v3,SAC
155,10431.419983330974,775000,HalfCheetah-v3,SAC
156,10456.051892567182,780000,HalfCheetah-v3,SAC
157,10272.564771283867,785000,HalfCheetah-v3,SAC
158,10024.80538156667,790000,HalfCheetah-v3,SAC
159,10690.009519076806,795000,HalfCheetah-v3,SAC
160,10458.008367083019,800000,HalfCheetah-v3,SAC
161,10458.829998906993,805000,HalfCheetah-v3,SAC
162,10394.113164029632,810000,HalfCheetah-v3,SAC
163,10720.392882456601,815000,HalfCheetah-v3,SAC
164,10130.030854507982,820000,HalfCheetah-v3,SAC
165,10538.585105146693,825000,HalfCheetah-v3,SAC
166,10545.787908479135,830000,HalfCheetah-v3,SAC
167,8325.413263153301,835000,HalfCheetah-v3,SAC
168,10527.978047997174,840000,HalfCheetah-v3,SAC
169,10180.771149378596,845000,HalfCheetah-v3,SAC
170,10069.046212984535,850000,HalfCheetah-v3,SAC
171,10954.580394163633,855000,HalfCheetah-v3,SAC
172,10071.980958385473,860000,HalfCheetah-v3,SAC
173,10693.218476353231,865000,HalfCheetah-v3,SAC
174,9830.709467997345,870000,HalfCheetah-v3,SAC
175,10722.29463635667,875000,HalfCheetah-v3,SAC
176,10770.836522930265,880000,HalfCheetah-v3,SAC
177,10691.072622877959,885000,HalfCheetah-v3,SAC
178,10673.63268110655,890000,HalfCheetah-v3,SAC
179,10271.539630805059,895000,HalfCheetah-v3,SAC
180,10645.980849425867,900000,HalfCheetah-v3,SAC
181,10717.16514204473,905000,HalfCheetah-v3,SAC
182,10751.845342379442,910000,HalfCheetah-v3,SAC
183,10760.190898053612,915000,HalfCheetah-v3,SAC
184,10838.060232072317,920000,HalfCheetah-v3,SAC
185,10935.786189321001,925000,HalfCheetah-v3,SAC
186,10567.048845310761,930000,HalfCheetah-v3,SAC
187,10845.504328396413,935000,HalfCheetah-v3,SAC
188,11008.751779901455,940000,HalfCheetah-v3,SAC
189,10971.963096340274,945000,HalfCheetah-v3,SAC
190,10883.694748661535,950000,HalfCheetah-v3,SAC
191,11130.816952245488,955000,HalfCheetah-v3,SAC
192,10866.293427851231,960000,HalfCheetah-v3,SAC
193,11081.467969712443,965000,HalfCheetah-v3,SAC
194,10938.865898069947,970000,HalfCheetah-v3,SAC
195,11081.90919946942,975000,HalfCheetah-v3,SAC
196,10979.22049884617,980000,HalfCheetah-v3,SAC
197,10915.657321385428,985000,HalfCheetah-v3,SAC
198,10840.666531267958,990000,HalfCheetah-v3,SAC
199,10857.499669513034,995000,HalfCheetah-v3,SAC
200,10954.461953097074,1000000,HalfCheetah-v3,SAC
