index,Average Return,Timesteps,env,algorithm_name
0,-314.1735423554246,0.0,HalfCheetah-v3,TD3_Q2a2x64_1p
1,-415.2967879334061,5000.0,HalfCheetah-v3,TD3_Q2a2x64_1p
2,-275.3520948021132,10000.0,HalfCheetah-v3,TD3_Q2a2x64_1p
3,-352.2547536483679,15000.0,HalfCheetah-v3,TD3_Q2a2x64_1p
4,-326.9914209142733,20000.0,HalfCheetah-v3,TD3_Q2a2x64_1p
5,-332.96746666676137,25000.0,HalfCheetah-v3,TD3_Q2a2x64_1p
6,-275.2680462986709,30000.0,HalfCheetah-v3,TD3_Q2a2x64_1p
7,-380.37357496915513,35000.0,HalfCheetah-v3,TD3_Q2a2x64_1p
8,-333.83843743014273,40000.0,HalfCheetah-v3,TD3_Q2a2x64_1p
9,-405.50103195235215,45000.0,HalfCheetah-v3,TD3_Q2a2x64_1p
10,-390.2577051793909,50000.0,HalfCheetah-v3,TD3_Q2a2x64_1p
11,-390.01040205964125,55000.0,HalfCheetah-v3,TD3_Q2a2x64_1p
12,-397.65652492530853,60000.0,HalfCheetah-v3,TD3_Q2a2x64_1p
13,-404.6034144352526,65000.0,HalfCheetah-v3,TD3_Q2a2x64_1p
14,-388.6584531707996,70000.0,HalfCheetah-v3,TD3_Q2a2x64_1p
15,-420.23000778577125,75000.0,HalfCheetah-v3,TD3_Q2a2x64_1p
16,-429.6172200692072,80000.0,HalfCheetah-v3,TD3_Q2a2x64_1p
17,-414.7373392368102,85000.0,HalfCheetah-v3,TD3_Q2a2x64_1p
18,-430.8128755062535,90000.0,HalfCheetah-v3,TD3_Q2a2x64_1p
19,-410.8904348390389,95000.0,HalfCheetah-v3,TD3_Q2a2x64_1p
20,-192.58592002530582,100000.0,HalfCheetah-v3,TD3_Q2a2x64_1p
21,-202.65059222297833,105000.0,HalfCheetah-v3,TD3_Q2a2x64_1p
22,-172.42366534887535,110000.0,HalfCheetah-v3,TD3_Q2a2x64_1p
23,-189.38987697972772,115000.0,HalfCheetah-v3,TD3_Q2a2x64_1p
24,-198.71349963394488,120000.0,HalfCheetah-v3,TD3_Q2a2x64_1p
25,-42.98216991473028,125000.0,HalfCheetah-v3,TD3_Q2a2x64_1p
26,-119.82408324019801,130000.0,HalfCheetah-v3,TD3_Q2a2x64_1p
27,-90.35446413381376,135000.0,HalfCheetah-v3,TD3_Q2a2x64_1p
28,-168.94061476655943,140000.0,HalfCheetah-v3,TD3_Q2a2x64_1p
29,-22.53887323571326,145000.0,HalfCheetah-v3,TD3_Q2a2x64_1p
30,100.73488459590916,150000.0,HalfCheetah-v3,TD3_Q2a2x64_1p
31,143.26130925142508,155000.0,HalfCheetah-v3,TD3_Q2a2x64_1p
32,118.68376416472047,160000.0,HalfCheetah-v3,TD3_Q2a2x64_1p
33,23.29032169755566,165000.0,HalfCheetah-v3,TD3_Q2a2x64_1p
34,89.75897216357842,170000.0,HalfCheetah-v3,TD3_Q2a2x64_1p
35,709.2689255365347,175000.0,HalfCheetah-v3,TD3_Q2a2x64_1p
36,613.7456597251237,180000.0,HalfCheetah-v3,TD3_Q2a2x64_1p
37,561.5589803202049,185000.0,HalfCheetah-v3,TD3_Q2a2x64_1p
38,528.7556789010675,190000.0,HalfCheetah-v3,TD3_Q2a2x64_1p
39,667.2373726173875,195000.0,HalfCheetah-v3,TD3_Q2a2x64_1p
40,1388.8127823317627,200000.0,HalfCheetah-v3,TD3_Q2a2x64_1p
41,1159.1888632054372,205000.0,HalfCheetah-v3,TD3_Q2a2x64_1p
42,1447.3293003810943,210000.0,HalfCheetah-v3,TD3_Q2a2x64_1p
43,1082.884591488862,215000.0,HalfCheetah-v3,TD3_Q2a2x64_1p
44,1080.4570965727426,220000.0,HalfCheetah-v3,TD3_Q2a2x64_1p
45,1340.584184099944,225000.0,HalfCheetah-v3,TD3_Q2a2x64_1p
46,1539.9006518162541,230000.0,HalfCheetah-v3,TD3_Q2a2x64_1p
47,1295.2315753883615,235000.0,HalfCheetah-v3,TD3_Q2a2x64_1p
48,1106.3939756624852,240000.0,HalfCheetah-v3,TD3_Q2a2x64_1p
49,1362.7977196970705,245000.0,HalfCheetah-v3,TD3_Q2a2x64_1p
50,1071.9083832374972,250000.0,HalfCheetah-v3,TD3_Q2a2x64_1p
51,1040.6245668237996,255000.0,HalfCheetah-v3,TD3_Q2a2x64_1p
52,1258.5628976197636,260000.0,HalfCheetah-v3,TD3_Q2a2x64_1p
53,1425.5954606030305,265000.0,HalfCheetah-v3,TD3_Q2a2x64_1p
54,1211.383649173131,270000.0,HalfCheetah-v3,TD3_Q2a2x64_1p
55,1763.1031650185585,275000.0,HalfCheetah-v3,TD3_Q2a2x64_1p
56,2065.537497187163,280000.0,HalfCheetah-v3,TD3_Q2a2x64_1p
57,2185.0777197714847,285000.0,HalfCheetah-v3,TD3_Q2a2x64_1p
58,1853.9830552332937,290000.0,HalfCheetah-v3,TD3_Q2a2x64_1p
59,1684.6703506130555,295000.0,HalfCheetah-v3,TD3_Q2a2x64_1p
60,2113.3160293875817,300000.0,HalfCheetah-v3,TD3_Q2a2x64_1p
61,1686.59217333017,305000.0,HalfCheetah-v3,TD3_Q2a2x64_1p
62,2033.6618412191642,310000.0,HalfCheetah-v3,TD3_Q2a2x64_1p
63,1356.2596398902147,315000.0,HalfCheetah-v3,TD3_Q2a2x64_1p
64,1941.989982634977,320000.0,HalfCheetah-v3,TD3_Q2a2x64_1p
65,2133.5253589369704,325000.0,HalfCheetah-v3,TD3_Q2a2x64_1p
66,2393.0746098018767,330000.0,HalfCheetah-v3,TD3_Q2a2x64_1p
67,2255.797715220688,335000.0,HalfCheetah-v3,TD3_Q2a2x64_1p
68,2494.4033001998037,340000.0,HalfCheetah-v3,TD3_Q2a2x64_1p
69,2120.753725024175,345000.0,HalfCheetah-v3,TD3_Q2a2x64_1p
70,2187.45746788996,350000.0,HalfCheetah-v3,TD3_Q2a2x64_1p
71,2234.966077199241,355000.0,HalfCheetah-v3,TD3_Q2a2x64_1p
72,2103.288766599552,360000.0,HalfCheetah-v3,TD3_Q2a2x64_1p
73,2297.9674292760174,365000.0,HalfCheetah-v3,TD3_Q2a2x64_1p
74,2366.372922061684,370000.0,HalfCheetah-v3,TD3_Q2a2x64_1p
75,2680.880597000379,375000.0,HalfCheetah-v3,TD3_Q2a2x64_1p
76,2694.8861437872383,380000.0,HalfCheetah-v3,TD3_Q2a2x64_1p
77,2818.8349456733376,385000.0,HalfCheetah-v3,TD3_Q2a2x64_1p
78,2850.1641292136546,390000.0,HalfCheetah-v3,TD3_Q2a2x64_1p
79,2638.261943451063,395000.0,HalfCheetah-v3,TD3_Q2a2x64_1p
80,3660.9333280421497,400000.0,HalfCheetah-v3,TD3_Q2a2x64_1p
81,3661.3239161434635,405000.0,HalfCheetah-v3,TD3_Q2a2x64_1p
82,3500.4095486672436,410000.0,HalfCheetah-v3,TD3_Q2a2x64_1p
83,3457.556425229241,415000.0,HalfCheetah-v3,TD3_Q2a2x64_1p
84,3434.3231785815115,420000.0,HalfCheetah-v3,TD3_Q2a2x64_1p
85,3845.404274173007,425000.0,HalfCheetah-v3,TD3_Q2a2x64_1p
86,3948.329944855869,430000.0,HalfCheetah-v3,TD3_Q2a2x64_1p
87,3915.909434150393,435000.0,HalfCheetah-v3,TD3_Q2a2x64_1p
88,3875.08454088227,440000.0,HalfCheetah-v3,TD3_Q2a2x64_1p
89,3627.4976326357937,445000.0,HalfCheetah-v3,TD3_Q2a2x64_1p
90,4081.3959759832483,450000.0,HalfCheetah-v3,TD3_Q2a2x64_1p
91,3506.6961483199875,455000.0,HalfCheetah-v3,TD3_Q2a2x64_1p
92,3984.3190403117596,460000.0,HalfCheetah-v3,TD3_Q2a2x64_1p
93,3375.119404693548,465000.0,HalfCheetah-v3,TD3_Q2a2x64_1p
94,3300.750276401143,470000.0,HalfCheetah-v3,TD3_Q2a2x64_1p
95,3647.0230174192975,475000.0,HalfCheetah-v3,TD3_Q2a2x64_1p
96,3290.9256793728237,480000.0,HalfCheetah-v3,TD3_Q2a2x64_1p
97,3088.874633279712,485000.0,HalfCheetah-v3,TD3_Q2a2x64_1p
98,2711.7620384567426,490000.0,HalfCheetah-v3,TD3_Q2a2x64_1p
99,2625.679149420795,495000.0,HalfCheetah-v3,TD3_Q2a2x64_1p
100,3620.2038502138894,500000.0,HalfCheetah-v3,TD3_Q2a2x64_1p
101,3874.612629610235,505000.0,HalfCheetah-v3,TD3_Q2a2x64_1p
102,4211.267144452515,510000.0,HalfCheetah-v3,TD3_Q2a2x64_1p
103,3378.8176310460235,515000.0,HalfCheetah-v3,TD3_Q2a2x64_1p
104,3590.1249513832104,520000.0,HalfCheetah-v3,TD3_Q2a2x64_1p
105,2424.391694221663,525000.0,HalfCheetah-v3,TD3_Q2a2x64_1p
106,2334.294904395553,530000.0,HalfCheetah-v3,TD3_Q2a2x64_1p
107,3131.442948768155,535000.0,HalfCheetah-v3,TD3_Q2a2x64_1p
108,2632.6205348202698,540000.0,HalfCheetah-v3,TD3_Q2a2x64_1p
109,2103.427339726916,545000.0,HalfCheetah-v3,TD3_Q2a2x64_1p
110,4490.958965772476,550000.0,HalfCheetah-v3,TD3_Q2a2x64_1p
111,4156.352372758209,555000.0,HalfCheetah-v3,TD3_Q2a2x64_1p
112,4115.188013654979,560000.0,HalfCheetah-v3,TD3_Q2a2x64_1p
113,3640.762081628783,565000.0,HalfCheetah-v3,TD3_Q2a2x64_1p
114,3860.166677927795,570000.0,HalfCheetah-v3,TD3_Q2a2x64_1p
115,3191.255934248112,575000.0,HalfCheetah-v3,TD3_Q2a2x64_1p
116,2928.399644960207,580000.0,HalfCheetah-v3,TD3_Q2a2x64_1p
117,3291.1505882660094,585000.0,HalfCheetah-v3,TD3_Q2a2x64_1p
118,2754.7361438169564,590000.0,HalfCheetah-v3,TD3_Q2a2x64_1p
119,4063.28095020827,595000.0,HalfCheetah-v3,TD3_Q2a2x64_1p
120,4505.600193998483,600000.0,HalfCheetah-v3,TD3_Q2a2x64_1p
121,3777.4040277203094,605000.0,HalfCheetah-v3,TD3_Q2a2x64_1p
122,4057.644555494723,610000.0,HalfCheetah-v3,TD3_Q2a2x64_1p
123,4011.4738980259594,615000.0,HalfCheetah-v3,TD3_Q2a2x64_1p
124,3697.1739550450643,620000.0,HalfCheetah-v3,TD3_Q2a2x64_1p
125,4296.78446293271,625000.0,HalfCheetah-v3,TD3_Q2a2x64_1p
126,4843.114659377236,630000.0,HalfCheetah-v3,TD3_Q2a2x64_1p
127,4026.3311709467475,635000.0,HalfCheetah-v3,TD3_Q2a2x64_1p
128,3541.880906200083,640000.0,HalfCheetah-v3,TD3_Q2a2x64_1p
129,3114.72580093769,645000.0,HalfCheetah-v3,TD3_Q2a2x64_1p
130,5062.109627793933,650000.0,HalfCheetah-v3,TD3_Q2a2x64_1p
131,4868.204709279778,655000.0,HalfCheetah-v3,TD3_Q2a2x64_1p
132,4717.379264189303,660000.0,HalfCheetah-v3,TD3_Q2a2x64_1p
133,4462.670577023962,665000.0,HalfCheetah-v3,TD3_Q2a2x64_1p
134,4310.216704121076,670000.0,HalfCheetah-v3,TD3_Q2a2x64_1p
135,5360.5859263064785,675000.0,HalfCheetah-v3,TD3_Q2a2x64_1p
136,5068.932275080753,680000.0,HalfCheetah-v3,TD3_Q2a2x64_1p
137,4027.876847384136,685000.0,HalfCheetah-v3,TD3_Q2a2x64_1p
138,4501.832690918054,690000.0,HalfCheetah-v3,TD3_Q2a2x64_1p
139,4295.425875706396,695000.0,HalfCheetah-v3,TD3_Q2a2x64_1p
140,5332.639800145616,700000.0,HalfCheetah-v3,TD3_Q2a2x64_1p
141,4856.961298208731,705000.0,HalfCheetah-v3,TD3_Q2a2x64_1p
142,4933.199664418336,710000.0,HalfCheetah-v3,TD3_Q2a2x64_1p
143,4047.40351997223,715000.0,HalfCheetah-v3,TD3_Q2a2x64_1p
144,4387.944477786094,720000.0,HalfCheetah-v3,TD3_Q2a2x64_1p
145,4839.000032849201,725000.0,HalfCheetah-v3,TD3_Q2a2x64_1p
146,4840.199103813173,730000.0,HalfCheetah-v3,TD3_Q2a2x64_1p
147,4531.648429223222,735000.0,HalfCheetah-v3,TD3_Q2a2x64_1p
148,4588.399040916434,740000.0,HalfCheetah-v3,TD3_Q2a2x64_1p
149,4381.587232964396,745000.0,HalfCheetah-v3,TD3_Q2a2x64_1p
150,5540.2259450656475,750000.0,HalfCheetah-v3,TD3_Q2a2x64_1p
151,5374.552524109137,755000.0,HalfCheetah-v3,TD3_Q2a2x64_1p
152,4838.238019219427,760000.0,HalfCheetah-v3,TD3_Q2a2x64_1p
153,4574.921665594569,765000.0,HalfCheetah-v3,TD3_Q2a2x64_1p
154,4638.113088991576,770000.0,HalfCheetah-v3,TD3_Q2a2x64_1p
155,5418.9887554668,775000.0,HalfCheetah-v3,TD3_Q2a2x64_1p
156,5254.358198184176,780000.0,HalfCheetah-v3,TD3_Q2a2x64_1p
157,4982.0801717420345,785000.0,HalfCheetah-v3,TD3_Q2a2x64_1p
158,4769.729196249603,790000.0,HalfCheetah-v3,TD3_Q2a2x64_1p
159,4519.133778525839,795000.0,HalfCheetah-v3,TD3_Q2a2x64_1p
160,5272.434088969164,800000.0,HalfCheetah-v3,TD3_Q2a2x64_1p
161,5149.029107705882,805000.0,HalfCheetah-v3,TD3_Q2a2x64_1p
162,4940.909388284304,810000.0,HalfCheetah-v3,TD3_Q2a2x64_1p
163,4709.89587158332,815000.0,HalfCheetah-v3,TD3_Q2a2x64_1p
164,4536.636209175542,820000.0,HalfCheetah-v3,TD3_Q2a2x64_1p
165,5594.24154034595,825000.0,HalfCheetah-v3,TD3_Q2a2x64_1p
166,5374.7437684809,830000.0,HalfCheetah-v3,TD3_Q2a2x64_1p
167,5057.915024629287,835000.0,HalfCheetah-v3,TD3_Q2a2x64_1p
168,4784.497017636778,840000.0,HalfCheetah-v3,TD3_Q2a2x64_1p
169,4552.981932430006,845000.0,HalfCheetah-v3,TD3_Q2a2x64_1p
170,5428.494933390921,850000.0,HalfCheetah-v3,TD3_Q2a2x64_1p
171,5369.14859784535,855000.0,HalfCheetah-v3,TD3_Q2a2x64_1p
172,4907.557359959821,860000.0,HalfCheetah-v3,TD3_Q2a2x64_1p
173,4748.016580383659,865000.0,HalfCheetah-v3,TD3_Q2a2x64_1p
174,4445.835056806047,870000.0,HalfCheetah-v3,TD3_Q2a2x64_1p
175,5795.163048493566,875000.0,HalfCheetah-v3,TD3_Q2a2x64_1p
176,5318.936903241248,880000.0,HalfCheetah-v3,TD3_Q2a2x64_1p
177,5310.210982082097,885000.0,HalfCheetah-v3,TD3_Q2a2x64_1p
178,5095.242582934001,890000.0,HalfCheetah-v3,TD3_Q2a2x64_1p
179,4770.737470795642,895000.0,HalfCheetah-v3,TD3_Q2a2x64_1p
180,5354.641964147909,900000.0,HalfCheetah-v3,TD3_Q2a2x64_1p
181,5215.782944752355,905000.0,HalfCheetah-v3,TD3_Q2a2x64_1p
182,5031.2307751547405,910000.0,HalfCheetah-v3,TD3_Q2a2x64_1p
183,4765.323821861294,915000.0,HalfCheetah-v3,TD3_Q2a2x64_1p
184,4528.573967603204,920000.0,HalfCheetah-v3,TD3_Q2a2x64_1p
185,5910.171695778291,925000.0,HalfCheetah-v3,TD3_Q2a2x64_1p
186,5582.2658344778665,930000.0,HalfCheetah-v3,TD3_Q2a2x64_1p
187,5345.76805502202,935000.0,HalfCheetah-v3,TD3_Q2a2x64_1p
188,5022.435833023768,940000.0,HalfCheetah-v3,TD3_Q2a2x64_1p
189,4618.617694506027,945000.0,HalfCheetah-v3,TD3_Q2a2x64_1p
190,5892.648272297664,950000.0,HalfCheetah-v3,TD3_Q2a2x64_1p
191,5706.58295985313,955000.0,HalfCheetah-v3,TD3_Q2a2x64_1p
192,5454.058021281942,960000.0,HalfCheetah-v3,TD3_Q2a2x64_1p
193,5075.035811820306,965000.0,HalfCheetah-v3,TD3_Q2a2x64_1p
194,4754.868221429203,970000.0,HalfCheetah-v3,TD3_Q2a2x64_1p
195,6048.495921327998,975000.0,HalfCheetah-v3,TD3_Q2a2x64_1p
196,5747.15937201343,980000.0,HalfCheetah-v3,TD3_Q2a2x64_1p
197,5460.101883319089,985000.0,HalfCheetah-v3,TD3_Q2a2x64_1p
198,4851.602160721304,990000.0,HalfCheetah-v3,TD3_Q2a2x64_1p
199,4788.5114224376675,995000.0,HalfCheetah-v3,TD3_Q2a2x64_1p
200,6114.116051049562,1000000.0,HalfCheetah-v3,TD3_Q2a2x64_1p
201,5825.683299408913,1005000.0,HalfCheetah-v3,TD3_Q2a2x64_1p
202,5517.463810732397,1010000.0,HalfCheetah-v3,TD3_Q2a2x64_1p
203,5096.298501202965,1015000.0,HalfCheetah-v3,TD3_Q2a2x64_1p
204,4624.589576446112,1020000.0,HalfCheetah-v3,TD3_Q2a2x64_1p
205,5996.867612049424,1025000.0,HalfCheetah-v3,TD3_Q2a2x64_1p
206,5809.917168632397,1030000.0,HalfCheetah-v3,TD3_Q2a2x64_1p
207,5508.368285380699,1035000.0,HalfCheetah-v3,TD3_Q2a2x64_1p
208,5181.61416900454,1040000.0,HalfCheetah-v3,TD3_Q2a2x64_1p
209,4776.402950155811,1045000.0,HalfCheetah-v3,TD3_Q2a2x64_1p
210,6024.591696669505,1050000.0,HalfCheetah-v3,TD3_Q2a2x64_1p
211,5740.384486379033,1055000.0,HalfCheetah-v3,TD3_Q2a2x64_1p
212,5566.738351489472,1060000.0,HalfCheetah-v3,TD3_Q2a2x64_1p
213,5219.815892821827,1065000.0,HalfCheetah-v3,TD3_Q2a2x64_1p
214,4862.1133164313,1070000.0,HalfCheetah-v3,TD3_Q2a2x64_1p
215,6111.156315020734,1075000.0,HalfCheetah-v3,TD3_Q2a2x64_1p
216,5816.2634037240505,1080000.0,HalfCheetah-v3,TD3_Q2a2x64_1p
217,4993.222530009298,1085000.0,HalfCheetah-v3,TD3_Q2a2x64_1p
218,5006.830130135402,1090000.0,HalfCheetah-v3,TD3_Q2a2x64_1p
219,4740.152243959391,1095000.0,HalfCheetah-v3,TD3_Q2a2x64_1p
220,6193.178570624985,1100000.0,HalfCheetah-v3,TD3_Q2a2x64_1p
221,5906.781384912586,1105000.0,HalfCheetah-v3,TD3_Q2a2x64_1p
222,5574.424777128734,1110000.0,HalfCheetah-v3,TD3_Q2a2x64_1p
223,5037.459064602245,1115000.0,HalfCheetah-v3,TD3_Q2a2x64_1p
224,4643.423028345843,1120000.0,HalfCheetah-v3,TD3_Q2a2x64_1p
225,6029.55756088358,1125000.0,HalfCheetah-v3,TD3_Q2a2x64_1p
226,5789.889641537579,1130000.0,HalfCheetah-v3,TD3_Q2a2x64_1p
227,5416.358803692511,1135000.0,HalfCheetah-v3,TD3_Q2a2x64_1p
228,5004.210117546692,1140000.0,HalfCheetah-v3,TD3_Q2a2x64_1p
229,4647.022165133635,1145000.0,HalfCheetah-v3,TD3_Q2a2x64_1p
230,6215.21593460261,1150000.0,HalfCheetah-v3,TD3_Q2a2x64_1p
231,5995.840350778079,1155000.0,HalfCheetah-v3,TD3_Q2a2x64_1p
232,5550.82064786563,1160000.0,HalfCheetah-v3,TD3_Q2a2x64_1p
233,5068.002711865725,1165000.0,HalfCheetah-v3,TD3_Q2a2x64_1p
234,4766.503695670815,1170000.0,HalfCheetah-v3,TD3_Q2a2x64_1p
235,5923.942411234984,1175000.0,HalfCheetah-v3,TD3_Q2a2x64_1p
236,5691.761396522941,1180000.0,HalfCheetah-v3,TD3_Q2a2x64_1p
237,5450.580571142711,1185000.0,HalfCheetah-v3,TD3_Q2a2x64_1p
238,5133.519596495467,1190000.0,HalfCheetah-v3,TD3_Q2a2x64_1p
239,4802.927240501294,1195000.0,HalfCheetah-v3,TD3_Q2a2x64_1p
240,6305.533352430312,1200000.0,HalfCheetah-v3,TD3_Q2a2x64_1p
241,5973.9579716762855,1205000.0,HalfCheetah-v3,TD3_Q2a2x64_1p
242,5689.0482580858825,1210000.0,HalfCheetah-v3,TD3_Q2a2x64_1p
243,5107.149007309819,1215000.0,HalfCheetah-v3,TD3_Q2a2x64_1p
244,4730.439157149446,1220000.0,HalfCheetah-v3,TD3_Q2a2x64_1p
245,6108.794159363984,1225000.0,HalfCheetah-v3,TD3_Q2a2x64_1p
246,5894.315097679197,1230000.0,HalfCheetah-v3,TD3_Q2a2x64_1p
247,5403.351700324104,1235000.0,HalfCheetah-v3,TD3_Q2a2x64_1p
248,5082.154313863279,1240000.0,HalfCheetah-v3,TD3_Q2a2x64_1p
249,4628.336117698513,1245000.0,HalfCheetah-v3,TD3_Q2a2x64_1p
250,6099.389674860833,1250000.0,HalfCheetah-v3,TD3_Q2a2x64_1p
251,5784.249712373939,1255000.0,HalfCheetah-v3,TD3_Q2a2x64_1p
252,5477.1563947914765,1260000.0,HalfCheetah-v3,TD3_Q2a2x64_1p
253,5098.189039349906,1265000.0,HalfCheetah-v3,TD3_Q2a2x64_1p
254,4765.03965139645,1270000.0,HalfCheetah-v3,TD3_Q2a2x64_1p
255,6453.650597960071,1275000.0,HalfCheetah-v3,TD3_Q2a2x64_1p
256,6066.966174887043,1280000.0,HalfCheetah-v3,TD3_Q2a2x64_1p
257,5728.329527153915,1285000.0,HalfCheetah-v3,TD3_Q2a2x64_1p
258,5266.78933724184,1290000.0,HalfCheetah-v3,TD3_Q2a2x64_1p
259,4633.656700431018,1295000.0,HalfCheetah-v3,TD3_Q2a2x64_1p
260,6425.480058075112,1300000.0,HalfCheetah-v3,TD3_Q2a2x64_1p
261,5561.31794898026,1305000.0,HalfCheetah-v3,TD3_Q2a2x64_1p
262,5624.475714082406,1310000.0,HalfCheetah-v3,TD3_Q2a2x64_1p
263,5159.462765818489,1315000.0,HalfCheetah-v3,TD3_Q2a2x64_1p
264,4781.122109977155,1320000.0,HalfCheetah-v3,TD3_Q2a2x64_1p
265,6372.579960444829,1325000.0,HalfCheetah-v3,TD3_Q2a2x64_1p
266,6064.485495962399,1330000.0,HalfCheetah-v3,TD3_Q2a2x64_1p
267,5647.952747596417,1335000.0,HalfCheetah-v3,TD3_Q2a2x64_1p
268,5112.052827184839,1340000.0,HalfCheetah-v3,TD3_Q2a2x64_1p
269,4843.086883009523,1345000.0,HalfCheetah-v3,TD3_Q2a2x64_1p
270,6264.833854843644,1350000.0,HalfCheetah-v3,TD3_Q2a2x64_1p
271,5871.4730781503695,1355000.0,HalfCheetah-v3,TD3_Q2a2x64_1p
272,5502.211439196113,1360000.0,HalfCheetah-v3,TD3_Q2a2x64_1p
273,5116.794590814397,1365000.0,HalfCheetah-v3,TD3_Q2a2x64_1p
274,4774.326924191535,1370000.0,HalfCheetah-v3,TD3_Q2a2x64_1p
275,6278.676716651227,1375000.0,HalfCheetah-v3,TD3_Q2a2x64_1p
276,5864.453929927729,1380000.0,HalfCheetah-v3,TD3_Q2a2x64_1p
277,5419.616675630912,1385000.0,HalfCheetah-v3,TD3_Q2a2x64_1p
278,4980.615493797312,1390000.0,HalfCheetah-v3,TD3_Q2a2x64_1p
279,4684.068377450299,1395000.0,HalfCheetah-v3,TD3_Q2a2x64_1p
280,6353.461161979856,1400000.0,HalfCheetah-v3,TD3_Q2a2x64_1p
281,6054.500549804014,1405000.0,HalfCheetah-v3,TD3_Q2a2x64_1p
282,5637.817345756126,1410000.0,HalfCheetah-v3,TD3_Q2a2x64_1p
283,5260.498272775212,1415000.0,HalfCheetah-v3,TD3_Q2a2x64_1p
284,4758.763676246098,1420000.0,HalfCheetah-v3,TD3_Q2a2x64_1p
285,6346.046231971023,1425000.0,HalfCheetah-v3,TD3_Q2a2x64_1p
286,6011.145259258303,1430000.0,HalfCheetah-v3,TD3_Q2a2x64_1p
287,5513.154011945033,1435000.0,HalfCheetah-v3,TD3_Q2a2x64_1p
288,5188.098929227008,1440000.0,HalfCheetah-v3,TD3_Q2a2x64_1p
289,4703.374761346193,1445000.0,HalfCheetah-v3,TD3_Q2a2x64_1p
290,6452.258918422247,1450000.0,HalfCheetah-v3,TD3_Q2a2x64_1p
291,6134.810651945692,1455000.0,HalfCheetah-v3,TD3_Q2a2x64_1p
292,5603.563679816598,1460000.0,HalfCheetah-v3,TD3_Q2a2x64_1p
293,5112.39820784909,1465000.0,HalfCheetah-v3,TD3_Q2a2x64_1p
294,4802.153548630485,1470000.0,HalfCheetah-v3,TD3_Q2a2x64_1p
295,6406.004636812411,1475000.0,HalfCheetah-v3,TD3_Q2a2x64_1p
296,6019.318753936226,1480000.0,HalfCheetah-v3,TD3_Q2a2x64_1p
297,5659.483040539728,1485000.0,HalfCheetah-v3,TD3_Q2a2x64_1p
298,5152.384529002912,1490000.0,HalfCheetah-v3,TD3_Q2a2x64_1p
299,4721.273341651434,1495000.0,HalfCheetah-v3,TD3_Q2a2x64_1p
300,6395.380500185397,1500000.0,HalfCheetah-v3,TD3_Q2a2x64_1p
301,6018.45816975336,1505000.0,HalfCheetah-v3,TD3_Q2a2x64_1p
302,5619.973464180455,1510000.0,HalfCheetah-v3,TD3_Q2a2x64_1p
303,5011.34705533736,1515000.0,HalfCheetah-v3,TD3_Q2a2x64_1p
304,4710.36320961073,1520000.0,HalfCheetah-v3,TD3_Q2a2x64_1p
305,6592.312077780813,1525000.0,HalfCheetah-v3,TD3_Q2a2x64_1p
306,6167.370284558084,1530000.0,HalfCheetah-v3,TD3_Q2a2x64_1p
307,5668.797012049055,1535000.0,HalfCheetah-v3,TD3_Q2a2x64_1p
308,5098.154408479246,1540000.0,HalfCheetah-v3,TD3_Q2a2x64_1p
309,4868.794421787272,1545000.0,HalfCheetah-v3,TD3_Q2a2x64_1p
310,6534.743361872054,1550000.0,HalfCheetah-v3,TD3_Q2a2x64_1p
311,6114.361829300241,1555000.0,HalfCheetah-v3,TD3_Q2a2x64_1p
312,5569.925347884658,1560000.0,HalfCheetah-v3,TD3_Q2a2x64_1p
313,5259.379611309378,1565000.0,HalfCheetah-v3,TD3_Q2a2x64_1p
314,4833.6191146128285,1570000.0,HalfCheetah-v3,TD3_Q2a2x64_1p
315,6377.541192507628,1575000.0,HalfCheetah-v3,TD3_Q2a2x64_1p
316,6108.819046101353,1580000.0,HalfCheetah-v3,TD3_Q2a2x64_1p
317,5579.568948064506,1585000.0,HalfCheetah-v3,TD3_Q2a2x64_1p
318,5232.822803956772,1590000.0,HalfCheetah-v3,TD3_Q2a2x64_1p
319,4839.247308346465,1595000.0,HalfCheetah-v3,TD3_Q2a2x64_1p
320,6324.874017032079,1600000.0,HalfCheetah-v3,TD3_Q2a2x64_1p
321,5973.590950170163,1605000.0,HalfCheetah-v3,TD3_Q2a2x64_1p
322,5437.201267054792,1610000.0,HalfCheetah-v3,TD3_Q2a2x64_1p
323,4907.246324606127,1615000.0,HalfCheetah-v3,TD3_Q2a2x64_1p
324,4524.497431591195,1620000.0,HalfCheetah-v3,TD3_Q2a2x64_1p
325,6504.3757097885955,1625000.0,HalfCheetah-v3,TD3_Q2a2x64_1p
326,6100.114112197812,1630000.0,HalfCheetah-v3,TD3_Q2a2x64_1p
327,5595.994790011897,1635000.0,HalfCheetah-v3,TD3_Q2a2x64_1p
328,5220.9694929769685,1640000.0,HalfCheetah-v3,TD3_Q2a2x64_1p
329,4910.046897004968,1645000.0,HalfCheetah-v3,TD3_Q2a2x64_1p
330,6727.445176911928,1650000.0,HalfCheetah-v3,TD3_Q2a2x64_1p
331,6244.776063540861,1655000.0,HalfCheetah-v3,TD3_Q2a2x64_1p
332,5735.109674912138,1660000.0,HalfCheetah-v3,TD3_Q2a2x64_1p
333,5227.43687279945,1665000.0,HalfCheetah-v3,TD3_Q2a2x64_1p
334,4798.805794685038,1670000.0,HalfCheetah-v3,TD3_Q2a2x64_1p
335,6618.236385653389,1675000.0,HalfCheetah-v3,TD3_Q2a2x64_1p
336,6279.136775221,1680000.0,HalfCheetah-v3,TD3_Q2a2x64_1p
337,5804.956680622454,1685000.0,HalfCheetah-v3,TD3_Q2a2x64_1p
338,5290.0883632002715,1690000.0,HalfCheetah-v3,TD3_Q2a2x64_1p
339,4906.496998180558,1695000.0,HalfCheetah-v3,TD3_Q2a2x64_1p
340,6873.6331205771185,1700000.0,HalfCheetah-v3,TD3_Q2a2x64_1p
341,6369.727068281277,1705000.0,HalfCheetah-v3,TD3_Q2a2x64_1p
342,5787.3089742998945,1710000.0,HalfCheetah-v3,TD3_Q2a2x64_1p
343,5221.477161799454,1715000.0,HalfCheetah-v3,TD3_Q2a2x64_1p
344,4927.432666724186,1720000.0,HalfCheetah-v3,TD3_Q2a2x64_1p
345,6645.086010752838,1725000.0,HalfCheetah-v3,TD3_Q2a2x64_1p
346,6207.12671780865,1730000.0,HalfCheetah-v3,TD3_Q2a2x64_1p
347,5759.166137515244,1735000.0,HalfCheetah-v3,TD3_Q2a2x64_1p
348,5141.381381109509,1740000.0,HalfCheetah-v3,TD3_Q2a2x64_1p
349,4716.664332250329,1745000.0,HalfCheetah-v3,TD3_Q2a2x64_1p
350,6883.671336260933,1750000.0,HalfCheetah-v3,TD3_Q2a2x64_1p
351,6244.335061731947,1755000.0,HalfCheetah-v3,TD3_Q2a2x64_1p
352,5618.361938849492,1760000.0,HalfCheetah-v3,TD3_Q2a2x64_1p
353,5182.612193475236,1765000.0,HalfCheetah-v3,TD3_Q2a2x64_1p
354,4786.011162912064,1770000.0,HalfCheetah-v3,TD3_Q2a2x64_1p
355,6820.100818880378,1775000.0,HalfCheetah-v3,TD3_Q2a2x64_1p
356,6317.695748167656,1780000.0,HalfCheetah-v3,TD3_Q2a2x64_1p
357,5868.932352178645,1785000.0,HalfCheetah-v3,TD3_Q2a2x64_1p
358,5150.723863308678,1790000.0,HalfCheetah-v3,TD3_Q2a2x64_1p
359,4789.928207506126,1795000.0,HalfCheetah-v3,TD3_Q2a2x64_1p
360,6597.228329211337,1800000.0,HalfCheetah-v3,TD3_Q2a2x64_1p
361,6174.303076560964,1805000.0,HalfCheetah-v3,TD3_Q2a2x64_1p
362,5664.258161522205,1810000.0,HalfCheetah-v3,TD3_Q2a2x64_1p
363,5105.687102316243,1815000.0,HalfCheetah-v3,TD3_Q2a2x64_1p
364,4855.155818374929,1820000.0,HalfCheetah-v3,TD3_Q2a2x64_1p
365,6781.320487218762,1825000.0,HalfCheetah-v3,TD3_Q2a2x64_1p
366,6353.268875845033,1830000.0,HalfCheetah-v3,TD3_Q2a2x64_1p
367,5735.078624533724,1835000.0,HalfCheetah-v3,TD3_Q2a2x64_1p
368,5071.001301807459,1840000.0,HalfCheetah-v3,TD3_Q2a2x64_1p
369,4744.605381142626,1845000.0,HalfCheetah-v3,TD3_Q2a2x64_1p
370,6820.196907593289,1850000.0,HalfCheetah-v3,TD3_Q2a2x64_1p
371,6336.388393565707,1855000.0,HalfCheetah-v3,TD3_Q2a2x64_1p
372,5808.108882808088,1860000.0,HalfCheetah-v3,TD3_Q2a2x64_1p
373,5202.518979200989,1865000.0,HalfCheetah-v3,TD3_Q2a2x64_1p
374,4645.5122207625445,1870000.0,HalfCheetah-v3,TD3_Q2a2x64_1p
375,6801.946614423765,1875000.0,HalfCheetah-v3,TD3_Q2a2x64_1p
376,6264.57806030215,1880000.0,HalfCheetah-v3,TD3_Q2a2x64_1p
377,5880.154452029122,1885000.0,HalfCheetah-v3,TD3_Q2a2x64_1p
378,5271.943473385672,1890000.0,HalfCheetah-v3,TD3_Q2a2x64_1p
379,4746.917525829675,1895000.0,HalfCheetah-v3,TD3_Q2a2x64_1p
380,6857.6292805646735,1900000.0,HalfCheetah-v3,TD3_Q2a2x64_1p
381,6339.22717428237,1905000.0,HalfCheetah-v3,TD3_Q2a2x64_1p
382,5717.11643372309,1910000.0,HalfCheetah-v3,TD3_Q2a2x64_1p
383,5110.7251360220935,1915000.0,HalfCheetah-v3,TD3_Q2a2x64_1p
384,4752.995347080833,1920000.0,HalfCheetah-v3,TD3_Q2a2x64_1p
385,6787.265934466866,1925000.0,HalfCheetah-v3,TD3_Q2a2x64_1p
386,6398.757673084581,1930000.0,HalfCheetah-v3,TD3_Q2a2x64_1p
387,5712.936042653879,1935000.0,HalfCheetah-v3,TD3_Q2a2x64_1p
388,5151.137139797805,1940000.0,HalfCheetah-v3,TD3_Q2a2x64_1p
389,4798.993991457941,1945000.0,HalfCheetah-v3,TD3_Q2a2x64_1p
390,6836.113369443143,1950000.0,HalfCheetah-v3,TD3_Q2a2x64_1p
391,6401.785921582521,1955000.0,HalfCheetah-v3,TD3_Q2a2x64_1p
392,5898.8222092013275,1960000.0,HalfCheetah-v3,TD3_Q2a2x64_1p
393,5338.714881544166,1965000.0,HalfCheetah-v3,TD3_Q2a2x64_1p
394,4660.757856207751,1970000.0,HalfCheetah-v3,TD3_Q2a2x64_1p
395,6957.512200287097,1975000.0,HalfCheetah-v3,TD3_Q2a2x64_1p
396,6375.3166398885905,1980000.0,HalfCheetah-v3,TD3_Q2a2x64_1p
397,5575.44714749087,1985000.0,HalfCheetah-v3,TD3_Q2a2x64_1p
398,5142.107092387561,1990000.0,HalfCheetah-v3,TD3_Q2a2x64_1p
399,4768.543226663948,1995000.0,HalfCheetah-v3,TD3_Q2a2x64_1p
400,6944.683480576192,2000000.0,HalfCheetah-v3,TD3_Q2a2x64_1p
401,6336.564409993755,2005000.0,HalfCheetah-v3,TD3_Q2a2x64_1p
402,5813.649183395891,2010000.0,HalfCheetah-v3,TD3_Q2a2x64_1p
403,5198.266374032978,2015000.0,HalfCheetah-v3,TD3_Q2a2x64_1p
404,4784.096139188049,2020000.0,HalfCheetah-v3,TD3_Q2a2x64_1p
405,7134.649445062054,2025000.0,HalfCheetah-v3,TD3_Q2a2x64_1p
406,6500.968548363514,2030000.0,HalfCheetah-v3,TD3_Q2a2x64_1p
407,5971.756839065007,2035000.0,HalfCheetah-v3,TD3_Q2a2x64_1p
408,5269.619793471016,2040000.0,HalfCheetah-v3,TD3_Q2a2x64_1p
409,4797.110069729899,2045000.0,HalfCheetah-v3,TD3_Q2a2x64_1p
410,6985.782686226974,2050000.0,HalfCheetah-v3,TD3_Q2a2x64_1p
411,6497.105798776399,2055000.0,HalfCheetah-v3,TD3_Q2a2x64_1p
412,5769.972435717655,2060000.0,HalfCheetah-v3,TD3_Q2a2x64_1p
413,5261.933366192132,2065000.0,HalfCheetah-v3,TD3_Q2a2x64_1p
414,4813.874896162871,2070000.0,HalfCheetah-v3,TD3_Q2a2x64_1p
415,7118.174674593031,2075000.0,HalfCheetah-v3,TD3_Q2a2x64_1p
416,6502.314895775171,2080000.0,HalfCheetah-v3,TD3_Q2a2x64_1p
417,5863.695333411305,2085000.0,HalfCheetah-v3,TD3_Q2a2x64_1p
418,5285.319494467563,2090000.0,HalfCheetah-v3,TD3_Q2a2x64_1p
419,4671.108442324323,2095000.0,HalfCheetah-v3,TD3_Q2a2x64_1p
420,7209.727412941693,2100000.0,HalfCheetah-v3,TD3_Q2a2x64_1p
421,6595.32464963018,2105000.0,HalfCheetah-v3,TD3_Q2a2x64_1p
422,5962.171239139664,2110000.0,HalfCheetah-v3,TD3_Q2a2x64_1p
423,5309.383862366912,2115000.0,HalfCheetah-v3,TD3_Q2a2x64_1p
424,4827.030175757238,2120000.0,HalfCheetah-v3,TD3_Q2a2x64_1p
425,7130.0958453443845,2125000.0,HalfCheetah-v3,TD3_Q2a2x64_1p
426,6503.959300204742,2130000.0,HalfCheetah-v3,TD3_Q2a2x64_1p
427,5899.467916080114,2135000.0,HalfCheetah-v3,TD3_Q2a2x64_1p
428,5270.054152696277,2140000.0,HalfCheetah-v3,TD3_Q2a2x64_1p
429,4904.7924157232055,2145000.0,HalfCheetah-v3,TD3_Q2a2x64_1p
430,7395.339620362867,2150000.0,HalfCheetah-v3,TD3_Q2a2x64_1p
431,6710.472551547287,2155000.0,HalfCheetah-v3,TD3_Q2a2x64_1p
432,5876.191999185916,2160000.0,HalfCheetah-v3,TD3_Q2a2x64_1p
433,5429.5928859619935,2165000.0,HalfCheetah-v3,TD3_Q2a2x64_1p
434,4900.54713140027,2170000.0,HalfCheetah-v3,TD3_Q2a2x64_1p
435,7454.9891986404355,2175000.0,HalfCheetah-v3,TD3_Q2a2x64_1p
436,6607.61763915092,2180000.0,HalfCheetah-v3,TD3_Q2a2x64_1p
437,5897.251300602203,2185000.0,HalfCheetah-v3,TD3_Q2a2x64_1p
438,5380.194548222747,2190000.0,HalfCheetah-v3,TD3_Q2a2x64_1p
439,4813.067909996788,2195000.0,HalfCheetah-v3,TD3_Q2a2x64_1p
440,7360.116897570423,2200000.0,HalfCheetah-v3,TD3_Q2a2x64_1p
441,6734.765974666434,2205000.0,HalfCheetah-v3,TD3_Q2a2x64_1p
442,5906.676194884245,2210000.0,HalfCheetah-v3,TD3_Q2a2x64_1p
443,5209.812386621026,2215000.0,HalfCheetah-v3,TD3_Q2a2x64_1p
444,4740.222067003522,2220000.0,HalfCheetah-v3,TD3_Q2a2x64_1p
445,7421.06259496098,2225000.0,HalfCheetah-v3,TD3_Q2a2x64_1p
446,6712.876122106334,2230000.0,HalfCheetah-v3,TD3_Q2a2x64_1p
447,5969.587495258048,2235000.0,HalfCheetah-v3,TD3_Q2a2x64_1p
448,5275.132086391416,2240000.0,HalfCheetah-v3,TD3_Q2a2x64_1p
449,4656.479779818121,2245000.0,HalfCheetah-v3,TD3_Q2a2x64_1p
450,7469.362645226858,2250000.0,HalfCheetah-v3,TD3_Q2a2x64_1p
451,6758.72483772574,2255000.0,HalfCheetah-v3,TD3_Q2a2x64_1p
452,5927.250219148372,2260000.0,HalfCheetah-v3,TD3_Q2a2x64_1p
453,5136.6855357831055,2265000.0,HalfCheetah-v3,TD3_Q2a2x64_1p
454,4848.705589481065,2270000.0,HalfCheetah-v3,TD3_Q2a2x64_1p
455,7411.879977069521,2275000.0,HalfCheetah-v3,TD3_Q2a2x64_1p
456,6701.021930683271,2280000.0,HalfCheetah-v3,TD3_Q2a2x64_1p
457,5962.37720894943,2285000.0,HalfCheetah-v3,TD3_Q2a2x64_1p
458,5344.341245312485,2290000.0,HalfCheetah-v3,TD3_Q2a2x64_1p
459,4756.4415858062175,2295000.0,HalfCheetah-v3,TD3_Q2a2x64_1p
460,7611.992501220562,2300000.0,HalfCheetah-v3,TD3_Q2a2x64_1p
461,6798.757550293162,2305000.0,HalfCheetah-v3,TD3_Q2a2x64_1p
462,5948.882073483268,2310000.0,HalfCheetah-v3,TD3_Q2a2x64_1p
463,5358.01770803842,2315000.0,HalfCheetah-v3,TD3_Q2a2x64_1p
464,4828.786225991965,2320000.0,HalfCheetah-v3,TD3_Q2a2x64_1p
465,7370.258604365398,2325000.0,HalfCheetah-v3,TD3_Q2a2x64_1p
466,6888.103884198472,2330000.0,HalfCheetah-v3,TD3_Q2a2x64_1p
467,5998.916585958168,2335000.0,HalfCheetah-v3,TD3_Q2a2x64_1p
468,5406.594845412083,2340000.0,HalfCheetah-v3,TD3_Q2a2x64_1p
469,4830.667356823847,2345000.0,HalfCheetah-v3,TD3_Q2a2x64_1p
470,7574.375627042953,2350000.0,HalfCheetah-v3,TD3_Q2a2x64_1p
471,6746.188327638779,2355000.0,HalfCheetah-v3,TD3_Q2a2x64_1p
472,6108.527434951959,2360000.0,HalfCheetah-v3,TD3_Q2a2x64_1p
473,5318.787094357146,2365000.0,HalfCheetah-v3,TD3_Q2a2x64_1p
474,4751.185602385007,2370000.0,HalfCheetah-v3,TD3_Q2a2x64_1p
475,7382.591841522806,2375000.0,HalfCheetah-v3,TD3_Q2a2x64_1p
476,6736.973057900042,2380000.0,HalfCheetah-v3,TD3_Q2a2x64_1p
477,5952.046303648194,2385000.0,HalfCheetah-v3,TD3_Q2a2x64_1p
478,5270.759686424442,2390000.0,HalfCheetah-v3,TD3_Q2a2x64_1p
479,4773.712930444386,2395000.0,HalfCheetah-v3,TD3_Q2a2x64_1p
480,7688.904662143951,2400000.0,HalfCheetah-v3,TD3_Q2a2x64_1p
481,6838.405447153667,2405000.0,HalfCheetah-v3,TD3_Q2a2x64_1p
482,6069.027354435232,2410000.0,HalfCheetah-v3,TD3_Q2a2x64_1p
483,5362.162896954759,2415000.0,HalfCheetah-v3,TD3_Q2a2x64_1p
484,4571.560495755011,2420000.0,HalfCheetah-v3,TD3_Q2a2x64_1p
485,7470.287308092811,2425000.0,HalfCheetah-v3,TD3_Q2a2x64_1p
486,6796.993138015283,2430000.0,HalfCheetah-v3,TD3_Q2a2x64_1p
487,5706.911502714959,2435000.0,HalfCheetah-v3,TD3_Q2a2x64_1p
488,4933.854086671916,2440000.0,HalfCheetah-v3,TD3_Q2a2x64_1p
489,4659.762707555788,2445000.0,HalfCheetah-v3,TD3_Q2a2x64_1p
490,7126.97815546818,2450000.0,HalfCheetah-v3,TD3_Q2a2x64_1p
491,6575.166199274763,2455000.0,HalfCheetah-v3,TD3_Q2a2x64_1p
492,5774.590538747222,2460000.0,HalfCheetah-v3,TD3_Q2a2x64_1p
493,5390.554966432076,2465000.0,HalfCheetah-v3,TD3_Q2a2x64_1p
494,4854.705269287261,2470000.0,HalfCheetah-v3,TD3_Q2a2x64_1p
495,7698.536432259483,2475000.0,HalfCheetah-v3,TD3_Q2a2x64_1p
496,6852.691097427318,2480000.0,HalfCheetah-v3,TD3_Q2a2x64_1p
497,5915.581926515631,2485000.0,HalfCheetah-v3,TD3_Q2a2x64_1p
498,5402.19209575205,2490000.0,HalfCheetah-v3,TD3_Q2a2x64_1p
499,4699.875424014548,2495000.0,HalfCheetah-v3,TD3_Q2a2x64_1p
500,7819.345093830326,2500000.0,HalfCheetah-v3,TD3_Q2a2x64_1p
501,6999.646514737108,2505000.0,HalfCheetah-v3,TD3_Q2a2x64_1p
502,6308.9476628456705,2510000.0,HalfCheetah-v3,TD3_Q2a2x64_1p
503,5312.086012838389,2515000.0,HalfCheetah-v3,TD3_Q2a2x64_1p
504,4612.361672384828,2520000.0,HalfCheetah-v3,TD3_Q2a2x64_1p
505,7754.096585539417,2525000.0,HalfCheetah-v3,TD3_Q2a2x64_1p
506,6913.156663288306,2530000.0,HalfCheetah-v3,TD3_Q2a2x64_1p
507,5945.2722642533645,2535000.0,HalfCheetah-v3,TD3_Q2a2x64_1p
508,5349.055693189415,2540000.0,HalfCheetah-v3,TD3_Q2a2x64_1p
509,4623.783959740869,2545000.0,HalfCheetah-v3,TD3_Q2a2x64_1p
510,7836.233102237835,2550000.0,HalfCheetah-v3,TD3_Q2a2x64_1p
511,7053.889635069872,2555000.0,HalfCheetah-v3,TD3_Q2a2x64_1p
512,6272.290502501679,2560000.0,HalfCheetah-v3,TD3_Q2a2x64_1p
513,5465.8960157106885,2565000.0,HalfCheetah-v3,TD3_Q2a2x64_1p
514,4773.642836009896,2570000.0,HalfCheetah-v3,TD3_Q2a2x64_1p
515,7639.631902939596,2575000.0,HalfCheetah-v3,TD3_Q2a2x64_1p
516,6887.113215487979,2580000.0,HalfCheetah-v3,TD3_Q2a2x64_1p
517,6097.337654763818,2585000.0,HalfCheetah-v3,TD3_Q2a2x64_1p
518,5179.433955706014,2590000.0,HalfCheetah-v3,TD3_Q2a2x64_1p
519,4590.280504290944,2595000.0,HalfCheetah-v3,TD3_Q2a2x64_1p
520,7916.320986971931,2600000.0,HalfCheetah-v3,TD3_Q2a2x64_1p
521,7206.846046566863,2605000.0,HalfCheetah-v3,TD3_Q2a2x64_1p
522,6219.673587452155,2610000.0,HalfCheetah-v3,TD3_Q2a2x64_1p
523,5383.937145774776,2615000.0,HalfCheetah-v3,TD3_Q2a2x64_1p
524,4904.849313949943,2620000.0,HalfCheetah-v3,TD3_Q2a2x64_1p
525,7645.4009814497795,2625000.0,HalfCheetah-v3,TD3_Q2a2x64_1p
526,6965.429266377761,2630000.0,HalfCheetah-v3,TD3_Q2a2x64_1p
527,6013.502685945999,2635000.0,HalfCheetah-v3,TD3_Q2a2x64_1p
528,5298.476486829391,2640000.0,HalfCheetah-v3,TD3_Q2a2x64_1p
529,4739.375788250809,2645000.0,HalfCheetah-v3,TD3_Q2a2x64_1p
530,7427.6858470071775,2650000.0,HalfCheetah-v3,TD3_Q2a2x64_1p
531,6584.12258969972,2655000.0,HalfCheetah-v3,TD3_Q2a2x64_1p
532,5577.166075497889,2660000.0,HalfCheetah-v3,TD3_Q2a2x64_1p
533,4858.909316988625,2665000.0,HalfCheetah-v3,TD3_Q2a2x64_1p
534,4570.601819266302,2670000.0,HalfCheetah-v3,TD3_Q2a2x64_1p
535,7891.86067879389,2675000.0,HalfCheetah-v3,TD3_Q2a2x64_1p
536,7126.020893016338,2680000.0,HalfCheetah-v3,TD3_Q2a2x64_1p
537,6090.009684945193,2685000.0,HalfCheetah-v3,TD3_Q2a2x64_1p
538,5328.563334311484,2690000.0,HalfCheetah-v3,TD3_Q2a2x64_1p
539,4639.461477358227,2695000.0,HalfCheetah-v3,TD3_Q2a2x64_1p
540,7973.029774125023,2700000.0,HalfCheetah-v3,TD3_Q2a2x64_1p
541,6877.5178011940125,2705000.0,HalfCheetah-v3,TD3_Q2a2x64_1p
542,5835.126217003046,2710000.0,HalfCheetah-v3,TD3_Q2a2x64_1p
543,5313.918734105792,2715000.0,HalfCheetah-v3,TD3_Q2a2x64_1p
544,4652.090318712761,2720000.0,HalfCheetah-v3,TD3_Q2a2x64_1p
545,8081.910331190826,2725000.0,HalfCheetah-v3,TD3_Q2a2x64_1p
546,7126.6193103099895,2730000.0,HalfCheetah-v3,TD3_Q2a2x64_1p
547,6144.581021896195,2735000.0,HalfCheetah-v3,TD3_Q2a2x64_1p
548,5378.002039387835,2740000.0,HalfCheetah-v3,TD3_Q2a2x64_1p
549,4642.344204209603,2745000.0,HalfCheetah-v3,TD3_Q2a2x64_1p
550,7847.342711082041,2750000.0,HalfCheetah-v3,TD3_Q2a2x64_1p
551,7057.484599132814,2755000.0,HalfCheetah-v3,TD3_Q2a2x64_1p
552,6035.534945218349,2760000.0,HalfCheetah-v3,TD3_Q2a2x64_1p
553,5073.155864390468,2765000.0,HalfCheetah-v3,TD3_Q2a2x64_1p
554,4506.227807200072,2770000.0,HalfCheetah-v3,TD3_Q2a2x64_1p
555,7903.250196343969,2775000.0,HalfCheetah-v3,TD3_Q2a2x64_1p
556,6701.414132668969,2780000.0,HalfCheetah-v3,TD3_Q2a2x64_1p
557,5889.806990984847,2785000.0,HalfCheetah-v3,TD3_Q2a2x64_1p
558,5332.607134882893,2790000.0,HalfCheetah-v3,TD3_Q2a2x64_1p
559,4523.643232223282,2795000.0,HalfCheetah-v3,TD3_Q2a2x64_1p
560,8111.738794703505,2800000.0,HalfCheetah-v3,TD3_Q2a2x64_1p
561,7239.522538784033,2805000.0,HalfCheetah-v3,TD3_Q2a2x64_1p
562,6241.11531833259,2810000.0,HalfCheetah-v3,TD3_Q2a2x64_1p
563,5375.699699601085,2815000.0,HalfCheetah-v3,TD3_Q2a2x64_1p
564,4933.678571968983,2820000.0,HalfCheetah-v3,TD3_Q2a2x64_1p
565,8215.147566259646,2825000.0,HalfCheetah-v3,TD3_Q2a2x64_1p
566,7188.67967390056,2830000.0,HalfCheetah-v3,TD3_Q2a2x64_1p
567,6294.528438000957,2835000.0,HalfCheetah-v3,TD3_Q2a2x64_1p
568,5334.810534159153,2840000.0,HalfCheetah-v3,TD3_Q2a2x64_1p
569,4969.541094540995,2845000.0,HalfCheetah-v3,TD3_Q2a2x64_1p
570,7920.08982286374,2850000.0,HalfCheetah-v3,TD3_Q2a2x64_1p
571,7056.539602914274,2855000.0,HalfCheetah-v3,TD3_Q2a2x64_1p
572,5962.07363122604,2860000.0,HalfCheetah-v3,TD3_Q2a2x64_1p
573,5336.831172102668,2865000.0,HalfCheetah-v3,TD3_Q2a2x64_1p
574,4825.134331174225,2870000.0,HalfCheetah-v3,TD3_Q2a2x64_1p
575,8191.554680532756,2875000.0,HalfCheetah-v3,TD3_Q2a2x64_1p
576,7283.323241030969,2880000.0,HalfCheetah-v3,TD3_Q2a2x64_1p
577,6224.83954758257,2885000.0,HalfCheetah-v3,TD3_Q2a2x64_1p
578,5165.485297636645,2890000.0,HalfCheetah-v3,TD3_Q2a2x64_1p
579,4749.436061545114,2895000.0,HalfCheetah-v3,TD3_Q2a2x64_1p
580,8017.16640806861,2900000.0,HalfCheetah-v3,TD3_Q2a2x64_1p
581,6877.481198079552,2905000.0,HalfCheetah-v3,TD3_Q2a2x64_1p
582,5966.702700511241,2910000.0,HalfCheetah-v3,TD3_Q2a2x64_1p
583,5277.686360889589,2915000.0,HalfCheetah-v3,TD3_Q2a2x64_1p
584,4760.1912893747485,2920000.0,HalfCheetah-v3,TD3_Q2a2x64_1p
585,8265.969175830334,2925000.0,HalfCheetah-v3,TD3_Q2a2x64_1p
586,7270.468689397165,2930000.0,HalfCheetah-v3,TD3_Q2a2x64_1p
587,6182.529813886921,2935000.0,HalfCheetah-v3,TD3_Q2a2x64_1p
588,5575.52151483132,2940000.0,HalfCheetah-v3,TD3_Q2a2x64_1p
589,4857.3925580872265,2945000.0,HalfCheetah-v3,TD3_Q2a2x64_1p
590,8259.803781541139,2950000.0,HalfCheetah-v3,TD3_Q2a2x64_1p
591,7183.600958034316,2955000.0,HalfCheetah-v3,TD3_Q2a2x64_1p
592,6266.693609969816,2960000.0,HalfCheetah-v3,TD3_Q2a2x64_1p
593,5254.548461690555,2965000.0,HalfCheetah-v3,TD3_Q2a2x64_1p
594,4779.499839156361,2970000.0,HalfCheetah-v3,TD3_Q2a2x64_1p
595,8305.075884695081,2975000.0,HalfCheetah-v3,TD3_Q2a2x64_1p
596,7299.658360274387,2980000.0,HalfCheetah-v3,TD3_Q2a2x64_1p
597,6246.281613710362,2985000.0,HalfCheetah-v3,TD3_Q2a2x64_1p
598,5276.40220997338,2990000.0,HalfCheetah-v3,TD3_Q2a2x64_1p
599,4828.69332600656,2995000.0,HalfCheetah-v3,TD3_Q2a2x64_1p
600,8166.347258233194,3000000.0,HalfCheetah-v3,TD3_Q2a2x64_1p
601,7271.97277578248,3005000.0,HalfCheetah-v3,TD3_Q2a2x64_1p
602,6148.653721924005,3010000.0,HalfCheetah-v3,TD3_Q2a2x64_1p
603,5182.2758399941795,3015000.0,HalfCheetah-v3,TD3_Q2a2x64_1p
604,4918.141080194192,3020000.0,HalfCheetah-v3,TD3_Q2a2x64_1p
605,8351.169572332456,3025000.0,HalfCheetah-v3,TD3_Q2a2x64_1p
606,6991.365343764321,3030000.0,HalfCheetah-v3,TD3_Q2a2x64_1p
607,6006.186410119108,3035000.0,HalfCheetah-v3,TD3_Q2a2x64_1p
608,5019.031298258119,3040000.0,HalfCheetah-v3,TD3_Q2a2x64_1p
609,4291.329905112727,3045000.0,HalfCheetah-v3,TD3_Q2a2x64_1p
610,8433.747740236473,3050000.0,HalfCheetah-v3,TD3_Q2a2x64_1p
611,7375.308295680846,3055000.0,HalfCheetah-v3,TD3_Q2a2x64_1p
612,6311.3363884206865,3060000.0,HalfCheetah-v3,TD3_Q2a2x64_1p
613,5680.5643957971715,3065000.0,HalfCheetah-v3,TD3_Q2a2x64_1p
614,4858.282349077793,3070000.0,HalfCheetah-v3,TD3_Q2a2x64_1p
615,8285.591799952159,3075000.0,HalfCheetah-v3,TD3_Q2a2x64_1p
616,7269.129556037486,3080000.0,HalfCheetah-v3,TD3_Q2a2x64_1p
617,6217.063073031191,3085000.0,HalfCheetah-v3,TD3_Q2a2x64_1p
618,5428.76641674582,3090000.0,HalfCheetah-v3,TD3_Q2a2x64_1p
619,4870.944940453534,3095000.0,HalfCheetah-v3,TD3_Q2a2x64_1p
620,8345.66851742905,3100000.0,HalfCheetah-v3,TD3_Q2a2x64_1p
621,7163.473437500705,3105000.0,HalfCheetah-v3,TD3_Q2a2x64_1p
622,5918.48467329383,3110000.0,HalfCheetah-v3,TD3_Q2a2x64_1p
623,5272.284939496917,3115000.0,HalfCheetah-v3,TD3_Q2a2x64_1p
624,4607.245531324404,3120000.0,HalfCheetah-v3,TD3_Q2a2x64_1p
625,8039.231475597243,3125000.0,HalfCheetah-v3,TD3_Q2a2x64_1p
626,6837.764202102871,3130000.0,HalfCheetah-v3,TD3_Q2a2x64_1p
627,5793.327470989707,3135000.0,HalfCheetah-v3,TD3_Q2a2x64_1p
628,5093.710420813757,3140000.0,HalfCheetah-v3,TD3_Q2a2x64_1p
629,4625.070249108476,3145000.0,HalfCheetah-v3,TD3_Q2a2x64_1p
630,8430.364248840253,3150000.0,HalfCheetah-v3,TD3_Q2a2x64_1p
631,7438.336955878558,3155000.0,HalfCheetah-v3,TD3_Q2a2x64_1p
632,6388.915965810234,3160000.0,HalfCheetah-v3,TD3_Q2a2x64_1p
633,5449.323862516431,3165000.0,HalfCheetah-v3,TD3_Q2a2x64_1p
634,4919.628157529206,3170000.0,HalfCheetah-v3,TD3_Q2a2x64_1p
635,8505.125981033612,3175000.0,HalfCheetah-v3,TD3_Q2a2x64_1p
636,7326.2415115965805,3180000.0,HalfCheetah-v3,TD3_Q2a2x64_1p
637,6306.289679036351,3185000.0,HalfCheetah-v3,TD3_Q2a2x64_1p
638,5641.81437487936,3190000.0,HalfCheetah-v3,TD3_Q2a2x64_1p
639,5077.492546676642,3195000.0,HalfCheetah-v3,TD3_Q2a2x64_1p
640,8286.070637076797,3200000.0,HalfCheetah-v3,TD3_Q2a2x64_1p
641,7460.578606339077,3205000.0,HalfCheetah-v3,TD3_Q2a2x64_1p
642,6474.549072461194,3210000.0,HalfCheetah-v3,TD3_Q2a2x64_1p
643,5721.320107991504,3215000.0,HalfCheetah-v3,TD3_Q2a2x64_1p
644,5094.701790215975,3220000.0,HalfCheetah-v3,TD3_Q2a2x64_1p
645,8601.608138591562,3225000.0,HalfCheetah-v3,TD3_Q2a2x64_1p
646,7534.290893329891,3230000.0,HalfCheetah-v3,TD3_Q2a2x64_1p
647,6402.033550917626,3235000.0,HalfCheetah-v3,TD3_Q2a2x64_1p
648,5519.035231660065,3240000.0,HalfCheetah-v3,TD3_Q2a2x64_1p
649,4910.956605127296,3245000.0,HalfCheetah-v3,TD3_Q2a2x64_1p
650,8252.15890944572,3250000.0,HalfCheetah-v3,TD3_Q2a2x64_1p
651,7175.249068965725,3255000.0,HalfCheetah-v3,TD3_Q2a2x64_1p
652,5986.400094044371,3260000.0,HalfCheetah-v3,TD3_Q2a2x64_1p
653,5271.591057161748,3265000.0,HalfCheetah-v3,TD3_Q2a2x64_1p
654,4636.4153322059465,3270000.0,HalfCheetah-v3,TD3_Q2a2x64_1p
655,8496.154027183244,3275000.0,HalfCheetah-v3,TD3_Q2a2x64_1p
656,7532.370268019853,3280000.0,HalfCheetah-v3,TD3_Q2a2x64_1p
657,6287.402616111148,3285000.0,HalfCheetah-v3,TD3_Q2a2x64_1p
658,5751.217571516347,3290000.0,HalfCheetah-v3,TD3_Q2a2x64_1p
659,4911.014283448689,3295000.0,HalfCheetah-v3,TD3_Q2a2x64_1p
660,8605.041580972244,3300000.0,HalfCheetah-v3,TD3_Q2a2x64_1p
661,7497.3645284182885,3305000.0,HalfCheetah-v3,TD3_Q2a2x64_1p
662,6537.488980954366,3310000.0,HalfCheetah-v3,TD3_Q2a2x64_1p
663,5666.090796358002,3315000.0,HalfCheetah-v3,TD3_Q2a2x64_1p
664,4847.94835200149,3320000.0,HalfCheetah-v3,TD3_Q2a2x64_1p
665,8483.83425295605,3325000.0,HalfCheetah-v3,TD3_Q2a2x64_1p
666,7438.331256424695,3330000.0,HalfCheetah-v3,TD3_Q2a2x64_1p
667,6290.69247711568,3335000.0,HalfCheetah-v3,TD3_Q2a2x64_1p
668,5530.407082222128,3340000.0,HalfCheetah-v3,TD3_Q2a2x64_1p
669,4615.905779427755,3345000.0,HalfCheetah-v3,TD3_Q2a2x64_1p
670,8663.747763375035,3350000.0,HalfCheetah-v3,TD3_Q2a2x64_1p
671,7225.372588687418,3355000.0,HalfCheetah-v3,TD3_Q2a2x64_1p
672,6207.675969934711,3360000.0,HalfCheetah-v3,TD3_Q2a2x64_1p
673,5185.943081170791,3365000.0,HalfCheetah-v3,TD3_Q2a2x64_1p
674,4786.485670497855,3370000.0,HalfCheetah-v3,TD3_Q2a2x64_1p
675,8606.646094656304,3375000.0,HalfCheetah-v3,TD3_Q2a2x64_1p
676,7560.39477347829,3380000.0,HalfCheetah-v3,TD3_Q2a2x64_1p
677,6461.539945111321,3385000.0,HalfCheetah-v3,TD3_Q2a2x64_1p
678,5254.028937014619,3390000.0,HalfCheetah-v3,TD3_Q2a2x64_1p
679,4718.613277355131,3395000.0,HalfCheetah-v3,TD3_Q2a2x64_1p
680,8703.701911721717,3400000.0,HalfCheetah-v3,TD3_Q2a2x64_1p
681,7467.270763181872,3405000.0,HalfCheetah-v3,TD3_Q2a2x64_1p
682,6033.829118305298,3410000.0,HalfCheetah-v3,TD3_Q2a2x64_1p
683,5454.442814600646,3415000.0,HalfCheetah-v3,TD3_Q2a2x64_1p
684,4833.988490038808,3420000.0,HalfCheetah-v3,TD3_Q2a2x64_1p
685,8583.319850656659,3425000.0,HalfCheetah-v3,TD3_Q2a2x64_1p
686,7385.127382388453,3430000.0,HalfCheetah-v3,TD3_Q2a2x64_1p
687,6199.398265006471,3435000.0,HalfCheetah-v3,TD3_Q2a2x64_1p
688,5380.635239987158,3440000.0,HalfCheetah-v3,TD3_Q2a2x64_1p
689,4864.921013393829,3445000.0,HalfCheetah-v3,TD3_Q2a2x64_1p
690,8618.058207169726,3450000.0,HalfCheetah-v3,TD3_Q2a2x64_1p
691,7385.994078439483,3455000.0,HalfCheetah-v3,TD3_Q2a2x64_1p
692,6322.790150344913,3460000.0,HalfCheetah-v3,TD3_Q2a2x64_1p
693,5381.995603720392,3465000.0,HalfCheetah-v3,TD3_Q2a2x64_1p
694,4644.038983219092,3470000.0,HalfCheetah-v3,TD3_Q2a2x64_1p
695,8677.460297117006,3475000.0,HalfCheetah-v3,TD3_Q2a2x64_1p
696,7390.171456028949,3480000.0,HalfCheetah-v3,TD3_Q2a2x64_1p
697,6212.626834767442,3485000.0,HalfCheetah-v3,TD3_Q2a2x64_1p
698,5421.718831418608,3490000.0,HalfCheetah-v3,TD3_Q2a2x64_1p
699,4853.917843645221,3495000.0,HalfCheetah-v3,TD3_Q2a2x64_1p
700,8743.13672476544,3500000.0,HalfCheetah-v3,TD3_Q2a2x64_1p
701,7638.618661953417,3505000.0,HalfCheetah-v3,TD3_Q2a2x64_1p
702,6351.300945535632,3510000.0,HalfCheetah-v3,TD3_Q2a2x64_1p
703,5531.901162041048,3515000.0,HalfCheetah-v3,TD3_Q2a2x64_1p
704,4716.520550196591,3520000.0,HalfCheetah-v3,TD3_Q2a2x64_1p
705,8043.623952472162,3525000.0,HalfCheetah-v3,TD3_Q2a2x64_1p
706,7196.688465016408,3530000.0,HalfCheetah-v3,TD3_Q2a2x64_1p
707,6387.9192389911295,3535000.0,HalfCheetah-v3,TD3_Q2a2x64_1p
708,5373.597118800537,3540000.0,HalfCheetah-v3,TD3_Q2a2x64_1p
709,4814.991389312075,3545000.0,HalfCheetah-v3,TD3_Q2a2x64_1p
710,8512.50279911393,3550000.0,HalfCheetah-v3,TD3_Q2a2x64_1p
711,7454.0078224788695,3555000.0,HalfCheetah-v3,TD3_Q2a2x64_1p
712,6191.461535421062,3560000.0,HalfCheetah-v3,TD3_Q2a2x64_1p
713,5502.849782724971,3565000.0,HalfCheetah-v3,TD3_Q2a2x64_1p
714,4764.158686687643,3570000.0,HalfCheetah-v3,TD3_Q2a2x64_1p
715,8622.37459261786,3575000.0,HalfCheetah-v3,TD3_Q2a2x64_1p
716,7402.445592164158,3580000.0,HalfCheetah-v3,TD3_Q2a2x64_1p
717,6268.757978399864,3585000.0,HalfCheetah-v3,TD3_Q2a2x64_1p
718,5479.0735202393025,3590000.0,HalfCheetah-v3,TD3_Q2a2x64_1p
719,4703.901229578173,3595000.0,HalfCheetah-v3,TD3_Q2a2x64_1p
720,8776.223193479684,3600000.0,HalfCheetah-v3,TD3_Q2a2x64_1p
721,7648.197664186673,3605000.0,HalfCheetah-v3,TD3_Q2a2x64_1p
722,6447.202563705807,3610000.0,HalfCheetah-v3,TD3_Q2a2x64_1p
723,5540.351388141842,3615000.0,HalfCheetah-v3,TD3_Q2a2x64_1p
724,4807.19647007914,3620000.0,HalfCheetah-v3,TD3_Q2a2x64_1p
725,8825.5070555877,3625000.0,HalfCheetah-v3,TD3_Q2a2x64_1p
726,7544.404149139087,3630000.0,HalfCheetah-v3,TD3_Q2a2x64_1p
727,6265.392645893949,3635000.0,HalfCheetah-v3,TD3_Q2a2x64_1p
728,5404.891511309722,3640000.0,HalfCheetah-v3,TD3_Q2a2x64_1p
729,4883.076816712,3645000.0,HalfCheetah-v3,TD3_Q2a2x64_1p
730,8857.769260823427,3650000.0,HalfCheetah-v3,TD3_Q2a2x64_1p
731,7627.905562085497,3655000.0,HalfCheetah-v3,TD3_Q2a2x64_1p
732,6290.066024543364,3660000.0,HalfCheetah-v3,TD3_Q2a2x64_1p
733,5369.3951957848885,3665000.0,HalfCheetah-v3,TD3_Q2a2x64_1p
734,4557.83794650542,3670000.0,HalfCheetah-v3,TD3_Q2a2x64_1p
735,8713.973717074545,3675000.0,HalfCheetah-v3,TD3_Q2a2x64_1p
736,7784.645278701983,3680000.0,HalfCheetah-v3,TD3_Q2a2x64_1p
737,6341.276962241753,3685000.0,HalfCheetah-v3,TD3_Q2a2x64_1p
738,5456.593418943832,3690000.0,HalfCheetah-v3,TD3_Q2a2x64_1p
739,5101.964291394904,3695000.0,HalfCheetah-v3,TD3_Q2a2x64_1p
740,8682.963540814415,3700000.0,HalfCheetah-v3,TD3_Q2a2x64_1p
741,7348.662190152465,3705000.0,HalfCheetah-v3,TD3_Q2a2x64_1p
742,6165.40015447825,3710000.0,HalfCheetah-v3,TD3_Q2a2x64_1p
743,5434.567880779752,3715000.0,HalfCheetah-v3,TD3_Q2a2x64_1p
744,4815.865089707917,3720000.0,HalfCheetah-v3,TD3_Q2a2x64_1p
745,8715.72084147392,3725000.0,HalfCheetah-v3,TD3_Q2a2x64_1p
746,7619.476302521003,3730000.0,HalfCheetah-v3,TD3_Q2a2x64_1p
747,6432.6680220604385,3735000.0,HalfCheetah-v3,TD3_Q2a2x64_1p
748,5413.545226404786,3740000.0,HalfCheetah-v3,TD3_Q2a2x64_1p
749,4891.692624201325,3745000.0,HalfCheetah-v3,TD3_Q2a2x64_1p
750,8765.27542487894,3750000.0,HalfCheetah-v3,TD3_Q2a2x64_1p
751,7563.0210329866895,3755000.0,HalfCheetah-v3,TD3_Q2a2x64_1p
752,6417.528632405439,3760000.0,HalfCheetah-v3,TD3_Q2a2x64_1p
753,5550.176359208026,3765000.0,HalfCheetah-v3,TD3_Q2a2x64_1p
754,4760.788101748804,3770000.0,HalfCheetah-v3,TD3_Q2a2x64_1p
755,8764.800214746287,3775000.0,HalfCheetah-v3,TD3_Q2a2x64_1p
756,7529.6137057307615,3780000.0,HalfCheetah-v3,TD3_Q2a2x64_1p
757,6320.125030739202,3785000.0,HalfCheetah-v3,TD3_Q2a2x64_1p
758,5576.661948621854,3790000.0,HalfCheetah-v3,TD3_Q2a2x64_1p
759,4743.083503600173,3795000.0,HalfCheetah-v3,TD3_Q2a2x64_1p
760,8948.069068887859,3800000.0,HalfCheetah-v3,TD3_Q2a2x64_1p
761,7702.398187839555,3805000.0,HalfCheetah-v3,TD3_Q2a2x64_1p
762,6767.582443417732,3810000.0,HalfCheetah-v3,TD3_Q2a2x64_1p
763,5715.006779594079,3815000.0,HalfCheetah-v3,TD3_Q2a2x64_1p
764,4953.105738554299,3820000.0,HalfCheetah-v3,TD3_Q2a2x64_1p
765,8929.466044407029,3825000.0,HalfCheetah-v3,TD3_Q2a2x64_1p
766,7534.178610714538,3830000.0,HalfCheetah-v3,TD3_Q2a2x64_1p
767,6519.918365940949,3835000.0,HalfCheetah-v3,TD3_Q2a2x64_1p
768,5725.292041530497,3840000.0,HalfCheetah-v3,TD3_Q2a2x64_1p
769,4956.250022865033,3845000.0,HalfCheetah-v3,TD3_Q2a2x64_1p
770,8880.31494397895,3850000.0,HalfCheetah-v3,TD3_Q2a2x64_1p
771,7675.455876112787,3855000.0,HalfCheetah-v3,TD3_Q2a2x64_1p
772,6501.024423751862,3860000.0,HalfCheetah-v3,TD3_Q2a2x64_1p
773,5657.454604297256,3865000.0,HalfCheetah-v3,TD3_Q2a2x64_1p
774,4876.195699512388,3870000.0,HalfCheetah-v3,TD3_Q2a2x64_1p
775,8948.15884776368,3875000.0,HalfCheetah-v3,TD3_Q2a2x64_1p
776,7802.621362826656,3880000.0,HalfCheetah-v3,TD3_Q2a2x64_1p
777,6739.038046961808,3885000.0,HalfCheetah-v3,TD3_Q2a2x64_1p
778,5549.341855116023,3890000.0,HalfCheetah-v3,TD3_Q2a2x64_1p
779,4772.483911188571,3895000.0,HalfCheetah-v3,TD3_Q2a2x64_1p
780,8959.703585071005,3900000.0,HalfCheetah-v3,TD3_Q2a2x64_1p
781,7623.000739187655,3905000.0,HalfCheetah-v3,TD3_Q2a2x64_1p
782,6266.889624171231,3910000.0,HalfCheetah-v3,TD3_Q2a2x64_1p
783,5538.69180119836,3915000.0,HalfCheetah-v3,TD3_Q2a2x64_1p
784,4913.435564674903,3920000.0,HalfCheetah-v3,TD3_Q2a2x64_1p
785,8690.00680772633,3925000.0,HalfCheetah-v3,TD3_Q2a2x64_1p
786,7475.875639594984,3930000.0,HalfCheetah-v3,TD3_Q2a2x64_1p
787,6219.486610863133,3935000.0,HalfCheetah-v3,TD3_Q2a2x64_1p
788,5303.871157558849,3940000.0,HalfCheetah-v3,TD3_Q2a2x64_1p
789,4756.714716054174,3945000.0,HalfCheetah-v3,TD3_Q2a2x64_1p
790,8739.202137912742,3950000.0,HalfCheetah-v3,TD3_Q2a2x64_1p
791,7317.130337003589,3955000.0,HalfCheetah-v3,TD3_Q2a2x64_1p
792,6289.104161293005,3960000.0,HalfCheetah-v3,TD3_Q2a2x64_1p
793,5271.519412357102,3965000.0,HalfCheetah-v3,TD3_Q2a2x64_1p
794,4674.575245698525,3970000.0,HalfCheetah-v3,TD3_Q2a2x64_1p
795,8937.7927851902,3975000.0,HalfCheetah-v3,TD3_Q2a2x64_1p
796,7577.81311438223,3980000.0,HalfCheetah-v3,TD3_Q2a2x64_1p
797,6342.304587513185,3985000.0,HalfCheetah-v3,TD3_Q2a2x64_1p
798,5515.662720723905,3990000.0,HalfCheetah-v3,TD3_Q2a2x64_1p
799,4964.894230444429,3995000.0,HalfCheetah-v3,TD3_Q2a2x64_1p
800,8943.386580425875,4000000.0,HalfCheetah-v3,TD3_Q2a2x64_1p
801,7566.11611697411,4005000.0,HalfCheetah-v3,TD3_Q2a2x64_1p
802,6261.699817513791,4010000.0,HalfCheetah-v3,TD3_Q2a2x64_1p
803,5592.670612675495,4015000.0,HalfCheetah-v3,TD3_Q2a2x64_1p
804,4807.73464973494,4020000.0,HalfCheetah-v3,TD3_Q2a2x64_1p
805,8719.022488717796,4025000.0,HalfCheetah-v3,TD3_Q2a2x64_1p
806,7508.190758072783,4030000.0,HalfCheetah-v3,TD3_Q2a2x64_1p
807,6388.347348567562,4035000.0,HalfCheetah-v3,TD3_Q2a2x64_1p
808,5666.698200825516,4040000.0,HalfCheetah-v3,TD3_Q2a2x64_1p
809,4740.260030890655,4045000.0,HalfCheetah-v3,TD3_Q2a2x64_1p
810,8676.301590016765,4050000.0,HalfCheetah-v3,TD3_Q2a2x64_1p
811,7681.12280108378,4055000.0,HalfCheetah-v3,TD3_Q2a2x64_1p
812,6343.058125717468,4060000.0,HalfCheetah-v3,TD3_Q2a2x64_1p
813,5535.005090625788,4065000.0,HalfCheetah-v3,TD3_Q2a2x64_1p
814,4819.117572260797,4070000.0,HalfCheetah-v3,TD3_Q2a2x64_1p
815,9001.09907464013,4075000.0,HalfCheetah-v3,TD3_Q2a2x64_1p
816,7494.432403188903,4080000.0,HalfCheetah-v3,TD3_Q2a2x64_1p
817,6257.890338488787,4085000.0,HalfCheetah-v3,TD3_Q2a2x64_1p
818,5402.702151545419,4090000.0,HalfCheetah-v3,TD3_Q2a2x64_1p
819,4823.905447366115,4095000.0,HalfCheetah-v3,TD3_Q2a2x64_1p
820,8731.180271762281,4100000.0,HalfCheetah-v3,TD3_Q2a2x64_1p
821,7641.234379726027,4105000.0,HalfCheetah-v3,TD3_Q2a2x64_1p
822,6350.649100162217,4110000.0,HalfCheetah-v3,TD3_Q2a2x64_1p
823,5434.538974640988,4115000.0,HalfCheetah-v3,TD3_Q2a2x64_1p
824,4796.916955830447,4120000.0,HalfCheetah-v3,TD3_Q2a2x64_1p
825,9059.546878057607,4125000.0,HalfCheetah-v3,TD3_Q2a2x64_1p
826,7782.558383260688,4130000.0,HalfCheetah-v3,TD3_Q2a2x64_1p
827,6592.924130568598,4135000.0,HalfCheetah-v3,TD3_Q2a2x64_1p
828,5785.442474801159,4140000.0,HalfCheetah-v3,TD3_Q2a2x64_1p
829,5064.125375694198,4145000.0,HalfCheetah-v3,TD3_Q2a2x64_1p
830,8970.980159754443,4150000.0,HalfCheetah-v3,TD3_Q2a2x64_1p
831,7792.606337421605,4155000.0,HalfCheetah-v3,TD3_Q2a2x64_1p
832,6437.760173312133,4160000.0,HalfCheetah-v3,TD3_Q2a2x64_1p
833,5755.719165978862,4165000.0,HalfCheetah-v3,TD3_Q2a2x64_1p
834,4811.0327940764655,4170000.0,HalfCheetah-v3,TD3_Q2a2x64_1p
835,8811.218268739085,4175000.0,HalfCheetah-v3,TD3_Q2a2x64_1p
836,7742.343983901521,4180000.0,HalfCheetah-v3,TD3_Q2a2x64_1p
837,6526.640288280434,4185000.0,HalfCheetah-v3,TD3_Q2a2x64_1p
838,5610.112023687019,4190000.0,HalfCheetah-v3,TD3_Q2a2x64_1p
839,4815.9933760241465,4195000.0,HalfCheetah-v3,TD3_Q2a2x64_1p
840,9024.516372998198,4200000.0,HalfCheetah-v3,TD3_Q2a2x64_1p
841,7927.165400344364,4205000.0,HalfCheetah-v3,TD3_Q2a2x64_1p
842,6587.51826099675,4210000.0,HalfCheetah-v3,TD3_Q2a2x64_1p
843,5784.131461418996,4215000.0,HalfCheetah-v3,TD3_Q2a2x64_1p
844,4935.328870682627,4220000.0,HalfCheetah-v3,TD3_Q2a2x64_1p
845,9022.750351207047,4225000.0,HalfCheetah-v3,TD3_Q2a2x64_1p
846,7724.443666353164,4230000.0,HalfCheetah-v3,TD3_Q2a2x64_1p
847,6366.160522693415,4235000.0,HalfCheetah-v3,TD3_Q2a2x64_1p
848,5340.16915814458,4240000.0,HalfCheetah-v3,TD3_Q2a2x64_1p
849,4699.045233960247,4245000.0,HalfCheetah-v3,TD3_Q2a2x64_1p
850,8930.216688332983,4250000.0,HalfCheetah-v3,TD3_Q2a2x64_1p
851,7723.245439428263,4255000.0,HalfCheetah-v3,TD3_Q2a2x64_1p
852,6396.402560631069,4260000.0,HalfCheetah-v3,TD3_Q2a2x64_1p
853,5485.657298081,4265000.0,HalfCheetah-v3,TD3_Q2a2x64_1p
854,4912.171487830483,4270000.0,HalfCheetah-v3,TD3_Q2a2x64_1p
855,9136.817518248125,4275000.0,HalfCheetah-v3,TD3_Q2a2x64_1p
856,7845.519565510551,4280000.0,HalfCheetah-v3,TD3_Q2a2x64_1p
857,6421.277436679059,4285000.0,HalfCheetah-v3,TD3_Q2a2x64_1p
858,5881.480814126793,4290000.0,HalfCheetah-v3,TD3_Q2a2x64_1p
859,5037.325253596049,4295000.0,HalfCheetah-v3,TD3_Q2a2x64_1p
860,9116.181701441517,4300000.0,HalfCheetah-v3,TD3_Q2a2x64_1p
861,7832.824609271114,4305000.0,HalfCheetah-v3,TD3_Q2a2x64_1p
862,6590.627497192574,4310000.0,HalfCheetah-v3,TD3_Q2a2x64_1p
863,5546.708171671415,4315000.0,HalfCheetah-v3,TD3_Q2a2x64_1p
864,5016.6750042111225,4320000.0,HalfCheetah-v3,TD3_Q2a2x64_1p
865,9065.899737872722,4325000.0,HalfCheetah-v3,TD3_Q2a2x64_1p
866,7777.742217597128,4330000.0,HalfCheetah-v3,TD3_Q2a2x64_1p
867,6357.070333867037,4335000.0,HalfCheetah-v3,TD3_Q2a2x64_1p
868,5435.693311966308,4340000.0,HalfCheetah-v3,TD3_Q2a2x64_1p
869,4757.780973540172,4345000.0,HalfCheetah-v3,TD3_Q2a2x64_1p
870,9133.878269282384,4350000.0,HalfCheetah-v3,TD3_Q2a2x64_1p
871,7766.077486003555,4355000.0,HalfCheetah-v3,TD3_Q2a2x64_1p
872,6424.596216961957,4360000.0,HalfCheetah-v3,TD3_Q2a2x64_1p
873,5743.450912563294,4365000.0,HalfCheetah-v3,TD3_Q2a2x64_1p
874,4893.40295168466,4370000.0,HalfCheetah-v3,TD3_Q2a2x64_1p
875,9130.350203140091,4375000.0,HalfCheetah-v3,TD3_Q2a2x64_1p
876,7744.251787573749,4380000.0,HalfCheetah-v3,TD3_Q2a2x64_1p
877,6567.766172411136,4385000.0,HalfCheetah-v3,TD3_Q2a2x64_1p
878,5667.05534518094,4390000.0,HalfCheetah-v3,TD3_Q2a2x64_1p
879,4889.85845576423,4395000.0,HalfCheetah-v3,TD3_Q2a2x64_1p
880,8857.044567205232,4400000.0,HalfCheetah-v3,TD3_Q2a2x64_1p
881,7768.286074014994,4405000.0,HalfCheetah-v3,TD3_Q2a2x64_1p
882,6376.557844630089,4410000.0,HalfCheetah-v3,TD3_Q2a2x64_1p
883,5638.444038657699,4415000.0,HalfCheetah-v3,TD3_Q2a2x64_1p
884,4895.699152103262,4420000.0,HalfCheetah-v3,TD3_Q2a2x64_1p
885,9207.749370571175,4425000.0,HalfCheetah-v3,TD3_Q2a2x64_1p
886,7765.56235969371,4430000.0,HalfCheetah-v3,TD3_Q2a2x64_1p
887,6395.20110621818,4435000.0,HalfCheetah-v3,TD3_Q2a2x64_1p
888,5463.03324392261,4440000.0,HalfCheetah-v3,TD3_Q2a2x64_1p
889,4847.396281161744,4445000.0,HalfCheetah-v3,TD3_Q2a2x64_1p
890,9033.230662857633,4450000.0,HalfCheetah-v3,TD3_Q2a2x64_1p
891,7903.496617511696,4455000.0,HalfCheetah-v3,TD3_Q2a2x64_1p
892,6575.228398029816,4460000.0,HalfCheetah-v3,TD3_Q2a2x64_1p
893,5605.7204781078835,4465000.0,HalfCheetah-v3,TD3_Q2a2x64_1p
894,4806.884089678132,4470000.0,HalfCheetah-v3,TD3_Q2a2x64_1p
895,9101.025268953776,4475000.0,HalfCheetah-v3,TD3_Q2a2x64_1p
896,7907.196001350965,4480000.0,HalfCheetah-v3,TD3_Q2a2x64_1p
897,6535.086917522039,4485000.0,HalfCheetah-v3,TD3_Q2a2x64_1p
898,5799.564916566316,4490000.0,HalfCheetah-v3,TD3_Q2a2x64_1p
899,4896.454722057678,4495000.0,HalfCheetah-v3,TD3_Q2a2x64_1p
900,9149.938785564751,4500000.0,HalfCheetah-v3,TD3_Q2a2x64_1p
901,7796.744591415608,4505000.0,HalfCheetah-v3,TD3_Q2a2x64_1p
902,6560.9564337235115,4510000.0,HalfCheetah-v3,TD3_Q2a2x64_1p
903,5626.445830094613,4515000.0,HalfCheetah-v3,TD3_Q2a2x64_1p
904,5148.541895317985,4520000.0,HalfCheetah-v3,TD3_Q2a2x64_1p
905,9281.842693023533,4525000.0,HalfCheetah-v3,TD3_Q2a2x64_1p
906,7918.210443682608,4530000.0,HalfCheetah-v3,TD3_Q2a2x64_1p
907,6546.448132549604,4535000.0,HalfCheetah-v3,TD3_Q2a2x64_1p
908,5710.244692632589,4540000.0,HalfCheetah-v3,TD3_Q2a2x64_1p
909,4897.659500259654,4545000.0,HalfCheetah-v3,TD3_Q2a2x64_1p
910,9250.999064744956,4550000.0,HalfCheetah-v3,TD3_Q2a2x64_1p
911,7884.07013218175,4555000.0,HalfCheetah-v3,TD3_Q2a2x64_1p
912,6690.799182208092,4560000.0,HalfCheetah-v3,TD3_Q2a2x64_1p
913,5490.850663487538,4565000.0,HalfCheetah-v3,TD3_Q2a2x64_1p
914,4971.265305396116,4570000.0,HalfCheetah-v3,TD3_Q2a2x64_1p
915,9234.37547498567,4575000.0,HalfCheetah-v3,TD3_Q2a2x64_1p
916,7690.965398359045,4580000.0,HalfCheetah-v3,TD3_Q2a2x64_1p
917,6300.825836382077,4585000.0,HalfCheetah-v3,TD3_Q2a2x64_1p
918,5217.559902326041,4590000.0,HalfCheetah-v3,TD3_Q2a2x64_1p
919,4814.664849357338,4595000.0,HalfCheetah-v3,TD3_Q2a2x64_1p
920,9315.148118792404,4600000.0,HalfCheetah-v3,TD3_Q2a2x64_1p
921,8025.399936595559,4605000.0,HalfCheetah-v3,TD3_Q2a2x64_1p
922,6702.217858609789,4610000.0,HalfCheetah-v3,TD3_Q2a2x64_1p
923,5850.558295796151,4615000.0,HalfCheetah-v3,TD3_Q2a2x64_1p
924,4949.14397977579,4620000.0,HalfCheetah-v3,TD3_Q2a2x64_1p
925,9334.332706388432,4625000.0,HalfCheetah-v3,TD3_Q2a2x64_1p
926,7652.286474664684,4630000.0,HalfCheetah-v3,TD3_Q2a2x64_1p
927,6535.744208883391,4635000.0,HalfCheetah-v3,TD3_Q2a2x64_1p
928,5433.1914318088775,4640000.0,HalfCheetah-v3,TD3_Q2a2x64_1p
929,4691.902785095384,4645000.0,HalfCheetah-v3,TD3_Q2a2x64_1p
930,9395.041767238074,4650000.0,HalfCheetah-v3,TD3_Q2a2x64_1p
931,8014.785709827108,4655000.0,HalfCheetah-v3,TD3_Q2a2x64_1p
932,6447.22247687162,4660000.0,HalfCheetah-v3,TD3_Q2a2x64_1p
933,5591.109802273828,4665000.0,HalfCheetah-v3,TD3_Q2a2x64_1p
934,4884.388033025705,4670000.0,HalfCheetah-v3,TD3_Q2a2x64_1p
935,9220.513424008943,4675000.0,HalfCheetah-v3,TD3_Q2a2x64_1p
936,7890.572907076751,4680000.0,HalfCheetah-v3,TD3_Q2a2x64_1p
937,6471.725030704803,4685000.0,HalfCheetah-v3,TD3_Q2a2x64_1p
938,5295.626022149003,4690000.0,HalfCheetah-v3,TD3_Q2a2x64_1p
939,4830.7272629454465,4695000.0,HalfCheetah-v3,TD3_Q2a2x64_1p
940,9387.33259623202,4700000.0,HalfCheetah-v3,TD3_Q2a2x64_1p
941,7965.044500757425,4705000.0,HalfCheetah-v3,TD3_Q2a2x64_1p
942,6490.283722538421,4710000.0,HalfCheetah-v3,TD3_Q2a2x64_1p
943,5586.693681251294,4715000.0,HalfCheetah-v3,TD3_Q2a2x64_1p
944,5020.844904906752,4720000.0,HalfCheetah-v3,TD3_Q2a2x64_1p
945,9311.748606566636,4725000.0,HalfCheetah-v3,TD3_Q2a2x64_1p
946,7867.166490689133,4730000.0,HalfCheetah-v3,TD3_Q2a2x64_1p
947,6328.612140919746,4735000.0,HalfCheetah-v3,TD3_Q2a2x64_1p
948,5653.045391606126,4740000.0,HalfCheetah-v3,TD3_Q2a2x64_1p
949,4868.243400783003,4745000.0,HalfCheetah-v3,TD3_Q2a2x64_1p
950,9194.382262953657,4750000.0,HalfCheetah-v3,TD3_Q2a2x64_1p
951,7859.513785699329,4755000.0,HalfCheetah-v3,TD3_Q2a2x64_1p
952,6837.3052303227905,4760000.0,HalfCheetah-v3,TD3_Q2a2x64_1p
953,5722.463995743551,4765000.0,HalfCheetah-v3,TD3_Q2a2x64_1p
954,5002.087087587935,4770000.0,HalfCheetah-v3,TD3_Q2a2x64_1p
955,9403.081633333519,4775000.0,HalfCheetah-v3,TD3_Q2a2x64_1p
956,7953.9548731482155,4780000.0,HalfCheetah-v3,TD3_Q2a2x64_1p
957,6441.707177202998,4785000.0,HalfCheetah-v3,TD3_Q2a2x64_1p
958,5692.216238778923,4790000.0,HalfCheetah-v3,TD3_Q2a2x64_1p
959,4929.701839163576,4795000.0,HalfCheetah-v3,TD3_Q2a2x64_1p
960,9294.656094705624,4800000.0,HalfCheetah-v3,TD3_Q2a2x64_1p
961,7768.517097771037,4805000.0,HalfCheetah-v3,TD3_Q2a2x64_1p
962,6385.432498405945,4810000.0,HalfCheetah-v3,TD3_Q2a2x64_1p
963,5558.783041983324,4815000.0,HalfCheetah-v3,TD3_Q2a2x64_1p
964,5025.412538994629,4820000.0,HalfCheetah-v3,TD3_Q2a2x64_1p
965,9480.953929962332,4825000.0,HalfCheetah-v3,TD3_Q2a2x64_1p
966,7725.0698117050615,4830000.0,HalfCheetah-v3,TD3_Q2a2x64_1p
967,6671.621458395629,4835000.0,HalfCheetah-v3,TD3_Q2a2x64_1p
968,5629.653694556366,4840000.0,HalfCheetah-v3,TD3_Q2a2x64_1p
969,4961.858182563428,4845000.0,HalfCheetah-v3,TD3_Q2a2x64_1p
970,9368.66145323149,4850000.0,HalfCheetah-v3,TD3_Q2a2x64_1p
971,7700.031681463899,4855000.0,HalfCheetah-v3,TD3_Q2a2x64_1p
972,6629.652849237938,4860000.0,HalfCheetah-v3,TD3_Q2a2x64_1p
973,5504.106247788152,4865000.0,HalfCheetah-v3,TD3_Q2a2x64_1p
974,4891.2521290331115,4870000.0,HalfCheetah-v3,TD3_Q2a2x64_1p
975,9423.394696774863,4875000.0,HalfCheetah-v3,TD3_Q2a2x64_1p
976,7808.806882298401,4880000.0,HalfCheetah-v3,TD3_Q2a2x64_1p
977,6380.412688760327,4885000.0,HalfCheetah-v3,TD3_Q2a2x64_1p
978,5667.855841374408,4890000.0,HalfCheetah-v3,TD3_Q2a2x64_1p
979,4910.493296853249,4895000.0,HalfCheetah-v3,TD3_Q2a2x64_1p
980,9466.366346618723,4900000.0,HalfCheetah-v3,TD3_Q2a2x64_1p
981,8174.853749778949,4905000.0,HalfCheetah-v3,TD3_Q2a2x64_1p
982,6533.401034407017,4910000.0,HalfCheetah-v3,TD3_Q2a2x64_1p
983,5623.663775031285,4915000.0,HalfCheetah-v3,TD3_Q2a2x64_1p
984,5004.412756039362,4920000.0,HalfCheetah-v3,TD3_Q2a2x64_1p
985,9454.698138036563,4925000.0,HalfCheetah-v3,TD3_Q2a2x64_1p
986,7841.149463685055,4930000.0,HalfCheetah-v3,TD3_Q2a2x64_1p
987,6570.369373821831,4935000.0,HalfCheetah-v3,TD3_Q2a2x64_1p
988,5482.450269190677,4940000.0,HalfCheetah-v3,TD3_Q2a2x64_1p
989,5054.2282383045085,4945000.0,HalfCheetah-v3,TD3_Q2a2x64_1p
990,9445.776453396666,4950000.0,HalfCheetah-v3,TD3_Q2a2x64_1p
991,7954.046691806822,4955000.0,HalfCheetah-v3,TD3_Q2a2x64_1p
992,6506.190870754874,4960000.0,HalfCheetah-v3,TD3_Q2a2x64_1p
993,5479.649759197196,4965000.0,HalfCheetah-v3,TD3_Q2a2x64_1p
994,4898.37267792734,4970000.0,HalfCheetah-v3,TD3_Q2a2x64_1p
995,9397.104986488908,4975000.0,HalfCheetah-v3,TD3_Q2a2x64_1p
996,8098.559659851972,4980000.0,HalfCheetah-v3,TD3_Q2a2x64_1p
997,6578.012668430378,4985000.0,HalfCheetah-v3,TD3_Q2a2x64_1p
998,5632.004654205341,4990000.0,HalfCheetah-v3,TD3_Q2a2x64_1p
999,4970.027733194018,4995000.0,HalfCheetah-v3,TD3_Q2a2x64_1p
