index,Average Return,Timesteps,env,algorithm_name
0,-540.7927403482773,0.0,HalfCheetah-v3,TD3_Q2a2x64_1p
1,-505.6550962129221,5000.0,HalfCheetah-v3,TD3_Q2a2x64_1p
2,-513.0478331699492,10000.0,HalfCheetah-v3,TD3_Q2a2x64_1p
3,-512.5060220536891,15000.0,HalfCheetah-v3,TD3_Q2a2x64_1p
4,-431.86826149831813,20000.0,HalfCheetah-v3,TD3_Q2a2x64_1p
5,-579.9115186285071,25000.0,HalfCheetah-v3,TD3_Q2a2x64_1p
6,-513.4397517618424,30000.0,HalfCheetah-v3,TD3_Q2a2x64_1p
7,-483.46789627896305,35000.0,HalfCheetah-v3,TD3_Q2a2x64_1p
8,-526.2979725246552,40000.0,HalfCheetah-v3,TD3_Q2a2x64_1p
9,-491.91323148211234,45000.0,HalfCheetah-v3,TD3_Q2a2x64_1p
10,-578.9175234697643,50000.0,HalfCheetah-v3,TD3_Q2a2x64_1p
11,-546.0186426015651,55000.0,HalfCheetah-v3,TD3_Q2a2x64_1p
12,-523.6104812323706,60000.0,HalfCheetah-v3,TD3_Q2a2x64_1p
13,-510.9121246745005,65000.0,HalfCheetah-v3,TD3_Q2a2x64_1p
14,-480.4837816402831,70000.0,HalfCheetah-v3,TD3_Q2a2x64_1p
15,-294.3262833232814,75000.0,HalfCheetah-v3,TD3_Q2a2x64_1p
16,-258.91644377518276,80000.0,HalfCheetah-v3,TD3_Q2a2x64_1p
17,-232.06413376770448,85000.0,HalfCheetah-v3,TD3_Q2a2x64_1p
18,-233.5743915713721,90000.0,HalfCheetah-v3,TD3_Q2a2x64_1p
19,-191.34735118139693,95000.0,HalfCheetah-v3,TD3_Q2a2x64_1p
20,-130.75394988075925,100000.0,HalfCheetah-v3,TD3_Q2a2x64_1p
21,-118.5477989290498,105000.0,HalfCheetah-v3,TD3_Q2a2x64_1p
22,-86.84256467547966,110000.0,HalfCheetah-v3,TD3_Q2a2x64_1p
23,-81.81083258170106,115000.0,HalfCheetah-v3,TD3_Q2a2x64_1p
24,-98.86688331108681,120000.0,HalfCheetah-v3,TD3_Q2a2x64_1p
25,-64.73312766304373,125000.0,HalfCheetah-v3,TD3_Q2a2x64_1p
26,65.58471600242035,130000.0,HalfCheetah-v3,TD3_Q2a2x64_1p
27,48.884359095190824,135000.0,HalfCheetah-v3,TD3_Q2a2x64_1p
28,136.83971082993523,140000.0,HalfCheetah-v3,TD3_Q2a2x64_1p
29,58.56696817827516,145000.0,HalfCheetah-v3,TD3_Q2a2x64_1p
30,362.5561466415264,150000.0,HalfCheetah-v3,TD3_Q2a2x64_1p
31,346.69789570634634,155000.0,HalfCheetah-v3,TD3_Q2a2x64_1p
32,467.267434547835,160000.0,HalfCheetah-v3,TD3_Q2a2x64_1p
33,410.6407731849046,165000.0,HalfCheetah-v3,TD3_Q2a2x64_1p
34,460.627308215895,170000.0,HalfCheetah-v3,TD3_Q2a2x64_1p
35,764.3883113962027,175000.0,HalfCheetah-v3,TD3_Q2a2x64_1p
36,777.585013879701,180000.0,HalfCheetah-v3,TD3_Q2a2x64_1p
37,783.9373153264617,185000.0,HalfCheetah-v3,TD3_Q2a2x64_1p
38,829.6630827311789,190000.0,HalfCheetah-v3,TD3_Q2a2x64_1p
39,775.0991443763181,195000.0,HalfCheetah-v3,TD3_Q2a2x64_1p
40,1128.4762785726484,200000.0,HalfCheetah-v3,TD3_Q2a2x64_1p
41,1277.6176333505998,205000.0,HalfCheetah-v3,TD3_Q2a2x64_1p
42,1055.059246175365,210000.0,HalfCheetah-v3,TD3_Q2a2x64_1p
43,1109.8402308105756,215000.0,HalfCheetah-v3,TD3_Q2a2x64_1p
44,922.9895269347453,220000.0,HalfCheetah-v3,TD3_Q2a2x64_1p
45,1228.1146537703908,225000.0,HalfCheetah-v3,TD3_Q2a2x64_1p
46,1186.840446880121,230000.0,HalfCheetah-v3,TD3_Q2a2x64_1p
47,1200.5812021434024,235000.0,HalfCheetah-v3,TD3_Q2a2x64_1p
48,1133.3114535440868,240000.0,HalfCheetah-v3,TD3_Q2a2x64_1p
49,992.9101666001903,245000.0,HalfCheetah-v3,TD3_Q2a2x64_1p
50,1107.6357867654858,250000.0,HalfCheetah-v3,TD3_Q2a2x64_1p
51,1022.043702325321,255000.0,HalfCheetah-v3,TD3_Q2a2x64_1p
52,1185.079025183415,260000.0,HalfCheetah-v3,TD3_Q2a2x64_1p
53,1248.0525657628746,265000.0,HalfCheetah-v3,TD3_Q2a2x64_1p
54,1070.3194790426523,270000.0,HalfCheetah-v3,TD3_Q2a2x64_1p
55,1182.5594862395035,275000.0,HalfCheetah-v3,TD3_Q2a2x64_1p
56,1268.3463331541639,280000.0,HalfCheetah-v3,TD3_Q2a2x64_1p
57,1258.1507814554348,285000.0,HalfCheetah-v3,TD3_Q2a2x64_1p
58,1121.5945976793544,290000.0,HalfCheetah-v3,TD3_Q2a2x64_1p
59,1288.8446093394737,295000.0,HalfCheetah-v3,TD3_Q2a2x64_1p
60,1321.9808043776475,300000.0,HalfCheetah-v3,TD3_Q2a2x64_1p
61,1570.2042620360587,305000.0,HalfCheetah-v3,TD3_Q2a2x64_1p
62,1373.7604300504702,310000.0,HalfCheetah-v3,TD3_Q2a2x64_1p
63,1387.310000202739,315000.0,HalfCheetah-v3,TD3_Q2a2x64_1p
64,1638.580520676816,320000.0,HalfCheetah-v3,TD3_Q2a2x64_1p
65,1405.5442752983347,325000.0,HalfCheetah-v3,TD3_Q2a2x64_1p
66,1647.7041702097922,330000.0,HalfCheetah-v3,TD3_Q2a2x64_1p
67,1633.5030432453345,335000.0,HalfCheetah-v3,TD3_Q2a2x64_1p
68,1832.7805964046524,340000.0,HalfCheetah-v3,TD3_Q2a2x64_1p
69,1603.8654815918771,345000.0,HalfCheetah-v3,TD3_Q2a2x64_1p
70,1373.7976269444748,350000.0,HalfCheetah-v3,TD3_Q2a2x64_1p
71,1627.4873882587476,355000.0,HalfCheetah-v3,TD3_Q2a2x64_1p
72,1714.8148769541804,360000.0,HalfCheetah-v3,TD3_Q2a2x64_1p
73,1512.0991556955337,365000.0,HalfCheetah-v3,TD3_Q2a2x64_1p
74,1617.7122042674123,370000.0,HalfCheetah-v3,TD3_Q2a2x64_1p
75,1575.2649651508852,375000.0,HalfCheetah-v3,TD3_Q2a2x64_1p
76,1620.3806429130377,380000.0,HalfCheetah-v3,TD3_Q2a2x64_1p
77,1512.9078457701066,385000.0,HalfCheetah-v3,TD3_Q2a2x64_1p
78,1338.5753458974389,390000.0,HalfCheetah-v3,TD3_Q2a2x64_1p
79,1750.2021094500797,395000.0,HalfCheetah-v3,TD3_Q2a2x64_1p
80,1634.9488967515158,400000.0,HalfCheetah-v3,TD3_Q2a2x64_1p
81,1782.427132859029,405000.0,HalfCheetah-v3,TD3_Q2a2x64_1p
82,1799.886576349878,410000.0,HalfCheetah-v3,TD3_Q2a2x64_1p
83,1732.1463990016007,415000.0,HalfCheetah-v3,TD3_Q2a2x64_1p
84,1574.584896594993,420000.0,HalfCheetah-v3,TD3_Q2a2x64_1p
85,2231.180187275343,425000.0,HalfCheetah-v3,TD3_Q2a2x64_1p
86,2162.800884172845,430000.0,HalfCheetah-v3,TD3_Q2a2x64_1p
87,2040.8881249850826,435000.0,HalfCheetah-v3,TD3_Q2a2x64_1p
88,2366.5592269074396,440000.0,HalfCheetah-v3,TD3_Q2a2x64_1p
89,2287.894307585436,445000.0,HalfCheetah-v3,TD3_Q2a2x64_1p
90,2665.1097953875574,450000.0,HalfCheetah-v3,TD3_Q2a2x64_1p
91,2636.195373463389,455000.0,HalfCheetah-v3,TD3_Q2a2x64_1p
92,2246.5780746572573,460000.0,HalfCheetah-v3,TD3_Q2a2x64_1p
93,2631.961602537781,465000.0,HalfCheetah-v3,TD3_Q2a2x64_1p
94,2415.683254823516,470000.0,HalfCheetah-v3,TD3_Q2a2x64_1p
95,2453.187811670147,475000.0,HalfCheetah-v3,TD3_Q2a2x64_1p
96,2166.4553220495227,480000.0,HalfCheetah-v3,TD3_Q2a2x64_1p
97,2203.942564794911,485000.0,HalfCheetah-v3,TD3_Q2a2x64_1p
98,2205.773979980014,490000.0,HalfCheetah-v3,TD3_Q2a2x64_1p
99,2042.3331900124745,495000.0,HalfCheetah-v3,TD3_Q2a2x64_1p
100,2416.524279307751,500000.0,HalfCheetah-v3,TD3_Q2a2x64_1p
101,2090.059416698071,505000.0,HalfCheetah-v3,TD3_Q2a2x64_1p
102,2422.8184054962535,510000.0,HalfCheetah-v3,TD3_Q2a2x64_1p
103,1946.647032838,515000.0,HalfCheetah-v3,TD3_Q2a2x64_1p
104,2153.658972788356,520000.0,HalfCheetah-v3,TD3_Q2a2x64_1p
105,2103.405971680756,525000.0,HalfCheetah-v3,TD3_Q2a2x64_1p
106,2329.1536299614945,530000.0,HalfCheetah-v3,TD3_Q2a2x64_1p
107,2218.3830401090763,535000.0,HalfCheetah-v3,TD3_Q2a2x64_1p
108,2594.3055510404506,540000.0,HalfCheetah-v3,TD3_Q2a2x64_1p
109,2067.044985881264,545000.0,HalfCheetah-v3,TD3_Q2a2x64_1p
110,2032.1308088668654,550000.0,HalfCheetah-v3,TD3_Q2a2x64_1p
111,2477.5514739732407,555000.0,HalfCheetah-v3,TD3_Q2a2x64_1p
112,2812.7853098238093,560000.0,HalfCheetah-v3,TD3_Q2a2x64_1p
113,2274.483982859575,565000.0,HalfCheetah-v3,TD3_Q2a2x64_1p
114,2670.221143255393,570000.0,HalfCheetah-v3,TD3_Q2a2x64_1p
115,2602.569445998498,575000.0,HalfCheetah-v3,TD3_Q2a2x64_1p
116,2674.7664350899804,580000.0,HalfCheetah-v3,TD3_Q2a2x64_1p
117,2743.89759584554,585000.0,HalfCheetah-v3,TD3_Q2a2x64_1p
118,2134.5926325887017,590000.0,HalfCheetah-v3,TD3_Q2a2x64_1p
119,2548.612549846288,595000.0,HalfCheetah-v3,TD3_Q2a2x64_1p
120,3333.690900781824,600000.0,HalfCheetah-v3,TD3_Q2a2x64_1p
121,3547.831157526355,605000.0,HalfCheetah-v3,TD3_Q2a2x64_1p
122,3512.492063953689,610000.0,HalfCheetah-v3,TD3_Q2a2x64_1p
123,3415.044602291392,615000.0,HalfCheetah-v3,TD3_Q2a2x64_1p
124,3466.0727295813513,620000.0,HalfCheetah-v3,TD3_Q2a2x64_1p
125,3609.061898214289,625000.0,HalfCheetah-v3,TD3_Q2a2x64_1p
126,3140.451764336938,630000.0,HalfCheetah-v3,TD3_Q2a2x64_1p
127,3425.0416345997996,635000.0,HalfCheetah-v3,TD3_Q2a2x64_1p
128,2968.6958088163237,640000.0,HalfCheetah-v3,TD3_Q2a2x64_1p
129,3292.2378818354364,645000.0,HalfCheetah-v3,TD3_Q2a2x64_1p
130,3880.827453729952,650000.0,HalfCheetah-v3,TD3_Q2a2x64_1p
131,3746.9782654351243,655000.0,HalfCheetah-v3,TD3_Q2a2x64_1p
132,3646.796211503425,660000.0,HalfCheetah-v3,TD3_Q2a2x64_1p
133,3664.6915317260746,665000.0,HalfCheetah-v3,TD3_Q2a2x64_1p
134,3599.6253716907668,670000.0,HalfCheetah-v3,TD3_Q2a2x64_1p
135,4040.3666723637675,675000.0,HalfCheetah-v3,TD3_Q2a2x64_1p
136,3924.656934806096,680000.0,HalfCheetah-v3,TD3_Q2a2x64_1p
137,3881.057371668968,685000.0,HalfCheetah-v3,TD3_Q2a2x64_1p
138,3523.732496170001,690000.0,HalfCheetah-v3,TD3_Q2a2x64_1p
139,3561.9078072098628,695000.0,HalfCheetah-v3,TD3_Q2a2x64_1p
140,4040.5157545054244,700000.0,HalfCheetah-v3,TD3_Q2a2x64_1p
141,3442.312494228966,705000.0,HalfCheetah-v3,TD3_Q2a2x64_1p
142,3475.9416996412356,710000.0,HalfCheetah-v3,TD3_Q2a2x64_1p
143,3818.500463378633,715000.0,HalfCheetah-v3,TD3_Q2a2x64_1p
144,3460.161767821445,720000.0,HalfCheetah-v3,TD3_Q2a2x64_1p
145,4136.853815586713,725000.0,HalfCheetah-v3,TD3_Q2a2x64_1p
146,4174.559067427808,730000.0,HalfCheetah-v3,TD3_Q2a2x64_1p
147,4153.9420384881505,735000.0,HalfCheetah-v3,TD3_Q2a2x64_1p
148,3956.662629893818,740000.0,HalfCheetah-v3,TD3_Q2a2x64_1p
149,3891.6085409354623,745000.0,HalfCheetah-v3,TD3_Q2a2x64_1p
150,4137.868913894519,750000.0,HalfCheetah-v3,TD3_Q2a2x64_1p
151,4067.950859595168,755000.0,HalfCheetah-v3,TD3_Q2a2x64_1p
152,4050.215701075826,760000.0,HalfCheetah-v3,TD3_Q2a2x64_1p
153,3888.795289989807,765000.0,HalfCheetah-v3,TD3_Q2a2x64_1p
154,3953.2508697983553,770000.0,HalfCheetah-v3,TD3_Q2a2x64_1p
155,4366.7193666571375,775000.0,HalfCheetah-v3,TD3_Q2a2x64_1p
156,4348.696047203244,780000.0,HalfCheetah-v3,TD3_Q2a2x64_1p
157,4250.349767826645,785000.0,HalfCheetah-v3,TD3_Q2a2x64_1p
158,4190.943514043722,790000.0,HalfCheetah-v3,TD3_Q2a2x64_1p
159,4112.945070965159,795000.0,HalfCheetah-v3,TD3_Q2a2x64_1p
160,4335.447599500529,800000.0,HalfCheetah-v3,TD3_Q2a2x64_1p
161,4532.9021837977625,805000.0,HalfCheetah-v3,TD3_Q2a2x64_1p
162,4389.215707640984,810000.0,HalfCheetah-v3,TD3_Q2a2x64_1p
163,4242.584196112035,815000.0,HalfCheetah-v3,TD3_Q2a2x64_1p
164,4208.237628640765,820000.0,HalfCheetah-v3,TD3_Q2a2x64_1p
165,4703.884337545458,825000.0,HalfCheetah-v3,TD3_Q2a2x64_1p
166,4767.225957516059,830000.0,HalfCheetah-v3,TD3_Q2a2x64_1p
167,4481.895966920647,835000.0,HalfCheetah-v3,TD3_Q2a2x64_1p
168,4064.827241102042,840000.0,HalfCheetah-v3,TD3_Q2a2x64_1p
169,4281.245646750423,845000.0,HalfCheetah-v3,TD3_Q2a2x64_1p
170,3929.5778574861192,850000.0,HalfCheetah-v3,TD3_Q2a2x64_1p
171,3740.788335574529,855000.0,HalfCheetah-v3,TD3_Q2a2x64_1p
172,4149.488562538274,860000.0,HalfCheetah-v3,TD3_Q2a2x64_1p
173,4288.627231949472,865000.0,HalfCheetah-v3,TD3_Q2a2x64_1p
174,3852.2872459866653,870000.0,HalfCheetah-v3,TD3_Q2a2x64_1p
175,5071.7870579966675,875000.0,HalfCheetah-v3,TD3_Q2a2x64_1p
176,4444.072540721968,880000.0,HalfCheetah-v3,TD3_Q2a2x64_1p
177,4642.54485494852,885000.0,HalfCheetah-v3,TD3_Q2a2x64_1p
178,4912.3673791087485,890000.0,HalfCheetah-v3,TD3_Q2a2x64_1p
179,4092.6424425321684,895000.0,HalfCheetah-v3,TD3_Q2a2x64_1p
180,5184.55042037509,900000.0,HalfCheetah-v3,TD3_Q2a2x64_1p
181,5239.999324663945,905000.0,HalfCheetah-v3,TD3_Q2a2x64_1p
182,5149.03880321031,910000.0,HalfCheetah-v3,TD3_Q2a2x64_1p
183,4586.228933000583,915000.0,HalfCheetah-v3,TD3_Q2a2x64_1p
184,4531.971128083166,920000.0,HalfCheetah-v3,TD3_Q2a2x64_1p
185,5217.984806816579,925000.0,HalfCheetah-v3,TD3_Q2a2x64_1p
186,5069.843194858129,930000.0,HalfCheetah-v3,TD3_Q2a2x64_1p
187,5393.787974064147,935000.0,HalfCheetah-v3,TD3_Q2a2x64_1p
188,4678.00469060443,940000.0,HalfCheetah-v3,TD3_Q2a2x64_1p
189,4602.328313526618,945000.0,HalfCheetah-v3,TD3_Q2a2x64_1p
190,5179.082622311289,950000.0,HalfCheetah-v3,TD3_Q2a2x64_1p
191,5220.611316214573,955000.0,HalfCheetah-v3,TD3_Q2a2x64_1p
192,3968.629772611811,960000.0,HalfCheetah-v3,TD3_Q2a2x64_1p
193,4606.188191404266,965000.0,HalfCheetah-v3,TD3_Q2a2x64_1p
194,4286.896829382591,970000.0,HalfCheetah-v3,TD3_Q2a2x64_1p
195,6203.170652260132,975000.0,HalfCheetah-v3,TD3_Q2a2x64_1p
196,5946.905043939271,980000.0,HalfCheetah-v3,TD3_Q2a2x64_1p
197,5627.65970850052,985000.0,HalfCheetah-v3,TD3_Q2a2x64_1p
198,5304.111251533295,990000.0,HalfCheetah-v3,TD3_Q2a2x64_1p
199,5004.827287459777,995000.0,HalfCheetah-v3,TD3_Q2a2x64_1p
200,5986.575032615784,1000000.0,HalfCheetah-v3,TD3_Q2a2x64_1p
201,5746.9547146377045,1005000.0,HalfCheetah-v3,TD3_Q2a2x64_1p
202,5427.516052212539,1010000.0,HalfCheetah-v3,TD3_Q2a2x64_1p
203,5224.995555175912,1015000.0,HalfCheetah-v3,TD3_Q2a2x64_1p
204,4910.532590520272,1020000.0,HalfCheetah-v3,TD3_Q2a2x64_1p
205,6061.215856155113,1025000.0,HalfCheetah-v3,TD3_Q2a2x64_1p
206,5856.789759551629,1030000.0,HalfCheetah-v3,TD3_Q2a2x64_1p
207,5312.020810142982,1035000.0,HalfCheetah-v3,TD3_Q2a2x64_1p
208,5411.712394942963,1040000.0,HalfCheetah-v3,TD3_Q2a2x64_1p
209,5105.606711083277,1045000.0,HalfCheetah-v3,TD3_Q2a2x64_1p
210,6145.514640689655,1050000.0,HalfCheetah-v3,TD3_Q2a2x64_1p
211,5921.766696640927,1055000.0,HalfCheetah-v3,TD3_Q2a2x64_1p
212,5523.797471762458,1060000.0,HalfCheetah-v3,TD3_Q2a2x64_1p
213,5175.517278644422,1065000.0,HalfCheetah-v3,TD3_Q2a2x64_1p
214,4824.471516283019,1070000.0,HalfCheetah-v3,TD3_Q2a2x64_1p
215,6123.1631174901695,1075000.0,HalfCheetah-v3,TD3_Q2a2x64_1p
216,5805.555875720475,1080000.0,HalfCheetah-v3,TD3_Q2a2x64_1p
217,5628.4688220217995,1085000.0,HalfCheetah-v3,TD3_Q2a2x64_1p
218,5297.74877838067,1090000.0,HalfCheetah-v3,TD3_Q2a2x64_1p
219,4632.27403344046,1095000.0,HalfCheetah-v3,TD3_Q2a2x64_1p
220,6510.9388825665965,1100000.0,HalfCheetah-v3,TD3_Q2a2x64_1p
221,6231.613890348189,1105000.0,HalfCheetah-v3,TD3_Q2a2x64_1p
222,5870.407976898738,1110000.0,HalfCheetah-v3,TD3_Q2a2x64_1p
223,5600.581603822579,1115000.0,HalfCheetah-v3,TD3_Q2a2x64_1p
224,4861.612762493015,1120000.0,HalfCheetah-v3,TD3_Q2a2x64_1p
225,6443.397889361564,1125000.0,HalfCheetah-v3,TD3_Q2a2x64_1p
226,6133.6362409491685,1130000.0,HalfCheetah-v3,TD3_Q2a2x64_1p
227,5900.297960138205,1135000.0,HalfCheetah-v3,TD3_Q2a2x64_1p
228,5515.204923084022,1140000.0,HalfCheetah-v3,TD3_Q2a2x64_1p
229,5169.331046736508,1145000.0,HalfCheetah-v3,TD3_Q2a2x64_1p
230,6145.36781807238,1150000.0,HalfCheetah-v3,TD3_Q2a2x64_1p
231,5933.024595563812,1155000.0,HalfCheetah-v3,TD3_Q2a2x64_1p
232,5275.784713136244,1160000.0,HalfCheetah-v3,TD3_Q2a2x64_1p
233,5352.7314240736905,1165000.0,HalfCheetah-v3,TD3_Q2a2x64_1p
234,5064.49942058023,1170000.0,HalfCheetah-v3,TD3_Q2a2x64_1p
235,6117.1282329095875,1175000.0,HalfCheetah-v3,TD3_Q2a2x64_1p
236,5945.780211991839,1180000.0,HalfCheetah-v3,TD3_Q2a2x64_1p
237,5655.524971778671,1185000.0,HalfCheetah-v3,TD3_Q2a2x64_1p
238,5263.73702042807,1190000.0,HalfCheetah-v3,TD3_Q2a2x64_1p
239,5071.307181608573,1195000.0,HalfCheetah-v3,TD3_Q2a2x64_1p
240,5624.386286416291,1200000.0,HalfCheetah-v3,TD3_Q2a2x64_1p
241,5751.05513654873,1205000.0,HalfCheetah-v3,TD3_Q2a2x64_1p
242,5300.681208799085,1210000.0,HalfCheetah-v3,TD3_Q2a2x64_1p
243,4842.854987992034,1215000.0,HalfCheetah-v3,TD3_Q2a2x64_1p
244,4875.682997751568,1220000.0,HalfCheetah-v3,TD3_Q2a2x64_1p
245,5747.412490120834,1225000.0,HalfCheetah-v3,TD3_Q2a2x64_1p
246,5858.87482958286,1230000.0,HalfCheetah-v3,TD3_Q2a2x64_1p
247,5893.094360210874,1235000.0,HalfCheetah-v3,TD3_Q2a2x64_1p
248,5524.510569961984,1240000.0,HalfCheetah-v3,TD3_Q2a2x64_1p
249,5021.356636867036,1245000.0,HalfCheetah-v3,TD3_Q2a2x64_1p
250,6588.58140888895,1250000.0,HalfCheetah-v3,TD3_Q2a2x64_1p
251,6456.444374896347,1255000.0,HalfCheetah-v3,TD3_Q2a2x64_1p
252,6226.70421059878,1260000.0,HalfCheetah-v3,TD3_Q2a2x64_1p
253,5892.218585622382,1265000.0,HalfCheetah-v3,TD3_Q2a2x64_1p
254,5593.407408342448,1270000.0,HalfCheetah-v3,TD3_Q2a2x64_1p
255,6338.894183818012,1275000.0,HalfCheetah-v3,TD3_Q2a2x64_1p
256,5786.505397522649,1280000.0,HalfCheetah-v3,TD3_Q2a2x64_1p
257,5250.420090729333,1285000.0,HalfCheetah-v3,TD3_Q2a2x64_1p
258,5485.960693669024,1290000.0,HalfCheetah-v3,TD3_Q2a2x64_1p
259,5237.593042923295,1295000.0,HalfCheetah-v3,TD3_Q2a2x64_1p
260,6532.264301259149,1300000.0,HalfCheetah-v3,TD3_Q2a2x64_1p
261,6331.514835953322,1305000.0,HalfCheetah-v3,TD3_Q2a2x64_1p
262,6019.323435778336,1310000.0,HalfCheetah-v3,TD3_Q2a2x64_1p
263,5695.654522326666,1315000.0,HalfCheetah-v3,TD3_Q2a2x64_1p
264,5302.6481828639435,1320000.0,HalfCheetah-v3,TD3_Q2a2x64_1p
265,6648.027849787773,1325000.0,HalfCheetah-v3,TD3_Q2a2x64_1p
266,6127.205386341501,1330000.0,HalfCheetah-v3,TD3_Q2a2x64_1p
267,6284.220202378745,1335000.0,HalfCheetah-v3,TD3_Q2a2x64_1p
268,5940.962452751196,1340000.0,HalfCheetah-v3,TD3_Q2a2x64_1p
269,4886.355826685906,1345000.0,HalfCheetah-v3,TD3_Q2a2x64_1p
270,6622.550680777242,1350000.0,HalfCheetah-v3,TD3_Q2a2x64_1p
271,6422.4549039682315,1355000.0,HalfCheetah-v3,TD3_Q2a2x64_1p
272,6118.763180192002,1360000.0,HalfCheetah-v3,TD3_Q2a2x64_1p
273,5814.593461420403,1365000.0,HalfCheetah-v3,TD3_Q2a2x64_1p
274,5461.353745397416,1370000.0,HalfCheetah-v3,TD3_Q2a2x64_1p
275,5531.233461725703,1375000.0,HalfCheetah-v3,TD3_Q2a2x64_1p
276,6154.996856840004,1380000.0,HalfCheetah-v3,TD3_Q2a2x64_1p
277,6253.197939378012,1385000.0,HalfCheetah-v3,TD3_Q2a2x64_1p
278,6025.985408129352,1390000.0,HalfCheetah-v3,TD3_Q2a2x64_1p
279,5616.895435358322,1395000.0,HalfCheetah-v3,TD3_Q2a2x64_1p
280,6845.824433337079,1400000.0,HalfCheetah-v3,TD3_Q2a2x64_1p
281,6715.528254617818,1405000.0,HalfCheetah-v3,TD3_Q2a2x64_1p
282,6340.301398583246,1410000.0,HalfCheetah-v3,TD3_Q2a2x64_1p
283,6091.048938947559,1415000.0,HalfCheetah-v3,TD3_Q2a2x64_1p
284,5694.84020197525,1420000.0,HalfCheetah-v3,TD3_Q2a2x64_1p
285,6883.332895029741,1425000.0,HalfCheetah-v3,TD3_Q2a2x64_1p
286,6698.677793298341,1430000.0,HalfCheetah-v3,TD3_Q2a2x64_1p
287,6392.997100384116,1435000.0,HalfCheetah-v3,TD3_Q2a2x64_1p
288,6032.504048382596,1440000.0,HalfCheetah-v3,TD3_Q2a2x64_1p
289,5649.0766472612595,1445000.0,HalfCheetah-v3,TD3_Q2a2x64_1p
290,7010.352203829991,1450000.0,HalfCheetah-v3,TD3_Q2a2x64_1p
291,6667.441614303962,1455000.0,HalfCheetah-v3,TD3_Q2a2x64_1p
292,6308.290569855861,1460000.0,HalfCheetah-v3,TD3_Q2a2x64_1p
293,5920.681130620665,1465000.0,HalfCheetah-v3,TD3_Q2a2x64_1p
294,5548.751517599546,1470000.0,HalfCheetah-v3,TD3_Q2a2x64_1p
295,6477.368150508503,1475000.0,HalfCheetah-v3,TD3_Q2a2x64_1p
296,6422.73561787832,1480000.0,HalfCheetah-v3,TD3_Q2a2x64_1p
297,6232.509871680746,1485000.0,HalfCheetah-v3,TD3_Q2a2x64_1p
298,6095.415527822,1490000.0,HalfCheetah-v3,TD3_Q2a2x64_1p
299,5812.785035549767,1495000.0,HalfCheetah-v3,TD3_Q2a2x64_1p
300,7100.507574920399,1500000.0,HalfCheetah-v3,TD3_Q2a2x64_1p
301,6923.974309462578,1505000.0,HalfCheetah-v3,TD3_Q2a2x64_1p
302,6614.584594182418,1510000.0,HalfCheetah-v3,TD3_Q2a2x64_1p
303,6220.276454466535,1515000.0,HalfCheetah-v3,TD3_Q2a2x64_1p
304,5912.452011359806,1520000.0,HalfCheetah-v3,TD3_Q2a2x64_1p
305,7191.154939826718,1525000.0,HalfCheetah-v3,TD3_Q2a2x64_1p
306,6867.617660450186,1530000.0,HalfCheetah-v3,TD3_Q2a2x64_1p
307,6465.86102204087,1535000.0,HalfCheetah-v3,TD3_Q2a2x64_1p
308,6077.027740904858,1540000.0,HalfCheetah-v3,TD3_Q2a2x64_1p
309,5694.510226819707,1545000.0,HalfCheetah-v3,TD3_Q2a2x64_1p
310,6837.209629922717,1550000.0,HalfCheetah-v3,TD3_Q2a2x64_1p
311,6752.333676334299,1555000.0,HalfCheetah-v3,TD3_Q2a2x64_1p
312,6530.227803346859,1560000.0,HalfCheetah-v3,TD3_Q2a2x64_1p
313,6204.744035422054,1565000.0,HalfCheetah-v3,TD3_Q2a2x64_1p
314,5899.754617280559,1570000.0,HalfCheetah-v3,TD3_Q2a2x64_1p
315,7049.972886404934,1575000.0,HalfCheetah-v3,TD3_Q2a2x64_1p
316,6767.535641495328,1580000.0,HalfCheetah-v3,TD3_Q2a2x64_1p
317,6082.7254557985,1585000.0,HalfCheetah-v3,TD3_Q2a2x64_1p
318,6237.608754542403,1590000.0,HalfCheetah-v3,TD3_Q2a2x64_1p
319,5771.097678241076,1595000.0,HalfCheetah-v3,TD3_Q2a2x64_1p
320,7186.948026415764,1600000.0,HalfCheetah-v3,TD3_Q2a2x64_1p
321,6867.449907724748,1605000.0,HalfCheetah-v3,TD3_Q2a2x64_1p
322,6490.660471012846,1610000.0,HalfCheetah-v3,TD3_Q2a2x64_1p
323,6116.513195427413,1615000.0,HalfCheetah-v3,TD3_Q2a2x64_1p
324,5672.395294984831,1620000.0,HalfCheetah-v3,TD3_Q2a2x64_1p
325,7344.890649496732,1625000.0,HalfCheetah-v3,TD3_Q2a2x64_1p
326,7038.413809446708,1630000.0,HalfCheetah-v3,TD3_Q2a2x64_1p
327,6721.7628338824,1635000.0,HalfCheetah-v3,TD3_Q2a2x64_1p
328,6227.259447688825,1640000.0,HalfCheetah-v3,TD3_Q2a2x64_1p
329,5892.223382822894,1645000.0,HalfCheetah-v3,TD3_Q2a2x64_1p
330,7233.989555118763,1650000.0,HalfCheetah-v3,TD3_Q2a2x64_1p
331,7048.65574498266,1655000.0,HalfCheetah-v3,TD3_Q2a2x64_1p
332,6815.277447449223,1660000.0,HalfCheetah-v3,TD3_Q2a2x64_1p
333,6472.764340228547,1665000.0,HalfCheetah-v3,TD3_Q2a2x64_1p
334,6073.890992469309,1670000.0,HalfCheetah-v3,TD3_Q2a2x64_1p
335,7314.071843133303,1675000.0,HalfCheetah-v3,TD3_Q2a2x64_1p
336,7063.172915407013,1680000.0,HalfCheetah-v3,TD3_Q2a2x64_1p
337,6732.968127464594,1685000.0,HalfCheetah-v3,TD3_Q2a2x64_1p
338,6252.896129898374,1690000.0,HalfCheetah-v3,TD3_Q2a2x64_1p
339,5880.680759918106,1695000.0,HalfCheetah-v3,TD3_Q2a2x64_1p
340,7353.02269054403,1700000.0,HalfCheetah-v3,TD3_Q2a2x64_1p
341,7154.111151599522,1705000.0,HalfCheetah-v3,TD3_Q2a2x64_1p
342,6776.161555567602,1710000.0,HalfCheetah-v3,TD3_Q2a2x64_1p
343,6309.663936288345,1715000.0,HalfCheetah-v3,TD3_Q2a2x64_1p
344,5915.585897072831,1720000.0,HalfCheetah-v3,TD3_Q2a2x64_1p
345,7500.531623488618,1725000.0,HalfCheetah-v3,TD3_Q2a2x64_1p
346,7302.939940845965,1730000.0,HalfCheetah-v3,TD3_Q2a2x64_1p
347,6756.356790439422,1735000.0,HalfCheetah-v3,TD3_Q2a2x64_1p
348,6337.634523483981,1740000.0,HalfCheetah-v3,TD3_Q2a2x64_1p
349,5852.090111057697,1745000.0,HalfCheetah-v3,TD3_Q2a2x64_1p
350,7546.946217537928,1750000.0,HalfCheetah-v3,TD3_Q2a2x64_1p
351,7213.25385882412,1755000.0,HalfCheetah-v3,TD3_Q2a2x64_1p
352,6913.029728861521,1760000.0,HalfCheetah-v3,TD3_Q2a2x64_1p
353,6476.038349894125,1765000.0,HalfCheetah-v3,TD3_Q2a2x64_1p
354,6070.2875589280875,1770000.0,HalfCheetah-v3,TD3_Q2a2x64_1p
355,7532.596372268999,1775000.0,HalfCheetah-v3,TD3_Q2a2x64_1p
356,7123.90760354518,1780000.0,HalfCheetah-v3,TD3_Q2a2x64_1p
357,6903.979419204137,1785000.0,HalfCheetah-v3,TD3_Q2a2x64_1p
358,6461.546717313039,1790000.0,HalfCheetah-v3,TD3_Q2a2x64_1p
359,6046.063756299339,1795000.0,HalfCheetah-v3,TD3_Q2a2x64_1p
360,7347.396578436097,1800000.0,HalfCheetah-v3,TD3_Q2a2x64_1p
361,7045.936028243766,1805000.0,HalfCheetah-v3,TD3_Q2a2x64_1p
362,6777.166334691772,1810000.0,HalfCheetah-v3,TD3_Q2a2x64_1p
363,6418.419590913152,1815000.0,HalfCheetah-v3,TD3_Q2a2x64_1p
364,6000.3964227676925,1820000.0,HalfCheetah-v3,TD3_Q2a2x64_1p
365,7552.200110415889,1825000.0,HalfCheetah-v3,TD3_Q2a2x64_1p
366,7369.878342388516,1830000.0,HalfCheetah-v3,TD3_Q2a2x64_1p
367,6985.682657132629,1835000.0,HalfCheetah-v3,TD3_Q2a2x64_1p
368,6528.361870618069,1840000.0,HalfCheetah-v3,TD3_Q2a2x64_1p
369,6264.912768787684,1845000.0,HalfCheetah-v3,TD3_Q2a2x64_1p
370,7556.501085306573,1850000.0,HalfCheetah-v3,TD3_Q2a2x64_1p
371,7375.494305249638,1855000.0,HalfCheetah-v3,TD3_Q2a2x64_1p
372,7018.4384920370985,1860000.0,HalfCheetah-v3,TD3_Q2a2x64_1p
373,6439.088133199176,1865000.0,HalfCheetah-v3,TD3_Q2a2x64_1p
374,5948.435471510844,1870000.0,HalfCheetah-v3,TD3_Q2a2x64_1p
375,7848.486345565461,1875000.0,HalfCheetah-v3,TD3_Q2a2x64_1p
376,7560.968797222471,1880000.0,HalfCheetah-v3,TD3_Q2a2x64_1p
377,7223.3716822279775,1885000.0,HalfCheetah-v3,TD3_Q2a2x64_1p
378,6765.860445218828,1890000.0,HalfCheetah-v3,TD3_Q2a2x64_1p
379,6298.066593986813,1895000.0,HalfCheetah-v3,TD3_Q2a2x64_1p
380,7917.064741314903,1900000.0,HalfCheetah-v3,TD3_Q2a2x64_1p
381,7522.904952942461,1905000.0,HalfCheetah-v3,TD3_Q2a2x64_1p
382,7071.220103028095,1910000.0,HalfCheetah-v3,TD3_Q2a2x64_1p
383,6590.181786091138,1915000.0,HalfCheetah-v3,TD3_Q2a2x64_1p
384,6240.280494625693,1920000.0,HalfCheetah-v3,TD3_Q2a2x64_1p
385,7749.371362849321,1925000.0,HalfCheetah-v3,TD3_Q2a2x64_1p
386,7467.435966726,1930000.0,HalfCheetah-v3,TD3_Q2a2x64_1p
387,7092.392658390233,1935000.0,HalfCheetah-v3,TD3_Q2a2x64_1p
388,6655.016950803452,1940000.0,HalfCheetah-v3,TD3_Q2a2x64_1p
389,6167.468059330803,1945000.0,HalfCheetah-v3,TD3_Q2a2x64_1p
390,7944.616317198661,1950000.0,HalfCheetah-v3,TD3_Q2a2x64_1p
391,7727.2834524298105,1955000.0,HalfCheetah-v3,TD3_Q2a2x64_1p
392,7360.578479734216,1960000.0,HalfCheetah-v3,TD3_Q2a2x64_1p
393,6934.146493807947,1965000.0,HalfCheetah-v3,TD3_Q2a2x64_1p
394,6412.473478637822,1970000.0,HalfCheetah-v3,TD3_Q2a2x64_1p
395,7972.610653693009,1975000.0,HalfCheetah-v3,TD3_Q2a2x64_1p
396,7753.350895264707,1980000.0,HalfCheetah-v3,TD3_Q2a2x64_1p
397,7354.723013025263,1985000.0,HalfCheetah-v3,TD3_Q2a2x64_1p
398,6872.9676854948875,1990000.0,HalfCheetah-v3,TD3_Q2a2x64_1p
399,6460.365362262249,1995000.0,HalfCheetah-v3,TD3_Q2a2x64_1p
400,7991.582515842984,2000000.0,HalfCheetah-v3,TD3_Q2a2x64_1p
401,7742.611813084315,2005000.0,HalfCheetah-v3,TD3_Q2a2x64_1p
402,7404.194636107903,2010000.0,HalfCheetah-v3,TD3_Q2a2x64_1p
403,7036.324453965848,2015000.0,HalfCheetah-v3,TD3_Q2a2x64_1p
404,6577.2695484667,2020000.0,HalfCheetah-v3,TD3_Q2a2x64_1p
405,7880.04150226859,2025000.0,HalfCheetah-v3,TD3_Q2a2x64_1p
406,7602.62988138878,2030000.0,HalfCheetah-v3,TD3_Q2a2x64_1p
407,7120.831960619544,2035000.0,HalfCheetah-v3,TD3_Q2a2x64_1p
408,6626.002137708638,2040000.0,HalfCheetah-v3,TD3_Q2a2x64_1p
409,6232.721166350797,2045000.0,HalfCheetah-v3,TD3_Q2a2x64_1p
410,8022.88991668774,2050000.0,HalfCheetah-v3,TD3_Q2a2x64_1p
411,7686.204925649979,2055000.0,HalfCheetah-v3,TD3_Q2a2x64_1p
412,7256.970975927167,2060000.0,HalfCheetah-v3,TD3_Q2a2x64_1p
413,6772.075647954783,2065000.0,HalfCheetah-v3,TD3_Q2a2x64_1p
414,6221.357243774669,2070000.0,HalfCheetah-v3,TD3_Q2a2x64_1p
415,7952.346317970962,2075000.0,HalfCheetah-v3,TD3_Q2a2x64_1p
416,7793.273887924556,2080000.0,HalfCheetah-v3,TD3_Q2a2x64_1p
417,7460.928693121922,2085000.0,HalfCheetah-v3,TD3_Q2a2x64_1p
418,7081.388008457294,2090000.0,HalfCheetah-v3,TD3_Q2a2x64_1p
419,6567.342653056852,2095000.0,HalfCheetah-v3,TD3_Q2a2x64_1p
420,7943.8384735196305,2100000.0,HalfCheetah-v3,TD3_Q2a2x64_1p
421,7710.441689238517,2105000.0,HalfCheetah-v3,TD3_Q2a2x64_1p
422,7419.183444045043,2110000.0,HalfCheetah-v3,TD3_Q2a2x64_1p
423,6937.511880683242,2115000.0,HalfCheetah-v3,TD3_Q2a2x64_1p
424,6562.749170856825,2120000.0,HalfCheetah-v3,TD3_Q2a2x64_1p
425,7983.794684691803,2125000.0,HalfCheetah-v3,TD3_Q2a2x64_1p
426,7798.197217126552,2130000.0,HalfCheetah-v3,TD3_Q2a2x64_1p
427,7402.653283723242,2135000.0,HalfCheetah-v3,TD3_Q2a2x64_1p
428,6982.402377483622,2140000.0,HalfCheetah-v3,TD3_Q2a2x64_1p
429,6407.10221975841,2145000.0,HalfCheetah-v3,TD3_Q2a2x64_1p
430,8166.7479015733725,2150000.0,HalfCheetah-v3,TD3_Q2a2x64_1p
431,7958.552406796422,2155000.0,HalfCheetah-v3,TD3_Q2a2x64_1p
432,7574.69188069479,2160000.0,HalfCheetah-v3,TD3_Q2a2x64_1p
433,7023.624058360276,2165000.0,HalfCheetah-v3,TD3_Q2a2x64_1p
434,6496.718815642029,2170000.0,HalfCheetah-v3,TD3_Q2a2x64_1p
435,8101.309830370558,2175000.0,HalfCheetah-v3,TD3_Q2a2x64_1p
436,7838.592700484221,2180000.0,HalfCheetah-v3,TD3_Q2a2x64_1p
437,7537.24254338096,2185000.0,HalfCheetah-v3,TD3_Q2a2x64_1p
438,7034.663028701999,2190000.0,HalfCheetah-v3,TD3_Q2a2x64_1p
439,6499.3102859742785,2195000.0,HalfCheetah-v3,TD3_Q2a2x64_1p
440,8120.7790560735575,2200000.0,HalfCheetah-v3,TD3_Q2a2x64_1p
441,7830.737108762051,2205000.0,HalfCheetah-v3,TD3_Q2a2x64_1p
442,7510.755386051394,2210000.0,HalfCheetah-v3,TD3_Q2a2x64_1p
443,7035.271135405844,2215000.0,HalfCheetah-v3,TD3_Q2a2x64_1p
444,6550.86224075895,2220000.0,HalfCheetah-v3,TD3_Q2a2x64_1p
445,8198.055739383475,2225000.0,HalfCheetah-v3,TD3_Q2a2x64_1p
446,7935.191183648616,2230000.0,HalfCheetah-v3,TD3_Q2a2x64_1p
447,7412.597107459114,2235000.0,HalfCheetah-v3,TD3_Q2a2x64_1p
448,6935.511378664897,2240000.0,HalfCheetah-v3,TD3_Q2a2x64_1p
449,6435.413220048589,2245000.0,HalfCheetah-v3,TD3_Q2a2x64_1p
450,8435.509790412467,2250000.0,HalfCheetah-v3,TD3_Q2a2x64_1p
451,8168.693196998256,2255000.0,HalfCheetah-v3,TD3_Q2a2x64_1p
452,7680.711560456567,2260000.0,HalfCheetah-v3,TD3_Q2a2x64_1p
453,7189.927330651835,2265000.0,HalfCheetah-v3,TD3_Q2a2x64_1p
454,6684.20104465898,2270000.0,HalfCheetah-v3,TD3_Q2a2x64_1p
455,8445.99050067912,2275000.0,HalfCheetah-v3,TD3_Q2a2x64_1p
456,8209.905932582536,2280000.0,HalfCheetah-v3,TD3_Q2a2x64_1p
457,7645.450364394275,2285000.0,HalfCheetah-v3,TD3_Q2a2x64_1p
458,7119.738766571992,2290000.0,HalfCheetah-v3,TD3_Q2a2x64_1p
459,6609.70690746045,2295000.0,HalfCheetah-v3,TD3_Q2a2x64_1p
460,8540.018024531575,2300000.0,HalfCheetah-v3,TD3_Q2a2x64_1p
461,8261.120630015324,2305000.0,HalfCheetah-v3,TD3_Q2a2x64_1p
462,7930.205599603336,2310000.0,HalfCheetah-v3,TD3_Q2a2x64_1p
463,7120.131158371562,2315000.0,HalfCheetah-v3,TD3_Q2a2x64_1p
464,6680.422343365016,2320000.0,HalfCheetah-v3,TD3_Q2a2x64_1p
465,8380.50691705682,2325000.0,HalfCheetah-v3,TD3_Q2a2x64_1p
466,8042.578529841658,2330000.0,HalfCheetah-v3,TD3_Q2a2x64_1p
467,7633.646422067376,2335000.0,HalfCheetah-v3,TD3_Q2a2x64_1p
468,7139.93310531588,2340000.0,HalfCheetah-v3,TD3_Q2a2x64_1p
469,6612.715516961987,2345000.0,HalfCheetah-v3,TD3_Q2a2x64_1p
470,8009.65671097718,2350000.0,HalfCheetah-v3,TD3_Q2a2x64_1p
471,7858.021387168478,2355000.0,HalfCheetah-v3,TD3_Q2a2x64_1p
472,7623.217779420945,2360000.0,HalfCheetah-v3,TD3_Q2a2x64_1p
473,7080.934172046669,2365000.0,HalfCheetah-v3,TD3_Q2a2x64_1p
474,6790.654136828896,2370000.0,HalfCheetah-v3,TD3_Q2a2x64_1p
475,8585.790261696004,2375000.0,HalfCheetah-v3,TD3_Q2a2x64_1p
476,8224.349919024171,2380000.0,HalfCheetah-v3,TD3_Q2a2x64_1p
477,7860.9315071424035,2385000.0,HalfCheetah-v3,TD3_Q2a2x64_1p
478,7243.640065379166,2390000.0,HalfCheetah-v3,TD3_Q2a2x64_1p
479,6550.084628249484,2395000.0,HalfCheetah-v3,TD3_Q2a2x64_1p
480,8165.942840958776,2400000.0,HalfCheetah-v3,TD3_Q2a2x64_1p
481,7975.709321596939,2405000.0,HalfCheetah-v3,TD3_Q2a2x64_1p
482,7591.282910843877,2410000.0,HalfCheetah-v3,TD3_Q2a2x64_1p
483,7112.6862476006845,2415000.0,HalfCheetah-v3,TD3_Q2a2x64_1p
484,6645.448706222293,2420000.0,HalfCheetah-v3,TD3_Q2a2x64_1p
485,8465.020714352508,2425000.0,HalfCheetah-v3,TD3_Q2a2x64_1p
486,8196.673609206926,2430000.0,HalfCheetah-v3,TD3_Q2a2x64_1p
487,7772.8592613355995,2435000.0,HalfCheetah-v3,TD3_Q2a2x64_1p
488,7277.01785797107,2440000.0,HalfCheetah-v3,TD3_Q2a2x64_1p
489,6607.267774796017,2445000.0,HalfCheetah-v3,TD3_Q2a2x64_1p
490,8536.200404669715,2450000.0,HalfCheetah-v3,TD3_Q2a2x64_1p
491,8353.170483213991,2455000.0,HalfCheetah-v3,TD3_Q2a2x64_1p
492,7649.373074316196,2460000.0,HalfCheetah-v3,TD3_Q2a2x64_1p
493,7472.749864003816,2465000.0,HalfCheetah-v3,TD3_Q2a2x64_1p
494,6944.730504858136,2470000.0,HalfCheetah-v3,TD3_Q2a2x64_1p
495,8653.323458568648,2475000.0,HalfCheetah-v3,TD3_Q2a2x64_1p
496,8304.728100311182,2480000.0,HalfCheetah-v3,TD3_Q2a2x64_1p
497,8097.260817846904,2485000.0,HalfCheetah-v3,TD3_Q2a2x64_1p
498,7414.002038508132,2490000.0,HalfCheetah-v3,TD3_Q2a2x64_1p
499,6892.692941354784,2495000.0,HalfCheetah-v3,TD3_Q2a2x64_1p
500,8584.66627615442,2500000.0,HalfCheetah-v3,TD3_Q2a2x64_1p
501,8367.29595308907,2505000.0,HalfCheetah-v3,TD3_Q2a2x64_1p
502,7948.927888201491,2510000.0,HalfCheetah-v3,TD3_Q2a2x64_1p
503,7589.988728185808,2515000.0,HalfCheetah-v3,TD3_Q2a2x64_1p
504,7003.614740754619,2520000.0,HalfCheetah-v3,TD3_Q2a2x64_1p
505,8712.120966222472,2525000.0,HalfCheetah-v3,TD3_Q2a2x64_1p
506,8527.03678430468,2530000.0,HalfCheetah-v3,TD3_Q2a2x64_1p
507,8038.562201457293,2535000.0,HalfCheetah-v3,TD3_Q2a2x64_1p
508,7387.139765413167,2540000.0,HalfCheetah-v3,TD3_Q2a2x64_1p
509,6864.821508452915,2545000.0,HalfCheetah-v3,TD3_Q2a2x64_1p
510,8614.489779200298,2550000.0,HalfCheetah-v3,TD3_Q2a2x64_1p
511,7621.547338647058,2555000.0,HalfCheetah-v3,TD3_Q2a2x64_1p
512,7938.6738235914045,2560000.0,HalfCheetah-v3,TD3_Q2a2x64_1p
513,7376.24647175827,2565000.0,HalfCheetah-v3,TD3_Q2a2x64_1p
514,6754.210984387195,2570000.0,HalfCheetah-v3,TD3_Q2a2x64_1p
515,8534.115075859276,2575000.0,HalfCheetah-v3,TD3_Q2a2x64_1p
516,8317.378386065579,2580000.0,HalfCheetah-v3,TD3_Q2a2x64_1p
517,8036.2073144131355,2585000.0,HalfCheetah-v3,TD3_Q2a2x64_1p
518,7475.380514823633,2590000.0,HalfCheetah-v3,TD3_Q2a2x64_1p
519,6916.4557680097305,2595000.0,HalfCheetah-v3,TD3_Q2a2x64_1p
520,8746.55106160083,2600000.0,HalfCheetah-v3,TD3_Q2a2x64_1p
521,8398.197456915896,2605000.0,HalfCheetah-v3,TD3_Q2a2x64_1p
522,8019.726832028253,2610000.0,HalfCheetah-v3,TD3_Q2a2x64_1p
523,7325.422973912969,2615000.0,HalfCheetah-v3,TD3_Q2a2x64_1p
524,6828.9691106608325,2620000.0,HalfCheetah-v3,TD3_Q2a2x64_1p
525,8792.89894604321,2625000.0,HalfCheetah-v3,TD3_Q2a2x64_1p
526,8414.65024202302,2630000.0,HalfCheetah-v3,TD3_Q2a2x64_1p
527,7934.110650497367,2635000.0,HalfCheetah-v3,TD3_Q2a2x64_1p
528,7230.746858900992,2640000.0,HalfCheetah-v3,TD3_Q2a2x64_1p
529,6493.5573054226315,2645000.0,HalfCheetah-v3,TD3_Q2a2x64_1p
530,8475.333579416674,2650000.0,HalfCheetah-v3,TD3_Q2a2x64_1p
531,8215.075038130793,2655000.0,HalfCheetah-v3,TD3_Q2a2x64_1p
532,7867.627848662751,2660000.0,HalfCheetah-v3,TD3_Q2a2x64_1p
533,7467.867621552917,2665000.0,HalfCheetah-v3,TD3_Q2a2x64_1p
534,6732.744118155523,2670000.0,HalfCheetah-v3,TD3_Q2a2x64_1p
535,8645.7522699419,2675000.0,HalfCheetah-v3,TD3_Q2a2x64_1p
536,8335.511156329478,2680000.0,HalfCheetah-v3,TD3_Q2a2x64_1p
537,7807.511718986362,2685000.0,HalfCheetah-v3,TD3_Q2a2x64_1p
538,7227.353930021792,2690000.0,HalfCheetah-v3,TD3_Q2a2x64_1p
539,6587.265301186026,2695000.0,HalfCheetah-v3,TD3_Q2a2x64_1p
540,7777.102638781276,2700000.0,HalfCheetah-v3,TD3_Q2a2x64_1p
541,8372.57517072385,2705000.0,HalfCheetah-v3,TD3_Q2a2x64_1p
542,8038.709202303927,2710000.0,HalfCheetah-v3,TD3_Q2a2x64_1p
543,7473.3209449318,2715000.0,HalfCheetah-v3,TD3_Q2a2x64_1p
544,7031.199311634616,2720000.0,HalfCheetah-v3,TD3_Q2a2x64_1p
545,8898.340255834963,2725000.0,HalfCheetah-v3,TD3_Q2a2x64_1p
546,7926.9027030979705,2730000.0,HalfCheetah-v3,TD3_Q2a2x64_1p
547,8122.944372575599,2735000.0,HalfCheetah-v3,TD3_Q2a2x64_1p
548,7506.319985775122,2740000.0,HalfCheetah-v3,TD3_Q2a2x64_1p
549,6958.403173174609,2745000.0,HalfCheetah-v3,TD3_Q2a2x64_1p
550,8669.782729028891,2750000.0,HalfCheetah-v3,TD3_Q2a2x64_1p
551,8533.014599640846,2755000.0,HalfCheetah-v3,TD3_Q2a2x64_1p
552,8234.849795986478,2760000.0,HalfCheetah-v3,TD3_Q2a2x64_1p
553,7667.219220718606,2765000.0,HalfCheetah-v3,TD3_Q2a2x64_1p
554,7202.912890945752,2770000.0,HalfCheetah-v3,TD3_Q2a2x64_1p
555,8921.787300057233,2775000.0,HalfCheetah-v3,TD3_Q2a2x64_1p
556,8599.082857434987,2780000.0,HalfCheetah-v3,TD3_Q2a2x64_1p
557,8087.964983913848,2785000.0,HalfCheetah-v3,TD3_Q2a2x64_1p
558,7539.963010270127,2790000.0,HalfCheetah-v3,TD3_Q2a2x64_1p
559,6909.3881265468535,2795000.0,HalfCheetah-v3,TD3_Q2a2x64_1p
560,8863.9870993626,2800000.0,HalfCheetah-v3,TD3_Q2a2x64_1p
561,8437.437522257376,2805000.0,HalfCheetah-v3,TD3_Q2a2x64_1p
562,7788.84461999831,2810000.0,HalfCheetah-v3,TD3_Q2a2x64_1p
563,7068.515076282126,2815000.0,HalfCheetah-v3,TD3_Q2a2x64_1p
564,6646.080060632776,2820000.0,HalfCheetah-v3,TD3_Q2a2x64_1p
565,8954.039540890004,2825000.0,HalfCheetah-v3,TD3_Q2a2x64_1p
566,8679.999517223645,2830000.0,HalfCheetah-v3,TD3_Q2a2x64_1p
567,8189.145890027704,2835000.0,HalfCheetah-v3,TD3_Q2a2x64_1p
568,7588.956937384549,2840000.0,HalfCheetah-v3,TD3_Q2a2x64_1p
569,7046.376195529918,2845000.0,HalfCheetah-v3,TD3_Q2a2x64_1p
570,8989.879616575097,2850000.0,HalfCheetah-v3,TD3_Q2a2x64_1p
571,8660.48981878145,2855000.0,HalfCheetah-v3,TD3_Q2a2x64_1p
572,8012.575869163631,2860000.0,HalfCheetah-v3,TD3_Q2a2x64_1p
573,7272.9282921947115,2865000.0,HalfCheetah-v3,TD3_Q2a2x64_1p
574,6759.245562880913,2870000.0,HalfCheetah-v3,TD3_Q2a2x64_1p
575,8822.109304917969,2875000.0,HalfCheetah-v3,TD3_Q2a2x64_1p
576,8657.031515719258,2880000.0,HalfCheetah-v3,TD3_Q2a2x64_1p
577,8243.275389999219,2885000.0,HalfCheetah-v3,TD3_Q2a2x64_1p
578,7781.899749114667,2890000.0,HalfCheetah-v3,TD3_Q2a2x64_1p
579,7171.532600960137,2895000.0,HalfCheetah-v3,TD3_Q2a2x64_1p
580,8991.094581160663,2900000.0,HalfCheetah-v3,TD3_Q2a2x64_1p
581,8686.590508042962,2905000.0,HalfCheetah-v3,TD3_Q2a2x64_1p
582,8196.268031598207,2910000.0,HalfCheetah-v3,TD3_Q2a2x64_1p
583,7612.407309147924,2915000.0,HalfCheetah-v3,TD3_Q2a2x64_1p
584,6954.114469259231,2920000.0,HalfCheetah-v3,TD3_Q2a2x64_1p
585,8913.030322719325,2925000.0,HalfCheetah-v3,TD3_Q2a2x64_1p
586,8506.574916709109,2930000.0,HalfCheetah-v3,TD3_Q2a2x64_1p
587,8128.979040502765,2935000.0,HalfCheetah-v3,TD3_Q2a2x64_1p
588,7138.0574700045545,2940000.0,HalfCheetah-v3,TD3_Q2a2x64_1p
589,7000.193353648979,2945000.0,HalfCheetah-v3,TD3_Q2a2x64_1p
590,9040.399870236504,2950000.0,HalfCheetah-v3,TD3_Q2a2x64_1p
591,8686.162700952369,2955000.0,HalfCheetah-v3,TD3_Q2a2x64_1p
592,8203.249565135506,2960000.0,HalfCheetah-v3,TD3_Q2a2x64_1p
593,7634.476325447786,2965000.0,HalfCheetah-v3,TD3_Q2a2x64_1p
594,6965.300001105308,2970000.0,HalfCheetah-v3,TD3_Q2a2x64_1p
595,8929.266778033729,2975000.0,HalfCheetah-v3,TD3_Q2a2x64_1p
596,8846.118227794243,2980000.0,HalfCheetah-v3,TD3_Q2a2x64_1p
597,8289.675718316597,2985000.0,HalfCheetah-v3,TD3_Q2a2x64_1p
598,7768.2631549712705,2990000.0,HalfCheetah-v3,TD3_Q2a2x64_1p
599,7030.219410466083,2995000.0,HalfCheetah-v3,TD3_Q2a2x64_1p
600,8917.090806651911,3000000.0,HalfCheetah-v3,TD3_Q2a2x64_1p
601,8689.344566701282,3005000.0,HalfCheetah-v3,TD3_Q2a2x64_1p
602,8305.659503891617,3010000.0,HalfCheetah-v3,TD3_Q2a2x64_1p
603,7544.517238172807,3015000.0,HalfCheetah-v3,TD3_Q2a2x64_1p
604,6870.672785857445,3020000.0,HalfCheetah-v3,TD3_Q2a2x64_1p
605,9110.63463367831,3025000.0,HalfCheetah-v3,TD3_Q2a2x64_1p
606,8738.678797734407,3030000.0,HalfCheetah-v3,TD3_Q2a2x64_1p
607,8184.753758239994,3035000.0,HalfCheetah-v3,TD3_Q2a2x64_1p
608,7901.6179504500105,3040000.0,HalfCheetah-v3,TD3_Q2a2x64_1p
609,7161.072523399821,3045000.0,HalfCheetah-v3,TD3_Q2a2x64_1p
610,8973.628608356705,3050000.0,HalfCheetah-v3,TD3_Q2a2x64_1p
611,8676.17490420021,3055000.0,HalfCheetah-v3,TD3_Q2a2x64_1p
612,8279.146816786275,3060000.0,HalfCheetah-v3,TD3_Q2a2x64_1p
613,7820.724546002559,3065000.0,HalfCheetah-v3,TD3_Q2a2x64_1p
614,7246.852152147922,3070000.0,HalfCheetah-v3,TD3_Q2a2x64_1p
615,8946.190366324565,3075000.0,HalfCheetah-v3,TD3_Q2a2x64_1p
616,8743.801859691052,3080000.0,HalfCheetah-v3,TD3_Q2a2x64_1p
617,8387.007014950701,3085000.0,HalfCheetah-v3,TD3_Q2a2x64_1p
618,7848.68246019692,3090000.0,HalfCheetah-v3,TD3_Q2a2x64_1p
619,7133.9332115362895,3095000.0,HalfCheetah-v3,TD3_Q2a2x64_1p
620,8966.889221388754,3100000.0,HalfCheetah-v3,TD3_Q2a2x64_1p
621,8714.896991217547,3105000.0,HalfCheetah-v3,TD3_Q2a2x64_1p
622,8332.97444813472,3110000.0,HalfCheetah-v3,TD3_Q2a2x64_1p
623,7706.47927329996,3115000.0,HalfCheetah-v3,TD3_Q2a2x64_1p
624,6609.323361782731,3120000.0,HalfCheetah-v3,TD3_Q2a2x64_1p
625,9240.63633701517,3125000.0,HalfCheetah-v3,TD3_Q2a2x64_1p
626,8902.080460732886,3130000.0,HalfCheetah-v3,TD3_Q2a2x64_1p
627,8385.000619229188,3135000.0,HalfCheetah-v3,TD3_Q2a2x64_1p
628,7526.345662962731,3140000.0,HalfCheetah-v3,TD3_Q2a2x64_1p
629,6788.211426680391,3145000.0,HalfCheetah-v3,TD3_Q2a2x64_1p
630,9144.286440127365,3150000.0,HalfCheetah-v3,TD3_Q2a2x64_1p
631,8906.168181946497,3155000.0,HalfCheetah-v3,TD3_Q2a2x64_1p
632,8327.180407811078,3160000.0,HalfCheetah-v3,TD3_Q2a2x64_1p
633,7591.543082445681,3165000.0,HalfCheetah-v3,TD3_Q2a2x64_1p
634,7015.384410776007,3170000.0,HalfCheetah-v3,TD3_Q2a2x64_1p
635,9055.626392412752,3175000.0,HalfCheetah-v3,TD3_Q2a2x64_1p
636,8471.836347241839,3180000.0,HalfCheetah-v3,TD3_Q2a2x64_1p
637,8209.445676099484,3185000.0,HalfCheetah-v3,TD3_Q2a2x64_1p
638,7802.19640328055,3190000.0,HalfCheetah-v3,TD3_Q2a2x64_1p
639,7140.806496082332,3195000.0,HalfCheetah-v3,TD3_Q2a2x64_1p
640,8908.627973833878,3200000.0,HalfCheetah-v3,TD3_Q2a2x64_1p
641,8687.632216047166,3205000.0,HalfCheetah-v3,TD3_Q2a2x64_1p
642,8308.184074994653,3210000.0,HalfCheetah-v3,TD3_Q2a2x64_1p
643,7702.25795024003,3215000.0,HalfCheetah-v3,TD3_Q2a2x64_1p
644,7112.7551068834,3220000.0,HalfCheetah-v3,TD3_Q2a2x64_1p
645,9319.326176997027,3225000.0,HalfCheetah-v3,TD3_Q2a2x64_1p
646,8986.777916974343,3230000.0,HalfCheetah-v3,TD3_Q2a2x64_1p
647,8318.344627968627,3235000.0,HalfCheetah-v3,TD3_Q2a2x64_1p
648,7609.43089255127,3240000.0,HalfCheetah-v3,TD3_Q2a2x64_1p
649,6919.212143949369,3245000.0,HalfCheetah-v3,TD3_Q2a2x64_1p
650,9319.295921905501,3250000.0,HalfCheetah-v3,TD3_Q2a2x64_1p
651,8933.831626221245,3255000.0,HalfCheetah-v3,TD3_Q2a2x64_1p
652,8457.554535478279,3260000.0,HalfCheetah-v3,TD3_Q2a2x64_1p
653,7641.682397356793,3265000.0,HalfCheetah-v3,TD3_Q2a2x64_1p
654,7150.989032978441,3270000.0,HalfCheetah-v3,TD3_Q2a2x64_1p
655,9050.213484834905,3275000.0,HalfCheetah-v3,TD3_Q2a2x64_1p
656,8875.691725722694,3280000.0,HalfCheetah-v3,TD3_Q2a2x64_1p
657,8345.577077907006,3285000.0,HalfCheetah-v3,TD3_Q2a2x64_1p
658,7729.287077883711,3290000.0,HalfCheetah-v3,TD3_Q2a2x64_1p
659,7194.040586108693,3295000.0,HalfCheetah-v3,TD3_Q2a2x64_1p
660,9230.71293205936,3300000.0,HalfCheetah-v3,TD3_Q2a2x64_1p
661,9034.748624993339,3305000.0,HalfCheetah-v3,TD3_Q2a2x64_1p
662,8531.447345177408,3310000.0,HalfCheetah-v3,TD3_Q2a2x64_1p
663,7680.10364157595,3315000.0,HalfCheetah-v3,TD3_Q2a2x64_1p
664,7007.930760472265,3320000.0,HalfCheetah-v3,TD3_Q2a2x64_1p
665,9327.206024903939,3325000.0,HalfCheetah-v3,TD3_Q2a2x64_1p
666,8981.430353658501,3330000.0,HalfCheetah-v3,TD3_Q2a2x64_1p
667,8390.906284551584,3335000.0,HalfCheetah-v3,TD3_Q2a2x64_1p
668,7883.929501303243,3340000.0,HalfCheetah-v3,TD3_Q2a2x64_1p
669,7211.752084999093,3345000.0,HalfCheetah-v3,TD3_Q2a2x64_1p
670,9227.472841406272,3350000.0,HalfCheetah-v3,TD3_Q2a2x64_1p
671,8929.325832287106,3355000.0,HalfCheetah-v3,TD3_Q2a2x64_1p
672,8382.167199585723,3360000.0,HalfCheetah-v3,TD3_Q2a2x64_1p
673,7522.323158116409,3365000.0,HalfCheetah-v3,TD3_Q2a2x64_1p
674,6940.902588459969,3370000.0,HalfCheetah-v3,TD3_Q2a2x64_1p
675,9229.246349284113,3375000.0,HalfCheetah-v3,TD3_Q2a2x64_1p
676,8935.673977080372,3380000.0,HalfCheetah-v3,TD3_Q2a2x64_1p
677,8437.952987748631,3385000.0,HalfCheetah-v3,TD3_Q2a2x64_1p
678,7635.4738740925795,3390000.0,HalfCheetah-v3,TD3_Q2a2x64_1p
679,6919.067461797201,3395000.0,HalfCheetah-v3,TD3_Q2a2x64_1p
680,9248.65245669108,3400000.0,HalfCheetah-v3,TD3_Q2a2x64_1p
681,9089.283064900137,3405000.0,HalfCheetah-v3,TD3_Q2a2x64_1p
682,8644.879440168354,3410000.0,HalfCheetah-v3,TD3_Q2a2x64_1p
683,7977.318945888523,3415000.0,HalfCheetah-v3,TD3_Q2a2x64_1p
684,7267.797384701329,3420000.0,HalfCheetah-v3,TD3_Q2a2x64_1p
685,9119.443487037719,3425000.0,HalfCheetah-v3,TD3_Q2a2x64_1p
686,8904.713966981835,3430000.0,HalfCheetah-v3,TD3_Q2a2x64_1p
687,8194.233772926988,3435000.0,HalfCheetah-v3,TD3_Q2a2x64_1p
688,7553.384333431728,3440000.0,HalfCheetah-v3,TD3_Q2a2x64_1p
689,6847.069953171447,3445000.0,HalfCheetah-v3,TD3_Q2a2x64_1p
690,9465.822040488167,3450000.0,HalfCheetah-v3,TD3_Q2a2x64_1p
691,9084.200728803695,3455000.0,HalfCheetah-v3,TD3_Q2a2x64_1p
692,8450.418479317666,3460000.0,HalfCheetah-v3,TD3_Q2a2x64_1p
693,7682.852229403104,3465000.0,HalfCheetah-v3,TD3_Q2a2x64_1p
694,7235.92274304206,3470000.0,HalfCheetah-v3,TD3_Q2a2x64_1p
695,9316.165548366678,3475000.0,HalfCheetah-v3,TD3_Q2a2x64_1p
696,8864.695883885866,3480000.0,HalfCheetah-v3,TD3_Q2a2x64_1p
697,8466.1091785672,3485000.0,HalfCheetah-v3,TD3_Q2a2x64_1p
698,7784.5093451761495,3490000.0,HalfCheetah-v3,TD3_Q2a2x64_1p
699,6600.7757737821785,3495000.0,HalfCheetah-v3,TD3_Q2a2x64_1p
700,9463.068221364148,3500000.0,HalfCheetah-v3,TD3_Q2a2x64_1p
701,9092.271415020497,3505000.0,HalfCheetah-v3,TD3_Q2a2x64_1p
702,8454.41907222727,3510000.0,HalfCheetah-v3,TD3_Q2a2x64_1p
703,7721.495429005547,3515000.0,HalfCheetah-v3,TD3_Q2a2x64_1p
704,7009.316891098769,3520000.0,HalfCheetah-v3,TD3_Q2a2x64_1p
705,9345.90582131821,3525000.0,HalfCheetah-v3,TD3_Q2a2x64_1p
706,9018.864560289589,3530000.0,HalfCheetah-v3,TD3_Q2a2x64_1p
707,8504.224046111995,3535000.0,HalfCheetah-v3,TD3_Q2a2x64_1p
708,7918.876851477095,3540000.0,HalfCheetah-v3,TD3_Q2a2x64_1p
709,7035.193630497599,3545000.0,HalfCheetah-v3,TD3_Q2a2x64_1p
710,9243.99452733809,3550000.0,HalfCheetah-v3,TD3_Q2a2x64_1p
711,9011.767223166677,3555000.0,HalfCheetah-v3,TD3_Q2a2x64_1p
712,8515.581739679994,3560000.0,HalfCheetah-v3,TD3_Q2a2x64_1p
713,7868.414918964549,3565000.0,HalfCheetah-v3,TD3_Q2a2x64_1p
714,7356.24296311095,3570000.0,HalfCheetah-v3,TD3_Q2a2x64_1p
715,9651.403812383563,3575000.0,HalfCheetah-v3,TD3_Q2a2x64_1p
716,9233.953918781786,3580000.0,HalfCheetah-v3,TD3_Q2a2x64_1p
717,8656.525158672177,3585000.0,HalfCheetah-v3,TD3_Q2a2x64_1p
718,7987.2061587745175,3590000.0,HalfCheetah-v3,TD3_Q2a2x64_1p
719,7454.544867239572,3595000.0,HalfCheetah-v3,TD3_Q2a2x64_1p
720,9412.55274202941,3600000.0,HalfCheetah-v3,TD3_Q2a2x64_1p
721,9128.420578210047,3605000.0,HalfCheetah-v3,TD3_Q2a2x64_1p
722,8568.879056203805,3610000.0,HalfCheetah-v3,TD3_Q2a2x64_1p
723,7661.533955221273,3615000.0,HalfCheetah-v3,TD3_Q2a2x64_1p
724,7269.014280221461,3620000.0,HalfCheetah-v3,TD3_Q2a2x64_1p
725,9175.809138314715,3625000.0,HalfCheetah-v3,TD3_Q2a2x64_1p
726,8853.321158297866,3630000.0,HalfCheetah-v3,TD3_Q2a2x64_1p
727,8302.267576811944,3635000.0,HalfCheetah-v3,TD3_Q2a2x64_1p
728,7549.073301088599,3640000.0,HalfCheetah-v3,TD3_Q2a2x64_1p
729,6908.879652911976,3645000.0,HalfCheetah-v3,TD3_Q2a2x64_1p
730,9258.922857105357,3650000.0,HalfCheetah-v3,TD3_Q2a2x64_1p
731,9216.364822902951,3655000.0,HalfCheetah-v3,TD3_Q2a2x64_1p
732,8568.598256773963,3660000.0,HalfCheetah-v3,TD3_Q2a2x64_1p
733,7903.609626304363,3665000.0,HalfCheetah-v3,TD3_Q2a2x64_1p
734,7240.743851887701,3670000.0,HalfCheetah-v3,TD3_Q2a2x64_1p
735,9401.882663851608,3675000.0,HalfCheetah-v3,TD3_Q2a2x64_1p
736,8612.93045949928,3680000.0,HalfCheetah-v3,TD3_Q2a2x64_1p
737,8484.312761499405,3685000.0,HalfCheetah-v3,TD3_Q2a2x64_1p
738,7824.407199623451,3690000.0,HalfCheetah-v3,TD3_Q2a2x64_1p
739,7178.939298487126,3695000.0,HalfCheetah-v3,TD3_Q2a2x64_1p
740,9634.05853509412,3700000.0,HalfCheetah-v3,TD3_Q2a2x64_1p
741,9405.195432801844,3705000.0,HalfCheetah-v3,TD3_Q2a2x64_1p
742,8876.588865622498,3710000.0,HalfCheetah-v3,TD3_Q2a2x64_1p
743,7889.987459623424,3715000.0,HalfCheetah-v3,TD3_Q2a2x64_1p
744,7538.571226664264,3720000.0,HalfCheetah-v3,TD3_Q2a2x64_1p
745,9646.622401686833,3725000.0,HalfCheetah-v3,TD3_Q2a2x64_1p
746,9167.760689021783,3730000.0,HalfCheetah-v3,TD3_Q2a2x64_1p
747,8727.473245815456,3735000.0,HalfCheetah-v3,TD3_Q2a2x64_1p
748,7789.527583294631,3740000.0,HalfCheetah-v3,TD3_Q2a2x64_1p
749,7309.204672009395,3745000.0,HalfCheetah-v3,TD3_Q2a2x64_1p
750,9457.774306340263,3750000.0,HalfCheetah-v3,TD3_Q2a2x64_1p
751,9116.349794748015,3755000.0,HalfCheetah-v3,TD3_Q2a2x64_1p
752,8807.594238764816,3760000.0,HalfCheetah-v3,TD3_Q2a2x64_1p
753,8126.895126513989,3765000.0,HalfCheetah-v3,TD3_Q2a2x64_1p
754,7618.617504130458,3770000.0,HalfCheetah-v3,TD3_Q2a2x64_1p
755,8824.280036620152,3775000.0,HalfCheetah-v3,TD3_Q2a2x64_1p
756,9074.69699182027,3780000.0,HalfCheetah-v3,TD3_Q2a2x64_1p
757,8434.256518204133,3785000.0,HalfCheetah-v3,TD3_Q2a2x64_1p
758,7819.593135571142,3790000.0,HalfCheetah-v3,TD3_Q2a2x64_1p
759,7353.181378034424,3795000.0,HalfCheetah-v3,TD3_Q2a2x64_1p
760,9269.737311530593,3800000.0,HalfCheetah-v3,TD3_Q2a2x64_1p
761,9081.006310585006,3805000.0,HalfCheetah-v3,TD3_Q2a2x64_1p
762,8460.844619469686,3810000.0,HalfCheetah-v3,TD3_Q2a2x64_1p
763,7944.307663619926,3815000.0,HalfCheetah-v3,TD3_Q2a2x64_1p
764,7286.089157087787,3820000.0,HalfCheetah-v3,TD3_Q2a2x64_1p
765,9648.400670352425,3825000.0,HalfCheetah-v3,TD3_Q2a2x64_1p
766,9380.681727034653,3830000.0,HalfCheetah-v3,TD3_Q2a2x64_1p
767,8686.51456308109,3835000.0,HalfCheetah-v3,TD3_Q2a2x64_1p
768,8096.689613503811,3840000.0,HalfCheetah-v3,TD3_Q2a2x64_1p
769,7424.51659887227,3845000.0,HalfCheetah-v3,TD3_Q2a2x64_1p
770,9438.118766471336,3850000.0,HalfCheetah-v3,TD3_Q2a2x64_1p
771,9135.144993743424,3855000.0,HalfCheetah-v3,TD3_Q2a2x64_1p
772,8781.384210038856,3860000.0,HalfCheetah-v3,TD3_Q2a2x64_1p
773,8109.0068577518205,3865000.0,HalfCheetah-v3,TD3_Q2a2x64_1p
774,7361.43016649911,3870000.0,HalfCheetah-v3,TD3_Q2a2x64_1p
775,9332.76928868855,3875000.0,HalfCheetah-v3,TD3_Q2a2x64_1p
776,9084.343642789392,3880000.0,HalfCheetah-v3,TD3_Q2a2x64_1p
777,8509.44500023226,3885000.0,HalfCheetah-v3,TD3_Q2a2x64_1p
778,8066.2328386637655,3890000.0,HalfCheetah-v3,TD3_Q2a2x64_1p
779,7334.122883879169,3895000.0,HalfCheetah-v3,TD3_Q2a2x64_1p
780,9838.986536997885,3900000.0,HalfCheetah-v3,TD3_Q2a2x64_1p
781,9381.145969528863,3905000.0,HalfCheetah-v3,TD3_Q2a2x64_1p
782,8907.787872455925,3910000.0,HalfCheetah-v3,TD3_Q2a2x64_1p
783,8006.378444040578,3915000.0,HalfCheetah-v3,TD3_Q2a2x64_1p
784,7288.46191032613,3920000.0,HalfCheetah-v3,TD3_Q2a2x64_1p
785,9830.601760984251,3925000.0,HalfCheetah-v3,TD3_Q2a2x64_1p
786,9430.523381648125,3930000.0,HalfCheetah-v3,TD3_Q2a2x64_1p
787,9059.093786164922,3935000.0,HalfCheetah-v3,TD3_Q2a2x64_1p
788,8388.97282973581,3940000.0,HalfCheetah-v3,TD3_Q2a2x64_1p
789,7668.583700383884,3945000.0,HalfCheetah-v3,TD3_Q2a2x64_1p
790,9497.23503365049,3950000.0,HalfCheetah-v3,TD3_Q2a2x64_1p
791,9271.846328813903,3955000.0,HalfCheetah-v3,TD3_Q2a2x64_1p
792,8746.814729856638,3960000.0,HalfCheetah-v3,TD3_Q2a2x64_1p
793,8232.191082588124,3965000.0,HalfCheetah-v3,TD3_Q2a2x64_1p
794,7653.469094636913,3970000.0,HalfCheetah-v3,TD3_Q2a2x64_1p
795,9911.14162509507,3975000.0,HalfCheetah-v3,TD3_Q2a2x64_1p
796,9529.148126451637,3980000.0,HalfCheetah-v3,TD3_Q2a2x64_1p
797,8986.936193523394,3985000.0,HalfCheetah-v3,TD3_Q2a2x64_1p
798,8129.139325810176,3990000.0,HalfCheetah-v3,TD3_Q2a2x64_1p
799,7563.974436376372,3995000.0,HalfCheetah-v3,TD3_Q2a2x64_1p
800,9601.90763833329,4000000.0,HalfCheetah-v3,TD3_Q2a2x64_1p
801,9139.211356175165,4005000.0,HalfCheetah-v3,TD3_Q2a2x64_1p
802,8769.970261499904,4010000.0,HalfCheetah-v3,TD3_Q2a2x64_1p
803,7952.932606238147,4015000.0,HalfCheetah-v3,TD3_Q2a2x64_1p
804,7311.389406799788,4020000.0,HalfCheetah-v3,TD3_Q2a2x64_1p
805,9588.38261663718,4025000.0,HalfCheetah-v3,TD3_Q2a2x64_1p
806,9247.527720512433,4030000.0,HalfCheetah-v3,TD3_Q2a2x64_1p
807,8857.618077533727,4035000.0,HalfCheetah-v3,TD3_Q2a2x64_1p
808,8155.111789703168,4040000.0,HalfCheetah-v3,TD3_Q2a2x64_1p
809,7469.501993037542,4045000.0,HalfCheetah-v3,TD3_Q2a2x64_1p
810,9597.211880021521,4050000.0,HalfCheetah-v3,TD3_Q2a2x64_1p
811,9282.362506417989,4055000.0,HalfCheetah-v3,TD3_Q2a2x64_1p
812,8867.714927816194,4060000.0,HalfCheetah-v3,TD3_Q2a2x64_1p
813,8021.54825514028,4065000.0,HalfCheetah-v3,TD3_Q2a2x64_1p
814,7594.916792422015,4070000.0,HalfCheetah-v3,TD3_Q2a2x64_1p
815,9709.392653710302,4075000.0,HalfCheetah-v3,TD3_Q2a2x64_1p
816,9570.080038334525,4080000.0,HalfCheetah-v3,TD3_Q2a2x64_1p
817,9112.768188010064,4085000.0,HalfCheetah-v3,TD3_Q2a2x64_1p
818,8279.040417550614,4090000.0,HalfCheetah-v3,TD3_Q2a2x64_1p
819,7596.714862498239,4095000.0,HalfCheetah-v3,TD3_Q2a2x64_1p
820,9863.334829382871,4100000.0,HalfCheetah-v3,TD3_Q2a2x64_1p
821,9557.418423496354,4105000.0,HalfCheetah-v3,TD3_Q2a2x64_1p
822,9162.080695421373,4110000.0,HalfCheetah-v3,TD3_Q2a2x64_1p
823,8555.280726126093,4115000.0,HalfCheetah-v3,TD3_Q2a2x64_1p
824,7903.275603025417,4120000.0,HalfCheetah-v3,TD3_Q2a2x64_1p
825,9714.95503031946,4125000.0,HalfCheetah-v3,TD3_Q2a2x64_1p
826,9401.109255048676,4130000.0,HalfCheetah-v3,TD3_Q2a2x64_1p
827,9054.058575744544,4135000.0,HalfCheetah-v3,TD3_Q2a2x64_1p
828,8562.946029882389,4140000.0,HalfCheetah-v3,TD3_Q2a2x64_1p
829,7856.639210790301,4145000.0,HalfCheetah-v3,TD3_Q2a2x64_1p
830,9850.097433011439,4150000.0,HalfCheetah-v3,TD3_Q2a2x64_1p
831,9628.99724962111,4155000.0,HalfCheetah-v3,TD3_Q2a2x64_1p
832,9073.62433271056,4160000.0,HalfCheetah-v3,TD3_Q2a2x64_1p
833,8403.677750181501,4165000.0,HalfCheetah-v3,TD3_Q2a2x64_1p
834,7766.020984266293,4170000.0,HalfCheetah-v3,TD3_Q2a2x64_1p
835,9873.344684164307,4175000.0,HalfCheetah-v3,TD3_Q2a2x64_1p
836,9515.877548946835,4180000.0,HalfCheetah-v3,TD3_Q2a2x64_1p
837,8889.418998991217,4185000.0,HalfCheetah-v3,TD3_Q2a2x64_1p
838,8284.318267928855,4190000.0,HalfCheetah-v3,TD3_Q2a2x64_1p
839,7046.48840885511,4195000.0,HalfCheetah-v3,TD3_Q2a2x64_1p
840,9835.549537982986,4200000.0,HalfCheetah-v3,TD3_Q2a2x64_1p
841,9444.72137441229,4205000.0,HalfCheetah-v3,TD3_Q2a2x64_1p
842,8963.608728467596,4210000.0,HalfCheetah-v3,TD3_Q2a2x64_1p
843,8218.735314315296,4215000.0,HalfCheetah-v3,TD3_Q2a2x64_1p
844,7291.363367996874,4220000.0,HalfCheetah-v3,TD3_Q2a2x64_1p
845,9866.87564284357,4225000.0,HalfCheetah-v3,TD3_Q2a2x64_1p
846,9506.032922977367,4230000.0,HalfCheetah-v3,TD3_Q2a2x64_1p
847,8968.732278827669,4235000.0,HalfCheetah-v3,TD3_Q2a2x64_1p
848,8203.077592638194,4240000.0,HalfCheetah-v3,TD3_Q2a2x64_1p
849,7716.620127389708,4245000.0,HalfCheetah-v3,TD3_Q2a2x64_1p
850,9910.69287672039,4250000.0,HalfCheetah-v3,TD3_Q2a2x64_1p
851,9663.749851107506,4255000.0,HalfCheetah-v3,TD3_Q2a2x64_1p
852,9085.234813290488,4260000.0,HalfCheetah-v3,TD3_Q2a2x64_1p
853,8598.735057628315,4265000.0,HalfCheetah-v3,TD3_Q2a2x64_1p
854,7629.79128099645,4270000.0,HalfCheetah-v3,TD3_Q2a2x64_1p
855,9821.96033828092,4275000.0,HalfCheetah-v3,TD3_Q2a2x64_1p
856,9517.088164072231,4280000.0,HalfCheetah-v3,TD3_Q2a2x64_1p
857,9071.935935166808,4285000.0,HalfCheetah-v3,TD3_Q2a2x64_1p
858,8588.96631311151,4290000.0,HalfCheetah-v3,TD3_Q2a2x64_1p
859,7222.148516047926,4295000.0,HalfCheetah-v3,TD3_Q2a2x64_1p
860,9887.09436491525,4300000.0,HalfCheetah-v3,TD3_Q2a2x64_1p
861,9737.713477916255,4305000.0,HalfCheetah-v3,TD3_Q2a2x64_1p
862,9101.836193055968,4310000.0,HalfCheetah-v3,TD3_Q2a2x64_1p
863,8469.33520859087,4315000.0,HalfCheetah-v3,TD3_Q2a2x64_1p
864,7978.57279758961,4320000.0,HalfCheetah-v3,TD3_Q2a2x64_1p
865,9880.86440460361,4325000.0,HalfCheetah-v3,TD3_Q2a2x64_1p
866,9451.873847296465,4330000.0,HalfCheetah-v3,TD3_Q2a2x64_1p
867,9027.101880578435,4335000.0,HalfCheetah-v3,TD3_Q2a2x64_1p
868,8495.811580665288,4340000.0,HalfCheetah-v3,TD3_Q2a2x64_1p
869,7786.678530935562,4345000.0,HalfCheetah-v3,TD3_Q2a2x64_1p
870,9956.728442681037,4350000.0,HalfCheetah-v3,TD3_Q2a2x64_1p
871,9592.474235250736,4355000.0,HalfCheetah-v3,TD3_Q2a2x64_1p
872,9062.684369044946,4360000.0,HalfCheetah-v3,TD3_Q2a2x64_1p
873,8364.557363002921,4365000.0,HalfCheetah-v3,TD3_Q2a2x64_1p
874,7688.3834273435305,4370000.0,HalfCheetah-v3,TD3_Q2a2x64_1p
875,9906.611375570812,4375000.0,HalfCheetah-v3,TD3_Q2a2x64_1p
876,9471.48700815174,4380000.0,HalfCheetah-v3,TD3_Q2a2x64_1p
877,9097.630841776916,4385000.0,HalfCheetah-v3,TD3_Q2a2x64_1p
878,8447.908038195927,4390000.0,HalfCheetah-v3,TD3_Q2a2x64_1p
879,7893.023772648945,4395000.0,HalfCheetah-v3,TD3_Q2a2x64_1p
880,9918.880582605834,4400000.0,HalfCheetah-v3,TD3_Q2a2x64_1p
881,9650.026851024099,4405000.0,HalfCheetah-v3,TD3_Q2a2x64_1p
882,9209.188817689288,4410000.0,HalfCheetah-v3,TD3_Q2a2x64_1p
883,8387.468097465584,4415000.0,HalfCheetah-v3,TD3_Q2a2x64_1p
884,7877.500738834095,4420000.0,HalfCheetah-v3,TD3_Q2a2x64_1p
885,10041.11555088253,4425000.0,HalfCheetah-v3,TD3_Q2a2x64_1p
886,9651.860306426992,4430000.0,HalfCheetah-v3,TD3_Q2a2x64_1p
887,9226.036819161716,4435000.0,HalfCheetah-v3,TD3_Q2a2x64_1p
888,8466.767420672768,4440000.0,HalfCheetah-v3,TD3_Q2a2x64_1p
889,7684.464120337541,4445000.0,HalfCheetah-v3,TD3_Q2a2x64_1p
890,9966.587770990973,4450000.0,HalfCheetah-v3,TD3_Q2a2x64_1p
891,9637.817826500028,4455000.0,HalfCheetah-v3,TD3_Q2a2x64_1p
892,9263.01886394537,4460000.0,HalfCheetah-v3,TD3_Q2a2x64_1p
893,8645.909878139868,4465000.0,HalfCheetah-v3,TD3_Q2a2x64_1p
894,7967.348821877795,4470000.0,HalfCheetah-v3,TD3_Q2a2x64_1p
895,9647.189026596136,4475000.0,HalfCheetah-v3,TD3_Q2a2x64_1p
896,9425.683623571678,4480000.0,HalfCheetah-v3,TD3_Q2a2x64_1p
897,9023.407016230487,4485000.0,HalfCheetah-v3,TD3_Q2a2x64_1p
898,8459.64243305753,4490000.0,HalfCheetah-v3,TD3_Q2a2x64_1p
899,7740.463340854109,4495000.0,HalfCheetah-v3,TD3_Q2a2x64_1p
900,10029.406867685977,4500000.0,HalfCheetah-v3,TD3_Q2a2x64_1p
901,9738.131050244405,4505000.0,HalfCheetah-v3,TD3_Q2a2x64_1p
902,9267.403865678216,4510000.0,HalfCheetah-v3,TD3_Q2a2x64_1p
903,8673.499622318715,4515000.0,HalfCheetah-v3,TD3_Q2a2x64_1p
904,8037.561371977434,4520000.0,HalfCheetah-v3,TD3_Q2a2x64_1p
905,9843.426650092983,4525000.0,HalfCheetah-v3,TD3_Q2a2x64_1p
906,9494.7923259893,4530000.0,HalfCheetah-v3,TD3_Q2a2x64_1p
907,9074.825292787309,4535000.0,HalfCheetah-v3,TD3_Q2a2x64_1p
908,8485.67416429713,4540000.0,HalfCheetah-v3,TD3_Q2a2x64_1p
909,7759.103095549872,4545000.0,HalfCheetah-v3,TD3_Q2a2x64_1p
910,9840.379050305623,4550000.0,HalfCheetah-v3,TD3_Q2a2x64_1p
911,9560.978472076564,4555000.0,HalfCheetah-v3,TD3_Q2a2x64_1p
912,8340.121527471387,4560000.0,HalfCheetah-v3,TD3_Q2a2x64_1p
913,8146.3297099822275,4565000.0,HalfCheetah-v3,TD3_Q2a2x64_1p
914,7446.39599768921,4570000.0,HalfCheetah-v3,TD3_Q2a2x64_1p
915,9910.067989064046,4575000.0,HalfCheetah-v3,TD3_Q2a2x64_1p
916,9527.178656147147,4580000.0,HalfCheetah-v3,TD3_Q2a2x64_1p
917,9104.0769047582,4585000.0,HalfCheetah-v3,TD3_Q2a2x64_1p
918,8638.956816037013,4590000.0,HalfCheetah-v3,TD3_Q2a2x64_1p
919,7967.721613124772,4595000.0,HalfCheetah-v3,TD3_Q2a2x64_1p
920,10064.960191692966,4600000.0,HalfCheetah-v3,TD3_Q2a2x64_1p
921,9864.365768066002,4605000.0,HalfCheetah-v3,TD3_Q2a2x64_1p
922,9386.487813673379,4610000.0,HalfCheetah-v3,TD3_Q2a2x64_1p
923,8725.71659451195,4615000.0,HalfCheetah-v3,TD3_Q2a2x64_1p
924,8217.798734227663,4620000.0,HalfCheetah-v3,TD3_Q2a2x64_1p
925,10123.585492059265,4625000.0,HalfCheetah-v3,TD3_Q2a2x64_1p
926,9813.073084179223,4630000.0,HalfCheetah-v3,TD3_Q2a2x64_1p
927,9391.153744159034,4635000.0,HalfCheetah-v3,TD3_Q2a2x64_1p
928,8635.770446873876,4640000.0,HalfCheetah-v3,TD3_Q2a2x64_1p
929,8009.486583562352,4645000.0,HalfCheetah-v3,TD3_Q2a2x64_1p
930,10051.383527258764,4650000.0,HalfCheetah-v3,TD3_Q2a2x64_1p
931,9858.640679990522,4655000.0,HalfCheetah-v3,TD3_Q2a2x64_1p
932,9254.199221147657,4660000.0,HalfCheetah-v3,TD3_Q2a2x64_1p
933,8770.885457466025,4665000.0,HalfCheetah-v3,TD3_Q2a2x64_1p
934,8050.49125334215,4670000.0,HalfCheetah-v3,TD3_Q2a2x64_1p
935,9994.425332877585,4675000.0,HalfCheetah-v3,TD3_Q2a2x64_1p
936,9769.829218076246,4680000.0,HalfCheetah-v3,TD3_Q2a2x64_1p
937,9325.56567608083,4685000.0,HalfCheetah-v3,TD3_Q2a2x64_1p
938,8689.63099005738,4690000.0,HalfCheetah-v3,TD3_Q2a2x64_1p
939,8189.721193057298,4695000.0,HalfCheetah-v3,TD3_Q2a2x64_1p
940,9557.122582585002,4700000.0,HalfCheetah-v3,TD3_Q2a2x64_1p
941,9936.636001981165,4705000.0,HalfCheetah-v3,TD3_Q2a2x64_1p
942,9346.672833078486,4710000.0,HalfCheetah-v3,TD3_Q2a2x64_1p
943,8852.267171225663,4715000.0,HalfCheetah-v3,TD3_Q2a2x64_1p
944,8233.589869953568,4720000.0,HalfCheetah-v3,TD3_Q2a2x64_1p
945,10177.165298300732,4725000.0,HalfCheetah-v3,TD3_Q2a2x64_1p
946,9908.206138352858,4730000.0,HalfCheetah-v3,TD3_Q2a2x64_1p
947,9434.705400879635,4735000.0,HalfCheetah-v3,TD3_Q2a2x64_1p
948,8838.541432779086,4740000.0,HalfCheetah-v3,TD3_Q2a2x64_1p
949,8169.212804617222,4745000.0,HalfCheetah-v3,TD3_Q2a2x64_1p
950,10149.118391449341,4750000.0,HalfCheetah-v3,TD3_Q2a2x64_1p
951,9880.67986658657,4755000.0,HalfCheetah-v3,TD3_Q2a2x64_1p
952,9487.357062409825,4760000.0,HalfCheetah-v3,TD3_Q2a2x64_1p
953,8808.320865062633,4765000.0,HalfCheetah-v3,TD3_Q2a2x64_1p
954,8080.416452460888,4770000.0,HalfCheetah-v3,TD3_Q2a2x64_1p
955,10280.722048642652,4775000.0,HalfCheetah-v3,TD3_Q2a2x64_1p
956,10061.327735323353,4780000.0,HalfCheetah-v3,TD3_Q2a2x64_1p
957,9483.948935202912,4785000.0,HalfCheetah-v3,TD3_Q2a2x64_1p
958,8889.415511527928,4790000.0,HalfCheetah-v3,TD3_Q2a2x64_1p
959,8061.397796975909,4795000.0,HalfCheetah-v3,TD3_Q2a2x64_1p
960,10239.953657556327,4800000.0,HalfCheetah-v3,TD3_Q2a2x64_1p
961,9908.285487124493,4805000.0,HalfCheetah-v3,TD3_Q2a2x64_1p
962,9375.609946715413,4810000.0,HalfCheetah-v3,TD3_Q2a2x64_1p
963,8707.389743286267,4815000.0,HalfCheetah-v3,TD3_Q2a2x64_1p
964,7990.839088871669,4820000.0,HalfCheetah-v3,TD3_Q2a2x64_1p
965,10040.237227379426,4825000.0,HalfCheetah-v3,TD3_Q2a2x64_1p
966,9765.098824532168,4830000.0,HalfCheetah-v3,TD3_Q2a2x64_1p
967,9169.341407793996,4835000.0,HalfCheetah-v3,TD3_Q2a2x64_1p
968,8526.70076280613,4840000.0,HalfCheetah-v3,TD3_Q2a2x64_1p
969,7757.33114384286,4845000.0,HalfCheetah-v3,TD3_Q2a2x64_1p
970,10467.403592526716,4850000.0,HalfCheetah-v3,TD3_Q2a2x64_1p
971,10069.472890596517,4855000.0,HalfCheetah-v3,TD3_Q2a2x64_1p
972,9616.871758699808,4860000.0,HalfCheetah-v3,TD3_Q2a2x64_1p
973,8859.57638164681,4865000.0,HalfCheetah-v3,TD3_Q2a2x64_1p
974,8345.15317736578,4870000.0,HalfCheetah-v3,TD3_Q2a2x64_1p
975,10504.257110236567,4875000.0,HalfCheetah-v3,TD3_Q2a2x64_1p
976,10144.564810303445,4880000.0,HalfCheetah-v3,TD3_Q2a2x64_1p
977,9527.445396980338,4885000.0,HalfCheetah-v3,TD3_Q2a2x64_1p
978,8736.211886001247,4890000.0,HalfCheetah-v3,TD3_Q2a2x64_1p
979,8185.488781432052,4895000.0,HalfCheetah-v3,TD3_Q2a2x64_1p
980,10291.593008332307,4900000.0,HalfCheetah-v3,TD3_Q2a2x64_1p
981,9860.855237726157,4905000.0,HalfCheetah-v3,TD3_Q2a2x64_1p
982,9361.489427485287,4910000.0,HalfCheetah-v3,TD3_Q2a2x64_1p
983,8747.565567407542,4915000.0,HalfCheetah-v3,TD3_Q2a2x64_1p
984,8139.347551495538,4920000.0,HalfCheetah-v3,TD3_Q2a2x64_1p
985,10168.685545162498,4925000.0,HalfCheetah-v3,TD3_Q2a2x64_1p
986,9897.116311658892,4930000.0,HalfCheetah-v3,TD3_Q2a2x64_1p
987,9319.060611213885,4935000.0,HalfCheetah-v3,TD3_Q2a2x64_1p
988,8670.94550051909,4940000.0,HalfCheetah-v3,TD3_Q2a2x64_1p
989,7485.461618722115,4945000.0,HalfCheetah-v3,TD3_Q2a2x64_1p
990,9859.539837884784,4950000.0,HalfCheetah-v3,TD3_Q2a2x64_1p
991,9644.988526320172,4955000.0,HalfCheetah-v3,TD3_Q2a2x64_1p
992,9201.511160220032,4960000.0,HalfCheetah-v3,TD3_Q2a2x64_1p
993,8753.347401691677,4965000.0,HalfCheetah-v3,TD3_Q2a2x64_1p
994,8106.697197511176,4970000.0,HalfCheetah-v3,TD3_Q2a2x64_1p
995,9991.865457848295,4975000.0,HalfCheetah-v3,TD3_Q2a2x64_1p
996,9963.14968372584,4980000.0,HalfCheetah-v3,TD3_Q2a2x64_1p
997,9581.041791884203,4985000.0,HalfCheetah-v3,TD3_Q2a2x64_1p
998,9066.494116160062,4990000.0,HalfCheetah-v3,TD3_Q2a2x64_1p
999,8175.58577356757,4995000.0,HalfCheetah-v3,TD3_Q2a2x64_1p
