index,Average Return,Timesteps,env,algorithm_name
0,-442.15992215852685,0.0,HalfCheetah-v3,TD3_Q2a1x64_1p
1,-337.3562588942692,5000.0,HalfCheetah-v3,TD3_Q2a1x64_1p
2,-407.3762991877908,10000.0,HalfCheetah-v3,TD3_Q2a1x64_1p
3,-400.55477551658174,15000.0,HalfCheetah-v3,TD3_Q2a1x64_1p
4,-536.1366941103545,20000.0,HalfCheetah-v3,TD3_Q2a1x64_1p
5,-315.1477306950103,25000.0,HalfCheetah-v3,TD3_Q2a1x64_1p
6,463.1558572876569,30000.0,HalfCheetah-v3,TD3_Q2a1x64_1p
7,1216.0992794330073,35000.0,HalfCheetah-v3,TD3_Q2a1x64_1p
8,1840.2858307936863,40000.0,HalfCheetah-v3,TD3_Q2a1x64_1p
9,1519.5305019690384,45000.0,HalfCheetah-v3,TD3_Q2a1x64_1p
10,1707.1590741675031,50000.0,HalfCheetah-v3,TD3_Q2a1x64_1p
11,1900.0968323594948,55000.0,HalfCheetah-v3,TD3_Q2a1x64_1p
12,2979.3340122808545,60000.0,HalfCheetah-v3,TD3_Q2a1x64_1p
13,2782.7248152144507,65000.0,HalfCheetah-v3,TD3_Q2a1x64_1p
14,3314.5434121980497,70000.0,HalfCheetah-v3,TD3_Q2a1x64_1p
15,3551.2210254488587,75000.0,HalfCheetah-v3,TD3_Q2a1x64_1p
16,3496.9667369619374,80000.0,HalfCheetah-v3,TD3_Q2a1x64_1p
17,3847.702235322514,85000.0,HalfCheetah-v3,TD3_Q2a1x64_1p
18,3892.6288810213327,90000.0,HalfCheetah-v3,TD3_Q2a1x64_1p
19,3829.082411532945,95000.0,HalfCheetah-v3,TD3_Q2a1x64_1p
20,4028.2672396551643,100000.0,HalfCheetah-v3,TD3_Q2a1x64_1p
21,3944.8110193274165,105000.0,HalfCheetah-v3,TD3_Q2a1x64_1p
22,4423.857049536747,110000.0,HalfCheetah-v3,TD3_Q2a1x64_1p
23,4258.962378569692,115000.0,HalfCheetah-v3,TD3_Q2a1x64_1p
24,4461.117448113106,120000.0,HalfCheetah-v3,TD3_Q2a1x64_1p
25,4716.338530389706,125000.0,HalfCheetah-v3,TD3_Q2a1x64_1p
26,4550.680414240561,130000.0,HalfCheetah-v3,TD3_Q2a1x64_1p
27,4716.805102018048,135000.0,HalfCheetah-v3,TD3_Q2a1x64_1p
28,4887.729966801539,140000.0,HalfCheetah-v3,TD3_Q2a1x64_1p
29,4871.815975013176,145000.0,HalfCheetah-v3,TD3_Q2a1x64_1p
30,4859.382304386903,150000.0,HalfCheetah-v3,TD3_Q2a1x64_1p
31,4838.78586949632,155000.0,HalfCheetah-v3,TD3_Q2a1x64_1p
32,4822.388216484234,160000.0,HalfCheetah-v3,TD3_Q2a1x64_1p
33,5132.480255562743,165000.0,HalfCheetah-v3,TD3_Q2a1x64_1p
34,5023.763429763966,170000.0,HalfCheetah-v3,TD3_Q2a1x64_1p
35,5328.546841429365,175000.0,HalfCheetah-v3,TD3_Q2a1x64_1p
36,4816.032578227022,180000.0,HalfCheetah-v3,TD3_Q2a1x64_1p
37,5435.3154711955995,185000.0,HalfCheetah-v3,TD3_Q2a1x64_1p
38,5375.641319333904,190000.0,HalfCheetah-v3,TD3_Q2a1x64_1p
39,5495.898704111238,195000.0,HalfCheetah-v3,TD3_Q2a1x64_1p
40,5175.175562292958,200000.0,HalfCheetah-v3,TD3_Q2a1x64_1p
41,5579.691175743456,205000.0,HalfCheetah-v3,TD3_Q2a1x64_1p
42,5553.73154797702,210000.0,HalfCheetah-v3,TD3_Q2a1x64_1p
43,5435.102732717198,215000.0,HalfCheetah-v3,TD3_Q2a1x64_1p
44,5535.9228927578715,220000.0,HalfCheetah-v3,TD3_Q2a1x64_1p
45,5410.969480803063,225000.0,HalfCheetah-v3,TD3_Q2a1x64_1p
46,5791.254553770562,230000.0,HalfCheetah-v3,TD3_Q2a1x64_1p
47,5735.219489331947,235000.0,HalfCheetah-v3,TD3_Q2a1x64_1p
48,5942.0193080510235,240000.0,HalfCheetah-v3,TD3_Q2a1x64_1p
49,5993.637435826658,245000.0,HalfCheetah-v3,TD3_Q2a1x64_1p
50,5744.678189123761,250000.0,HalfCheetah-v3,TD3_Q2a1x64_1p
51,5677.792578359427,255000.0,HalfCheetah-v3,TD3_Q2a1x64_1p
52,5953.007318746537,260000.0,HalfCheetah-v3,TD3_Q2a1x64_1p
53,6008.730868358283,265000.0,HalfCheetah-v3,TD3_Q2a1x64_1p
54,6005.048122876126,270000.0,HalfCheetah-v3,TD3_Q2a1x64_1p
55,5920.126462660954,275000.0,HalfCheetah-v3,TD3_Q2a1x64_1p
56,6070.960688894443,280000.0,HalfCheetah-v3,TD3_Q2a1x64_1p
57,5888.119108088576,285000.0,HalfCheetah-v3,TD3_Q2a1x64_1p
58,6040.242243333361,290000.0,HalfCheetah-v3,TD3_Q2a1x64_1p
59,6058.652507800996,295000.0,HalfCheetah-v3,TD3_Q2a1x64_1p
60,5855.282424450543,300000.0,HalfCheetah-v3,TD3_Q2a1x64_1p
61,6150.73974332219,305000.0,HalfCheetah-v3,TD3_Q2a1x64_1p
62,6371.6293383160655,310000.0,HalfCheetah-v3,TD3_Q2a1x64_1p
63,6351.349259574367,315000.0,HalfCheetah-v3,TD3_Q2a1x64_1p
64,6302.879954081816,320000.0,HalfCheetah-v3,TD3_Q2a1x64_1p
65,6285.805064482858,325000.0,HalfCheetah-v3,TD3_Q2a1x64_1p
66,6348.98846629669,330000.0,HalfCheetah-v3,TD3_Q2a1x64_1p
67,5840.383270059805,335000.0,HalfCheetah-v3,TD3_Q2a1x64_1p
68,6177.16137092004,340000.0,HalfCheetah-v3,TD3_Q2a1x64_1p
69,5697.406065626163,345000.0,HalfCheetah-v3,TD3_Q2a1x64_1p
70,6387.80210980993,350000.0,HalfCheetah-v3,TD3_Q2a1x64_1p
71,6419.122513405395,355000.0,HalfCheetah-v3,TD3_Q2a1x64_1p
72,6384.518842135348,360000.0,HalfCheetah-v3,TD3_Q2a1x64_1p
73,6049.8337766810955,365000.0,HalfCheetah-v3,TD3_Q2a1x64_1p
74,6435.017831983802,370000.0,HalfCheetah-v3,TD3_Q2a1x64_1p
75,6509.274245675675,375000.0,HalfCheetah-v3,TD3_Q2a1x64_1p
76,6298.820384342778,380000.0,HalfCheetah-v3,TD3_Q2a1x64_1p
77,6583.44286631703,385000.0,HalfCheetah-v3,TD3_Q2a1x64_1p
78,6170.261723582873,390000.0,HalfCheetah-v3,TD3_Q2a1x64_1p
79,6529.214385653068,395000.0,HalfCheetah-v3,TD3_Q2a1x64_1p
80,6738.676942094366,400000.0,HalfCheetah-v3,TD3_Q2a1x64_1p
81,6739.356722884431,405000.0,HalfCheetah-v3,TD3_Q2a1x64_1p
82,6634.036414884109,410000.0,HalfCheetah-v3,TD3_Q2a1x64_1p
83,6739.34534954504,415000.0,HalfCheetah-v3,TD3_Q2a1x64_1p
84,6082.637378542546,420000.0,HalfCheetah-v3,TD3_Q2a1x64_1p
85,6901.751294740892,425000.0,HalfCheetah-v3,TD3_Q2a1x64_1p
86,6632.790973089204,430000.0,HalfCheetah-v3,TD3_Q2a1x64_1p
87,6469.62816121613,435000.0,HalfCheetah-v3,TD3_Q2a1x64_1p
88,6689.11883790368,440000.0,HalfCheetah-v3,TD3_Q2a1x64_1p
89,6862.345096935029,445000.0,HalfCheetah-v3,TD3_Q2a1x64_1p
90,6241.87623167777,450000.0,HalfCheetah-v3,TD3_Q2a1x64_1p
91,6963.259014355635,455000.0,HalfCheetah-v3,TD3_Q2a1x64_1p
92,7107.084440988659,460000.0,HalfCheetah-v3,TD3_Q2a1x64_1p
93,7228.4286835136445,465000.0,HalfCheetah-v3,TD3_Q2a1x64_1p
94,7001.883753365,470000.0,HalfCheetah-v3,TD3_Q2a1x64_1p
95,7225.311918347715,475000.0,HalfCheetah-v3,TD3_Q2a1x64_1p
96,6904.85205088779,480000.0,HalfCheetah-v3,TD3_Q2a1x64_1p
97,7260.578075591436,485000.0,HalfCheetah-v3,TD3_Q2a1x64_1p
98,7249.221827507351,490000.0,HalfCheetah-v3,TD3_Q2a1x64_1p
99,7535.872186442653,495000.0,HalfCheetah-v3,TD3_Q2a1x64_1p
100,7332.945396287752,500000.0,HalfCheetah-v3,TD3_Q2a1x64_1p
101,7399.420792494157,505000.0,HalfCheetah-v3,TD3_Q2a1x64_1p
102,7351.957286187605,510000.0,HalfCheetah-v3,TD3_Q2a1x64_1p
103,7653.290307854686,515000.0,HalfCheetah-v3,TD3_Q2a1x64_1p
104,7540.857417100112,520000.0,HalfCheetah-v3,TD3_Q2a1x64_1p
105,7363.447048130378,525000.0,HalfCheetah-v3,TD3_Q2a1x64_1p
106,7621.499707362187,530000.0,HalfCheetah-v3,TD3_Q2a1x64_1p
107,7680.843647239313,535000.0,HalfCheetah-v3,TD3_Q2a1x64_1p
108,7797.1637376170565,540000.0,HalfCheetah-v3,TD3_Q2a1x64_1p
109,7799.949126928803,545000.0,HalfCheetah-v3,TD3_Q2a1x64_1p
110,7816.833797829007,550000.0,HalfCheetah-v3,TD3_Q2a1x64_1p
111,7891.849917659076,555000.0,HalfCheetah-v3,TD3_Q2a1x64_1p
112,7941.461910220409,560000.0,HalfCheetah-v3,TD3_Q2a1x64_1p
113,8288.08889697541,565000.0,HalfCheetah-v3,TD3_Q2a1x64_1p
114,8139.4498149896,570000.0,HalfCheetah-v3,TD3_Q2a1x64_1p
115,8269.886980011466,575000.0,HalfCheetah-v3,TD3_Q2a1x64_1p
116,7613.882743747703,580000.0,HalfCheetah-v3,TD3_Q2a1x64_1p
117,8310.976497987795,585000.0,HalfCheetah-v3,TD3_Q2a1x64_1p
118,8206.19265240951,590000.0,HalfCheetah-v3,TD3_Q2a1x64_1p
119,8047.67434006148,595000.0,HalfCheetah-v3,TD3_Q2a1x64_1p
120,8147.2303047692785,600000.0,HalfCheetah-v3,TD3_Q2a1x64_1p
121,8264.22983957219,605000.0,HalfCheetah-v3,TD3_Q2a1x64_1p
122,8283.024031873578,610000.0,HalfCheetah-v3,TD3_Q2a1x64_1p
123,8526.256750803404,615000.0,HalfCheetah-v3,TD3_Q2a1x64_1p
124,8406.036576044273,620000.0,HalfCheetah-v3,TD3_Q2a1x64_1p
125,8673.622871712976,625000.0,HalfCheetah-v3,TD3_Q2a1x64_1p
126,8587.878908275894,630000.0,HalfCheetah-v3,TD3_Q2a1x64_1p
127,8490.041755261102,635000.0,HalfCheetah-v3,TD3_Q2a1x64_1p
128,8729.990871712685,640000.0,HalfCheetah-v3,TD3_Q2a1x64_1p
129,8720.005042331875,645000.0,HalfCheetah-v3,TD3_Q2a1x64_1p
130,8733.500023938277,650000.0,HalfCheetah-v3,TD3_Q2a1x64_1p
131,8609.480529659046,655000.0,HalfCheetah-v3,TD3_Q2a1x64_1p
132,8692.558829928501,660000.0,HalfCheetah-v3,TD3_Q2a1x64_1p
133,8690.830199458707,665000.0,HalfCheetah-v3,TD3_Q2a1x64_1p
134,8295.00572316658,670000.0,HalfCheetah-v3,TD3_Q2a1x64_1p
135,8769.274456196415,675000.0,HalfCheetah-v3,TD3_Q2a1x64_1p
136,8787.91860850033,680000.0,HalfCheetah-v3,TD3_Q2a1x64_1p
137,8892.536344652399,685000.0,HalfCheetah-v3,TD3_Q2a1x64_1p
138,7828.303221537315,690000.0,HalfCheetah-v3,TD3_Q2a1x64_1p
139,8786.344732760444,695000.0,HalfCheetah-v3,TD3_Q2a1x64_1p
140,8740.671661572687,700000.0,HalfCheetah-v3,TD3_Q2a1x64_1p
141,8928.175401078413,705000.0,HalfCheetah-v3,TD3_Q2a1x64_1p
142,8973.24885395238,710000.0,HalfCheetah-v3,TD3_Q2a1x64_1p
143,9041.429762480006,715000.0,HalfCheetah-v3,TD3_Q2a1x64_1p
144,8931.078517187594,720000.0,HalfCheetah-v3,TD3_Q2a1x64_1p
145,8984.157967693744,725000.0,HalfCheetah-v3,TD3_Q2a1x64_1p
146,8860.077572168073,730000.0,HalfCheetah-v3,TD3_Q2a1x64_1p
147,8770.222021452917,735000.0,HalfCheetah-v3,TD3_Q2a1x64_1p
148,9024.046496167124,740000.0,HalfCheetah-v3,TD3_Q2a1x64_1p
149,8890.979622488096,745000.0,HalfCheetah-v3,TD3_Q2a1x64_1p
150,9103.578232636308,750000.0,HalfCheetah-v3,TD3_Q2a1x64_1p
151,9040.043457158648,755000.0,HalfCheetah-v3,TD3_Q2a1x64_1p
152,9025.167034065586,760000.0,HalfCheetah-v3,TD3_Q2a1x64_1p
153,9166.654309066205,765000.0,HalfCheetah-v3,TD3_Q2a1x64_1p
154,9117.839635767206,770000.0,HalfCheetah-v3,TD3_Q2a1x64_1p
155,9012.340200911847,775000.0,HalfCheetah-v3,TD3_Q2a1x64_1p
156,8873.061683095022,780000.0,HalfCheetah-v3,TD3_Q2a1x64_1p
157,9181.695913535901,785000.0,HalfCheetah-v3,TD3_Q2a1x64_1p
158,9304.076713825663,790000.0,HalfCheetah-v3,TD3_Q2a1x64_1p
159,9091.131719699732,795000.0,HalfCheetah-v3,TD3_Q2a1x64_1p
160,8840.044767110969,800000.0,HalfCheetah-v3,TD3_Q2a1x64_1p
161,9049.13567432469,805000.0,HalfCheetah-v3,TD3_Q2a1x64_1p
162,9178.907615606597,810000.0,HalfCheetah-v3,TD3_Q2a1x64_1p
163,9189.45264641317,815000.0,HalfCheetah-v3,TD3_Q2a1x64_1p
164,8964.35757028597,820000.0,HalfCheetah-v3,TD3_Q2a1x64_1p
165,9349.06659898433,825000.0,HalfCheetah-v3,TD3_Q2a1x64_1p
166,9395.89731096955,830000.0,HalfCheetah-v3,TD3_Q2a1x64_1p
167,9241.63825843585,835000.0,HalfCheetah-v3,TD3_Q2a1x64_1p
168,8953.189915551086,840000.0,HalfCheetah-v3,TD3_Q2a1x64_1p
169,9327.877347713853,845000.0,HalfCheetah-v3,TD3_Q2a1x64_1p
170,9305.25900055689,850000.0,HalfCheetah-v3,TD3_Q2a1x64_1p
171,9427.557476116192,855000.0,HalfCheetah-v3,TD3_Q2a1x64_1p
172,9361.084903410618,860000.0,HalfCheetah-v3,TD3_Q2a1x64_1p
173,9281.615431536407,865000.0,HalfCheetah-v3,TD3_Q2a1x64_1p
174,9319.135001282932,870000.0,HalfCheetah-v3,TD3_Q2a1x64_1p
175,9428.007367691524,875000.0,HalfCheetah-v3,TD3_Q2a1x64_1p
176,9322.992370487369,880000.0,HalfCheetah-v3,TD3_Q2a1x64_1p
177,9428.4694759297,885000.0,HalfCheetah-v3,TD3_Q2a1x64_1p
178,9416.038556180229,890000.0,HalfCheetah-v3,TD3_Q2a1x64_1p
179,9328.590804897329,895000.0,HalfCheetah-v3,TD3_Q2a1x64_1p
180,9352.276629573864,900000.0,HalfCheetah-v3,TD3_Q2a1x64_1p
181,9306.215752218499,905000.0,HalfCheetah-v3,TD3_Q2a1x64_1p
182,9149.936059696736,910000.0,HalfCheetah-v3,TD3_Q2a1x64_1p
183,9279.255402285953,915000.0,HalfCheetah-v3,TD3_Q2a1x64_1p
184,8989.156483359491,920000.0,HalfCheetah-v3,TD3_Q2a1x64_1p
185,9494.307954113963,925000.0,HalfCheetah-v3,TD3_Q2a1x64_1p
186,9569.927849914613,930000.0,HalfCheetah-v3,TD3_Q2a1x64_1p
187,9494.941341850745,935000.0,HalfCheetah-v3,TD3_Q2a1x64_1p
188,9469.111551545555,940000.0,HalfCheetah-v3,TD3_Q2a1x64_1p
189,9535.873264756785,945000.0,HalfCheetah-v3,TD3_Q2a1x64_1p
190,9329.76138618957,950000.0,HalfCheetah-v3,TD3_Q2a1x64_1p
191,9427.67024444422,955000.0,HalfCheetah-v3,TD3_Q2a1x64_1p
192,9502.13624131459,960000.0,HalfCheetah-v3,TD3_Q2a1x64_1p
193,9358.530960163162,965000.0,HalfCheetah-v3,TD3_Q2a1x64_1p
194,9377.652626692896,970000.0,HalfCheetah-v3,TD3_Q2a1x64_1p
195,9552.239901433908,975000.0,HalfCheetah-v3,TD3_Q2a1x64_1p
196,9487.546539919675,980000.0,HalfCheetah-v3,TD3_Q2a1x64_1p
197,9467.672081838693,985000.0,HalfCheetah-v3,TD3_Q2a1x64_1p
198,9618.146793806005,990000.0,HalfCheetah-v3,TD3_Q2a1x64_1p
199,9289.530027987927,995000.0,HalfCheetah-v3,TD3_Q2a1x64_1p
200,9711.896641862737,1000000.0,HalfCheetah-v3,TD3_Q2a1x64_1p
