index,Average Return,Timesteps,env,algorithm_name
0,-117.40667874978953,0,HalfCheetah-v3,SAC_Q2a
1,-0.6062282832087218,5000,HalfCheetah-v3,SAC_Q2a
2,-377.0148321640378,10000,HalfCheetah-v3,SAC_Q2a
3,-154.52981432756684,15000,HalfCheetah-v3,SAC_Q2a
4,-220.7350742555223,20000,HalfCheetah-v3,SAC_Q2a
5,385.6835475200242,25000,HalfCheetah-v3,SAC_Q2a
6,1353.1829081107878,30000,HalfCheetah-v3,SAC_Q2a
7,2735.8466631697424,35000,HalfCheetah-v3,SAC_Q2a
8,3138.006035053667,40000,HalfCheetah-v3,SAC_Q2a
9,3176.6208396108877,45000,HalfCheetah-v3,SAC_Q2a
10,1915.3781303103437,50000,HalfCheetah-v3,SAC_Q2a
11,3820.5220167917782,55000,HalfCheetah-v3,SAC_Q2a
12,4333.856535300866,60000,HalfCheetah-v3,SAC_Q2a
13,4833.862581898992,65000,HalfCheetah-v3,SAC_Q2a
14,4649.298470281813,70000,HalfCheetah-v3,SAC_Q2a
15,5423.763397248704,75000,HalfCheetah-v3,SAC_Q2a
16,5274.204441264624,80000,HalfCheetah-v3,SAC_Q2a
17,5989.019677257458,85000,HalfCheetah-v3,SAC_Q2a
18,6221.254223302043,90000,HalfCheetah-v3,SAC_Q2a
19,6121.276070045322,95000,HalfCheetah-v3,SAC_Q2a
20,6335.861029048729,100000,HalfCheetah-v3,SAC_Q2a
21,6456.910916373867,105000,HalfCheetah-v3,SAC_Q2a
22,6215.972135028407,110000,HalfCheetah-v3,SAC_Q2a
23,6600.36438593145,115000,HalfCheetah-v3,SAC_Q2a
24,6484.133912959721,120000,HalfCheetah-v3,SAC_Q2a
25,6374.351656455833,125000,HalfCheetah-v3,SAC_Q2a
26,6622.0237391358405,130000,HalfCheetah-v3,SAC_Q2a
27,6703.88650300948,135000,HalfCheetah-v3,SAC_Q2a
28,6654.043176692078,140000,HalfCheetah-v3,SAC_Q2a
29,6801.416298183988,145000,HalfCheetah-v3,SAC_Q2a
30,6791.118665486761,150000,HalfCheetah-v3,SAC_Q2a
31,6688.2125333470685,155000,HalfCheetah-v3,SAC_Q2a
32,6798.344135860253,160000,HalfCheetah-v3,SAC_Q2a
33,7014.001460035394,165000,HalfCheetah-v3,SAC_Q2a
34,6830.072021613663,170000,HalfCheetah-v3,SAC_Q2a
35,6996.020791011006,175000,HalfCheetah-v3,SAC_Q2a
36,6995.0694149632645,180000,HalfCheetah-v3,SAC_Q2a
37,7059.778177087132,185000,HalfCheetah-v3,SAC_Q2a
38,7097.993607710256,190000,HalfCheetah-v3,SAC_Q2a
39,7150.104583417875,195000,HalfCheetah-v3,SAC_Q2a
40,7086.525298549369,200000,HalfCheetah-v3,SAC_Q2a
41,7268.139618127765,205000,HalfCheetah-v3,SAC_Q2a
42,7383.435683578912,210000,HalfCheetah-v3,SAC_Q2a
43,7201.370011837762,215000,HalfCheetah-v3,SAC_Q2a
44,7523.690933913718,220000,HalfCheetah-v3,SAC_Q2a
45,7211.684064733898,225000,HalfCheetah-v3,SAC_Q2a
46,7564.331657119394,230000,HalfCheetah-v3,SAC_Q2a
47,7156.736158207398,235000,HalfCheetah-v3,SAC_Q2a
48,7418.350471747425,240000,HalfCheetah-v3,SAC_Q2a
49,7344.133673394681,245000,HalfCheetah-v3,SAC_Q2a
50,7566.2703991047965,250000,HalfCheetah-v3,SAC_Q2a
51,7594.242443116845,255000,HalfCheetah-v3,SAC_Q2a
52,7307.5511686046375,260000,HalfCheetah-v3,SAC_Q2a
53,7802.6154302470995,265000,HalfCheetah-v3,SAC_Q2a
54,7843.133762719046,270000,HalfCheetah-v3,SAC_Q2a
55,7749.353880242934,275000,HalfCheetah-v3,SAC_Q2a
56,7714.415102179983,280000,HalfCheetah-v3,SAC_Q2a
57,7953.960552850784,285000,HalfCheetah-v3,SAC_Q2a
58,7941.784561554494,290000,HalfCheetah-v3,SAC_Q2a
59,8036.127344561957,295000,HalfCheetah-v3,SAC_Q2a
60,7994.297539535272,300000,HalfCheetah-v3,SAC_Q2a
61,7993.179293382784,305000,HalfCheetah-v3,SAC_Q2a
62,8103.452718397801,310000,HalfCheetah-v3,SAC_Q2a
63,8080.518271409614,315000,HalfCheetah-v3,SAC_Q2a
64,8205.399544047594,320000,HalfCheetah-v3,SAC_Q2a
65,7984.897214818868,325000,HalfCheetah-v3,SAC_Q2a
66,7795.165452344669,330000,HalfCheetah-v3,SAC_Q2a
67,8219.562032535981,335000,HalfCheetah-v3,SAC_Q2a
68,8269.233703937349,340000,HalfCheetah-v3,SAC_Q2a
69,8138.587021793205,345000,HalfCheetah-v3,SAC_Q2a
70,8202.297802661255,350000,HalfCheetah-v3,SAC_Q2a
71,8356.185322357884,355000,HalfCheetah-v3,SAC_Q2a
72,8195.0286895528,360000,HalfCheetah-v3,SAC_Q2a
73,8320.662149936403,365000,HalfCheetah-v3,SAC_Q2a
74,8255.411184205717,370000,HalfCheetah-v3,SAC_Q2a
75,8479.634726646702,375000,HalfCheetah-v3,SAC_Q2a
76,8475.57710740036,380000,HalfCheetah-v3,SAC_Q2a
77,8481.703953428261,385000,HalfCheetah-v3,SAC_Q2a
78,8490.167987413954,390000,HalfCheetah-v3,SAC_Q2a
79,8432.921487683077,395000,HalfCheetah-v3,SAC_Q2a
80,8621.41481084187,400000,HalfCheetah-v3,SAC_Q2a
81,8580.964471480336,405000,HalfCheetah-v3,SAC_Q2a
82,8662.060437008784,410000,HalfCheetah-v3,SAC_Q2a
83,8542.737938066155,415000,HalfCheetah-v3,SAC_Q2a
84,8588.204022027905,420000,HalfCheetah-v3,SAC_Q2a
85,8817.457757278253,425000,HalfCheetah-v3,SAC_Q2a
86,8487.23864250235,430000,HalfCheetah-v3,SAC_Q2a
87,8727.991037109708,435000,HalfCheetah-v3,SAC_Q2a
88,8756.804233168412,440000,HalfCheetah-v3,SAC_Q2a
89,8197.987125297657,445000,HalfCheetah-v3,SAC_Q2a
90,8764.223911594245,450000,HalfCheetah-v3,SAC_Q2a
91,8852.148009356757,455000,HalfCheetah-v3,SAC_Q2a
92,8640.65440013014,460000,HalfCheetah-v3,SAC_Q2a
93,8829.259428082923,465000,HalfCheetah-v3,SAC_Q2a
94,8648.960900669512,470000,HalfCheetah-v3,SAC_Q2a
95,8893.460003312712,475000,HalfCheetah-v3,SAC_Q2a
96,8775.756766965314,480000,HalfCheetah-v3,SAC_Q2a
97,8914.982924209056,485000,HalfCheetah-v3,SAC_Q2a
98,8710.330220784323,490000,HalfCheetah-v3,SAC_Q2a
99,8915.91557549453,495000,HalfCheetah-v3,SAC_Q2a
100,9046.290730664285,500000,HalfCheetah-v3,SAC_Q2a
101,8882.35839690982,505000,HalfCheetah-v3,SAC_Q2a
102,8938.81694751413,510000,HalfCheetah-v3,SAC_Q2a
103,8773.382019014303,515000,HalfCheetah-v3,SAC_Q2a
104,9131.196265899798,520000,HalfCheetah-v3,SAC_Q2a
105,8903.776151492882,525000,HalfCheetah-v3,SAC_Q2a
106,8884.056956009807,530000,HalfCheetah-v3,SAC_Q2a
107,8941.420812532078,535000,HalfCheetah-v3,SAC_Q2a
108,9085.152499280734,540000,HalfCheetah-v3,SAC_Q2a
109,8992.0818694359,545000,HalfCheetah-v3,SAC_Q2a
110,8960.459720767312,550000,HalfCheetah-v3,SAC_Q2a
111,9068.865862087732,555000,HalfCheetah-v3,SAC_Q2a
112,9157.365292213075,560000,HalfCheetah-v3,SAC_Q2a
113,9011.483473881155,565000,HalfCheetah-v3,SAC_Q2a
114,9070.756766389575,570000,HalfCheetah-v3,SAC_Q2a
115,9106.52677919329,575000,HalfCheetah-v3,SAC_Q2a
116,9113.181131318994,580000,HalfCheetah-v3,SAC_Q2a
117,9195.593161451667,585000,HalfCheetah-v3,SAC_Q2a
118,9150.123421296656,590000,HalfCheetah-v3,SAC_Q2a
119,9084.650790875312,595000,HalfCheetah-v3,SAC_Q2a
120,9045.875249857092,600000,HalfCheetah-v3,SAC_Q2a
121,9181.857891238093,605000,HalfCheetah-v3,SAC_Q2a
122,9306.554117119047,610000,HalfCheetah-v3,SAC_Q2a
123,9196.245083630238,615000,HalfCheetah-v3,SAC_Q2a
124,9222.355695873483,620000,HalfCheetah-v3,SAC_Q2a
125,9247.183411732778,625000,HalfCheetah-v3,SAC_Q2a
126,9269.395126097395,630000,HalfCheetah-v3,SAC_Q2a
127,9229.986536425522,635000,HalfCheetah-v3,SAC_Q2a
128,9261.803194874474,640000,HalfCheetah-v3,SAC_Q2a
129,9182.3423768727,645000,HalfCheetah-v3,SAC_Q2a
130,9300.028363445872,650000,HalfCheetah-v3,SAC_Q2a
131,9293.402432146057,655000,HalfCheetah-v3,SAC_Q2a
132,9337.101916721269,660000,HalfCheetah-v3,SAC_Q2a
