index,Average Return,Timesteps,env,algorithm_name
0,67.20070214329864,0,Humanoid-v3,SAC_Q2a
1,122.79809978752537,5000,Humanoid-v3,SAC_Q2a
2,243.0573083008534,10000,Humanoid-v3,SAC_Q2a
3,298.4915126107293,15000,Humanoid-v3,SAC_Q2a
4,472.9301917151861,20000,Humanoid-v3,SAC_Q2a
5,352.67569557071437,25000,Humanoid-v3,SAC_Q2a
6,405.42129159990367,30000,Humanoid-v3,SAC_Q2a
7,558.5756890275053,35000,Humanoid-v3,SAC_Q2a
8,500.61441864820256,40000,Humanoid-v3,SAC_Q2a
9,540.2954636394927,45000,Humanoid-v3,SAC_Q2a
10,457.5048865795673,50000,Humanoid-v3,SAC_Q2a
11,467.6309959862368,55000,Humanoid-v3,SAC_Q2a
12,602.6405013587681,60000,Humanoid-v3,SAC_Q2a
13,469.7162157816516,65000,Humanoid-v3,SAC_Q2a
14,512.2047524783096,70000,Humanoid-v3,SAC_Q2a
15,595.1231698423566,75000,Humanoid-v3,SAC_Q2a
16,708.2749589203424,80000,Humanoid-v3,SAC_Q2a
17,579.7234169154912,85000,Humanoid-v3,SAC_Q2a
18,609.0575842195996,90000,Humanoid-v3,SAC_Q2a
19,493.6883410162839,95000,Humanoid-v3,SAC_Q2a
20,477.6973683205835,100000,Humanoid-v3,SAC_Q2a
21,494.3910845425861,105000,Humanoid-v3,SAC_Q2a
22,645.7684309268087,110000,Humanoid-v3,SAC_Q2a
23,551.730234965015,115000,Humanoid-v3,SAC_Q2a
24,676.8061029504202,120000,Humanoid-v3,SAC_Q2a
25,745.507447904019,125000,Humanoid-v3,SAC_Q2a
26,691.5308871068041,130000,Humanoid-v3,SAC_Q2a
27,620.4192902595144,135000,Humanoid-v3,SAC_Q2a
28,629.3638678131856,140000,Humanoid-v3,SAC_Q2a
29,679.0603773098305,145000,Humanoid-v3,SAC_Q2a
30,585.8515466491209,150000,Humanoid-v3,SAC_Q2a
31,999.1653121108423,155000,Humanoid-v3,SAC_Q2a
32,963.5952415318434,160000,Humanoid-v3,SAC_Q2a
33,840.3502941662924,165000,Humanoid-v3,SAC_Q2a
34,654.4745419109197,170000,Humanoid-v3,SAC_Q2a
35,607.5941117947302,175000,Humanoid-v3,SAC_Q2a
36,547.1521177636358,180000,Humanoid-v3,SAC_Q2a
37,704.4056237884972,185000,Humanoid-v3,SAC_Q2a
38,818.7427378443288,190000,Humanoid-v3,SAC_Q2a
39,1149.0380126745636,195000,Humanoid-v3,SAC_Q2a
40,555.6502524797789,200000,Humanoid-v3,SAC_Q2a
41,1309.6280406091157,205000,Humanoid-v3,SAC_Q2a
42,1276.3635224159464,210000,Humanoid-v3,SAC_Q2a
43,1014.904054715554,215000,Humanoid-v3,SAC_Q2a
44,669.5466968666252,220000,Humanoid-v3,SAC_Q2a
45,1315.0291295628751,225000,Humanoid-v3,SAC_Q2a
46,576.2271940654103,230000,Humanoid-v3,SAC_Q2a
47,972.607013870081,235000,Humanoid-v3,SAC_Q2a
48,1526.3969941358732,240000,Humanoid-v3,SAC_Q2a
49,1918.750375863539,245000,Humanoid-v3,SAC_Q2a
50,1638.115951643952,250000,Humanoid-v3,SAC_Q2a
51,2048.977681626391,255000,Humanoid-v3,SAC_Q2a
52,2821.43572361291,260000,Humanoid-v3,SAC_Q2a
53,4732.273285695924,265000,Humanoid-v3,SAC_Q2a
54,3369.3639516937533,270000,Humanoid-v3,SAC_Q2a
55,5155.4670026848335,275000,Humanoid-v3,SAC_Q2a
56,1067.4330737973846,280000,Humanoid-v3,SAC_Q2a
57,2556.2255899777247,285000,Humanoid-v3,SAC_Q2a
58,5088.708387290117,290000,Humanoid-v3,SAC_Q2a
59,5132.712934570077,295000,Humanoid-v3,SAC_Q2a
60,5100.631671245428,300000,Humanoid-v3,SAC_Q2a
61,5210.1856400884,305000,Humanoid-v3,SAC_Q2a
62,5190.24609953246,310000,Humanoid-v3,SAC_Q2a
63,2981.408165876494,315000,Humanoid-v3,SAC_Q2a
64,5122.356026875422,320000,Humanoid-v3,SAC_Q2a
65,4887.370062590644,325000,Humanoid-v3,SAC_Q2a
66,2243.952701159919,330000,Humanoid-v3,SAC_Q2a
67,4375.8504878685535,335000,Humanoid-v3,SAC_Q2a
68,3510.3903151665627,340000,Humanoid-v3,SAC_Q2a
69,3527.5480589097765,345000,Humanoid-v3,SAC_Q2a
70,3212.7188231751957,350000,Humanoid-v3,SAC_Q2a
71,4394.705972340767,355000,Humanoid-v3,SAC_Q2a
72,5141.2092611391145,360000,Humanoid-v3,SAC_Q2a
73,4516.22432156811,365000,Humanoid-v3,SAC_Q2a
74,5174.3967487332475,370000,Humanoid-v3,SAC_Q2a
75,5237.144574337883,375000,Humanoid-v3,SAC_Q2a
