index,Average Return,Timesteps,env,algorithm_name
0,-1.036332968687788,0,HalfCheetah-v3,SAC
1,52.44007672568372,5000,HalfCheetah-v3,SAC
2,-287.8826474738853,10000,HalfCheetah-v3,SAC
3,-404.29956810141573,15000,HalfCheetah-v3,SAC
4,-87.77288468668392,20000,HalfCheetah-v3,SAC
5,955.4050093015418,25000,HalfCheetah-v3,SAC
6,727.303831501513,30000,HalfCheetah-v3,SAC
7,1598.0526983161667,35000,HalfCheetah-v3,SAC
8,978.7417579701292,40000,HalfCheetah-v3,SAC
9,3076.7044165337875,45000,HalfCheetah-v3,SAC
10,3705.3192820172944,50000,HalfCheetah-v3,SAC
11,3877.7869252609103,55000,HalfCheetah-v3,SAC
12,4117.408395259273,60000,HalfCheetah-v3,SAC
13,4313.731467546978,65000,HalfCheetah-v3,SAC
14,4508.336286191782,70000,HalfCheetah-v3,SAC
15,4360.287114686175,75000,HalfCheetah-v3,SAC
16,4354.29069880562,80000,HalfCheetah-v3,SAC
17,4991.217561294347,85000,HalfCheetah-v3,SAC
18,5226.4236632748,90000,HalfCheetah-v3,SAC
19,5927.16620444846,95000,HalfCheetah-v3,SAC
20,5809.59825376428,100000,HalfCheetah-v3,SAC
21,5976.666574858292,105000,HalfCheetah-v3,SAC
22,6392.794326715562,110000,HalfCheetah-v3,SAC
23,5766.964344117223,115000,HalfCheetah-v3,SAC
24,5859.691695807879,120000,HalfCheetah-v3,SAC
25,6509.273309237453,125000,HalfCheetah-v3,SAC
26,6566.703844440723,130000,HalfCheetah-v3,SAC
27,6701.248051398678,135000,HalfCheetah-v3,SAC
28,6765.224622498252,140000,HalfCheetah-v3,SAC
29,6597.1830895257535,145000,HalfCheetah-v3,SAC
30,6443.611217983303,150000,HalfCheetah-v3,SAC
31,6568.784850215621,155000,HalfCheetah-v3,SAC
32,6854.961056139286,160000,HalfCheetah-v3,SAC
33,6706.159408615475,165000,HalfCheetah-v3,SAC
34,7061.045903132059,170000,HalfCheetah-v3,SAC
35,7316.772252481807,175000,HalfCheetah-v3,SAC
36,7240.239911598508,180000,HalfCheetah-v3,SAC
37,7486.716421140404,185000,HalfCheetah-v3,SAC
38,7322.9309971040175,190000,HalfCheetah-v3,SAC
39,7354.0628262288665,195000,HalfCheetah-v3,SAC
40,7337.471795365789,200000,HalfCheetah-v3,SAC
41,7605.938229995681,205000,HalfCheetah-v3,SAC
42,7659.995501107658,210000,HalfCheetah-v3,SAC
43,7515.227319554423,215000,HalfCheetah-v3,SAC
44,7621.653380168396,220000,HalfCheetah-v3,SAC
45,7579.323411247882,225000,HalfCheetah-v3,SAC
46,7846.4976600543505,230000,HalfCheetah-v3,SAC
47,7798.8927048408805,235000,HalfCheetah-v3,SAC
48,7968.701068461375,240000,HalfCheetah-v3,SAC
49,8025.636106267406,245000,HalfCheetah-v3,SAC
50,8216.173274679897,250000,HalfCheetah-v3,SAC
51,8242.41179303271,255000,HalfCheetah-v3,SAC
52,8293.733900094721,260000,HalfCheetah-v3,SAC
53,8255.509772029762,265000,HalfCheetah-v3,SAC
54,8266.91958035511,270000,HalfCheetah-v3,SAC
55,7983.545141499218,275000,HalfCheetah-v3,SAC
56,8469.227413192606,280000,HalfCheetah-v3,SAC
57,8444.383250176421,285000,HalfCheetah-v3,SAC
58,8417.970296036703,290000,HalfCheetah-v3,SAC
59,8552.561007583685,295000,HalfCheetah-v3,SAC
60,8583.444487921046,300000,HalfCheetah-v3,SAC
61,8318.42089249292,305000,HalfCheetah-v3,SAC
62,8086.984118414972,310000,HalfCheetah-v3,SAC
63,8424.829298139546,315000,HalfCheetah-v3,SAC
64,8648.03433554379,320000,HalfCheetah-v3,SAC
65,8876.073994301416,325000,HalfCheetah-v3,SAC
66,8713.320980924269,330000,HalfCheetah-v3,SAC
67,8508.615054046533,335000,HalfCheetah-v3,SAC
68,8884.324418825587,340000,HalfCheetah-v3,SAC
69,8783.15062430553,345000,HalfCheetah-v3,SAC
70,8816.73583248652,350000,HalfCheetah-v3,SAC
71,8846.048734177657,355000,HalfCheetah-v3,SAC
72,8837.689584992871,360000,HalfCheetah-v3,SAC
73,8863.491634955386,365000,HalfCheetah-v3,SAC
74,8814.776252690253,370000,HalfCheetah-v3,SAC
75,8869.320457388134,375000,HalfCheetah-v3,SAC
76,9068.743359703867,380000,HalfCheetah-v3,SAC
77,9097.418779901143,385000,HalfCheetah-v3,SAC
78,8867.035426543871,390000,HalfCheetah-v3,SAC
79,8269.03357651571,395000,HalfCheetah-v3,SAC
80,9086.816843840872,400000,HalfCheetah-v3,SAC
81,9079.587978601478,405000,HalfCheetah-v3,SAC
82,9328.895937355219,410000,HalfCheetah-v3,SAC
83,9267.368966778791,415000,HalfCheetah-v3,SAC
84,9140.396063231976,420000,HalfCheetah-v3,SAC
85,9245.777546499377,425000,HalfCheetah-v3,SAC
86,9232.354829203208,430000,HalfCheetah-v3,SAC
87,9400.137438722462,435000,HalfCheetah-v3,SAC
88,9404.443938472044,440000,HalfCheetah-v3,SAC
89,9141.895245977035,445000,HalfCheetah-v3,SAC
90,9325.697018958814,450000,HalfCheetah-v3,SAC
91,9388.30309788643,455000,HalfCheetah-v3,SAC
92,9436.121988711173,460000,HalfCheetah-v3,SAC
93,9635.61684627346,465000,HalfCheetah-v3,SAC
94,9691.947370306338,470000,HalfCheetah-v3,SAC
95,9661.162167583556,475000,HalfCheetah-v3,SAC
96,9450.783660532508,480000,HalfCheetah-v3,SAC
97,9509.947331415635,485000,HalfCheetah-v3,SAC
98,9568.313852172729,490000,HalfCheetah-v3,SAC
99,9630.523031721894,495000,HalfCheetah-v3,SAC
100,9686.002783588447,500000,HalfCheetah-v3,SAC
101,9666.557772733962,505000,HalfCheetah-v3,SAC
102,9549.69355836087,510000,HalfCheetah-v3,SAC
103,9847.996893849553,515000,HalfCheetah-v3,SAC
104,9805.578336747085,520000,HalfCheetah-v3,SAC
105,9877.298139607603,525000,HalfCheetah-v3,SAC
106,9874.754405011252,530000,HalfCheetah-v3,SAC
107,9932.150555619766,535000,HalfCheetah-v3,SAC
108,9870.508678925058,540000,HalfCheetah-v3,SAC
109,9685.223766121668,545000,HalfCheetah-v3,SAC
110,9980.284632276856,550000,HalfCheetah-v3,SAC
111,9982.300594610067,555000,HalfCheetah-v3,SAC
112,10048.592826601718,560000,HalfCheetah-v3,SAC
113,9916.981994028152,565000,HalfCheetah-v3,SAC
114,9747.914673052519,570000,HalfCheetah-v3,SAC
115,9972.734945638798,575000,HalfCheetah-v3,SAC
116,9998.293528683294,580000,HalfCheetah-v3,SAC
117,10148.568995349488,585000,HalfCheetah-v3,SAC
118,10196.651458745966,590000,HalfCheetah-v3,SAC
119,10124.027020443902,595000,HalfCheetah-v3,SAC
120,10091.894268066582,600000,HalfCheetah-v3,SAC
121,9864.754337005605,605000,HalfCheetah-v3,SAC
122,10447.525428769562,610000,HalfCheetah-v3,SAC
123,10003.807458009785,615000,HalfCheetah-v3,SAC
124,10263.319401631285,620000,HalfCheetah-v3,SAC
125,10331.530361726918,625000,HalfCheetah-v3,SAC
126,10316.004681900105,630000,HalfCheetah-v3,SAC
127,10386.476813498919,635000,HalfCheetah-v3,SAC
128,9724.642011172233,640000,HalfCheetah-v3,SAC
129,10468.797011170247,645000,HalfCheetah-v3,SAC
130,10369.219387051642,650000,HalfCheetah-v3,SAC
131,10006.19313232262,655000,HalfCheetah-v3,SAC
132,10277.262501095563,660000,HalfCheetah-v3,SAC
133,10418.389727165084,665000,HalfCheetah-v3,SAC
134,10472.964236316308,670000,HalfCheetah-v3,SAC
135,10546.427412033725,675000,HalfCheetah-v3,SAC
136,10526.998964249786,680000,HalfCheetah-v3,SAC
137,10601.316680383243,685000,HalfCheetah-v3,SAC
138,10399.632166414489,690000,HalfCheetah-v3,SAC
139,10229.90374313191,695000,HalfCheetah-v3,SAC
140,10473.048154461052,700000,HalfCheetah-v3,SAC
141,10583.933584266593,705000,HalfCheetah-v3,SAC
142,10588.27083658583,710000,HalfCheetah-v3,SAC
143,10588.201367926908,715000,HalfCheetah-v3,SAC
144,10634.223432690249,720000,HalfCheetah-v3,SAC
145,10553.88530152701,725000,HalfCheetah-v3,SAC
146,10733.528393425358,730000,HalfCheetah-v3,SAC
147,10636.43221406015,735000,HalfCheetah-v3,SAC
148,10071.010668439043,740000,HalfCheetah-v3,SAC
149,10901.658495906908,745000,HalfCheetah-v3,SAC
150,10358.100064441815,750000,HalfCheetah-v3,SAC
151,10698.846513762566,755000,HalfCheetah-v3,SAC
152,10797.794198378466,760000,HalfCheetah-v3,SAC
153,10928.466598743955,765000,HalfCheetah-v3,SAC
154,10894.319758078507,770000,HalfCheetah-v3,SAC
155,10753.908463197517,775000,HalfCheetah-v3,SAC
156,10881.300348991415,780000,HalfCheetah-v3,SAC
157,10908.163069684188,785000,HalfCheetah-v3,SAC
158,10680.836816145451,790000,HalfCheetah-v3,SAC
159,11050.311615705341,795000,HalfCheetah-v3,SAC
160,10960.223409720875,800000,HalfCheetah-v3,SAC
161,10934.185363400053,805000,HalfCheetah-v3,SAC
162,10928.278909406072,810000,HalfCheetah-v3,SAC
163,10901.802619823728,815000,HalfCheetah-v3,SAC
164,10585.592288265427,820000,HalfCheetah-v3,SAC
165,11131.70809021682,825000,HalfCheetah-v3,SAC
166,10952.554799383479,830000,HalfCheetah-v3,SAC
167,11036.309049801668,835000,HalfCheetah-v3,SAC
168,11037.08940892361,840000,HalfCheetah-v3,SAC
169,10944.137699736333,845000,HalfCheetah-v3,SAC
170,11037.623218038792,850000,HalfCheetah-v3,SAC
171,11057.658802370486,855000,HalfCheetah-v3,SAC
172,11111.787269069666,860000,HalfCheetah-v3,SAC
173,11254.824823156407,865000,HalfCheetah-v3,SAC
174,11201.041936012762,870000,HalfCheetah-v3,SAC
175,10851.084406460775,875000,HalfCheetah-v3,SAC
176,11290.95355312617,880000,HalfCheetah-v3,SAC
177,11156.599164815725,885000,HalfCheetah-v3,SAC
178,11118.949151355982,890000,HalfCheetah-v3,SAC
179,10889.533138332394,895000,HalfCheetah-v3,SAC
180,11102.702175161194,900000,HalfCheetah-v3,SAC
181,11309.729822549118,905000,HalfCheetah-v3,SAC
182,11337.55370725479,910000,HalfCheetah-v3,SAC
183,11314.110960183923,915000,HalfCheetah-v3,SAC
184,11317.04976138213,920000,HalfCheetah-v3,SAC
185,11268.064585518609,925000,HalfCheetah-v3,SAC
186,11167.501602406635,930000,HalfCheetah-v3,SAC
187,11322.065568250122,935000,HalfCheetah-v3,SAC
188,11334.508381971218,940000,HalfCheetah-v3,SAC
189,11383.365470507628,945000,HalfCheetah-v3,SAC
190,10900.051496436168,950000,HalfCheetah-v3,SAC
191,11153.967968964305,955000,HalfCheetah-v3,SAC
192,11483.960372367952,960000,HalfCheetah-v3,SAC
193,11193.598174149982,965000,HalfCheetah-v3,SAC
194,11526.974277499885,970000,HalfCheetah-v3,SAC
195,11369.46056456518,975000,HalfCheetah-v3,SAC
196,11230.315535955498,980000,HalfCheetah-v3,SAC
197,11283.604685704291,985000,HalfCheetah-v3,SAC
198,11181.31196617636,990000,HalfCheetah-v3,SAC
199,11295.07852527205,995000,HalfCheetah-v3,SAC
200,11243.23449356599,1000000,HalfCheetah-v3,SAC
