index,Average Return,Timesteps,env,algorithm_name
0,48439.78611264532,0,HumanoidStandup-v2,SAC
1,99595.84756292179,5000,HumanoidStandup-v2,SAC
2,101893.30012099308,10000,HumanoidStandup-v2,SAC
3,123088.40109316718,15000,HumanoidStandup-v2,SAC
4,121828.64888023915,20000,HumanoidStandup-v2,SAC
5,120926.60595924172,25000,HumanoidStandup-v2,SAC
6,121002.25693242831,30000,HumanoidStandup-v2,SAC
7,111931.67782214594,35000,HumanoidStandup-v2,SAC
8,121457.97195414294,40000,HumanoidStandup-v2,SAC
9,125104.05761249686,45000,HumanoidStandup-v2,SAC
10,133357.8451029328,50000,HumanoidStandup-v2,SAC
11,133962.70927565423,55000,HumanoidStandup-v2,SAC
12,135589.84070186986,60000,HumanoidStandup-v2,SAC
13,132100.18572399946,65000,HumanoidStandup-v2,SAC
14,135837.9357665611,70000,HumanoidStandup-v2,SAC
15,136563.28096700873,75000,HumanoidStandup-v2,SAC
16,136481.18032203976,80000,HumanoidStandup-v2,SAC
17,136309.49847381556,85000,HumanoidStandup-v2,SAC
18,136728.317808715,90000,HumanoidStandup-v2,SAC
19,136556.54402419316,95000,HumanoidStandup-v2,SAC
20,136740.17549625784,100000,HumanoidStandup-v2,SAC
21,134276.74725827924,105000,HumanoidStandup-v2,SAC
22,136052.8046462748,110000,HumanoidStandup-v2,SAC
23,136290.29580089223,115000,HumanoidStandup-v2,SAC
24,136485.97201426246,120000,HumanoidStandup-v2,SAC
25,136450.74091064034,125000,HumanoidStandup-v2,SAC
26,136461.2168080752,130000,HumanoidStandup-v2,SAC
27,136602.22011137844,135000,HumanoidStandup-v2,SAC
28,136538.27681559135,140000,HumanoidStandup-v2,SAC
