index,Average Return,Timesteps,env,algorithm_name
0,76.8330776266067,0,Humanoid-v3,SAC_Q2a
1,252.17209729375395,5000,Humanoid-v3,SAC_Q2a
2,247.46074645135818,10000,Humanoid-v3,SAC_Q2a
3,412.4809175403155,15000,Humanoid-v3,SAC_Q2a
4,340.1337543308376,20000,Humanoid-v3,SAC_Q2a
5,505.70316928596594,25000,Humanoid-v3,SAC_Q2a
6,469.0731872954514,30000,Humanoid-v3,SAC_Q2a
7,417.9507918436592,35000,Humanoid-v3,SAC_Q2a
8,515.9852111654394,40000,Humanoid-v3,SAC_Q2a
9,490.71372146697985,45000,Humanoid-v3,SAC_Q2a
10,494.60878624719396,50000,Humanoid-v3,SAC_Q2a
11,494.0160802460083,55000,Humanoid-v3,SAC_Q2a
12,575.4504287732209,60000,Humanoid-v3,SAC_Q2a
13,504.06778142768627,65000,Humanoid-v3,SAC_Q2a
14,755.6952790846474,70000,Humanoid-v3,SAC_Q2a
15,672.7232052205562,75000,Humanoid-v3,SAC_Q2a
16,669.7005009914003,80000,Humanoid-v3,SAC_Q2a
17,525.4499616238534,85000,Humanoid-v3,SAC_Q2a
18,538.189566172033,90000,Humanoid-v3,SAC_Q2a
19,596.8417267094655,95000,Humanoid-v3,SAC_Q2a
20,742.669576682593,100000,Humanoid-v3,SAC_Q2a
21,611.5715542055298,105000,Humanoid-v3,SAC_Q2a
22,636.9460414780768,110000,Humanoid-v3,SAC_Q2a
23,820.2087119723668,115000,Humanoid-v3,SAC_Q2a
24,486.4030768440466,120000,Humanoid-v3,SAC_Q2a
25,699.9520940764467,125000,Humanoid-v3,SAC_Q2a
26,707.589620271552,130000,Humanoid-v3,SAC_Q2a
27,938.7568866236145,135000,Humanoid-v3,SAC_Q2a
28,999.6970606531289,140000,Humanoid-v3,SAC_Q2a
29,653.2195476273557,145000,Humanoid-v3,SAC_Q2a
30,509.3193834712306,150000,Humanoid-v3,SAC_Q2a
31,1131.4274862891502,155000,Humanoid-v3,SAC_Q2a
32,726.0193159913766,160000,Humanoid-v3,SAC_Q2a
33,668.1778496926969,165000,Humanoid-v3,SAC_Q2a
34,1094.9483459742064,170000,Humanoid-v3,SAC_Q2a
35,780.3500571598795,175000,Humanoid-v3,SAC_Q2a
36,894.0488137264394,180000,Humanoid-v3,SAC_Q2a
37,830.0347639420052,185000,Humanoid-v3,SAC_Q2a
38,920.4525395421797,190000,Humanoid-v3,SAC_Q2a
39,1297.5111618093572,195000,Humanoid-v3,SAC_Q2a
40,954.106690514491,200000,Humanoid-v3,SAC_Q2a
41,1158.2773899537005,205000,Humanoid-v3,SAC_Q2a
42,1082.9523607426495,210000,Humanoid-v3,SAC_Q2a
43,1274.4604114666874,215000,Humanoid-v3,SAC_Q2a
44,941.2618537600072,220000,Humanoid-v3,SAC_Q2a
45,963.0215873269744,225000,Humanoid-v3,SAC_Q2a
46,1033.0954493694637,230000,Humanoid-v3,SAC_Q2a
47,1129.1847258103405,235000,Humanoid-v3,SAC_Q2a
48,1725.0060161100191,240000,Humanoid-v3,SAC_Q2a
49,1813.4159772239977,245000,Humanoid-v3,SAC_Q2a
50,2530.0812607896087,250000,Humanoid-v3,SAC_Q2a
51,4437.732886517392,255000,Humanoid-v3,SAC_Q2a
52,2748.7872096142496,260000,Humanoid-v3,SAC_Q2a
53,2909.7303275201516,265000,Humanoid-v3,SAC_Q2a
54,3365.248010080064,270000,Humanoid-v3,SAC_Q2a
55,3257.4814549272264,275000,Humanoid-v3,SAC_Q2a
56,5048.882776720415,280000,Humanoid-v3,SAC_Q2a
57,3555.7105101762436,285000,Humanoid-v3,SAC_Q2a
58,3910.370819551207,290000,Humanoid-v3,SAC_Q2a
59,5068.109179218599,295000,Humanoid-v3,SAC_Q2a
60,2298.978550385517,300000,Humanoid-v3,SAC_Q2a
61,5004.8502249415615,305000,Humanoid-v3,SAC_Q2a
62,5069.215707870659,310000,Humanoid-v3,SAC_Q2a
63,4939.409299188652,315000,Humanoid-v3,SAC_Q2a
64,5119.551147094914,320000,Humanoid-v3,SAC_Q2a
65,5133.940099973244,325000,Humanoid-v3,SAC_Q2a
66,5160.2362954200025,330000,Humanoid-v3,SAC_Q2a
67,5145.505631008102,335000,Humanoid-v3,SAC_Q2a
68,5144.419720939604,340000,Humanoid-v3,SAC_Q2a
69,5151.623378674703,345000,Humanoid-v3,SAC_Q2a
70,3624.253260479175,350000,Humanoid-v3,SAC_Q2a
71,2808.528470245822,355000,Humanoid-v3,SAC_Q2a
72,4947.383014780765,360000,Humanoid-v3,SAC_Q2a
