index,Average Return,Timesteps,env,algorithm_name
0,-493.8922192968729,0.0,HalfCheetah-v3,TD3_Q2a3x64_1p
1,-537.032671942761,5000.0,HalfCheetah-v3,TD3_Q2a3x64_1p
2,-532.9055337936538,10000.0,HalfCheetah-v3,TD3_Q2a3x64_1p
3,-509.03984372075956,15000.0,HalfCheetah-v3,TD3_Q2a3x64_1p
4,-530.3877257423952,20000.0,HalfCheetah-v3,TD3_Q2a3x64_1p
5,-538.1922494195562,25000.0,HalfCheetah-v3,TD3_Q2a3x64_1p
6,-532.1544674162321,30000.0,HalfCheetah-v3,TD3_Q2a3x64_1p
7,-502.7942902903589,35000.0,HalfCheetah-v3,TD3_Q2a3x64_1p
8,-536.711754526061,40000.0,HalfCheetah-v3,TD3_Q2a3x64_1p
9,-502.3378856899077,45000.0,HalfCheetah-v3,TD3_Q2a3x64_1p
10,-305.3467236331884,50000.0,HalfCheetah-v3,TD3_Q2a3x64_1p
11,-250.9733980169512,55000.0,HalfCheetah-v3,TD3_Q2a3x64_1p
12,-221.1107724882448,60000.0,HalfCheetah-v3,TD3_Q2a3x64_1p
13,-233.50718424147144,65000.0,HalfCheetah-v3,TD3_Q2a3x64_1p
14,-217.84854625072626,70000.0,HalfCheetah-v3,TD3_Q2a3x64_1p
15,-455.3865188741872,75000.0,HalfCheetah-v3,TD3_Q2a3x64_1p
16,-446.7210358395012,80000.0,HalfCheetah-v3,TD3_Q2a3x64_1p
17,-430.3560252032439,85000.0,HalfCheetah-v3,TD3_Q2a3x64_1p
18,-471.4454210637411,90000.0,HalfCheetah-v3,TD3_Q2a3x64_1p
19,-486.99833919089554,95000.0,HalfCheetah-v3,TD3_Q2a3x64_1p
20,-210.51114638103837,100000.0,HalfCheetah-v3,TD3_Q2a3x64_1p
21,-150.6410605791188,105000.0,HalfCheetah-v3,TD3_Q2a3x64_1p
22,-163.48214888155763,110000.0,HalfCheetah-v3,TD3_Q2a3x64_1p
23,-168.79686330437968,115000.0,HalfCheetah-v3,TD3_Q2a3x64_1p
24,-134.85023380923786,120000.0,HalfCheetah-v3,TD3_Q2a3x64_1p
25,166.47172665850923,125000.0,HalfCheetah-v3,TD3_Q2a3x64_1p
26,205.98465246118676,130000.0,HalfCheetah-v3,TD3_Q2a3x64_1p
27,70.41003320682083,135000.0,HalfCheetah-v3,TD3_Q2a3x64_1p
28,300.5390143535591,140000.0,HalfCheetah-v3,TD3_Q2a3x64_1p
29,204.02025999028868,145000.0,HalfCheetah-v3,TD3_Q2a3x64_1p
30,812.7840619485661,150000.0,HalfCheetah-v3,TD3_Q2a3x64_1p
31,474.4917172002523,155000.0,HalfCheetah-v3,TD3_Q2a3x64_1p
32,589.5643674050355,160000.0,HalfCheetah-v3,TD3_Q2a3x64_1p
33,453.73094718429064,165000.0,HalfCheetah-v3,TD3_Q2a3x64_1p
34,685.4174660255798,170000.0,HalfCheetah-v3,TD3_Q2a3x64_1p
35,1625.1957238413956,175000.0,HalfCheetah-v3,TD3_Q2a3x64_1p
36,1397.3538402684296,180000.0,HalfCheetah-v3,TD3_Q2a3x64_1p
37,1795.447628098655,185000.0,HalfCheetah-v3,TD3_Q2a3x64_1p
38,1509.7245385545632,190000.0,HalfCheetah-v3,TD3_Q2a3x64_1p
39,1705.3532532169152,195000.0,HalfCheetah-v3,TD3_Q2a3x64_1p
40,2153.021756475637,200000.0,HalfCheetah-v3,TD3_Q2a3x64_1p
41,1511.3487163312188,205000.0,HalfCheetah-v3,TD3_Q2a3x64_1p
42,1994.9801665170976,210000.0,HalfCheetah-v3,TD3_Q2a3x64_1p
43,1788.408861317431,215000.0,HalfCheetah-v3,TD3_Q2a3x64_1p
44,1619.863623716971,220000.0,HalfCheetah-v3,TD3_Q2a3x64_1p
45,2391.5177979525824,225000.0,HalfCheetah-v3,TD3_Q2a3x64_1p
46,1803.7942853137029,230000.0,HalfCheetah-v3,TD3_Q2a3x64_1p
47,1924.2329259448538,235000.0,HalfCheetah-v3,TD3_Q2a3x64_1p
48,1560.80256682646,240000.0,HalfCheetah-v3,TD3_Q2a3x64_1p
49,2072.112641582339,245000.0,HalfCheetah-v3,TD3_Q2a3x64_1p
50,2010.8897938933437,250000.0,HalfCheetah-v3,TD3_Q2a3x64_1p
51,2311.625973611849,255000.0,HalfCheetah-v3,TD3_Q2a3x64_1p
52,2299.5432031689734,260000.0,HalfCheetah-v3,TD3_Q2a3x64_1p
53,2323.972560898177,265000.0,HalfCheetah-v3,TD3_Q2a3x64_1p
54,1869.5679012865262,270000.0,HalfCheetah-v3,TD3_Q2a3x64_1p
55,2856.576838742629,275000.0,HalfCheetah-v3,TD3_Q2a3x64_1p
56,2174.128220300418,280000.0,HalfCheetah-v3,TD3_Q2a3x64_1p
57,2419.2923790075592,285000.0,HalfCheetah-v3,TD3_Q2a3x64_1p
58,2875.0864949027896,290000.0,HalfCheetah-v3,TD3_Q2a3x64_1p
59,2512.403119749002,295000.0,HalfCheetah-v3,TD3_Q2a3x64_1p
60,2698.5947194258483,300000.0,HalfCheetah-v3,TD3_Q2a3x64_1p
61,2709.418955207372,305000.0,HalfCheetah-v3,TD3_Q2a3x64_1p
62,2352.0797664803295,310000.0,HalfCheetah-v3,TD3_Q2a3x64_1p
63,2374.953778221678,315000.0,HalfCheetah-v3,TD3_Q2a3x64_1p
64,2299.224675417924,320000.0,HalfCheetah-v3,TD3_Q2a3x64_1p
65,3060.2368481864637,325000.0,HalfCheetah-v3,TD3_Q2a3x64_1p
66,3260.6430051825982,330000.0,HalfCheetah-v3,TD3_Q2a3x64_1p
67,3175.4733242561365,335000.0,HalfCheetah-v3,TD3_Q2a3x64_1p
68,3157.6030895879308,340000.0,HalfCheetah-v3,TD3_Q2a3x64_1p
69,3040.750547277304,345000.0,HalfCheetah-v3,TD3_Q2a3x64_1p
70,3014.8720236414447,350000.0,HalfCheetah-v3,TD3_Q2a3x64_1p
71,3139.650182292464,355000.0,HalfCheetah-v3,TD3_Q2a3x64_1p
72,3253.814596377835,360000.0,HalfCheetah-v3,TD3_Q2a3x64_1p
73,3213.884186021547,365000.0,HalfCheetah-v3,TD3_Q2a3x64_1p
74,3104.040755143085,370000.0,HalfCheetah-v3,TD3_Q2a3x64_1p
75,3594.1188309259146,375000.0,HalfCheetah-v3,TD3_Q2a3x64_1p
76,3521.112881276179,380000.0,HalfCheetah-v3,TD3_Q2a3x64_1p
77,3552.3193005841786,385000.0,HalfCheetah-v3,TD3_Q2a3x64_1p
78,3340.1614326758763,390000.0,HalfCheetah-v3,TD3_Q2a3x64_1p
79,3310.494356196733,395000.0,HalfCheetah-v3,TD3_Q2a3x64_1p
80,3480.8434910278784,400000.0,HalfCheetah-v3,TD3_Q2a3x64_1p
81,3310.982819157459,405000.0,HalfCheetah-v3,TD3_Q2a3x64_1p
82,3443.358278057848,410000.0,HalfCheetah-v3,TD3_Q2a3x64_1p
83,3299.8303599814594,415000.0,HalfCheetah-v3,TD3_Q2a3x64_1p
84,3148.218676712272,420000.0,HalfCheetah-v3,TD3_Q2a3x64_1p
85,3797.5423576706517,425000.0,HalfCheetah-v3,TD3_Q2a3x64_1p
86,3716.4471256495513,430000.0,HalfCheetah-v3,TD3_Q2a3x64_1p
87,3848.900649775548,435000.0,HalfCheetah-v3,TD3_Q2a3x64_1p
88,3650.7291209941714,440000.0,HalfCheetah-v3,TD3_Q2a3x64_1p
89,3607.10618037088,445000.0,HalfCheetah-v3,TD3_Q2a3x64_1p
90,4279.535953130152,450000.0,HalfCheetah-v3,TD3_Q2a3x64_1p
91,3894.584566316077,455000.0,HalfCheetah-v3,TD3_Q2a3x64_1p
92,3812.51433946867,460000.0,HalfCheetah-v3,TD3_Q2a3x64_1p
93,3622.978483873845,465000.0,HalfCheetah-v3,TD3_Q2a3x64_1p
94,3503.474609671156,470000.0,HalfCheetah-v3,TD3_Q2a3x64_1p
95,4421.907981325598,475000.0,HalfCheetah-v3,TD3_Q2a3x64_1p
96,4374.674919427993,480000.0,HalfCheetah-v3,TD3_Q2a3x64_1p
97,4260.176795399517,485000.0,HalfCheetah-v3,TD3_Q2a3x64_1p
98,4101.671501596838,490000.0,HalfCheetah-v3,TD3_Q2a3x64_1p
99,3872.6946143136884,495000.0,HalfCheetah-v3,TD3_Q2a3x64_1p
100,4731.948566016288,500000.0,HalfCheetah-v3,TD3_Q2a3x64_1p
101,4344.944069653977,505000.0,HalfCheetah-v3,TD3_Q2a3x64_1p
102,3985.0840712462823,510000.0,HalfCheetah-v3,TD3_Q2a3x64_1p
103,4174.353196973903,515000.0,HalfCheetah-v3,TD3_Q2a3x64_1p
104,3632.748604240232,520000.0,HalfCheetah-v3,TD3_Q2a3x64_1p
105,4647.50278980848,525000.0,HalfCheetah-v3,TD3_Q2a3x64_1p
106,4529.323641150938,530000.0,HalfCheetah-v3,TD3_Q2a3x64_1p
107,4391.693922849167,535000.0,HalfCheetah-v3,TD3_Q2a3x64_1p
108,4182.645407851973,540000.0,HalfCheetah-v3,TD3_Q2a3x64_1p
109,3957.0920032635067,545000.0,HalfCheetah-v3,TD3_Q2a3x64_1p
110,4504.714319161639,550000.0,HalfCheetah-v3,TD3_Q2a3x64_1p
111,4443.902979127689,555000.0,HalfCheetah-v3,TD3_Q2a3x64_1p
112,4252.332031819891,560000.0,HalfCheetah-v3,TD3_Q2a3x64_1p
113,4156.015165669456,565000.0,HalfCheetah-v3,TD3_Q2a3x64_1p
114,3976.6420597923725,570000.0,HalfCheetah-v3,TD3_Q2a3x64_1p
115,4856.334595226487,575000.0,HalfCheetah-v3,TD3_Q2a3x64_1p
116,4681.9548723623275,580000.0,HalfCheetah-v3,TD3_Q2a3x64_1p
117,4807.3451741567105,585000.0,HalfCheetah-v3,TD3_Q2a3x64_1p
118,4482.439589891924,590000.0,HalfCheetah-v3,TD3_Q2a3x64_1p
119,4019.478029791432,595000.0,HalfCheetah-v3,TD3_Q2a3x64_1p
120,5201.109309982012,600000.0,HalfCheetah-v3,TD3_Q2a3x64_1p
121,5035.058629263813,605000.0,HalfCheetah-v3,TD3_Q2a3x64_1p
122,4946.4357951571,610000.0,HalfCheetah-v3,TD3_Q2a3x64_1p
123,4805.671656426379,615000.0,HalfCheetah-v3,TD3_Q2a3x64_1p
124,4516.549784090673,620000.0,HalfCheetah-v3,TD3_Q2a3x64_1p
125,5296.342173508815,625000.0,HalfCheetah-v3,TD3_Q2a3x64_1p
126,5226.2795693930075,630000.0,HalfCheetah-v3,TD3_Q2a3x64_1p
127,4964.208897306774,635000.0,HalfCheetah-v3,TD3_Q2a3x64_1p
128,4800.649109563082,640000.0,HalfCheetah-v3,TD3_Q2a3x64_1p
129,4613.311383507272,645000.0,HalfCheetah-v3,TD3_Q2a3x64_1p
130,5176.984560331739,650000.0,HalfCheetah-v3,TD3_Q2a3x64_1p
131,5080.173668147663,655000.0,HalfCheetah-v3,TD3_Q2a3x64_1p
132,4928.955563901021,660000.0,HalfCheetah-v3,TD3_Q2a3x64_1p
133,4734.2974969258485,665000.0,HalfCheetah-v3,TD3_Q2a3x64_1p
134,4592.36408042733,670000.0,HalfCheetah-v3,TD3_Q2a3x64_1p
135,5296.3277087290935,675000.0,HalfCheetah-v3,TD3_Q2a3x64_1p
136,5241.657612658137,680000.0,HalfCheetah-v3,TD3_Q2a3x64_1p
137,5075.688083851336,685000.0,HalfCheetah-v3,TD3_Q2a3x64_1p
138,4856.65284756115,690000.0,HalfCheetah-v3,TD3_Q2a3x64_1p
139,4453.889027035534,695000.0,HalfCheetah-v3,TD3_Q2a3x64_1p
140,5382.709360272883,700000.0,HalfCheetah-v3,TD3_Q2a3x64_1p
141,5322.977940505466,705000.0,HalfCheetah-v3,TD3_Q2a3x64_1p
142,5099.181996923154,710000.0,HalfCheetah-v3,TD3_Q2a3x64_1p
143,4845.449745821485,715000.0,HalfCheetah-v3,TD3_Q2a3x64_1p
144,4660.129592341801,720000.0,HalfCheetah-v3,TD3_Q2a3x64_1p
145,5344.958749109384,725000.0,HalfCheetah-v3,TD3_Q2a3x64_1p
146,5494.652694762057,730000.0,HalfCheetah-v3,TD3_Q2a3x64_1p
147,4587.468710179839,735000.0,HalfCheetah-v3,TD3_Q2a3x64_1p
148,4890.138725675061,740000.0,HalfCheetah-v3,TD3_Q2a3x64_1p
149,4853.970499103625,745000.0,HalfCheetah-v3,TD3_Q2a3x64_1p
150,4055.272237704682,750000.0,HalfCheetah-v3,TD3_Q2a3x64_1p
151,3923.2238024849453,755000.0,HalfCheetah-v3,TD3_Q2a3x64_1p
152,4128.340793034256,760000.0,HalfCheetah-v3,TD3_Q2a3x64_1p
153,3936.117668408367,765000.0,HalfCheetah-v3,TD3_Q2a3x64_1p
154,4106.643219766298,770000.0,HalfCheetah-v3,TD3_Q2a3x64_1p
155,5935.44146197453,775000.0,HalfCheetah-v3,TD3_Q2a3x64_1p
156,5694.662544298875,780000.0,HalfCheetah-v3,TD3_Q2a3x64_1p
157,5447.544988054509,785000.0,HalfCheetah-v3,TD3_Q2a3x64_1p
158,5131.188472950519,790000.0,HalfCheetah-v3,TD3_Q2a3x64_1p
159,4868.770598027306,795000.0,HalfCheetah-v3,TD3_Q2a3x64_1p
160,4789.644603244473,800000.0,HalfCheetah-v3,TD3_Q2a3x64_1p
161,5240.154165918388,805000.0,HalfCheetah-v3,TD3_Q2a3x64_1p
162,5526.044006550068,810000.0,HalfCheetah-v3,TD3_Q2a3x64_1p
163,5130.850568367629,815000.0,HalfCheetah-v3,TD3_Q2a3x64_1p
164,4870.015826047976,820000.0,HalfCheetah-v3,TD3_Q2a3x64_1p
165,5890.684427585295,825000.0,HalfCheetah-v3,TD3_Q2a3x64_1p
166,5874.679540120384,830000.0,HalfCheetah-v3,TD3_Q2a3x64_1p
167,5595.761363126169,835000.0,HalfCheetah-v3,TD3_Q2a3x64_1p
168,4896.003154027049,840000.0,HalfCheetah-v3,TD3_Q2a3x64_1p
169,4973.258087997831,845000.0,HalfCheetah-v3,TD3_Q2a3x64_1p
170,6158.605754442499,850000.0,HalfCheetah-v3,TD3_Q2a3x64_1p
171,5942.797891523255,855000.0,HalfCheetah-v3,TD3_Q2a3x64_1p
172,5659.126013854123,860000.0,HalfCheetah-v3,TD3_Q2a3x64_1p
173,5092.792943066429,865000.0,HalfCheetah-v3,TD3_Q2a3x64_1p
174,5086.948342671095,870000.0,HalfCheetah-v3,TD3_Q2a3x64_1p
175,6081.152987386625,875000.0,HalfCheetah-v3,TD3_Q2a3x64_1p
176,5914.437294913323,880000.0,HalfCheetah-v3,TD3_Q2a3x64_1p
177,5748.814823361345,885000.0,HalfCheetah-v3,TD3_Q2a3x64_1p
178,5515.994933316127,890000.0,HalfCheetah-v3,TD3_Q2a3x64_1p
179,5082.170708322688,895000.0,HalfCheetah-v3,TD3_Q2a3x64_1p
180,5608.620645124905,900000.0,HalfCheetah-v3,TD3_Q2a3x64_1p
181,5913.7921181191405,905000.0,HalfCheetah-v3,TD3_Q2a3x64_1p
182,5229.430100627005,910000.0,HalfCheetah-v3,TD3_Q2a3x64_1p
183,4887.702664996039,915000.0,HalfCheetah-v3,TD3_Q2a3x64_1p
184,5059.950211728522,920000.0,HalfCheetah-v3,TD3_Q2a3x64_1p
185,6433.817772464775,925000.0,HalfCheetah-v3,TD3_Q2a3x64_1p
186,6157.451873885528,930000.0,HalfCheetah-v3,TD3_Q2a3x64_1p
187,5816.623169684802,935000.0,HalfCheetah-v3,TD3_Q2a3x64_1p
188,5281.380939835121,940000.0,HalfCheetah-v3,TD3_Q2a3x64_1p
189,5105.477558568056,945000.0,HalfCheetah-v3,TD3_Q2a3x64_1p
190,5635.651587404026,950000.0,HalfCheetah-v3,TD3_Q2a3x64_1p
191,5542.813428478755,955000.0,HalfCheetah-v3,TD3_Q2a3x64_1p
192,5231.9433468786465,960000.0,HalfCheetah-v3,TD3_Q2a3x64_1p
193,5217.2805350143735,965000.0,HalfCheetah-v3,TD3_Q2a3x64_1p
194,4824.573308567879,970000.0,HalfCheetah-v3,TD3_Q2a3x64_1p
195,6459.694672378438,975000.0,HalfCheetah-v3,TD3_Q2a3x64_1p
196,6270.778229013557,980000.0,HalfCheetah-v3,TD3_Q2a3x64_1p
197,6144.71933134978,985000.0,HalfCheetah-v3,TD3_Q2a3x64_1p
198,5698.05810511372,990000.0,HalfCheetah-v3,TD3_Q2a3x64_1p
199,4987.827352119422,995000.0,HalfCheetah-v3,TD3_Q2a3x64_1p
200,6369.656821065831,1000000.0,HalfCheetah-v3,TD3_Q2a3x64_1p
201,6288.2343737038045,1005000.0,HalfCheetah-v3,TD3_Q2a3x64_1p
202,5956.674950242383,1010000.0,HalfCheetah-v3,TD3_Q2a3x64_1p
203,5669.035713372257,1015000.0,HalfCheetah-v3,TD3_Q2a3x64_1p
204,5196.705714138111,1020000.0,HalfCheetah-v3,TD3_Q2a3x64_1p
205,6651.118994733688,1025000.0,HalfCheetah-v3,TD3_Q2a3x64_1p
206,6481.777851293875,1030000.0,HalfCheetah-v3,TD3_Q2a3x64_1p
207,6105.176601863062,1035000.0,HalfCheetah-v3,TD3_Q2a3x64_1p
208,5734.219153780324,1040000.0,HalfCheetah-v3,TD3_Q2a3x64_1p
209,4961.783915817647,1045000.0,HalfCheetah-v3,TD3_Q2a3x64_1p
210,6424.828386786727,1050000.0,HalfCheetah-v3,TD3_Q2a3x64_1p
211,6021.915787111818,1055000.0,HalfCheetah-v3,TD3_Q2a3x64_1p
212,6054.023626267777,1060000.0,HalfCheetah-v3,TD3_Q2a3x64_1p
213,5857.295661030888,1065000.0,HalfCheetah-v3,TD3_Q2a3x64_1p
214,5508.498628615828,1070000.0,HalfCheetah-v3,TD3_Q2a3x64_1p
215,6725.683504881968,1075000.0,HalfCheetah-v3,TD3_Q2a3x64_1p
216,6445.048461523425,1080000.0,HalfCheetah-v3,TD3_Q2a3x64_1p
217,6026.177877339853,1085000.0,HalfCheetah-v3,TD3_Q2a3x64_1p
218,5582.0049442492145,1090000.0,HalfCheetah-v3,TD3_Q2a3x64_1p
219,5269.789488938456,1095000.0,HalfCheetah-v3,TD3_Q2a3x64_1p
220,6761.407731367192,1100000.0,HalfCheetah-v3,TD3_Q2a3x64_1p
221,6173.9990433804915,1105000.0,HalfCheetah-v3,TD3_Q2a3x64_1p
222,5702.775533894091,1110000.0,HalfCheetah-v3,TD3_Q2a3x64_1p
223,5936.753420413096,1115000.0,HalfCheetah-v3,TD3_Q2a3x64_1p
224,5629.247652298221,1120000.0,HalfCheetah-v3,TD3_Q2a3x64_1p
225,6802.279276707003,1125000.0,HalfCheetah-v3,TD3_Q2a3x64_1p
226,6568.110716142645,1130000.0,HalfCheetah-v3,TD3_Q2a3x64_1p
227,6161.93056867873,1135000.0,HalfCheetah-v3,TD3_Q2a3x64_1p
228,5801.961015488916,1140000.0,HalfCheetah-v3,TD3_Q2a3x64_1p
229,5403.2726074388165,1145000.0,HalfCheetah-v3,TD3_Q2a3x64_1p
230,6484.152756924648,1150000.0,HalfCheetah-v3,TD3_Q2a3x64_1p
231,6377.549619536782,1155000.0,HalfCheetah-v3,TD3_Q2a3x64_1p
232,6159.246028335386,1160000.0,HalfCheetah-v3,TD3_Q2a3x64_1p
233,5780.493649159265,1165000.0,HalfCheetah-v3,TD3_Q2a3x64_1p
234,5485.755315442879,1170000.0,HalfCheetah-v3,TD3_Q2a3x64_1p
235,6287.831492105492,1175000.0,HalfCheetah-v3,TD3_Q2a3x64_1p
236,6157.4517998267875,1180000.0,HalfCheetah-v3,TD3_Q2a3x64_1p
237,5923.142628284223,1185000.0,HalfCheetah-v3,TD3_Q2a3x64_1p
238,5662.605772802675,1190000.0,HalfCheetah-v3,TD3_Q2a3x64_1p
239,5526.252756982956,1195000.0,HalfCheetah-v3,TD3_Q2a3x64_1p
240,7019.821192721596,1200000.0,HalfCheetah-v3,TD3_Q2a3x64_1p
241,6735.191272501313,1205000.0,HalfCheetah-v3,TD3_Q2a3x64_1p
242,6452.359483380945,1210000.0,HalfCheetah-v3,TD3_Q2a3x64_1p
243,5816.273500262202,1215000.0,HalfCheetah-v3,TD3_Q2a3x64_1p
244,5481.631701376722,1220000.0,HalfCheetah-v3,TD3_Q2a3x64_1p
245,6810.728404175476,1225000.0,HalfCheetah-v3,TD3_Q2a3x64_1p
246,6624.697652623492,1230000.0,HalfCheetah-v3,TD3_Q2a3x64_1p
247,6261.818171199667,1235000.0,HalfCheetah-v3,TD3_Q2a3x64_1p
248,5842.981405313204,1240000.0,HalfCheetah-v3,TD3_Q2a3x64_1p
249,5393.596820169905,1245000.0,HalfCheetah-v3,TD3_Q2a3x64_1p
250,6792.42530689632,1250000.0,HalfCheetah-v3,TD3_Q2a3x64_1p
251,6593.472666189076,1255000.0,HalfCheetah-v3,TD3_Q2a3x64_1p
252,6085.110199661068,1260000.0,HalfCheetah-v3,TD3_Q2a3x64_1p
253,5745.832762977349,1265000.0,HalfCheetah-v3,TD3_Q2a3x64_1p
254,5413.251467200468,1270000.0,HalfCheetah-v3,TD3_Q2a3x64_1p
255,6791.697673075561,1275000.0,HalfCheetah-v3,TD3_Q2a3x64_1p
256,6526.943329932341,1280000.0,HalfCheetah-v3,TD3_Q2a3x64_1p
257,6163.335901441427,1285000.0,HalfCheetah-v3,TD3_Q2a3x64_1p
258,5729.868822950479,1290000.0,HalfCheetah-v3,TD3_Q2a3x64_1p
259,5479.2206475363355,1295000.0,HalfCheetah-v3,TD3_Q2a3x64_1p
260,6937.375498731744,1300000.0,HalfCheetah-v3,TD3_Q2a3x64_1p
261,6743.53330304524,1305000.0,HalfCheetah-v3,TD3_Q2a3x64_1p
262,6404.689466186677,1310000.0,HalfCheetah-v3,TD3_Q2a3x64_1p
263,6051.683819807315,1315000.0,HalfCheetah-v3,TD3_Q2a3x64_1p
264,5670.127922244912,1320000.0,HalfCheetah-v3,TD3_Q2a3x64_1p
265,6928.392377461042,1325000.0,HalfCheetah-v3,TD3_Q2a3x64_1p
266,6595.172246308536,1330000.0,HalfCheetah-v3,TD3_Q2a3x64_1p
267,6247.04294311542,1335000.0,HalfCheetah-v3,TD3_Q2a3x64_1p
268,5905.412035437394,1340000.0,HalfCheetah-v3,TD3_Q2a3x64_1p
269,5578.8966634648705,1345000.0,HalfCheetah-v3,TD3_Q2a3x64_1p
270,7168.978479715697,1350000.0,HalfCheetah-v3,TD3_Q2a3x64_1p
271,6876.898102616275,1355000.0,HalfCheetah-v3,TD3_Q2a3x64_1p
272,6476.996312484191,1360000.0,HalfCheetah-v3,TD3_Q2a3x64_1p
273,6204.653454094374,1365000.0,HalfCheetah-v3,TD3_Q2a3x64_1p
274,5615.907714217965,1370000.0,HalfCheetah-v3,TD3_Q2a3x64_1p
275,7034.363249088851,1375000.0,HalfCheetah-v3,TD3_Q2a3x64_1p
276,6792.052376870999,1380000.0,HalfCheetah-v3,TD3_Q2a3x64_1p
277,6664.575262192977,1385000.0,HalfCheetah-v3,TD3_Q2a3x64_1p
278,6357.1976623954215,1390000.0,HalfCheetah-v3,TD3_Q2a3x64_1p
279,5942.271942746721,1395000.0,HalfCheetah-v3,TD3_Q2a3x64_1p
280,7249.2335757118835,1400000.0,HalfCheetah-v3,TD3_Q2a3x64_1p
281,6971.316723538088,1405000.0,HalfCheetah-v3,TD3_Q2a3x64_1p
282,6627.120286779156,1410000.0,HalfCheetah-v3,TD3_Q2a3x64_1p
283,6282.426887951008,1415000.0,HalfCheetah-v3,TD3_Q2a3x64_1p
284,5875.2766736801805,1420000.0,HalfCheetah-v3,TD3_Q2a3x64_1p
285,6961.249835668748,1425000.0,HalfCheetah-v3,TD3_Q2a3x64_1p
286,6766.672870640982,1430000.0,HalfCheetah-v3,TD3_Q2a3x64_1p
287,6425.144988890242,1435000.0,HalfCheetah-v3,TD3_Q2a3x64_1p
288,5925.0990276415905,1440000.0,HalfCheetah-v3,TD3_Q2a3x64_1p
289,5692.716761368347,1445000.0,HalfCheetah-v3,TD3_Q2a3x64_1p
290,6990.761622867775,1450000.0,HalfCheetah-v3,TD3_Q2a3x64_1p
291,6749.270782264725,1455000.0,HalfCheetah-v3,TD3_Q2a3x64_1p
292,6513.291305005075,1460000.0,HalfCheetah-v3,TD3_Q2a3x64_1p
293,6083.486767347206,1465000.0,HalfCheetah-v3,TD3_Q2a3x64_1p
294,5758.857923195115,1470000.0,HalfCheetah-v3,TD3_Q2a3x64_1p
295,7351.367098112438,1475000.0,HalfCheetah-v3,TD3_Q2a3x64_1p
296,7111.180241697728,1480000.0,HalfCheetah-v3,TD3_Q2a3x64_1p
297,6860.484029187124,1485000.0,HalfCheetah-v3,TD3_Q2a3x64_1p
298,6342.505473050363,1490000.0,HalfCheetah-v3,TD3_Q2a3x64_1p
299,6025.840373280107,1495000.0,HalfCheetah-v3,TD3_Q2a3x64_1p
300,7354.8423433226035,1500000.0,HalfCheetah-v3,TD3_Q2a3x64_1p
301,7177.353760889299,1505000.0,HalfCheetah-v3,TD3_Q2a3x64_1p
302,6846.6015459887785,1510000.0,HalfCheetah-v3,TD3_Q2a3x64_1p
303,6372.935344299696,1515000.0,HalfCheetah-v3,TD3_Q2a3x64_1p
304,5989.987649520406,1520000.0,HalfCheetah-v3,TD3_Q2a3x64_1p
305,7095.806991633413,1525000.0,HalfCheetah-v3,TD3_Q2a3x64_1p
306,6857.738456024395,1530000.0,HalfCheetah-v3,TD3_Q2a3x64_1p
307,6458.527628584097,1535000.0,HalfCheetah-v3,TD3_Q2a3x64_1p
308,6142.378936583306,1540000.0,HalfCheetah-v3,TD3_Q2a3x64_1p
309,5584.288757745826,1545000.0,HalfCheetah-v3,TD3_Q2a3x64_1p
310,7545.250726448665,1550000.0,HalfCheetah-v3,TD3_Q2a3x64_1p
311,7341.620644872392,1555000.0,HalfCheetah-v3,TD3_Q2a3x64_1p
312,6943.502860217894,1560000.0,HalfCheetah-v3,TD3_Q2a3x64_1p
313,6523.421863006547,1565000.0,HalfCheetah-v3,TD3_Q2a3x64_1p
314,6138.1746144739645,1570000.0,HalfCheetah-v3,TD3_Q2a3x64_1p
315,7463.888819220818,1575000.0,HalfCheetah-v3,TD3_Q2a3x64_1p
316,7195.847278009086,1580000.0,HalfCheetah-v3,TD3_Q2a3x64_1p
317,6888.369574189417,1585000.0,HalfCheetah-v3,TD3_Q2a3x64_1p
318,6497.86009823321,1590000.0,HalfCheetah-v3,TD3_Q2a3x64_1p
319,6074.876374182719,1595000.0,HalfCheetah-v3,TD3_Q2a3x64_1p
320,7446.089088037926,1600000.0,HalfCheetah-v3,TD3_Q2a3x64_1p
321,7271.685582320259,1605000.0,HalfCheetah-v3,TD3_Q2a3x64_1p
322,6911.38517549269,1610000.0,HalfCheetah-v3,TD3_Q2a3x64_1p
323,6577.188388757854,1615000.0,HalfCheetah-v3,TD3_Q2a3x64_1p
324,6158.5354844573485,1620000.0,HalfCheetah-v3,TD3_Q2a3x64_1p
325,7625.181431459232,1625000.0,HalfCheetah-v3,TD3_Q2a3x64_1p
326,7397.527897174511,1630000.0,HalfCheetah-v3,TD3_Q2a3x64_1p
327,6952.23802610681,1635000.0,HalfCheetah-v3,TD3_Q2a3x64_1p
328,6371.6745792120655,1640000.0,HalfCheetah-v3,TD3_Q2a3x64_1p
329,5983.340463618059,1645000.0,HalfCheetah-v3,TD3_Q2a3x64_1p
330,7828.2340102503385,1650000.0,HalfCheetah-v3,TD3_Q2a3x64_1p
331,7445.688362756026,1655000.0,HalfCheetah-v3,TD3_Q2a3x64_1p
332,7092.052988223435,1660000.0,HalfCheetah-v3,TD3_Q2a3x64_1p
333,6699.028936009246,1665000.0,HalfCheetah-v3,TD3_Q2a3x64_1p
334,6276.660671561711,1670000.0,HalfCheetah-v3,TD3_Q2a3x64_1p
335,7676.7339734533425,1675000.0,HalfCheetah-v3,TD3_Q2a3x64_1p
336,7386.455930643269,1680000.0,HalfCheetah-v3,TD3_Q2a3x64_1p
337,7045.027031105211,1685000.0,HalfCheetah-v3,TD3_Q2a3x64_1p
338,6499.326603692241,1690000.0,HalfCheetah-v3,TD3_Q2a3x64_1p
339,6083.584019644941,1695000.0,HalfCheetah-v3,TD3_Q2a3x64_1p
340,7807.0245612808085,1700000.0,HalfCheetah-v3,TD3_Q2a3x64_1p
341,7627.73912562525,1705000.0,HalfCheetah-v3,TD3_Q2a3x64_1p
342,7330.055741341837,1710000.0,HalfCheetah-v3,TD3_Q2a3x64_1p
343,6878.226263522809,1715000.0,HalfCheetah-v3,TD3_Q2a3x64_1p
344,6275.697446031269,1720000.0,HalfCheetah-v3,TD3_Q2a3x64_1p
345,7421.265939134932,1725000.0,HalfCheetah-v3,TD3_Q2a3x64_1p
346,7236.998273188117,1730000.0,HalfCheetah-v3,TD3_Q2a3x64_1p
347,7028.947437253002,1735000.0,HalfCheetah-v3,TD3_Q2a3x64_1p
348,6672.980646152508,1740000.0,HalfCheetah-v3,TD3_Q2a3x64_1p
349,6273.986806298819,1745000.0,HalfCheetah-v3,TD3_Q2a3x64_1p
350,8007.5856656654,1750000.0,HalfCheetah-v3,TD3_Q2a3x64_1p
351,7720.194502928682,1755000.0,HalfCheetah-v3,TD3_Q2a3x64_1p
352,7251.073742035407,1760000.0,HalfCheetah-v3,TD3_Q2a3x64_1p
353,6826.546587648341,1765000.0,HalfCheetah-v3,TD3_Q2a3x64_1p
354,6149.200137503811,1770000.0,HalfCheetah-v3,TD3_Q2a3x64_1p
355,7925.287237726492,1775000.0,HalfCheetah-v3,TD3_Q2a3x64_1p
356,7734.873923503682,1780000.0,HalfCheetah-v3,TD3_Q2a3x64_1p
357,7320.284058608037,1785000.0,HalfCheetah-v3,TD3_Q2a3x64_1p
358,6877.281077356296,1790000.0,HalfCheetah-v3,TD3_Q2a3x64_1p
359,6282.489655790346,1795000.0,HalfCheetah-v3,TD3_Q2a3x64_1p
360,7969.711329625691,1800000.0,HalfCheetah-v3,TD3_Q2a3x64_1p
361,7657.644215914406,1805000.0,HalfCheetah-v3,TD3_Q2a3x64_1p
362,7447.105424715066,1810000.0,HalfCheetah-v3,TD3_Q2a3x64_1p
363,6953.06136867427,1815000.0,HalfCheetah-v3,TD3_Q2a3x64_1p
364,6313.822587834627,1820000.0,HalfCheetah-v3,TD3_Q2a3x64_1p
365,8012.0882035370405,1825000.0,HalfCheetah-v3,TD3_Q2a3x64_1p
366,7885.906576423391,1830000.0,HalfCheetah-v3,TD3_Q2a3x64_1p
367,7147.802468303215,1835000.0,HalfCheetah-v3,TD3_Q2a3x64_1p
368,6685.421181710661,1840000.0,HalfCheetah-v3,TD3_Q2a3x64_1p
369,5998.9335696598555,1845000.0,HalfCheetah-v3,TD3_Q2a3x64_1p
370,8104.624961964908,1850000.0,HalfCheetah-v3,TD3_Q2a3x64_1p
371,7798.756890435917,1855000.0,HalfCheetah-v3,TD3_Q2a3x64_1p
372,7362.895750454748,1860000.0,HalfCheetah-v3,TD3_Q2a3x64_1p
373,6864.738836593298,1865000.0,HalfCheetah-v3,TD3_Q2a3x64_1p
374,6399.120619454638,1870000.0,HalfCheetah-v3,TD3_Q2a3x64_1p
375,8133.324953872671,1875000.0,HalfCheetah-v3,TD3_Q2a3x64_1p
376,7929.012578815624,1880000.0,HalfCheetah-v3,TD3_Q2a3x64_1p
377,7533.855751029028,1885000.0,HalfCheetah-v3,TD3_Q2a3x64_1p
378,7078.774632056001,1890000.0,HalfCheetah-v3,TD3_Q2a3x64_1p
379,6478.486046035422,1895000.0,HalfCheetah-v3,TD3_Q2a3x64_1p
380,8316.965151758493,1900000.0,HalfCheetah-v3,TD3_Q2a3x64_1p
381,7853.275225965068,1905000.0,HalfCheetah-v3,TD3_Q2a3x64_1p
382,7500.471236109479,1910000.0,HalfCheetah-v3,TD3_Q2a3x64_1p
383,6934.071613759874,1915000.0,HalfCheetah-v3,TD3_Q2a3x64_1p
384,6444.9174018583635,1920000.0,HalfCheetah-v3,TD3_Q2a3x64_1p
385,8124.7343086408655,1925000.0,HalfCheetah-v3,TD3_Q2a3x64_1p
386,7923.48279928952,1930000.0,HalfCheetah-v3,TD3_Q2a3x64_1p
387,7434.836841105927,1935000.0,HalfCheetah-v3,TD3_Q2a3x64_1p
388,7127.085339678355,1940000.0,HalfCheetah-v3,TD3_Q2a3x64_1p
389,6609.4059337944145,1945000.0,HalfCheetah-v3,TD3_Q2a3x64_1p
390,8076.1096950327465,1950000.0,HalfCheetah-v3,TD3_Q2a3x64_1p
391,7793.631634708863,1955000.0,HalfCheetah-v3,TD3_Q2a3x64_1p
392,7570.52875447249,1960000.0,HalfCheetah-v3,TD3_Q2a3x64_1p
393,7201.44311517124,1965000.0,HalfCheetah-v3,TD3_Q2a3x64_1p
394,6660.125758192335,1970000.0,HalfCheetah-v3,TD3_Q2a3x64_1p
395,8384.916921892309,1975000.0,HalfCheetah-v3,TD3_Q2a3x64_1p
396,8148.669975806018,1980000.0,HalfCheetah-v3,TD3_Q2a3x64_1p
397,7668.749927371946,1985000.0,HalfCheetah-v3,TD3_Q2a3x64_1p
398,7307.943162378711,1990000.0,HalfCheetah-v3,TD3_Q2a3x64_1p
399,6703.268287109224,1995000.0,HalfCheetah-v3,TD3_Q2a3x64_1p
400,8619.558785693916,2000000.0,HalfCheetah-v3,TD3_Q2a3x64_1p
401,8141.48247566278,2005000.0,HalfCheetah-v3,TD3_Q2a3x64_1p
402,7657.528843406233,2010000.0,HalfCheetah-v3,TD3_Q2a3x64_1p
403,6950.0182852393045,2015000.0,HalfCheetah-v3,TD3_Q2a3x64_1p
404,6188.511211770171,2020000.0,HalfCheetah-v3,TD3_Q2a3x64_1p
405,8489.471744390657,2025000.0,HalfCheetah-v3,TD3_Q2a3x64_1p
406,8293.090391573623,2030000.0,HalfCheetah-v3,TD3_Q2a3x64_1p
407,7788.623610035531,2035000.0,HalfCheetah-v3,TD3_Q2a3x64_1p
408,7208.373153596118,2040000.0,HalfCheetah-v3,TD3_Q2a3x64_1p
409,6574.362684184933,2045000.0,HalfCheetah-v3,TD3_Q2a3x64_1p
410,8375.983479258963,2050000.0,HalfCheetah-v3,TD3_Q2a3x64_1p
411,8050.184432692911,2055000.0,HalfCheetah-v3,TD3_Q2a3x64_1p
412,7821.092696888784,2060000.0,HalfCheetah-v3,TD3_Q2a3x64_1p
413,7280.621322391965,2065000.0,HalfCheetah-v3,TD3_Q2a3x64_1p
414,6444.71168207521,2070000.0,HalfCheetah-v3,TD3_Q2a3x64_1p
415,8594.045892834101,2075000.0,HalfCheetah-v3,TD3_Q2a3x64_1p
416,8150.756479671831,2080000.0,HalfCheetah-v3,TD3_Q2a3x64_1p
417,7613.694633446246,2085000.0,HalfCheetah-v3,TD3_Q2a3x64_1p
418,6708.842020364643,2090000.0,HalfCheetah-v3,TD3_Q2a3x64_1p
419,6324.584268248504,2095000.0,HalfCheetah-v3,TD3_Q2a3x64_1p
420,8501.44293591401,2100000.0,HalfCheetah-v3,TD3_Q2a3x64_1p
421,8074.4900212586435,2105000.0,HalfCheetah-v3,TD3_Q2a3x64_1p
422,7709.694060516327,2110000.0,HalfCheetah-v3,TD3_Q2a3x64_1p
423,6903.19702478238,2115000.0,HalfCheetah-v3,TD3_Q2a3x64_1p
424,5866.187721972087,2120000.0,HalfCheetah-v3,TD3_Q2a3x64_1p
425,8543.816154961096,2125000.0,HalfCheetah-v3,TD3_Q2a3x64_1p
426,8312.871340473173,2130000.0,HalfCheetah-v3,TD3_Q2a3x64_1p
427,7909.676340216948,2135000.0,HalfCheetah-v3,TD3_Q2a3x64_1p
428,7400.263558302596,2140000.0,HalfCheetah-v3,TD3_Q2a3x64_1p
429,6991.148031901828,2145000.0,HalfCheetah-v3,TD3_Q2a3x64_1p
430,8531.954724256331,2150000.0,HalfCheetah-v3,TD3_Q2a3x64_1p
431,8408.61477721574,2155000.0,HalfCheetah-v3,TD3_Q2a3x64_1p
432,6717.028918917391,2160000.0,HalfCheetah-v3,TD3_Q2a3x64_1p
433,7244.724756123022,2165000.0,HalfCheetah-v3,TD3_Q2a3x64_1p
434,6224.503923442027,2170000.0,HalfCheetah-v3,TD3_Q2a3x64_1p
435,8599.933916503784,2175000.0,HalfCheetah-v3,TD3_Q2a3x64_1p
436,8368.785128806088,2180000.0,HalfCheetah-v3,TD3_Q2a3x64_1p
437,7891.034838407529,2185000.0,HalfCheetah-v3,TD3_Q2a3x64_1p
438,7308.654628940107,2190000.0,HalfCheetah-v3,TD3_Q2a3x64_1p
439,6613.510121994838,2195000.0,HalfCheetah-v3,TD3_Q2a3x64_1p
440,8651.086082381373,2200000.0,HalfCheetah-v3,TD3_Q2a3x64_1p
441,8295.958208642758,2205000.0,HalfCheetah-v3,TD3_Q2a3x64_1p
442,7837.161776434416,2210000.0,HalfCheetah-v3,TD3_Q2a3x64_1p
443,6875.642862882874,2215000.0,HalfCheetah-v3,TD3_Q2a3x64_1p
444,6353.277654250589,2220000.0,HalfCheetah-v3,TD3_Q2a3x64_1p
445,8687.26905421741,2225000.0,HalfCheetah-v3,TD3_Q2a3x64_1p
446,8569.948669046182,2230000.0,HalfCheetah-v3,TD3_Q2a3x64_1p
447,8089.356173896039,2235000.0,HalfCheetah-v3,TD3_Q2a3x64_1p
448,7645.33057405586,2240000.0,HalfCheetah-v3,TD3_Q2a3x64_1p
449,6487.645399890997,2245000.0,HalfCheetah-v3,TD3_Q2a3x64_1p
450,8962.36531215642,2250000.0,HalfCheetah-v3,TD3_Q2a3x64_1p
451,8702.157391191313,2255000.0,HalfCheetah-v3,TD3_Q2a3x64_1p
452,8258.731642271352,2260000.0,HalfCheetah-v3,TD3_Q2a3x64_1p
453,6994.377535746974,2265000.0,HalfCheetah-v3,TD3_Q2a3x64_1p
454,7016.284652713138,2270000.0,HalfCheetah-v3,TD3_Q2a3x64_1p
455,8811.236086056933,2275000.0,HalfCheetah-v3,TD3_Q2a3x64_1p
456,8530.143383601857,2280000.0,HalfCheetah-v3,TD3_Q2a3x64_1p
457,8095.736411433136,2285000.0,HalfCheetah-v3,TD3_Q2a3x64_1p
458,7633.981344905599,2290000.0,HalfCheetah-v3,TD3_Q2a3x64_1p
459,6943.995555786372,2295000.0,HalfCheetah-v3,TD3_Q2a3x64_1p
460,8263.765111730232,2300000.0,HalfCheetah-v3,TD3_Q2a3x64_1p
461,7653.184701523076,2305000.0,HalfCheetah-v3,TD3_Q2a3x64_1p
462,6992.788520387183,2310000.0,HalfCheetah-v3,TD3_Q2a3x64_1p
463,6520.541274759799,2315000.0,HalfCheetah-v3,TD3_Q2a3x64_1p
464,5994.9849956959215,2320000.0,HalfCheetah-v3,TD3_Q2a3x64_1p
465,8262.257523037997,2325000.0,HalfCheetah-v3,TD3_Q2a3x64_1p
466,7746.904215050263,2330000.0,HalfCheetah-v3,TD3_Q2a3x64_1p
467,6835.760754346667,2335000.0,HalfCheetah-v3,TD3_Q2a3x64_1p
468,6248.5575528751115,2340000.0,HalfCheetah-v3,TD3_Q2a3x64_1p
469,5836.798890293709,2345000.0,HalfCheetah-v3,TD3_Q2a3x64_1p
470,8933.928732739438,2350000.0,HalfCheetah-v3,TD3_Q2a3x64_1p
471,8705.783239370961,2355000.0,HalfCheetah-v3,TD3_Q2a3x64_1p
472,8263.14453331202,2360000.0,HalfCheetah-v3,TD3_Q2a3x64_1p
473,7496.250318854135,2365000.0,HalfCheetah-v3,TD3_Q2a3x64_1p
474,6955.529187583112,2370000.0,HalfCheetah-v3,TD3_Q2a3x64_1p
475,8857.523687140949,2375000.0,HalfCheetah-v3,TD3_Q2a3x64_1p
476,7854.1457916742565,2380000.0,HalfCheetah-v3,TD3_Q2a3x64_1p
477,8154.143970347616,2385000.0,HalfCheetah-v3,TD3_Q2a3x64_1p
478,7479.592458769197,2390000.0,HalfCheetah-v3,TD3_Q2a3x64_1p
479,6399.814408219557,2395000.0,HalfCheetah-v3,TD3_Q2a3x64_1p
480,8522.484651668245,2400000.0,HalfCheetah-v3,TD3_Q2a3x64_1p
481,8359.110184041838,2405000.0,HalfCheetah-v3,TD3_Q2a3x64_1p
482,8037.296360051177,2410000.0,HalfCheetah-v3,TD3_Q2a3x64_1p
483,7740.172568500335,2415000.0,HalfCheetah-v3,TD3_Q2a3x64_1p
484,7304.433384041268,2420000.0,HalfCheetah-v3,TD3_Q2a3x64_1p
485,8672.245213929975,2425000.0,HalfCheetah-v3,TD3_Q2a3x64_1p
486,8303.620012519517,2430000.0,HalfCheetah-v3,TD3_Q2a3x64_1p
487,7793.499983242478,2435000.0,HalfCheetah-v3,TD3_Q2a3x64_1p
488,6920.474336903922,2440000.0,HalfCheetah-v3,TD3_Q2a3x64_1p
489,6294.133707304342,2445000.0,HalfCheetah-v3,TD3_Q2a3x64_1p
490,8810.460996990703,2450000.0,HalfCheetah-v3,TD3_Q2a3x64_1p
491,8712.420995787494,2455000.0,HalfCheetah-v3,TD3_Q2a3x64_1p
492,8357.811034472381,2460000.0,HalfCheetah-v3,TD3_Q2a3x64_1p
493,7929.520438367038,2465000.0,HalfCheetah-v3,TD3_Q2a3x64_1p
494,7466.8629902356115,2470000.0,HalfCheetah-v3,TD3_Q2a3x64_1p
495,8939.311759509257,2475000.0,HalfCheetah-v3,TD3_Q2a3x64_1p
496,8831.561446391108,2480000.0,HalfCheetah-v3,TD3_Q2a3x64_1p
497,8254.740366984273,2485000.0,HalfCheetah-v3,TD3_Q2a3x64_1p
498,8007.25792909576,2490000.0,HalfCheetah-v3,TD3_Q2a3x64_1p
499,7163.130846168516,2495000.0,HalfCheetah-v3,TD3_Q2a3x64_1p
500,9215.071614550006,2500000.0,HalfCheetah-v3,TD3_Q2a3x64_1p
501,8744.529675504382,2505000.0,HalfCheetah-v3,TD3_Q2a3x64_1p
502,8310.338059894648,2510000.0,HalfCheetah-v3,TD3_Q2a3x64_1p
503,7426.579750540337,2515000.0,HalfCheetah-v3,TD3_Q2a3x64_1p
504,6766.34412844099,2520000.0,HalfCheetah-v3,TD3_Q2a3x64_1p
505,9043.023820709948,2525000.0,HalfCheetah-v3,TD3_Q2a3x64_1p
506,8799.163961249342,2530000.0,HalfCheetah-v3,TD3_Q2a3x64_1p
507,8484.494983718756,2535000.0,HalfCheetah-v3,TD3_Q2a3x64_1p
508,7878.929145577198,2540000.0,HalfCheetah-v3,TD3_Q2a3x64_1p
509,7272.711526559983,2545000.0,HalfCheetah-v3,TD3_Q2a3x64_1p
510,9230.130825381326,2550000.0,HalfCheetah-v3,TD3_Q2a3x64_1p
511,8953.472207500594,2555000.0,HalfCheetah-v3,TD3_Q2a3x64_1p
512,8471.95383452879,2560000.0,HalfCheetah-v3,TD3_Q2a3x64_1p
513,8011.307336876045,2565000.0,HalfCheetah-v3,TD3_Q2a3x64_1p
514,7260.7302788388115,2570000.0,HalfCheetah-v3,TD3_Q2a3x64_1p
515,9437.47583154186,2575000.0,HalfCheetah-v3,TD3_Q2a3x64_1p
516,9164.652975242177,2580000.0,HalfCheetah-v3,TD3_Q2a3x64_1p
517,8527.745349244473,2585000.0,HalfCheetah-v3,TD3_Q2a3x64_1p
518,7996.235998797465,2590000.0,HalfCheetah-v3,TD3_Q2a3x64_1p
519,7287.3950783523005,2595000.0,HalfCheetah-v3,TD3_Q2a3x64_1p
520,9471.232472551743,2600000.0,HalfCheetah-v3,TD3_Q2a3x64_1p
521,9130.676657269538,2605000.0,HalfCheetah-v3,TD3_Q2a3x64_1p
522,8569.531188784993,2610000.0,HalfCheetah-v3,TD3_Q2a3x64_1p
523,8052.770950707416,2615000.0,HalfCheetah-v3,TD3_Q2a3x64_1p
524,7301.140298785908,2620000.0,HalfCheetah-v3,TD3_Q2a3x64_1p
525,9460.100520812015,2625000.0,HalfCheetah-v3,TD3_Q2a3x64_1p
526,9095.906360819716,2630000.0,HalfCheetah-v3,TD3_Q2a3x64_1p
527,8629.991063842848,2635000.0,HalfCheetah-v3,TD3_Q2a3x64_1p
528,8294.381329650423,2640000.0,HalfCheetah-v3,TD3_Q2a3x64_1p
529,7370.676009370462,2645000.0,HalfCheetah-v3,TD3_Q2a3x64_1p
530,9573.850170127087,2650000.0,HalfCheetah-v3,TD3_Q2a3x64_1p
531,9129.833712703361,2655000.0,HalfCheetah-v3,TD3_Q2a3x64_1p
532,8576.623032177728,2660000.0,HalfCheetah-v3,TD3_Q2a3x64_1p
533,7748.742162728529,2665000.0,HalfCheetah-v3,TD3_Q2a3x64_1p
534,6890.252660008366,2670000.0,HalfCheetah-v3,TD3_Q2a3x64_1p
535,9503.144822390968,2675000.0,HalfCheetah-v3,TD3_Q2a3x64_1p
536,9178.947948138979,2680000.0,HalfCheetah-v3,TD3_Q2a3x64_1p
537,8729.229717579163,2685000.0,HalfCheetah-v3,TD3_Q2a3x64_1p
538,7920.738514626784,2690000.0,HalfCheetah-v3,TD3_Q2a3x64_1p
539,7097.746277367897,2695000.0,HalfCheetah-v3,TD3_Q2a3x64_1p
540,9286.55484170791,2700000.0,HalfCheetah-v3,TD3_Q2a3x64_1p
541,9173.10615168425,2705000.0,HalfCheetah-v3,TD3_Q2a3x64_1p
542,8699.528569695261,2710000.0,HalfCheetah-v3,TD3_Q2a3x64_1p
543,8220.893122198264,2715000.0,HalfCheetah-v3,TD3_Q2a3x64_1p
544,7482.816311038997,2720000.0,HalfCheetah-v3,TD3_Q2a3x64_1p
545,9693.072479431768,2725000.0,HalfCheetah-v3,TD3_Q2a3x64_1p
546,9301.827783418828,2730000.0,HalfCheetah-v3,TD3_Q2a3x64_1p
547,8916.00828353532,2735000.0,HalfCheetah-v3,TD3_Q2a3x64_1p
548,8150.817840022208,2740000.0,HalfCheetah-v3,TD3_Q2a3x64_1p
549,7241.099085871722,2745000.0,HalfCheetah-v3,TD3_Q2a3x64_1p
550,9575.489713987266,2750000.0,HalfCheetah-v3,TD3_Q2a3x64_1p
551,9210.942154929508,2755000.0,HalfCheetah-v3,TD3_Q2a3x64_1p
552,8881.950090027469,2760000.0,HalfCheetah-v3,TD3_Q2a3x64_1p
553,7905.4755610062475,2765000.0,HalfCheetah-v3,TD3_Q2a3x64_1p
554,7340.399751088055,2770000.0,HalfCheetah-v3,TD3_Q2a3x64_1p
555,8853.704732581382,2775000.0,HalfCheetah-v3,TD3_Q2a3x64_1p
556,8500.833128329617,2780000.0,HalfCheetah-v3,TD3_Q2a3x64_1p
557,7634.377914152299,2785000.0,HalfCheetah-v3,TD3_Q2a3x64_1p
558,7023.802060988765,2790000.0,HalfCheetah-v3,TD3_Q2a3x64_1p
559,6282.000129686852,2795000.0,HalfCheetah-v3,TD3_Q2a3x64_1p
560,9522.478227158143,2800000.0,HalfCheetah-v3,TD3_Q2a3x64_1p
561,9367.042791517804,2805000.0,HalfCheetah-v3,TD3_Q2a3x64_1p
562,8917.985353500206,2810000.0,HalfCheetah-v3,TD3_Q2a3x64_1p
563,8256.576748184252,2815000.0,HalfCheetah-v3,TD3_Q2a3x64_1p
564,7689.753592119174,2820000.0,HalfCheetah-v3,TD3_Q2a3x64_1p
565,9363.669656776105,2825000.0,HalfCheetah-v3,TD3_Q2a3x64_1p
566,9151.686086251902,2830000.0,HalfCheetah-v3,TD3_Q2a3x64_1p
567,8708.488092104004,2835000.0,HalfCheetah-v3,TD3_Q2a3x64_1p
568,8242.762138490385,2840000.0,HalfCheetah-v3,TD3_Q2a3x64_1p
569,7557.451714632067,2845000.0,HalfCheetah-v3,TD3_Q2a3x64_1p
570,9239.22578801903,2850000.0,HalfCheetah-v3,TD3_Q2a3x64_1p
571,9093.41025907022,2855000.0,HalfCheetah-v3,TD3_Q2a3x64_1p
572,8692.752884773257,2860000.0,HalfCheetah-v3,TD3_Q2a3x64_1p
573,8206.005031197126,2865000.0,HalfCheetah-v3,TD3_Q2a3x64_1p
574,7527.498201158405,2870000.0,HalfCheetah-v3,TD3_Q2a3x64_1p
575,9676.371730006946,2875000.0,HalfCheetah-v3,TD3_Q2a3x64_1p
576,9407.08459910014,2880000.0,HalfCheetah-v3,TD3_Q2a3x64_1p
577,8932.451525813753,2885000.0,HalfCheetah-v3,TD3_Q2a3x64_1p
578,8178.037794076585,2890000.0,HalfCheetah-v3,TD3_Q2a3x64_1p
579,7722.217286950737,2895000.0,HalfCheetah-v3,TD3_Q2a3x64_1p
580,9570.245547589835,2900000.0,HalfCheetah-v3,TD3_Q2a3x64_1p
581,9294.113141473086,2905000.0,HalfCheetah-v3,TD3_Q2a3x64_1p
582,8964.936544594751,2910000.0,HalfCheetah-v3,TD3_Q2a3x64_1p
583,8411.141757643574,2915000.0,HalfCheetah-v3,TD3_Q2a3x64_1p
584,7868.697724883209,2920000.0,HalfCheetah-v3,TD3_Q2a3x64_1p
585,9855.438211637826,2925000.0,HalfCheetah-v3,TD3_Q2a3x64_1p
586,9437.788943166035,2930000.0,HalfCheetah-v3,TD3_Q2a3x64_1p
587,9019.548525951246,2935000.0,HalfCheetah-v3,TD3_Q2a3x64_1p
588,8053.709846194526,2940000.0,HalfCheetah-v3,TD3_Q2a3x64_1p
589,7304.832122761518,2945000.0,HalfCheetah-v3,TD3_Q2a3x64_1p
590,9815.189902348582,2950000.0,HalfCheetah-v3,TD3_Q2a3x64_1p
591,9458.564041788362,2955000.0,HalfCheetah-v3,TD3_Q2a3x64_1p
592,8923.4057783684,2960000.0,HalfCheetah-v3,TD3_Q2a3x64_1p
593,8150.20222749125,2965000.0,HalfCheetah-v3,TD3_Q2a3x64_1p
594,7472.22406572015,2970000.0,HalfCheetah-v3,TD3_Q2a3x64_1p
595,9755.15727775494,2975000.0,HalfCheetah-v3,TD3_Q2a3x64_1p
596,9420.266911705727,2980000.0,HalfCheetah-v3,TD3_Q2a3x64_1p
597,8852.883919073332,2985000.0,HalfCheetah-v3,TD3_Q2a3x64_1p
598,8297.647019352476,2990000.0,HalfCheetah-v3,TD3_Q2a3x64_1p
599,7544.801306488347,2995000.0,HalfCheetah-v3,TD3_Q2a3x64_1p
600,9780.279918398006,3000000.0,HalfCheetah-v3,TD3_Q2a3x64_1p
601,9524.861665373288,3005000.0,HalfCheetah-v3,TD3_Q2a3x64_1p
602,8848.425318251224,3010000.0,HalfCheetah-v3,TD3_Q2a3x64_1p
603,8383.740237805403,3015000.0,HalfCheetah-v3,TD3_Q2a3x64_1p
604,7605.47700189881,3020000.0,HalfCheetah-v3,TD3_Q2a3x64_1p
605,9794.71435446644,3025000.0,HalfCheetah-v3,TD3_Q2a3x64_1p
606,9526.958356743842,3030000.0,HalfCheetah-v3,TD3_Q2a3x64_1p
607,8939.493361294222,3035000.0,HalfCheetah-v3,TD3_Q2a3x64_1p
608,8208.168862843448,3040000.0,HalfCheetah-v3,TD3_Q2a3x64_1p
609,7374.421180927491,3045000.0,HalfCheetah-v3,TD3_Q2a3x64_1p
610,9973.128966213897,3050000.0,HalfCheetah-v3,TD3_Q2a3x64_1p
611,9663.060096810506,3055000.0,HalfCheetah-v3,TD3_Q2a3x64_1p
612,9219.506603804673,3060000.0,HalfCheetah-v3,TD3_Q2a3x64_1p
613,8504.181933548178,3065000.0,HalfCheetah-v3,TD3_Q2a3x64_1p
614,7515.413181701837,3070000.0,HalfCheetah-v3,TD3_Q2a3x64_1p
615,9883.120577399346,3075000.0,HalfCheetah-v3,TD3_Q2a3x64_1p
616,9722.89147121523,3080000.0,HalfCheetah-v3,TD3_Q2a3x64_1p
617,9139.21281310991,3085000.0,HalfCheetah-v3,TD3_Q2a3x64_1p
618,8678.161729435367,3090000.0,HalfCheetah-v3,TD3_Q2a3x64_1p
619,7971.4292954479415,3095000.0,HalfCheetah-v3,TD3_Q2a3x64_1p
620,8862.295869374224,3100000.0,HalfCheetah-v3,TD3_Q2a3x64_1p
621,8872.28880783659,3105000.0,HalfCheetah-v3,TD3_Q2a3x64_1p
622,8537.233015437627,3110000.0,HalfCheetah-v3,TD3_Q2a3x64_1p
623,8149.806423726543,3115000.0,HalfCheetah-v3,TD3_Q2a3x64_1p
624,7561.881088537603,3120000.0,HalfCheetah-v3,TD3_Q2a3x64_1p
625,10014.558991553815,3125000.0,HalfCheetah-v3,TD3_Q2a3x64_1p
626,9621.381906843013,3130000.0,HalfCheetah-v3,TD3_Q2a3x64_1p
627,9248.841324112198,3135000.0,HalfCheetah-v3,TD3_Q2a3x64_1p
628,8489.863182648392,3140000.0,HalfCheetah-v3,TD3_Q2a3x64_1p
629,7899.060776404587,3145000.0,HalfCheetah-v3,TD3_Q2a3x64_1p
630,9912.50001622294,3150000.0,HalfCheetah-v3,TD3_Q2a3x64_1p
631,9671.65552008709,3155000.0,HalfCheetah-v3,TD3_Q2a3x64_1p
632,9132.47013082609,3160000.0,HalfCheetah-v3,TD3_Q2a3x64_1p
633,8500.87120601023,3165000.0,HalfCheetah-v3,TD3_Q2a3x64_1p
634,7606.956396144291,3170000.0,HalfCheetah-v3,TD3_Q2a3x64_1p
635,9574.279925592888,3175000.0,HalfCheetah-v3,TD3_Q2a3x64_1p
636,9281.570313665366,3180000.0,HalfCheetah-v3,TD3_Q2a3x64_1p
637,9017.314815834387,3185000.0,HalfCheetah-v3,TD3_Q2a3x64_1p
638,8427.633358316123,3190000.0,HalfCheetah-v3,TD3_Q2a3x64_1p
639,7796.500712385248,3195000.0,HalfCheetah-v3,TD3_Q2a3x64_1p
640,10007.38976081542,3200000.0,HalfCheetah-v3,TD3_Q2a3x64_1p
641,9694.926662644228,3205000.0,HalfCheetah-v3,TD3_Q2a3x64_1p
642,9057.328996556662,3210000.0,HalfCheetah-v3,TD3_Q2a3x64_1p
643,8364.920556119907,3215000.0,HalfCheetah-v3,TD3_Q2a3x64_1p
644,7927.512079040377,3220000.0,HalfCheetah-v3,TD3_Q2a3x64_1p
645,10075.590941731116,3225000.0,HalfCheetah-v3,TD3_Q2a3x64_1p
646,9849.221892127109,3230000.0,HalfCheetah-v3,TD3_Q2a3x64_1p
647,9282.648182258721,3235000.0,HalfCheetah-v3,TD3_Q2a3x64_1p
648,8746.105408610034,3240000.0,HalfCheetah-v3,TD3_Q2a3x64_1p
649,7638.371620152813,3245000.0,HalfCheetah-v3,TD3_Q2a3x64_1p
650,10169.380784961922,3250000.0,HalfCheetah-v3,TD3_Q2a3x64_1p
651,9905.418821855706,3255000.0,HalfCheetah-v3,TD3_Q2a3x64_1p
652,9255.905273249795,3260000.0,HalfCheetah-v3,TD3_Q2a3x64_1p
653,8714.852643484668,3265000.0,HalfCheetah-v3,TD3_Q2a3x64_1p
654,7791.851954800365,3270000.0,HalfCheetah-v3,TD3_Q2a3x64_1p
655,9972.098035532812,3275000.0,HalfCheetah-v3,TD3_Q2a3x64_1p
656,9743.521697428758,3280000.0,HalfCheetah-v3,TD3_Q2a3x64_1p
657,9309.835114200883,3285000.0,HalfCheetah-v3,TD3_Q2a3x64_1p
658,8756.704726494814,3290000.0,HalfCheetah-v3,TD3_Q2a3x64_1p
659,8022.586043588487,3295000.0,HalfCheetah-v3,TD3_Q2a3x64_1p
660,10119.575449958433,3300000.0,HalfCheetah-v3,TD3_Q2a3x64_1p
661,9835.069679127104,3305000.0,HalfCheetah-v3,TD3_Q2a3x64_1p
662,9326.876261978021,3310000.0,HalfCheetah-v3,TD3_Q2a3x64_1p
663,8659.994817980003,3315000.0,HalfCheetah-v3,TD3_Q2a3x64_1p
664,7876.341030727128,3320000.0,HalfCheetah-v3,TD3_Q2a3x64_1p
665,10058.189055981664,3325000.0,HalfCheetah-v3,TD3_Q2a3x64_1p
666,9669.915287954944,3330000.0,HalfCheetah-v3,TD3_Q2a3x64_1p
667,9077.654652627229,3335000.0,HalfCheetah-v3,TD3_Q2a3x64_1p
668,8524.57833181354,3340000.0,HalfCheetah-v3,TD3_Q2a3x64_1p
669,7497.11659752999,3345000.0,HalfCheetah-v3,TD3_Q2a3x64_1p
670,10198.657738991973,3350000.0,HalfCheetah-v3,TD3_Q2a3x64_1p
671,9814.967885474258,3355000.0,HalfCheetah-v3,TD3_Q2a3x64_1p
672,9291.521360726558,3360000.0,HalfCheetah-v3,TD3_Q2a3x64_1p
673,8562.269739110689,3365000.0,HalfCheetah-v3,TD3_Q2a3x64_1p
674,7359.445763872318,3370000.0,HalfCheetah-v3,TD3_Q2a3x64_1p
675,9636.192847866041,3375000.0,HalfCheetah-v3,TD3_Q2a3x64_1p
676,9252.686497884466,3380000.0,HalfCheetah-v3,TD3_Q2a3x64_1p
677,8270.36006862315,3385000.0,HalfCheetah-v3,TD3_Q2a3x64_1p
678,7836.175905826576,3390000.0,HalfCheetah-v3,TD3_Q2a3x64_1p
679,7048.848127089164,3395000.0,HalfCheetah-v3,TD3_Q2a3x64_1p
680,10335.112057590706,3400000.0,HalfCheetah-v3,TD3_Q2a3x64_1p
681,9901.516318995662,3405000.0,HalfCheetah-v3,TD3_Q2a3x64_1p
682,9387.005289123139,3410000.0,HalfCheetah-v3,TD3_Q2a3x64_1p
683,8774.721010966274,3415000.0,HalfCheetah-v3,TD3_Q2a3x64_1p
684,7907.7531986097265,3420000.0,HalfCheetah-v3,TD3_Q2a3x64_1p
685,10225.674497977332,3425000.0,HalfCheetah-v3,TD3_Q2a3x64_1p
686,9869.10610430242,3430000.0,HalfCheetah-v3,TD3_Q2a3x64_1p
687,9351.657582170497,3435000.0,HalfCheetah-v3,TD3_Q2a3x64_1p
688,8611.474234966443,3440000.0,HalfCheetah-v3,TD3_Q2a3x64_1p
689,7789.80353674216,3445000.0,HalfCheetah-v3,TD3_Q2a3x64_1p
690,10244.785618609516,3450000.0,HalfCheetah-v3,TD3_Q2a3x64_1p
691,9903.449748808856,3455000.0,HalfCheetah-v3,TD3_Q2a3x64_1p
692,9281.866412694508,3460000.0,HalfCheetah-v3,TD3_Q2a3x64_1p
693,8788.457094483154,3465000.0,HalfCheetah-v3,TD3_Q2a3x64_1p
694,8056.410798834289,3470000.0,HalfCheetah-v3,TD3_Q2a3x64_1p
695,10228.874630164803,3475000.0,HalfCheetah-v3,TD3_Q2a3x64_1p
696,9844.381908687561,3480000.0,HalfCheetah-v3,TD3_Q2a3x64_1p
697,8605.967799208567,3485000.0,HalfCheetah-v3,TD3_Q2a3x64_1p
698,8360.986793510263,3490000.0,HalfCheetah-v3,TD3_Q2a3x64_1p
699,7386.209941732431,3495000.0,HalfCheetah-v3,TD3_Q2a3x64_1p
700,9924.25189768318,3500000.0,HalfCheetah-v3,TD3_Q2a3x64_1p
701,9611.494692433156,3505000.0,HalfCheetah-v3,TD3_Q2a3x64_1p
702,9044.697986563717,3510000.0,HalfCheetah-v3,TD3_Q2a3x64_1p
703,8380.372038659036,3515000.0,HalfCheetah-v3,TD3_Q2a3x64_1p
704,7427.072353100439,3520000.0,HalfCheetah-v3,TD3_Q2a3x64_1p
705,9293.927674078453,3525000.0,HalfCheetah-v3,TD3_Q2a3x64_1p
706,9458.935753269696,3530000.0,HalfCheetah-v3,TD3_Q2a3x64_1p
707,8777.780628815864,3535000.0,HalfCheetah-v3,TD3_Q2a3x64_1p
708,7864.745551692421,3540000.0,HalfCheetah-v3,TD3_Q2a3x64_1p
709,7471.453522694571,3545000.0,HalfCheetah-v3,TD3_Q2a3x64_1p
710,10111.940272891723,3550000.0,HalfCheetah-v3,TD3_Q2a3x64_1p
711,9865.268060330516,3555000.0,HalfCheetah-v3,TD3_Q2a3x64_1p
712,9431.768049365033,3560000.0,HalfCheetah-v3,TD3_Q2a3x64_1p
713,8708.049368346077,3565000.0,HalfCheetah-v3,TD3_Q2a3x64_1p
714,8405.054610342844,3570000.0,HalfCheetah-v3,TD3_Q2a3x64_1p
715,10453.244213190716,3575000.0,HalfCheetah-v3,TD3_Q2a3x64_1p
716,10039.661746246076,3580000.0,HalfCheetah-v3,TD3_Q2a3x64_1p
717,9414.78119625097,3585000.0,HalfCheetah-v3,TD3_Q2a3x64_1p
718,8866.34154287554,3590000.0,HalfCheetah-v3,TD3_Q2a3x64_1p
719,7961.1583279516635,3595000.0,HalfCheetah-v3,TD3_Q2a3x64_1p
720,9956.301619790878,3600000.0,HalfCheetah-v3,TD3_Q2a3x64_1p
721,9771.819315610097,3605000.0,HalfCheetah-v3,TD3_Q2a3x64_1p
722,9111.145642562096,3610000.0,HalfCheetah-v3,TD3_Q2a3x64_1p
723,8348.90300143525,3615000.0,HalfCheetah-v3,TD3_Q2a3x64_1p
724,7449.802932286107,3620000.0,HalfCheetah-v3,TD3_Q2a3x64_1p
725,10399.958071308447,3625000.0,HalfCheetah-v3,TD3_Q2a3x64_1p
726,10076.396386839157,3630000.0,HalfCheetah-v3,TD3_Q2a3x64_1p
727,9427.977625523616,3635000.0,HalfCheetah-v3,TD3_Q2a3x64_1p
728,8578.772730809467,3640000.0,HalfCheetah-v3,TD3_Q2a3x64_1p
729,7690.185683249258,3645000.0,HalfCheetah-v3,TD3_Q2a3x64_1p
730,10302.233048980104,3650000.0,HalfCheetah-v3,TD3_Q2a3x64_1p
731,9935.935951289346,3655000.0,HalfCheetah-v3,TD3_Q2a3x64_1p
732,9459.709017969104,3660000.0,HalfCheetah-v3,TD3_Q2a3x64_1p
733,8267.444560296632,3665000.0,HalfCheetah-v3,TD3_Q2a3x64_1p
734,7843.398489423882,3670000.0,HalfCheetah-v3,TD3_Q2a3x64_1p
735,10158.974785940864,3675000.0,HalfCheetah-v3,TD3_Q2a3x64_1p
736,9908.485326645696,3680000.0,HalfCheetah-v3,TD3_Q2a3x64_1p
737,9444.867275348339,3685000.0,HalfCheetah-v3,TD3_Q2a3x64_1p
738,8846.56326662176,3690000.0,HalfCheetah-v3,TD3_Q2a3x64_1p
739,8269.742731111059,3695000.0,HalfCheetah-v3,TD3_Q2a3x64_1p
740,9967.715156918684,3700000.0,HalfCheetah-v3,TD3_Q2a3x64_1p
741,8593.969984660882,3705000.0,HalfCheetah-v3,TD3_Q2a3x64_1p
742,8718.364832026906,3710000.0,HalfCheetah-v3,TD3_Q2a3x64_1p
743,7892.781219513883,3715000.0,HalfCheetah-v3,TD3_Q2a3x64_1p
744,6976.824997584527,3720000.0,HalfCheetah-v3,TD3_Q2a3x64_1p
745,10342.908771417375,3725000.0,HalfCheetah-v3,TD3_Q2a3x64_1p
746,9986.466637856629,3730000.0,HalfCheetah-v3,TD3_Q2a3x64_1p
747,9646.214929484513,3735000.0,HalfCheetah-v3,TD3_Q2a3x64_1p
748,8869.42290675613,3740000.0,HalfCheetah-v3,TD3_Q2a3x64_1p
749,8377.486967298188,3745000.0,HalfCheetah-v3,TD3_Q2a3x64_1p
750,10400.15242656993,3750000.0,HalfCheetah-v3,TD3_Q2a3x64_1p
751,9999.039509963202,3755000.0,HalfCheetah-v3,TD3_Q2a3x64_1p
752,9480.541081146253,3760000.0,HalfCheetah-v3,TD3_Q2a3x64_1p
753,8929.561221257145,3765000.0,HalfCheetah-v3,TD3_Q2a3x64_1p
754,8211.171032802004,3770000.0,HalfCheetah-v3,TD3_Q2a3x64_1p
755,10133.694983283332,3775000.0,HalfCheetah-v3,TD3_Q2a3x64_1p
756,9925.901973478889,3780000.0,HalfCheetah-v3,TD3_Q2a3x64_1p
757,9368.30865696594,3785000.0,HalfCheetah-v3,TD3_Q2a3x64_1p
758,8916.616250981728,3790000.0,HalfCheetah-v3,TD3_Q2a3x64_1p
759,8306.36422324154,3795000.0,HalfCheetah-v3,TD3_Q2a3x64_1p
760,10354.659066166329,3800000.0,HalfCheetah-v3,TD3_Q2a3x64_1p
761,10037.439778008673,3805000.0,HalfCheetah-v3,TD3_Q2a3x64_1p
762,9511.748409083093,3810000.0,HalfCheetah-v3,TD3_Q2a3x64_1p
763,8911.550493699817,3815000.0,HalfCheetah-v3,TD3_Q2a3x64_1p
764,7752.897654080161,3820000.0,HalfCheetah-v3,TD3_Q2a3x64_1p
765,10582.608826396508,3825000.0,HalfCheetah-v3,TD3_Q2a3x64_1p
766,9992.25767950641,3830000.0,HalfCheetah-v3,TD3_Q2a3x64_1p
767,9413.250354530252,3835000.0,HalfCheetah-v3,TD3_Q2a3x64_1p
768,8614.61081479368,3840000.0,HalfCheetah-v3,TD3_Q2a3x64_1p
769,7829.44377132925,3845000.0,HalfCheetah-v3,TD3_Q2a3x64_1p
770,10301.759541750213,3850000.0,HalfCheetah-v3,TD3_Q2a3x64_1p
771,8196.65878040088,3855000.0,HalfCheetah-v3,TD3_Q2a3x64_1p
772,9186.490757820076,3860000.0,HalfCheetah-v3,TD3_Q2a3x64_1p
773,8247.583853240707,3865000.0,HalfCheetah-v3,TD3_Q2a3x64_1p
774,7308.07824915893,3870000.0,HalfCheetah-v3,TD3_Q2a3x64_1p
775,10374.737643566741,3875000.0,HalfCheetah-v3,TD3_Q2a3x64_1p
776,9964.206930188066,3880000.0,HalfCheetah-v3,TD3_Q2a3x64_1p
777,9447.046342897152,3885000.0,HalfCheetah-v3,TD3_Q2a3x64_1p
778,8640.690903754296,3890000.0,HalfCheetah-v3,TD3_Q2a3x64_1p
779,7500.522535218845,3895000.0,HalfCheetah-v3,TD3_Q2a3x64_1p
780,9757.303491263405,3900000.0,HalfCheetah-v3,TD3_Q2a3x64_1p
781,9553.349779998585,3905000.0,HalfCheetah-v3,TD3_Q2a3x64_1p
782,9175.83156688081,3910000.0,HalfCheetah-v3,TD3_Q2a3x64_1p
783,8872.345301608428,3915000.0,HalfCheetah-v3,TD3_Q2a3x64_1p
784,8247.679027477427,3920000.0,HalfCheetah-v3,TD3_Q2a3x64_1p
785,10172.373829984408,3925000.0,HalfCheetah-v3,TD3_Q2a3x64_1p
786,9875.918903188187,3930000.0,HalfCheetah-v3,TD3_Q2a3x64_1p
787,9435.253245831307,3935000.0,HalfCheetah-v3,TD3_Q2a3x64_1p
788,8785.681467635697,3940000.0,HalfCheetah-v3,TD3_Q2a3x64_1p
789,8077.507098897351,3945000.0,HalfCheetah-v3,TD3_Q2a3x64_1p
790,10547.265017958862,3950000.0,HalfCheetah-v3,TD3_Q2a3x64_1p
791,10126.101704110506,3955000.0,HalfCheetah-v3,TD3_Q2a3x64_1p
792,9429.642628647895,3960000.0,HalfCheetah-v3,TD3_Q2a3x64_1p
793,8760.759198966314,3965000.0,HalfCheetah-v3,TD3_Q2a3x64_1p
794,7848.056996633049,3970000.0,HalfCheetah-v3,TD3_Q2a3x64_1p
795,10488.264787747115,3975000.0,HalfCheetah-v3,TD3_Q2a3x64_1p
796,10076.24031136707,3980000.0,HalfCheetah-v3,TD3_Q2a3x64_1p
797,9622.639638147008,3985000.0,HalfCheetah-v3,TD3_Q2a3x64_1p
798,8905.64185345216,3990000.0,HalfCheetah-v3,TD3_Q2a3x64_1p
799,8266.202468115529,3995000.0,HalfCheetah-v3,TD3_Q2a3x64_1p
800,10185.237162885032,4000000.0,HalfCheetah-v3,TD3_Q2a3x64_1p
801,9720.758353882024,4005000.0,HalfCheetah-v3,TD3_Q2a3x64_1p
802,9243.676080863517,4010000.0,HalfCheetah-v3,TD3_Q2a3x64_1p
803,7961.237373389941,4015000.0,HalfCheetah-v3,TD3_Q2a3x64_1p
804,7101.453987203243,4020000.0,HalfCheetah-v3,TD3_Q2a3x64_1p
805,10702.418556080012,4025000.0,HalfCheetah-v3,TD3_Q2a3x64_1p
806,10216.118324044472,4030000.0,HalfCheetah-v3,TD3_Q2a3x64_1p
807,9675.662430279031,4035000.0,HalfCheetah-v3,TD3_Q2a3x64_1p
808,8768.183172568173,4040000.0,HalfCheetah-v3,TD3_Q2a3x64_1p
809,7990.8895232057985,4045000.0,HalfCheetah-v3,TD3_Q2a3x64_1p
810,10467.881389022812,4050000.0,HalfCheetah-v3,TD3_Q2a3x64_1p
811,10205.526791718172,4055000.0,HalfCheetah-v3,TD3_Q2a3x64_1p
812,9688.289853153317,4060000.0,HalfCheetah-v3,TD3_Q2a3x64_1p
813,8914.857788983969,4065000.0,HalfCheetah-v3,TD3_Q2a3x64_1p
814,8359.735293292737,4070000.0,HalfCheetah-v3,TD3_Q2a3x64_1p
815,9815.508753732182,4075000.0,HalfCheetah-v3,TD3_Q2a3x64_1p
816,9286.814972650485,4080000.0,HalfCheetah-v3,TD3_Q2a3x64_1p
817,8333.351600921884,4085000.0,HalfCheetah-v3,TD3_Q2a3x64_1p
818,7385.02955955114,4090000.0,HalfCheetah-v3,TD3_Q2a3x64_1p
819,6655.1042694125745,4095000.0,HalfCheetah-v3,TD3_Q2a3x64_1p
820,10490.678132370687,4100000.0,HalfCheetah-v3,TD3_Q2a3x64_1p
821,10020.048243058172,4105000.0,HalfCheetah-v3,TD3_Q2a3x64_1p
822,9595.68278828928,4110000.0,HalfCheetah-v3,TD3_Q2a3x64_1p
823,8900.095800082745,4115000.0,HalfCheetah-v3,TD3_Q2a3x64_1p
824,8102.709683172905,4120000.0,HalfCheetah-v3,TD3_Q2a3x64_1p
825,10469.404123594937,4125000.0,HalfCheetah-v3,TD3_Q2a3x64_1p
826,10129.539828704515,4130000.0,HalfCheetah-v3,TD3_Q2a3x64_1p
827,9656.726929747278,4135000.0,HalfCheetah-v3,TD3_Q2a3x64_1p
828,9021.12546381701,4140000.0,HalfCheetah-v3,TD3_Q2a3x64_1p
829,8188.982834466391,4145000.0,HalfCheetah-v3,TD3_Q2a3x64_1p
830,10258.446561656812,4150000.0,HalfCheetah-v3,TD3_Q2a3x64_1p
831,10118.00322089704,4155000.0,HalfCheetah-v3,TD3_Q2a3x64_1p
832,9748.061913341277,4160000.0,HalfCheetah-v3,TD3_Q2a3x64_1p
833,9066.077728264027,4165000.0,HalfCheetah-v3,TD3_Q2a3x64_1p
834,8304.904690793985,4170000.0,HalfCheetah-v3,TD3_Q2a3x64_1p
835,10196.4744816114,4175000.0,HalfCheetah-v3,TD3_Q2a3x64_1p
836,9914.449474308534,4180000.0,HalfCheetah-v3,TD3_Q2a3x64_1p
837,9540.331170016543,4185000.0,HalfCheetah-v3,TD3_Q2a3x64_1p
838,8811.763014356799,4190000.0,HalfCheetah-v3,TD3_Q2a3x64_1p
839,8324.087488091023,4195000.0,HalfCheetah-v3,TD3_Q2a3x64_1p
840,10455.409852029814,4200000.0,HalfCheetah-v3,TD3_Q2a3x64_1p
841,10202.099240763562,4205000.0,HalfCheetah-v3,TD3_Q2a3x64_1p
842,9692.567942759119,4210000.0,HalfCheetah-v3,TD3_Q2a3x64_1p
843,9073.638459011501,4215000.0,HalfCheetah-v3,TD3_Q2a3x64_1p
844,8436.334271015887,4220000.0,HalfCheetah-v3,TD3_Q2a3x64_1p
845,10471.593995251485,4225000.0,HalfCheetah-v3,TD3_Q2a3x64_1p
846,10071.845224285293,4230000.0,HalfCheetah-v3,TD3_Q2a3x64_1p
847,9692.351505926117,4235000.0,HalfCheetah-v3,TD3_Q2a3x64_1p
848,8813.56588522252,4240000.0,HalfCheetah-v3,TD3_Q2a3x64_1p
849,8305.472548482594,4245000.0,HalfCheetah-v3,TD3_Q2a3x64_1p
850,10357.15613645547,4250000.0,HalfCheetah-v3,TD3_Q2a3x64_1p
851,9981.443468285335,4255000.0,HalfCheetah-v3,TD3_Q2a3x64_1p
852,9586.597453836572,4260000.0,HalfCheetah-v3,TD3_Q2a3x64_1p
853,8930.554540694047,4265000.0,HalfCheetah-v3,TD3_Q2a3x64_1p
854,8382.868043271696,4270000.0,HalfCheetah-v3,TD3_Q2a3x64_1p
855,10649.561867860426,4275000.0,HalfCheetah-v3,TD3_Q2a3x64_1p
856,10218.87818733651,4280000.0,HalfCheetah-v3,TD3_Q2a3x64_1p
857,9694.923409938172,4285000.0,HalfCheetah-v3,TD3_Q2a3x64_1p
858,9028.43148436885,4290000.0,HalfCheetah-v3,TD3_Q2a3x64_1p
859,8032.374738478252,4295000.0,HalfCheetah-v3,TD3_Q2a3x64_1p
860,10602.580092069611,4300000.0,HalfCheetah-v3,TD3_Q2a3x64_1p
861,10091.408848598528,4305000.0,HalfCheetah-v3,TD3_Q2a3x64_1p
862,9406.207848820819,4310000.0,HalfCheetah-v3,TD3_Q2a3x64_1p
863,8010.963383470305,4315000.0,HalfCheetah-v3,TD3_Q2a3x64_1p
864,7726.501347673841,4320000.0,HalfCheetah-v3,TD3_Q2a3x64_1p
865,10661.713108072236,4325000.0,HalfCheetah-v3,TD3_Q2a3x64_1p
866,9976.327921536777,4330000.0,HalfCheetah-v3,TD3_Q2a3x64_1p
867,9637.64821138513,4335000.0,HalfCheetah-v3,TD3_Q2a3x64_1p
868,9143.87525674745,4340000.0,HalfCheetah-v3,TD3_Q2a3x64_1p
869,8182.2355069034065,4345000.0,HalfCheetah-v3,TD3_Q2a3x64_1p
870,10700.116748007546,4350000.0,HalfCheetah-v3,TD3_Q2a3x64_1p
871,9680.5580658739,4355000.0,HalfCheetah-v3,TD3_Q2a3x64_1p
872,9712.549759735444,4360000.0,HalfCheetah-v3,TD3_Q2a3x64_1p
873,8884.769870385257,4365000.0,HalfCheetah-v3,TD3_Q2a3x64_1p
874,8253.544410576644,4370000.0,HalfCheetah-v3,TD3_Q2a3x64_1p
875,10502.413948630425,4375000.0,HalfCheetah-v3,TD3_Q2a3x64_1p
876,10226.23010907441,4380000.0,HalfCheetah-v3,TD3_Q2a3x64_1p
877,9690.8546180815,4385000.0,HalfCheetah-v3,TD3_Q2a3x64_1p
878,9022.475498957438,4390000.0,HalfCheetah-v3,TD3_Q2a3x64_1p
879,8386.198334695775,4395000.0,HalfCheetah-v3,TD3_Q2a3x64_1p
880,10694.034847613755,4400000.0,HalfCheetah-v3,TD3_Q2a3x64_1p
881,10220.8658059286,4405000.0,HalfCheetah-v3,TD3_Q2a3x64_1p
882,9729.407448208827,4410000.0,HalfCheetah-v3,TD3_Q2a3x64_1p
883,8823.612091711799,4415000.0,HalfCheetah-v3,TD3_Q2a3x64_1p
884,8079.335696637347,4420000.0,HalfCheetah-v3,TD3_Q2a3x64_1p
885,10483.034655652658,4425000.0,HalfCheetah-v3,TD3_Q2a3x64_1p
886,9999.090901588552,4430000.0,HalfCheetah-v3,TD3_Q2a3x64_1p
887,9416.49321966594,4435000.0,HalfCheetah-v3,TD3_Q2a3x64_1p
888,8722.166923956855,4440000.0,HalfCheetah-v3,TD3_Q2a3x64_1p
889,7817.396345825085,4445000.0,HalfCheetah-v3,TD3_Q2a3x64_1p
890,10719.577403007406,4450000.0,HalfCheetah-v3,TD3_Q2a3x64_1p
891,10227.748929234567,4455000.0,HalfCheetah-v3,TD3_Q2a3x64_1p
892,9512.496197606326,4460000.0,HalfCheetah-v3,TD3_Q2a3x64_1p
893,8270.912669306856,4465000.0,HalfCheetah-v3,TD3_Q2a3x64_1p
894,7807.639069003664,4470000.0,HalfCheetah-v3,TD3_Q2a3x64_1p
895,10778.7785205068,4475000.0,HalfCheetah-v3,TD3_Q2a3x64_1p
896,9963.794975924171,4480000.0,HalfCheetah-v3,TD3_Q2a3x64_1p
897,9212.25374045744,4485000.0,HalfCheetah-v3,TD3_Q2a3x64_1p
898,8360.088618667785,4490000.0,HalfCheetah-v3,TD3_Q2a3x64_1p
899,7365.658290995989,4495000.0,HalfCheetah-v3,TD3_Q2a3x64_1p
900,10527.28896204662,4500000.0,HalfCheetah-v3,TD3_Q2a3x64_1p
901,10173.895151172595,4505000.0,HalfCheetah-v3,TD3_Q2a3x64_1p
902,9787.38060238555,4510000.0,HalfCheetah-v3,TD3_Q2a3x64_1p
903,9164.140857493408,4515000.0,HalfCheetah-v3,TD3_Q2a3x64_1p
904,8386.029974395005,4520000.0,HalfCheetah-v3,TD3_Q2a3x64_1p
905,10393.808000733994,4525000.0,HalfCheetah-v3,TD3_Q2a3x64_1p
906,10110.689500321245,4530000.0,HalfCheetah-v3,TD3_Q2a3x64_1p
907,9678.996072153997,4535000.0,HalfCheetah-v3,TD3_Q2a3x64_1p
908,8979.192731440486,4540000.0,HalfCheetah-v3,TD3_Q2a3x64_1p
909,8352.575537624014,4545000.0,HalfCheetah-v3,TD3_Q2a3x64_1p
910,10544.381098312082,4550000.0,HalfCheetah-v3,TD3_Q2a3x64_1p
911,10186.540111754595,4555000.0,HalfCheetah-v3,TD3_Q2a3x64_1p
912,9162.954111248258,4560000.0,HalfCheetah-v3,TD3_Q2a3x64_1p
913,8614.365455051378,4565000.0,HalfCheetah-v3,TD3_Q2a3x64_1p
914,7353.897721331658,4570000.0,HalfCheetah-v3,TD3_Q2a3x64_1p
915,9866.004399143681,4575000.0,HalfCheetah-v3,TD3_Q2a3x64_1p
916,9997.683415391019,4580000.0,HalfCheetah-v3,TD3_Q2a3x64_1p
917,9438.016179681985,4585000.0,HalfCheetah-v3,TD3_Q2a3x64_1p
918,8036.320279908813,4590000.0,HalfCheetah-v3,TD3_Q2a3x64_1p
919,7790.924275576717,4595000.0,HalfCheetah-v3,TD3_Q2a3x64_1p
920,10335.95452173999,4600000.0,HalfCheetah-v3,TD3_Q2a3x64_1p
921,9852.177584772195,4605000.0,HalfCheetah-v3,TD3_Q2a3x64_1p
922,9194.508887094189,4610000.0,HalfCheetah-v3,TD3_Q2a3x64_1p
923,8469.324548567147,4615000.0,HalfCheetah-v3,TD3_Q2a3x64_1p
924,7439.630402410514,4620000.0,HalfCheetah-v3,TD3_Q2a3x64_1p
925,10677.198819011897,4625000.0,HalfCheetah-v3,TD3_Q2a3x64_1p
926,10297.893355873262,4630000.0,HalfCheetah-v3,TD3_Q2a3x64_1p
927,9687.254409016303,4635000.0,HalfCheetah-v3,TD3_Q2a3x64_1p
928,8814.793337281537,4640000.0,HalfCheetah-v3,TD3_Q2a3x64_1p
929,8054.958867216008,4645000.0,HalfCheetah-v3,TD3_Q2a3x64_1p
930,10618.084653433687,4650000.0,HalfCheetah-v3,TD3_Q2a3x64_1p
931,10231.104063894581,4655000.0,HalfCheetah-v3,TD3_Q2a3x64_1p
932,9651.620150297389,4660000.0,HalfCheetah-v3,TD3_Q2a3x64_1p
933,8796.782088197699,4665000.0,HalfCheetah-v3,TD3_Q2a3x64_1p
934,8035.998685478742,4670000.0,HalfCheetah-v3,TD3_Q2a3x64_1p
935,10688.755606478615,4675000.0,HalfCheetah-v3,TD3_Q2a3x64_1p
936,10354.564255734247,4680000.0,HalfCheetah-v3,TD3_Q2a3x64_1p
937,8952.978866939651,4685000.0,HalfCheetah-v3,TD3_Q2a3x64_1p
938,9176.128353141421,4690000.0,HalfCheetah-v3,TD3_Q2a3x64_1p
939,8617.444600794188,4695000.0,HalfCheetah-v3,TD3_Q2a3x64_1p
940,10653.480000319685,4700000.0,HalfCheetah-v3,TD3_Q2a3x64_1p
941,10363.372093853457,4705000.0,HalfCheetah-v3,TD3_Q2a3x64_1p
942,9726.828658578994,4710000.0,HalfCheetah-v3,TD3_Q2a3x64_1p
943,8353.50526319584,4715000.0,HalfCheetah-v3,TD3_Q2a3x64_1p
944,8373.794054863843,4720000.0,HalfCheetah-v3,TD3_Q2a3x64_1p
945,10781.577731501424,4725000.0,HalfCheetah-v3,TD3_Q2a3x64_1p
946,10277.771939874518,4730000.0,HalfCheetah-v3,TD3_Q2a3x64_1p
947,9710.420629037435,4735000.0,HalfCheetah-v3,TD3_Q2a3x64_1p
948,8096.11227558302,4740000.0,HalfCheetah-v3,TD3_Q2a3x64_1p
949,7996.553388526741,4745000.0,HalfCheetah-v3,TD3_Q2a3x64_1p
950,10604.268368834772,4750000.0,HalfCheetah-v3,TD3_Q2a3x64_1p
951,10356.967099134794,4755000.0,HalfCheetah-v3,TD3_Q2a3x64_1p
952,9920.013507756732,4760000.0,HalfCheetah-v3,TD3_Q2a3x64_1p
953,9139.524563785206,4765000.0,HalfCheetah-v3,TD3_Q2a3x64_1p
954,8556.892371508433,4770000.0,HalfCheetah-v3,TD3_Q2a3x64_1p
955,10996.462767347817,4775000.0,HalfCheetah-v3,TD3_Q2a3x64_1p
956,10609.512352703885,4780000.0,HalfCheetah-v3,TD3_Q2a3x64_1p
957,9864.825557243088,4785000.0,HalfCheetah-v3,TD3_Q2a3x64_1p
958,9115.210749852835,4790000.0,HalfCheetah-v3,TD3_Q2a3x64_1p
959,8425.817659364275,4795000.0,HalfCheetah-v3,TD3_Q2a3x64_1p
960,10907.152548818285,4800000.0,HalfCheetah-v3,TD3_Q2a3x64_1p
961,10466.874944480125,4805000.0,HalfCheetah-v3,TD3_Q2a3x64_1p
962,9889.147005273335,4810000.0,HalfCheetah-v3,TD3_Q2a3x64_1p
963,9143.478315595321,4815000.0,HalfCheetah-v3,TD3_Q2a3x64_1p
964,8566.074575129063,4820000.0,HalfCheetah-v3,TD3_Q2a3x64_1p
965,10842.54645225572,4825000.0,HalfCheetah-v3,TD3_Q2a3x64_1p
966,10562.579974322605,4830000.0,HalfCheetah-v3,TD3_Q2a3x64_1p
967,10010.323337404192,4835000.0,HalfCheetah-v3,TD3_Q2a3x64_1p
968,9374.728950072236,4840000.0,HalfCheetah-v3,TD3_Q2a3x64_1p
969,8722.137720295143,4845000.0,HalfCheetah-v3,TD3_Q2a3x64_1p
970,10677.071772160694,4850000.0,HalfCheetah-v3,TD3_Q2a3x64_1p
971,10288.133073583045,4855000.0,HalfCheetah-v3,TD3_Q2a3x64_1p
972,9724.295112595406,4860000.0,HalfCheetah-v3,TD3_Q2a3x64_1p
973,8928.660613893699,4865000.0,HalfCheetah-v3,TD3_Q2a3x64_1p
974,8210.44322194701,4870000.0,HalfCheetah-v3,TD3_Q2a3x64_1p
975,10470.270438034835,4875000.0,HalfCheetah-v3,TD3_Q2a3x64_1p
976,10276.95788826411,4880000.0,HalfCheetah-v3,TD3_Q2a3x64_1p
977,9824.19240705322,4885000.0,HalfCheetah-v3,TD3_Q2a3x64_1p
978,9276.452203694269,4890000.0,HalfCheetah-v3,TD3_Q2a3x64_1p
979,8611.138560029965,4895000.0,HalfCheetah-v3,TD3_Q2a3x64_1p
980,10898.576045719763,4900000.0,HalfCheetah-v3,TD3_Q2a3x64_1p
981,10537.420121751606,4905000.0,HalfCheetah-v3,TD3_Q2a3x64_1p
982,9976.512912122376,4910000.0,HalfCheetah-v3,TD3_Q2a3x64_1p
983,9374.176889695784,4915000.0,HalfCheetah-v3,TD3_Q2a3x64_1p
984,8323.313546894762,4920000.0,HalfCheetah-v3,TD3_Q2a3x64_1p
985,10837.344052134617,4925000.0,HalfCheetah-v3,TD3_Q2a3x64_1p
986,10346.834421553202,4930000.0,HalfCheetah-v3,TD3_Q2a3x64_1p
987,9712.055397372314,4935000.0,HalfCheetah-v3,TD3_Q2a3x64_1p
988,8914.051906489487,4940000.0,HalfCheetah-v3,TD3_Q2a3x64_1p
989,8309.38046794911,4945000.0,HalfCheetah-v3,TD3_Q2a3x64_1p
990,10920.789264950448,4950000.0,HalfCheetah-v3,TD3_Q2a3x64_1p
991,10531.498024648394,4955000.0,HalfCheetah-v3,TD3_Q2a3x64_1p
992,9741.395042132668,4960000.0,HalfCheetah-v3,TD3_Q2a3x64_1p
993,9262.03748035937,4965000.0,HalfCheetah-v3,TD3_Q2a3x64_1p
994,8512.99098682543,4970000.0,HalfCheetah-v3,TD3_Q2a3x64_1p
995,10964.704867493085,4975000.0,HalfCheetah-v3,TD3_Q2a3x64_1p
996,10594.287301207278,4980000.0,HalfCheetah-v3,TD3_Q2a3x64_1p
997,9848.840860525766,4985000.0,HalfCheetah-v3,TD3_Q2a3x64_1p
998,8951.147773880382,4990000.0,HalfCheetah-v3,TD3_Q2a3x64_1p
999,8133.803331054437,4995000.0,HalfCheetah-v3,TD3_Q2a3x64_1p
