index,Average Return,Timesteps,env,algorithm_name
0,-425.9473406741831,0.0,HalfCheetah-v3,TD3_Q2a3x64_1p
1,-271.8206198481065,5000.0,HalfCheetah-v3,TD3_Q2a3x64_1p
2,-474.72107973269874,10000.0,HalfCheetah-v3,TD3_Q2a3x64_1p
3,-418.2665501571093,15000.0,HalfCheetah-v3,TD3_Q2a3x64_1p
4,-373.963564567861,20000.0,HalfCheetah-v3,TD3_Q2a3x64_1p
5,-481.9438505131695,25000.0,HalfCheetah-v3,TD3_Q2a3x64_1p
6,-540.7139225746146,30000.0,HalfCheetah-v3,TD3_Q2a3x64_1p
7,-320.5452536788793,35000.0,HalfCheetah-v3,TD3_Q2a3x64_1p
8,-439.36181079950785,40000.0,HalfCheetah-v3,TD3_Q2a3x64_1p
9,-555.854800762047,45000.0,HalfCheetah-v3,TD3_Q2a3x64_1p
10,-301.0488349382844,50000.0,HalfCheetah-v3,TD3_Q2a3x64_1p
11,-259.438180155368,55000.0,HalfCheetah-v3,TD3_Q2a3x64_1p
12,-276.0248476123427,60000.0,HalfCheetah-v3,TD3_Q2a3x64_1p
13,-317.4647106914907,65000.0,HalfCheetah-v3,TD3_Q2a3x64_1p
14,-268.64902837764436,70000.0,HalfCheetah-v3,TD3_Q2a3x64_1p
15,-432.29627219527293,75000.0,HalfCheetah-v3,TD3_Q2a3x64_1p
16,-462.3410788831642,80000.0,HalfCheetah-v3,TD3_Q2a3x64_1p
17,-452.7188741752031,85000.0,HalfCheetah-v3,TD3_Q2a3x64_1p
18,-521.930530400022,90000.0,HalfCheetah-v3,TD3_Q2a3x64_1p
19,-431.04168196057816,95000.0,HalfCheetah-v3,TD3_Q2a3x64_1p
20,-194.32292971551843,100000.0,HalfCheetah-v3,TD3_Q2a3x64_1p
21,-153.92882140101108,105000.0,HalfCheetah-v3,TD3_Q2a3x64_1p
22,-242.26212687974194,110000.0,HalfCheetah-v3,TD3_Q2a3x64_1p
23,-192.8693938979858,115000.0,HalfCheetah-v3,TD3_Q2a3x64_1p
24,-179.69876695511033,120000.0,HalfCheetah-v3,TD3_Q2a3x64_1p
25,258.6188020820772,125000.0,HalfCheetah-v3,TD3_Q2a3x64_1p
26,215.67021605835612,130000.0,HalfCheetah-v3,TD3_Q2a3x64_1p
27,171.71672542380873,135000.0,HalfCheetah-v3,TD3_Q2a3x64_1p
28,216.43508809281198,140000.0,HalfCheetah-v3,TD3_Q2a3x64_1p
29,155.2253221115845,145000.0,HalfCheetah-v3,TD3_Q2a3x64_1p
30,521.7215872306946,150000.0,HalfCheetah-v3,TD3_Q2a3x64_1p
31,523.3633121777422,155000.0,HalfCheetah-v3,TD3_Q2a3x64_1p
32,592.7666705252276,160000.0,HalfCheetah-v3,TD3_Q2a3x64_1p
33,242.78694568945699,165000.0,HalfCheetah-v3,TD3_Q2a3x64_1p
34,546.8618595421012,170000.0,HalfCheetah-v3,TD3_Q2a3x64_1p
35,1284.4268798811318,175000.0,HalfCheetah-v3,TD3_Q2a3x64_1p
36,1621.6604961125136,180000.0,HalfCheetah-v3,TD3_Q2a3x64_1p
37,1482.2709067574674,185000.0,HalfCheetah-v3,TD3_Q2a3x64_1p
38,1576.438051949677,190000.0,HalfCheetah-v3,TD3_Q2a3x64_1p
39,894.8206481469024,195000.0,HalfCheetah-v3,TD3_Q2a3x64_1p
40,1954.9070465574446,200000.0,HalfCheetah-v3,TD3_Q2a3x64_1p
41,1723.0718204935845,205000.0,HalfCheetah-v3,TD3_Q2a3x64_1p
42,1456.1718464480484,210000.0,HalfCheetah-v3,TD3_Q2a3x64_1p
43,2097.026904023096,215000.0,HalfCheetah-v3,TD3_Q2a3x64_1p
44,2016.586169151382,220000.0,HalfCheetah-v3,TD3_Q2a3x64_1p
45,1687.781928480013,225000.0,HalfCheetah-v3,TD3_Q2a3x64_1p
46,2033.6347656696387,230000.0,HalfCheetah-v3,TD3_Q2a3x64_1p
47,1516.9975457448497,235000.0,HalfCheetah-v3,TD3_Q2a3x64_1p
48,2002.523851271329,240000.0,HalfCheetah-v3,TD3_Q2a3x64_1p
49,2027.816323936002,245000.0,HalfCheetah-v3,TD3_Q2a3x64_1p
50,1450.967278572706,250000.0,HalfCheetah-v3,TD3_Q2a3x64_1p
51,2114.9964192622692,255000.0,HalfCheetah-v3,TD3_Q2a3x64_1p
52,2184.814919598968,260000.0,HalfCheetah-v3,TD3_Q2a3x64_1p
53,2015.5517620051971,265000.0,HalfCheetah-v3,TD3_Q2a3x64_1p
54,1711.765344466006,270000.0,HalfCheetah-v3,TD3_Q2a3x64_1p
55,3057.9161195183415,275000.0,HalfCheetah-v3,TD3_Q2a3x64_1p
56,2493.1319279515396,280000.0,HalfCheetah-v3,TD3_Q2a3x64_1p
57,2505.0118779238155,285000.0,HalfCheetah-v3,TD3_Q2a3x64_1p
58,2943.961804418901,290000.0,HalfCheetah-v3,TD3_Q2a3x64_1p
59,2447.4856026812386,295000.0,HalfCheetah-v3,TD3_Q2a3x64_1p
60,2518.928764789036,300000.0,HalfCheetah-v3,TD3_Q2a3x64_1p
61,2376.5614207009003,305000.0,HalfCheetah-v3,TD3_Q2a3x64_1p
62,2448.1955245790296,310000.0,HalfCheetah-v3,TD3_Q2a3x64_1p
63,2119.3174413702604,315000.0,HalfCheetah-v3,TD3_Q2a3x64_1p
64,2502.1359643866563,320000.0,HalfCheetah-v3,TD3_Q2a3x64_1p
65,3138.982248626908,325000.0,HalfCheetah-v3,TD3_Q2a3x64_1p
66,2747.0593409286566,330000.0,HalfCheetah-v3,TD3_Q2a3x64_1p
67,2932.3619217809237,335000.0,HalfCheetah-v3,TD3_Q2a3x64_1p
68,2739.8595483838003,340000.0,HalfCheetah-v3,TD3_Q2a3x64_1p
69,2901.29726551275,345000.0,HalfCheetah-v3,TD3_Q2a3x64_1p
70,3272.9371890375114,350000.0,HalfCheetah-v3,TD3_Q2a3x64_1p
71,3208.6130720597444,355000.0,HalfCheetah-v3,TD3_Q2a3x64_1p
72,2930.301876521878,360000.0,HalfCheetah-v3,TD3_Q2a3x64_1p
73,3007.758659350552,365000.0,HalfCheetah-v3,TD3_Q2a3x64_1p
74,3014.9901204093176,370000.0,HalfCheetah-v3,TD3_Q2a3x64_1p
75,3685.2908729161622,375000.0,HalfCheetah-v3,TD3_Q2a3x64_1p
76,3536.455873567975,380000.0,HalfCheetah-v3,TD3_Q2a3x64_1p
77,3643.545184064883,385000.0,HalfCheetah-v3,TD3_Q2a3x64_1p
78,3549.1890478394766,390000.0,HalfCheetah-v3,TD3_Q2a3x64_1p
79,3281.804518672738,395000.0,HalfCheetah-v3,TD3_Q2a3x64_1p
80,3462.694018884812,400000.0,HalfCheetah-v3,TD3_Q2a3x64_1p
81,3549.5729723118516,405000.0,HalfCheetah-v3,TD3_Q2a3x64_1p
82,3112.3782401967183,410000.0,HalfCheetah-v3,TD3_Q2a3x64_1p
83,3507.3630692017637,415000.0,HalfCheetah-v3,TD3_Q2a3x64_1p
84,3256.6121636102134,420000.0,HalfCheetah-v3,TD3_Q2a3x64_1p
85,4052.1679929533348,425000.0,HalfCheetah-v3,TD3_Q2a3x64_1p
86,4042.7604157956257,430000.0,HalfCheetah-v3,TD3_Q2a3x64_1p
87,3749.1920859359334,435000.0,HalfCheetah-v3,TD3_Q2a3x64_1p
88,3809.114294448377,440000.0,HalfCheetah-v3,TD3_Q2a3x64_1p
89,3441.013342105119,445000.0,HalfCheetah-v3,TD3_Q2a3x64_1p
90,4048.3332286751283,450000.0,HalfCheetah-v3,TD3_Q2a3x64_1p
91,3541.972902476055,455000.0,HalfCheetah-v3,TD3_Q2a3x64_1p
92,3848.028710601059,460000.0,HalfCheetah-v3,TD3_Q2a3x64_1p
93,3769.380926491096,465000.0,HalfCheetah-v3,TD3_Q2a3x64_1p
94,3363.3525486317935,470000.0,HalfCheetah-v3,TD3_Q2a3x64_1p
95,4429.946706782667,475000.0,HalfCheetah-v3,TD3_Q2a3x64_1p
96,4442.210594896398,480000.0,HalfCheetah-v3,TD3_Q2a3x64_1p
97,4102.477433505895,485000.0,HalfCheetah-v3,TD3_Q2a3x64_1p
98,4057.4527646799156,490000.0,HalfCheetah-v3,TD3_Q2a3x64_1p
99,3705.7321439056313,495000.0,HalfCheetah-v3,TD3_Q2a3x64_1p
100,4577.0102659130425,500000.0,HalfCheetah-v3,TD3_Q2a3x64_1p
101,4255.275160165682,505000.0,HalfCheetah-v3,TD3_Q2a3x64_1p
102,4021.090823816495,510000.0,HalfCheetah-v3,TD3_Q2a3x64_1p
103,3849.6212752449037,515000.0,HalfCheetah-v3,TD3_Q2a3x64_1p
104,3393.2693638726705,520000.0,HalfCheetah-v3,TD3_Q2a3x64_1p
105,4630.374976820642,525000.0,HalfCheetah-v3,TD3_Q2a3x64_1p
106,4458.749900652459,530000.0,HalfCheetah-v3,TD3_Q2a3x64_1p
107,4264.986475414552,535000.0,HalfCheetah-v3,TD3_Q2a3x64_1p
108,4240.118739540782,540000.0,HalfCheetah-v3,TD3_Q2a3x64_1p
109,4107.923325591285,545000.0,HalfCheetah-v3,TD3_Q2a3x64_1p
110,4574.193486665368,550000.0,HalfCheetah-v3,TD3_Q2a3x64_1p
111,4528.809531990797,555000.0,HalfCheetah-v3,TD3_Q2a3x64_1p
112,4514.104894186576,560000.0,HalfCheetah-v3,TD3_Q2a3x64_1p
113,4171.054082314905,565000.0,HalfCheetah-v3,TD3_Q2a3x64_1p
114,4022.692407551943,570000.0,HalfCheetah-v3,TD3_Q2a3x64_1p
115,4903.934121315664,575000.0,HalfCheetah-v3,TD3_Q2a3x64_1p
116,4581.009693077738,580000.0,HalfCheetah-v3,TD3_Q2a3x64_1p
117,4387.2771535656775,585000.0,HalfCheetah-v3,TD3_Q2a3x64_1p
118,4424.356628358282,590000.0,HalfCheetah-v3,TD3_Q2a3x64_1p
119,3960.865162713485,595000.0,HalfCheetah-v3,TD3_Q2a3x64_1p
120,5199.78215109124,600000.0,HalfCheetah-v3,TD3_Q2a3x64_1p
121,4916.262127453532,605000.0,HalfCheetah-v3,TD3_Q2a3x64_1p
122,4307.119489646955,610000.0,HalfCheetah-v3,TD3_Q2a3x64_1p
123,4502.429715050019,615000.0,HalfCheetah-v3,TD3_Q2a3x64_1p
124,3395.3244391413814,620000.0,HalfCheetah-v3,TD3_Q2a3x64_1p
125,5281.105298068314,625000.0,HalfCheetah-v3,TD3_Q2a3x64_1p
126,5124.810708281852,630000.0,HalfCheetah-v3,TD3_Q2a3x64_1p
127,4619.666872513977,635000.0,HalfCheetah-v3,TD3_Q2a3x64_1p
128,4654.646818079536,640000.0,HalfCheetah-v3,TD3_Q2a3x64_1p
129,3225.00837823053,645000.0,HalfCheetah-v3,TD3_Q2a3x64_1p
130,4993.784056923217,650000.0,HalfCheetah-v3,TD3_Q2a3x64_1p
131,5122.509082289333,655000.0,HalfCheetah-v3,TD3_Q2a3x64_1p
132,4884.786641468534,660000.0,HalfCheetah-v3,TD3_Q2a3x64_1p
133,4577.977146850301,665000.0,HalfCheetah-v3,TD3_Q2a3x64_1p
134,4338.7098601005555,670000.0,HalfCheetah-v3,TD3_Q2a3x64_1p
135,5366.568428064878,675000.0,HalfCheetah-v3,TD3_Q2a3x64_1p
136,4740.665430708457,680000.0,HalfCheetah-v3,TD3_Q2a3x64_1p
137,4871.920785649746,685000.0,HalfCheetah-v3,TD3_Q2a3x64_1p
138,3467.268187911265,690000.0,HalfCheetah-v3,TD3_Q2a3x64_1p
139,3688.3601468693414,695000.0,HalfCheetah-v3,TD3_Q2a3x64_1p
140,5354.772768111301,700000.0,HalfCheetah-v3,TD3_Q2a3x64_1p
141,5305.461518770973,705000.0,HalfCheetah-v3,TD3_Q2a3x64_1p
142,4964.963422195784,710000.0,HalfCheetah-v3,TD3_Q2a3x64_1p
143,4634.4841203424985,715000.0,HalfCheetah-v3,TD3_Q2a3x64_1p
144,4135.539432722987,720000.0,HalfCheetah-v3,TD3_Q2a3x64_1p
145,5542.7081332566995,725000.0,HalfCheetah-v3,TD3_Q2a3x64_1p
146,5255.129835854628,730000.0,HalfCheetah-v3,TD3_Q2a3x64_1p
147,4832.530400026417,735000.0,HalfCheetah-v3,TD3_Q2a3x64_1p
148,4563.368722730576,740000.0,HalfCheetah-v3,TD3_Q2a3x64_1p
149,3902.238048471771,745000.0,HalfCheetah-v3,TD3_Q2a3x64_1p
150,4465.676481725173,750000.0,HalfCheetah-v3,TD3_Q2a3x64_1p
151,4298.025895187715,755000.0,HalfCheetah-v3,TD3_Q2a3x64_1p
152,3826.9038229510093,760000.0,HalfCheetah-v3,TD3_Q2a3x64_1p
153,4104.3709767305145,765000.0,HalfCheetah-v3,TD3_Q2a3x64_1p
154,3722.371735583317,770000.0,HalfCheetah-v3,TD3_Q2a3x64_1p
155,5682.414895749955,775000.0,HalfCheetah-v3,TD3_Q2a3x64_1p
156,5325.7973247965765,780000.0,HalfCheetah-v3,TD3_Q2a3x64_1p
157,4918.485810018874,785000.0,HalfCheetah-v3,TD3_Q2a3x64_1p
158,4490.086987296937,790000.0,HalfCheetah-v3,TD3_Q2a3x64_1p
159,4368.385261737078,795000.0,HalfCheetah-v3,TD3_Q2a3x64_1p
160,5555.744093850757,800000.0,HalfCheetah-v3,TD3_Q2a3x64_1p
161,5260.461494594556,805000.0,HalfCheetah-v3,TD3_Q2a3x64_1p
162,4845.503880627896,810000.0,HalfCheetah-v3,TD3_Q2a3x64_1p
163,4606.656943745261,815000.0,HalfCheetah-v3,TD3_Q2a3x64_1p
164,4228.0074861684125,820000.0,HalfCheetah-v3,TD3_Q2a3x64_1p
165,5863.106480528718,825000.0,HalfCheetah-v3,TD3_Q2a3x64_1p
166,5518.710997949255,830000.0,HalfCheetah-v3,TD3_Q2a3x64_1p
167,4659.926322322479,835000.0,HalfCheetah-v3,TD3_Q2a3x64_1p
168,4479.708293574664,840000.0,HalfCheetah-v3,TD3_Q2a3x64_1p
169,4140.401013784455,845000.0,HalfCheetah-v3,TD3_Q2a3x64_1p
170,6021.608589074023,850000.0,HalfCheetah-v3,TD3_Q2a3x64_1p
171,5554.427472629604,855000.0,HalfCheetah-v3,TD3_Q2a3x64_1p
172,5102.631621969007,860000.0,HalfCheetah-v3,TD3_Q2a3x64_1p
173,4294.148283202598,865000.0,HalfCheetah-v3,TD3_Q2a3x64_1p
174,4374.757512554966,870000.0,HalfCheetah-v3,TD3_Q2a3x64_1p
175,6112.755515994327,875000.0,HalfCheetah-v3,TD3_Q2a3x64_1p
176,5369.647163325332,880000.0,HalfCheetah-v3,TD3_Q2a3x64_1p
177,4889.736222065976,885000.0,HalfCheetah-v3,TD3_Q2a3x64_1p
178,5010.760001124232,890000.0,HalfCheetah-v3,TD3_Q2a3x64_1p
179,4467.077660598622,895000.0,HalfCheetah-v3,TD3_Q2a3x64_1p
180,5956.438306423135,900000.0,HalfCheetah-v3,TD3_Q2a3x64_1p
181,4217.579630720462,905000.0,HalfCheetah-v3,TD3_Q2a3x64_1p
182,4986.648992786323,910000.0,HalfCheetah-v3,TD3_Q2a3x64_1p
183,4496.174090441538,915000.0,HalfCheetah-v3,TD3_Q2a3x64_1p
184,4203.637830573158,920000.0,HalfCheetah-v3,TD3_Q2a3x64_1p
185,6153.847952517988,925000.0,HalfCheetah-v3,TD3_Q2a3x64_1p
186,5208.58890524456,930000.0,HalfCheetah-v3,TD3_Q2a3x64_1p
187,4799.969534523667,935000.0,HalfCheetah-v3,TD3_Q2a3x64_1p
188,4557.102514515048,940000.0,HalfCheetah-v3,TD3_Q2a3x64_1p
189,3672.0613371446307,945000.0,HalfCheetah-v3,TD3_Q2a3x64_1p
190,4995.41400158268,950000.0,HalfCheetah-v3,TD3_Q2a3x64_1p
191,5320.129426876873,955000.0,HalfCheetah-v3,TD3_Q2a3x64_1p
192,4724.395585855711,960000.0,HalfCheetah-v3,TD3_Q2a3x64_1p
193,4121.058186612907,965000.0,HalfCheetah-v3,TD3_Q2a3x64_1p
194,3786.862450598853,970000.0,HalfCheetah-v3,TD3_Q2a3x64_1p
195,6307.210802829601,975000.0,HalfCheetah-v3,TD3_Q2a3x64_1p
196,5919.933368290906,980000.0,HalfCheetah-v3,TD3_Q2a3x64_1p
197,5154.091341361578,985000.0,HalfCheetah-v3,TD3_Q2a3x64_1p
198,4932.54457691256,990000.0,HalfCheetah-v3,TD3_Q2a3x64_1p
199,4069.432339557522,995000.0,HalfCheetah-v3,TD3_Q2a3x64_1p
200,6373.9977122587725,1000000.0,HalfCheetah-v3,TD3_Q2a3x64_1p
201,5856.918937788508,1005000.0,HalfCheetah-v3,TD3_Q2a3x64_1p
202,5337.727361423853,1010000.0,HalfCheetah-v3,TD3_Q2a3x64_1p
203,4549.892286993575,1015000.0,HalfCheetah-v3,TD3_Q2a3x64_1p
204,4333.479519506187,1020000.0,HalfCheetah-v3,TD3_Q2a3x64_1p
205,6453.352770358517,1025000.0,HalfCheetah-v3,TD3_Q2a3x64_1p
206,5626.464258681679,1030000.0,HalfCheetah-v3,TD3_Q2a3x64_1p
207,5149.680541496279,1035000.0,HalfCheetah-v3,TD3_Q2a3x64_1p
208,4843.670968276945,1040000.0,HalfCheetah-v3,TD3_Q2a3x64_1p
209,4499.172232963959,1045000.0,HalfCheetah-v3,TD3_Q2a3x64_1p
210,6346.779641570784,1050000.0,HalfCheetah-v3,TD3_Q2a3x64_1p
211,5806.944815335224,1055000.0,HalfCheetah-v3,TD3_Q2a3x64_1p
212,5373.546883424058,1060000.0,HalfCheetah-v3,TD3_Q2a3x64_1p
213,4887.549832004009,1065000.0,HalfCheetah-v3,TD3_Q2a3x64_1p
214,4596.350188828942,1070000.0,HalfCheetah-v3,TD3_Q2a3x64_1p
215,6238.13100492332,1075000.0,HalfCheetah-v3,TD3_Q2a3x64_1p
216,5551.383544471368,1080000.0,HalfCheetah-v3,TD3_Q2a3x64_1p
217,5063.735497157125,1085000.0,HalfCheetah-v3,TD3_Q2a3x64_1p
218,4712.031315877298,1090000.0,HalfCheetah-v3,TD3_Q2a3x64_1p
219,4493.693388477086,1095000.0,HalfCheetah-v3,TD3_Q2a3x64_1p
220,6597.111095363248,1100000.0,HalfCheetah-v3,TD3_Q2a3x64_1p
221,5927.975925465327,1105000.0,HalfCheetah-v3,TD3_Q2a3x64_1p
222,5215.236422677955,1110000.0,HalfCheetah-v3,TD3_Q2a3x64_1p
223,4908.118653657462,1115000.0,HalfCheetah-v3,TD3_Q2a3x64_1p
224,4522.71839904855,1120000.0,HalfCheetah-v3,TD3_Q2a3x64_1p
225,6510.5553941608305,1125000.0,HalfCheetah-v3,TD3_Q2a3x64_1p
226,5738.8397431246585,1130000.0,HalfCheetah-v3,TD3_Q2a3x64_1p
227,5088.452511156746,1135000.0,HalfCheetah-v3,TD3_Q2a3x64_1p
228,4848.508588821622,1140000.0,HalfCheetah-v3,TD3_Q2a3x64_1p
229,4548.548527700616,1145000.0,HalfCheetah-v3,TD3_Q2a3x64_1p
230,6290.316359605932,1150000.0,HalfCheetah-v3,TD3_Q2a3x64_1p
231,5800.1444260625485,1155000.0,HalfCheetah-v3,TD3_Q2a3x64_1p
232,5345.379578381592,1160000.0,HalfCheetah-v3,TD3_Q2a3x64_1p
233,4738.811302717908,1165000.0,HalfCheetah-v3,TD3_Q2a3x64_1p
234,4456.83821327274,1170000.0,HalfCheetah-v3,TD3_Q2a3x64_1p
235,6223.393658929925,1175000.0,HalfCheetah-v3,TD3_Q2a3x64_1p
236,5929.019106400865,1180000.0,HalfCheetah-v3,TD3_Q2a3x64_1p
237,5349.68910265442,1185000.0,HalfCheetah-v3,TD3_Q2a3x64_1p
238,4982.093567460144,1190000.0,HalfCheetah-v3,TD3_Q2a3x64_1p
239,4606.558480689363,1195000.0,HalfCheetah-v3,TD3_Q2a3x64_1p
240,6758.771543268582,1200000.0,HalfCheetah-v3,TD3_Q2a3x64_1p
241,5861.012655097887,1205000.0,HalfCheetah-v3,TD3_Q2a3x64_1p
242,5147.679996232403,1210000.0,HalfCheetah-v3,TD3_Q2a3x64_1p
243,4665.692127207953,1215000.0,HalfCheetah-v3,TD3_Q2a3x64_1p
244,4440.111356109684,1220000.0,HalfCheetah-v3,TD3_Q2a3x64_1p
245,6459.671475021306,1225000.0,HalfCheetah-v3,TD3_Q2a3x64_1p
246,5667.054018658137,1230000.0,HalfCheetah-v3,TD3_Q2a3x64_1p
247,5170.87369489316,1235000.0,HalfCheetah-v3,TD3_Q2a3x64_1p
248,4622.9448650763725,1240000.0,HalfCheetah-v3,TD3_Q2a3x64_1p
249,4314.070029810339,1245000.0,HalfCheetah-v3,TD3_Q2a3x64_1p
250,6320.002681459113,1250000.0,HalfCheetah-v3,TD3_Q2a3x64_1p
251,5732.062266281055,1255000.0,HalfCheetah-v3,TD3_Q2a3x64_1p
252,4972.385600782054,1260000.0,HalfCheetah-v3,TD3_Q2a3x64_1p
253,4748.225388711779,1265000.0,HalfCheetah-v3,TD3_Q2a3x64_1p
254,4371.279789706765,1270000.0,HalfCheetah-v3,TD3_Q2a3x64_1p
255,6420.096577131225,1275000.0,HalfCheetah-v3,TD3_Q2a3x64_1p
256,5658.581623550289,1280000.0,HalfCheetah-v3,TD3_Q2a3x64_1p
257,5061.919044586466,1285000.0,HalfCheetah-v3,TD3_Q2a3x64_1p
258,4666.807872000957,1290000.0,HalfCheetah-v3,TD3_Q2a3x64_1p
259,4415.218189111162,1295000.0,HalfCheetah-v3,TD3_Q2a3x64_1p
260,6597.209583580338,1300000.0,HalfCheetah-v3,TD3_Q2a3x64_1p
261,5843.107378354196,1305000.0,HalfCheetah-v3,TD3_Q2a3x64_1p
262,5408.364156632999,1310000.0,HalfCheetah-v3,TD3_Q2a3x64_1p
263,5056.960043756398,1315000.0,HalfCheetah-v3,TD3_Q2a3x64_1p
264,4503.406647111697,1320000.0,HalfCheetah-v3,TD3_Q2a3x64_1p
265,6562.782007104976,1325000.0,HalfCheetah-v3,TD3_Q2a3x64_1p
266,5575.607551367734,1330000.0,HalfCheetah-v3,TD3_Q2a3x64_1p
267,5002.906226290829,1335000.0,HalfCheetah-v3,TD3_Q2a3x64_1p
268,4736.778989880547,1340000.0,HalfCheetah-v3,TD3_Q2a3x64_1p
269,4179.989016229202,1345000.0,HalfCheetah-v3,TD3_Q2a3x64_1p
270,6788.141807996214,1350000.0,HalfCheetah-v3,TD3_Q2a3x64_1p
271,5773.361831509452,1355000.0,HalfCheetah-v3,TD3_Q2a3x64_1p
272,5121.611279636437,1360000.0,HalfCheetah-v3,TD3_Q2a3x64_1p
273,4760.599524009391,1365000.0,HalfCheetah-v3,TD3_Q2a3x64_1p
274,4393.899070691236,1370000.0,HalfCheetah-v3,TD3_Q2a3x64_1p
275,6868.178211835193,1375000.0,HalfCheetah-v3,TD3_Q2a3x64_1p
276,6128.4692339544545,1380000.0,HalfCheetah-v3,TD3_Q2a3x64_1p
277,5566.857866457191,1385000.0,HalfCheetah-v3,TD3_Q2a3x64_1p
278,4980.957792426196,1390000.0,HalfCheetah-v3,TD3_Q2a3x64_1p
279,4679.807884443506,1395000.0,HalfCheetah-v3,TD3_Q2a3x64_1p
280,6898.857187396026,1400000.0,HalfCheetah-v3,TD3_Q2a3x64_1p
281,6024.399762880852,1405000.0,HalfCheetah-v3,TD3_Q2a3x64_1p
282,5348.107180325764,1410000.0,HalfCheetah-v3,TD3_Q2a3x64_1p
283,4845.67426239664,1415000.0,HalfCheetah-v3,TD3_Q2a3x64_1p
284,4481.237073510243,1420000.0,HalfCheetah-v3,TD3_Q2a3x64_1p
285,6649.618538899976,1425000.0,HalfCheetah-v3,TD3_Q2a3x64_1p
286,5548.662455351502,1430000.0,HalfCheetah-v3,TD3_Q2a3x64_1p
287,5152.546734625154,1435000.0,HalfCheetah-v3,TD3_Q2a3x64_1p
288,4732.314809512574,1440000.0,HalfCheetah-v3,TD3_Q2a3x64_1p
289,4260.663069098706,1445000.0,HalfCheetah-v3,TD3_Q2a3x64_1p
290,6812.560306041317,1450000.0,HalfCheetah-v3,TD3_Q2a3x64_1p
291,5928.82565461808,1455000.0,HalfCheetah-v3,TD3_Q2a3x64_1p
292,5241.885437407012,1460000.0,HalfCheetah-v3,TD3_Q2a3x64_1p
293,4760.943456323842,1465000.0,HalfCheetah-v3,TD3_Q2a3x64_1p
294,4462.575647356322,1470000.0,HalfCheetah-v3,TD3_Q2a3x64_1p
295,7104.741451286078,1475000.0,HalfCheetah-v3,TD3_Q2a3x64_1p
296,6195.538925163569,1480000.0,HalfCheetah-v3,TD3_Q2a3x64_1p
297,5546.408284176558,1485000.0,HalfCheetah-v3,TD3_Q2a3x64_1p
298,4835.233871301738,1490000.0,HalfCheetah-v3,TD3_Q2a3x64_1p
299,4598.601247547746,1495000.0,HalfCheetah-v3,TD3_Q2a3x64_1p
300,7169.134869755057,1500000.0,HalfCheetah-v3,TD3_Q2a3x64_1p
301,6148.757695031164,1505000.0,HalfCheetah-v3,TD3_Q2a3x64_1p
302,5382.974102216304,1510000.0,HalfCheetah-v3,TD3_Q2a3x64_1p
303,4675.366354823506,1515000.0,HalfCheetah-v3,TD3_Q2a3x64_1p
304,4389.586896722926,1520000.0,HalfCheetah-v3,TD3_Q2a3x64_1p
305,6758.897596001663,1525000.0,HalfCheetah-v3,TD3_Q2a3x64_1p
306,5847.3101043168335,1530000.0,HalfCheetah-v3,TD3_Q2a3x64_1p
307,5211.785733538446,1535000.0,HalfCheetah-v3,TD3_Q2a3x64_1p
308,4693.746954451208,1540000.0,HalfCheetah-v3,TD3_Q2a3x64_1p
309,4349.2238954357645,1545000.0,HalfCheetah-v3,TD3_Q2a3x64_1p
310,7185.997225135798,1550000.0,HalfCheetah-v3,TD3_Q2a3x64_1p
311,6361.121931776953,1555000.0,HalfCheetah-v3,TD3_Q2a3x64_1p
312,5548.020141036361,1560000.0,HalfCheetah-v3,TD3_Q2a3x64_1p
313,4779.282830448824,1565000.0,HalfCheetah-v3,TD3_Q2a3x64_1p
314,4326.572983444398,1570000.0,HalfCheetah-v3,TD3_Q2a3x64_1p
315,7111.002381897252,1575000.0,HalfCheetah-v3,TD3_Q2a3x64_1p
316,6306.869433378281,1580000.0,HalfCheetah-v3,TD3_Q2a3x64_1p
317,5376.144672909581,1585000.0,HalfCheetah-v3,TD3_Q2a3x64_1p
318,4909.044937520098,1590000.0,HalfCheetah-v3,TD3_Q2a3x64_1p
319,4459.504704463489,1595000.0,HalfCheetah-v3,TD3_Q2a3x64_1p
320,7220.723419079115,1600000.0,HalfCheetah-v3,TD3_Q2a3x64_1p
321,6194.36201922938,1605000.0,HalfCheetah-v3,TD3_Q2a3x64_1p
322,5318.160419916318,1610000.0,HalfCheetah-v3,TD3_Q2a3x64_1p
323,4969.084388573248,1615000.0,HalfCheetah-v3,TD3_Q2a3x64_1p
324,4416.4045982464795,1620000.0,HalfCheetah-v3,TD3_Q2a3x64_1p
325,7199.8492893143,1625000.0,HalfCheetah-v3,TD3_Q2a3x64_1p
326,5888.042524816321,1630000.0,HalfCheetah-v3,TD3_Q2a3x64_1p
327,5323.805605853703,1635000.0,HalfCheetah-v3,TD3_Q2a3x64_1p
328,4722.7655802745085,1640000.0,HalfCheetah-v3,TD3_Q2a3x64_1p
329,4123.777772128471,1645000.0,HalfCheetah-v3,TD3_Q2a3x64_1p
330,7450.8385910342895,1650000.0,HalfCheetah-v3,TD3_Q2a3x64_1p
331,6354.653521270075,1655000.0,HalfCheetah-v3,TD3_Q2a3x64_1p
332,5405.126439287855,1660000.0,HalfCheetah-v3,TD3_Q2a3x64_1p
333,4721.65432686911,1665000.0,HalfCheetah-v3,TD3_Q2a3x64_1p
334,4410.2531050802645,1670000.0,HalfCheetah-v3,TD3_Q2a3x64_1p
335,7419.839004336677,1675000.0,HalfCheetah-v3,TD3_Q2a3x64_1p
336,6428.3413860984965,1680000.0,HalfCheetah-v3,TD3_Q2a3x64_1p
337,5339.768974070892,1685000.0,HalfCheetah-v3,TD3_Q2a3x64_1p
338,4796.487893758649,1690000.0,HalfCheetah-v3,TD3_Q2a3x64_1p
339,4368.661323055648,1695000.0,HalfCheetah-v3,TD3_Q2a3x64_1p
340,7478.140561978541,1700000.0,HalfCheetah-v3,TD3_Q2a3x64_1p
341,6289.101583562458,1705000.0,HalfCheetah-v3,TD3_Q2a3x64_1p
342,5546.31725307232,1710000.0,HalfCheetah-v3,TD3_Q2a3x64_1p
343,4801.4443100712,1715000.0,HalfCheetah-v3,TD3_Q2a3x64_1p
344,4307.306002771469,1720000.0,HalfCheetah-v3,TD3_Q2a3x64_1p
345,7114.811622547965,1725000.0,HalfCheetah-v3,TD3_Q2a3x64_1p
346,6444.407845792325,1730000.0,HalfCheetah-v3,TD3_Q2a3x64_1p
347,5785.793193944977,1735000.0,HalfCheetah-v3,TD3_Q2a3x64_1p
348,5181.737178126001,1740000.0,HalfCheetah-v3,TD3_Q2a3x64_1p
349,4473.679426147799,1745000.0,HalfCheetah-v3,TD3_Q2a3x64_1p
350,7592.926304972274,1750000.0,HalfCheetah-v3,TD3_Q2a3x64_1p
351,6202.04898582633,1755000.0,HalfCheetah-v3,TD3_Q2a3x64_1p
352,5387.851589745691,1760000.0,HalfCheetah-v3,TD3_Q2a3x64_1p
353,4705.132775239464,1765000.0,HalfCheetah-v3,TD3_Q2a3x64_1p
354,4357.759733250114,1770000.0,HalfCheetah-v3,TD3_Q2a3x64_1p
355,7478.642500742416,1775000.0,HalfCheetah-v3,TD3_Q2a3x64_1p
356,6362.109802189349,1780000.0,HalfCheetah-v3,TD3_Q2a3x64_1p
357,5568.657565096132,1785000.0,HalfCheetah-v3,TD3_Q2a3x64_1p
358,4820.411684766211,1790000.0,HalfCheetah-v3,TD3_Q2a3x64_1p
359,4453.3456384074825,1795000.0,HalfCheetah-v3,TD3_Q2a3x64_1p
360,7501.792470644128,1800000.0,HalfCheetah-v3,TD3_Q2a3x64_1p
361,6497.752784477202,1805000.0,HalfCheetah-v3,TD3_Q2a3x64_1p
362,5506.943681030699,1810000.0,HalfCheetah-v3,TD3_Q2a3x64_1p
363,4875.153012589351,1815000.0,HalfCheetah-v3,TD3_Q2a3x64_1p
364,4306.946179761212,1820000.0,HalfCheetah-v3,TD3_Q2a3x64_1p
365,7570.590271982981,1825000.0,HalfCheetah-v3,TD3_Q2a3x64_1p
366,6234.24733835867,1830000.0,HalfCheetah-v3,TD3_Q2a3x64_1p
367,5177.086146339336,1835000.0,HalfCheetah-v3,TD3_Q2a3x64_1p
368,4559.645631652936,1840000.0,HalfCheetah-v3,TD3_Q2a3x64_1p
369,4335.698711708081,1845000.0,HalfCheetah-v3,TD3_Q2a3x64_1p
370,7728.872435161384,1850000.0,HalfCheetah-v3,TD3_Q2a3x64_1p
371,6637.897042774253,1855000.0,HalfCheetah-v3,TD3_Q2a3x64_1p
372,5632.497649931034,1860000.0,HalfCheetah-v3,TD3_Q2a3x64_1p
373,5064.162996259141,1865000.0,HalfCheetah-v3,TD3_Q2a3x64_1p
374,4525.7413727747435,1870000.0,HalfCheetah-v3,TD3_Q2a3x64_1p
375,7710.840911972957,1875000.0,HalfCheetah-v3,TD3_Q2a3x64_1p
376,6444.362712118426,1880000.0,HalfCheetah-v3,TD3_Q2a3x64_1p
377,5643.0282800285495,1885000.0,HalfCheetah-v3,TD3_Q2a3x64_1p
378,4950.75616402051,1890000.0,HalfCheetah-v3,TD3_Q2a3x64_1p
379,4394.774871783294,1895000.0,HalfCheetah-v3,TD3_Q2a3x64_1p
380,7718.055859748361,1900000.0,HalfCheetah-v3,TD3_Q2a3x64_1p
381,6513.896015297552,1905000.0,HalfCheetah-v3,TD3_Q2a3x64_1p
382,5499.99890064346,1910000.0,HalfCheetah-v3,TD3_Q2a3x64_1p
383,4868.24718309765,1915000.0,HalfCheetah-v3,TD3_Q2a3x64_1p
384,4630.216969667965,1920000.0,HalfCheetah-v3,TD3_Q2a3x64_1p
385,7693.406363843734,1925000.0,HalfCheetah-v3,TD3_Q2a3x64_1p
386,6706.240996192277,1930000.0,HalfCheetah-v3,TD3_Q2a3x64_1p
387,5795.725084420907,1935000.0,HalfCheetah-v3,TD3_Q2a3x64_1p
388,4882.009396474432,1940000.0,HalfCheetah-v3,TD3_Q2a3x64_1p
389,4428.539435662424,1945000.0,HalfCheetah-v3,TD3_Q2a3x64_1p
390,7667.529318019455,1950000.0,HalfCheetah-v3,TD3_Q2a3x64_1p
391,6880.098893869615,1955000.0,HalfCheetah-v3,TD3_Q2a3x64_1p
392,5947.016538520909,1960000.0,HalfCheetah-v3,TD3_Q2a3x64_1p
393,5208.480920375999,1965000.0,HalfCheetah-v3,TD3_Q2a3x64_1p
394,4680.4570663118375,1970000.0,HalfCheetah-v3,TD3_Q2a3x64_1p
395,7957.454686090195,1975000.0,HalfCheetah-v3,TD3_Q2a3x64_1p
396,6791.346704674938,1980000.0,HalfCheetah-v3,TD3_Q2a3x64_1p
397,5810.392229734881,1985000.0,HalfCheetah-v3,TD3_Q2a3x64_1p
398,5075.969395549806,1990000.0,HalfCheetah-v3,TD3_Q2a3x64_1p
399,4401.238233615475,1995000.0,HalfCheetah-v3,TD3_Q2a3x64_1p
400,7761.831290214451,2000000.0,HalfCheetah-v3,TD3_Q2a3x64_1p
401,6487.964156732035,2005000.0,HalfCheetah-v3,TD3_Q2a3x64_1p
402,5451.37418280569,2010000.0,HalfCheetah-v3,TD3_Q2a3x64_1p
403,4833.240704802308,2015000.0,HalfCheetah-v3,TD3_Q2a3x64_1p
404,4183.048025768197,2020000.0,HalfCheetah-v3,TD3_Q2a3x64_1p
405,8052.854623199708,2025000.0,HalfCheetah-v3,TD3_Q2a3x64_1p
406,6738.362161064641,2030000.0,HalfCheetah-v3,TD3_Q2a3x64_1p
407,5794.700093119968,2035000.0,HalfCheetah-v3,TD3_Q2a3x64_1p
408,4876.972051947186,2040000.0,HalfCheetah-v3,TD3_Q2a3x64_1p
409,4616.350986138497,2045000.0,HalfCheetah-v3,TD3_Q2a3x64_1p
410,8012.251258683267,2050000.0,HalfCheetah-v3,TD3_Q2a3x64_1p
411,6676.354418546044,2055000.0,HalfCheetah-v3,TD3_Q2a3x64_1p
412,5622.803687227688,2060000.0,HalfCheetah-v3,TD3_Q2a3x64_1p
413,4792.414973162912,2065000.0,HalfCheetah-v3,TD3_Q2a3x64_1p
414,4440.780083637723,2070000.0,HalfCheetah-v3,TD3_Q2a3x64_1p
415,7856.8057241978295,2075000.0,HalfCheetah-v3,TD3_Q2a3x64_1p
416,6065.458199809067,2080000.0,HalfCheetah-v3,TD3_Q2a3x64_1p
417,5378.135717422435,2085000.0,HalfCheetah-v3,TD3_Q2a3x64_1p
418,4687.673045456275,2090000.0,HalfCheetah-v3,TD3_Q2a3x64_1p
419,4249.154028162678,2095000.0,HalfCheetah-v3,TD3_Q2a3x64_1p
420,7225.140651897663,2100000.0,HalfCheetah-v3,TD3_Q2a3x64_1p
421,6511.748226683356,2105000.0,HalfCheetah-v3,TD3_Q2a3x64_1p
422,5454.269428021495,2110000.0,HalfCheetah-v3,TD3_Q2a3x64_1p
423,4996.797289863813,2115000.0,HalfCheetah-v3,TD3_Q2a3x64_1p
424,4393.619564662728,2120000.0,HalfCheetah-v3,TD3_Q2a3x64_1p
425,8012.329313677328,2125000.0,HalfCheetah-v3,TD3_Q2a3x64_1p
426,6683.585488663046,2130000.0,HalfCheetah-v3,TD3_Q2a3x64_1p
427,6010.4702798659255,2135000.0,HalfCheetah-v3,TD3_Q2a3x64_1p
428,5206.162706854021,2140000.0,HalfCheetah-v3,TD3_Q2a3x64_1p
429,4418.99629947972,2145000.0,HalfCheetah-v3,TD3_Q2a3x64_1p
430,7862.1355232252145,2150000.0,HalfCheetah-v3,TD3_Q2a3x64_1p
431,6646.83180117296,2155000.0,HalfCheetah-v3,TD3_Q2a3x64_1p
432,5552.023077418841,2160000.0,HalfCheetah-v3,TD3_Q2a3x64_1p
433,4728.477028207728,2165000.0,HalfCheetah-v3,TD3_Q2a3x64_1p
434,4183.796288479697,2170000.0,HalfCheetah-v3,TD3_Q2a3x64_1p
435,8261.239972941978,2175000.0,HalfCheetah-v3,TD3_Q2a3x64_1p
436,6764.683508116088,2180000.0,HalfCheetah-v3,TD3_Q2a3x64_1p
437,5430.468741069834,2185000.0,HalfCheetah-v3,TD3_Q2a3x64_1p
438,4710.422525596703,2190000.0,HalfCheetah-v3,TD3_Q2a3x64_1p
439,4471.309686708044,2195000.0,HalfCheetah-v3,TD3_Q2a3x64_1p
440,8188.381803747021,2200000.0,HalfCheetah-v3,TD3_Q2a3x64_1p
441,6359.633076271658,2205000.0,HalfCheetah-v3,TD3_Q2a3x64_1p
442,5572.863449157902,2210000.0,HalfCheetah-v3,TD3_Q2a3x64_1p
443,4779.200340937447,2215000.0,HalfCheetah-v3,TD3_Q2a3x64_1p
444,4307.411823876563,2220000.0,HalfCheetah-v3,TD3_Q2a3x64_1p
445,8443.595613057742,2225000.0,HalfCheetah-v3,TD3_Q2a3x64_1p
446,6837.6070893153055,2230000.0,HalfCheetah-v3,TD3_Q2a3x64_1p
447,5634.052258528396,2235000.0,HalfCheetah-v3,TD3_Q2a3x64_1p
448,4921.772841108461,2240000.0,HalfCheetah-v3,TD3_Q2a3x64_1p
449,4269.960542496502,2245000.0,HalfCheetah-v3,TD3_Q2a3x64_1p
450,8538.496490802483,2250000.0,HalfCheetah-v3,TD3_Q2a3x64_1p
451,7009.973014373041,2255000.0,HalfCheetah-v3,TD3_Q2a3x64_1p
452,5841.239554640995,2260000.0,HalfCheetah-v3,TD3_Q2a3x64_1p
453,4941.4073784095435,2265000.0,HalfCheetah-v3,TD3_Q2a3x64_1p
454,4470.569750407098,2270000.0,HalfCheetah-v3,TD3_Q2a3x64_1p
455,8456.041528299882,2275000.0,HalfCheetah-v3,TD3_Q2a3x64_1p
456,7200.918879423652,2280000.0,HalfCheetah-v3,TD3_Q2a3x64_1p
457,5883.599490270013,2285000.0,HalfCheetah-v3,TD3_Q2a3x64_1p
458,5270.508885529032,2290000.0,HalfCheetah-v3,TD3_Q2a3x64_1p
459,4559.463673626522,2295000.0,HalfCheetah-v3,TD3_Q2a3x64_1p
460,7080.200521801626,2300000.0,HalfCheetah-v3,TD3_Q2a3x64_1p
461,6129.862322450517,2305000.0,HalfCheetah-v3,TD3_Q2a3x64_1p
462,5301.680019504102,2310000.0,HalfCheetah-v3,TD3_Q2a3x64_1p
463,4616.077176772916,2315000.0,HalfCheetah-v3,TD3_Q2a3x64_1p
464,4438.694970709217,2320000.0,HalfCheetah-v3,TD3_Q2a3x64_1p
465,6677.874412313623,2325000.0,HalfCheetah-v3,TD3_Q2a3x64_1p
466,5724.232259991236,2330000.0,HalfCheetah-v3,TD3_Q2a3x64_1p
467,5241.814494308626,2335000.0,HalfCheetah-v3,TD3_Q2a3x64_1p
468,4540.4562708574285,2340000.0,HalfCheetah-v3,TD3_Q2a3x64_1p
469,4135.478793593035,2345000.0,HalfCheetah-v3,TD3_Q2a3x64_1p
470,8186.562615515832,2350000.0,HalfCheetah-v3,TD3_Q2a3x64_1p
471,6997.669011971631,2355000.0,HalfCheetah-v3,TD3_Q2a3x64_1p
472,5727.535324578978,2360000.0,HalfCheetah-v3,TD3_Q2a3x64_1p
473,4969.998586493154,2365000.0,HalfCheetah-v3,TD3_Q2a3x64_1p
474,4509.055422144997,2370000.0,HalfCheetah-v3,TD3_Q2a3x64_1p
475,8522.167507318265,2375000.0,HalfCheetah-v3,TD3_Q2a3x64_1p
476,6900.642360051647,2380000.0,HalfCheetah-v3,TD3_Q2a3x64_1p
477,5634.145387114548,2385000.0,HalfCheetah-v3,TD3_Q2a3x64_1p
478,4919.411776047515,2390000.0,HalfCheetah-v3,TD3_Q2a3x64_1p
479,4371.274300345579,2395000.0,HalfCheetah-v3,TD3_Q2a3x64_1p
480,8331.69902914076,2400000.0,HalfCheetah-v3,TD3_Q2a3x64_1p
481,7225.054677458027,2405000.0,HalfCheetah-v3,TD3_Q2a3x64_1p
482,6135.43673403239,2410000.0,HalfCheetah-v3,TD3_Q2a3x64_1p
483,5355.329244067989,2415000.0,HalfCheetah-v3,TD3_Q2a3x64_1p
484,4554.701255082553,2420000.0,HalfCheetah-v3,TD3_Q2a3x64_1p
485,7648.455705832729,2425000.0,HalfCheetah-v3,TD3_Q2a3x64_1p
486,6794.276737192628,2430000.0,HalfCheetah-v3,TD3_Q2a3x64_1p
487,5426.626767937919,2435000.0,HalfCheetah-v3,TD3_Q2a3x64_1p
488,4718.17710765292,2440000.0,HalfCheetah-v3,TD3_Q2a3x64_1p
489,4171.577595491241,2445000.0,HalfCheetah-v3,TD3_Q2a3x64_1p
490,8511.880646102782,2450000.0,HalfCheetah-v3,TD3_Q2a3x64_1p
491,7323.717132297474,2455000.0,HalfCheetah-v3,TD3_Q2a3x64_1p
492,6326.171734764513,2460000.0,HalfCheetah-v3,TD3_Q2a3x64_1p
493,5215.181842825501,2465000.0,HalfCheetah-v3,TD3_Q2a3x64_1p
494,4406.8484983180715,2470000.0,HalfCheetah-v3,TD3_Q2a3x64_1p
495,8102.200603291659,2475000.0,HalfCheetah-v3,TD3_Q2a3x64_1p
496,7222.25705305817,2480000.0,HalfCheetah-v3,TD3_Q2a3x64_1p
497,5821.462433900102,2485000.0,HalfCheetah-v3,TD3_Q2a3x64_1p
498,4752.22553078198,2490000.0,HalfCheetah-v3,TD3_Q2a3x64_1p
499,4253.73738865734,2495000.0,HalfCheetah-v3,TD3_Q2a3x64_1p
500,8699.168933498066,2500000.0,HalfCheetah-v3,TD3_Q2a3x64_1p
501,6475.480519688701,2505000.0,HalfCheetah-v3,TD3_Q2a3x64_1p
502,5600.580877052627,2510000.0,HalfCheetah-v3,TD3_Q2a3x64_1p
503,4857.240888570024,2515000.0,HalfCheetah-v3,TD3_Q2a3x64_1p
504,4485.217166031275,2520000.0,HalfCheetah-v3,TD3_Q2a3x64_1p
505,8704.163292109537,2525000.0,HalfCheetah-v3,TD3_Q2a3x64_1p
506,7242.415441545374,2530000.0,HalfCheetah-v3,TD3_Q2a3x64_1p
507,5674.095566895467,2535000.0,HalfCheetah-v3,TD3_Q2a3x64_1p
508,5201.63779496273,2540000.0,HalfCheetah-v3,TD3_Q2a3x64_1p
509,4615.324924122595,2545000.0,HalfCheetah-v3,TD3_Q2a3x64_1p
510,8881.911566026076,2550000.0,HalfCheetah-v3,TD3_Q2a3x64_1p
511,7051.471947593005,2555000.0,HalfCheetah-v3,TD3_Q2a3x64_1p
512,6019.00779756975,2560000.0,HalfCheetah-v3,TD3_Q2a3x64_1p
513,5058.131300202292,2565000.0,HalfCheetah-v3,TD3_Q2a3x64_1p
514,4473.8934634776315,2570000.0,HalfCheetah-v3,TD3_Q2a3x64_1p
515,8935.22211249313,2575000.0,HalfCheetah-v3,TD3_Q2a3x64_1p
516,7519.855444378953,2580000.0,HalfCheetah-v3,TD3_Q2a3x64_1p
517,6142.799697903536,2585000.0,HalfCheetah-v3,TD3_Q2a3x64_1p
518,5099.950143549748,2590000.0,HalfCheetah-v3,TD3_Q2a3x64_1p
519,4583.64684753201,2595000.0,HalfCheetah-v3,TD3_Q2a3x64_1p
520,8989.406521253446,2600000.0,HalfCheetah-v3,TD3_Q2a3x64_1p
521,7199.4534468963375,2605000.0,HalfCheetah-v3,TD3_Q2a3x64_1p
522,5906.405155007896,2610000.0,HalfCheetah-v3,TD3_Q2a3x64_1p
523,4975.281313999042,2615000.0,HalfCheetah-v3,TD3_Q2a3x64_1p
524,4376.324785194865,2620000.0,HalfCheetah-v3,TD3_Q2a3x64_1p
525,8924.034083243665,2625000.0,HalfCheetah-v3,TD3_Q2a3x64_1p
526,7435.837513994187,2630000.0,HalfCheetah-v3,TD3_Q2a3x64_1p
527,6019.250116791818,2635000.0,HalfCheetah-v3,TD3_Q2a3x64_1p
528,5060.691070303617,2640000.0,HalfCheetah-v3,TD3_Q2a3x64_1p
529,4481.796075692334,2645000.0,HalfCheetah-v3,TD3_Q2a3x64_1p
530,9159.699711503747,2650000.0,HalfCheetah-v3,TD3_Q2a3x64_1p
531,7339.328514582517,2655000.0,HalfCheetah-v3,TD3_Q2a3x64_1p
532,5703.017298046161,2660000.0,HalfCheetah-v3,TD3_Q2a3x64_1p
533,4901.116816803537,2665000.0,HalfCheetah-v3,TD3_Q2a3x64_1p
534,4359.394513200422,2670000.0,HalfCheetah-v3,TD3_Q2a3x64_1p
535,9064.33318964933,2675000.0,HalfCheetah-v3,TD3_Q2a3x64_1p
536,7295.794454747357,2680000.0,HalfCheetah-v3,TD3_Q2a3x64_1p
537,5933.823572649788,2685000.0,HalfCheetah-v3,TD3_Q2a3x64_1p
538,5258.483515170736,2690000.0,HalfCheetah-v3,TD3_Q2a3x64_1p
539,4476.540562901444,2695000.0,HalfCheetah-v3,TD3_Q2a3x64_1p
540,8885.538670462092,2700000.0,HalfCheetah-v3,TD3_Q2a3x64_1p
541,7488.208494971897,2705000.0,HalfCheetah-v3,TD3_Q2a3x64_1p
542,5774.208669998858,2710000.0,HalfCheetah-v3,TD3_Q2a3x64_1p
543,5203.281532020782,2715000.0,HalfCheetah-v3,TD3_Q2a3x64_1p
544,4493.143229590723,2720000.0,HalfCheetah-v3,TD3_Q2a3x64_1p
545,9160.669625926155,2725000.0,HalfCheetah-v3,TD3_Q2a3x64_1p
546,7466.540708871919,2730000.0,HalfCheetah-v3,TD3_Q2a3x64_1p
547,5799.711533912653,2735000.0,HalfCheetah-v3,TD3_Q2a3x64_1p
548,4937.888624492379,2740000.0,HalfCheetah-v3,TD3_Q2a3x64_1p
549,4219.571830030212,2745000.0,HalfCheetah-v3,TD3_Q2a3x64_1p
550,9085.572904874523,2750000.0,HalfCheetah-v3,TD3_Q2a3x64_1p
551,7258.79266171067,2755000.0,HalfCheetah-v3,TD3_Q2a3x64_1p
552,5796.140647634298,2760000.0,HalfCheetah-v3,TD3_Q2a3x64_1p
553,5088.284408747202,2765000.0,HalfCheetah-v3,TD3_Q2a3x64_1p
554,4537.65225023297,2770000.0,HalfCheetah-v3,TD3_Q2a3x64_1p
555,8157.9411061079645,2775000.0,HalfCheetah-v3,TD3_Q2a3x64_1p
556,6613.1578288106275,2780000.0,HalfCheetah-v3,TD3_Q2a3x64_1p
557,5501.340286751235,2785000.0,HalfCheetah-v3,TD3_Q2a3x64_1p
558,4601.953026847941,2790000.0,HalfCheetah-v3,TD3_Q2a3x64_1p
559,4330.789850059045,2795000.0,HalfCheetah-v3,TD3_Q2a3x64_1p
560,9203.351813687495,2800000.0,HalfCheetah-v3,TD3_Q2a3x64_1p
561,7626.407726937163,2805000.0,HalfCheetah-v3,TD3_Q2a3x64_1p
562,5968.284254591216,2810000.0,HalfCheetah-v3,TD3_Q2a3x64_1p
563,5087.923590413369,2815000.0,HalfCheetah-v3,TD3_Q2a3x64_1p
564,4732.187950939728,2820000.0,HalfCheetah-v3,TD3_Q2a3x64_1p
565,8923.418485329912,2825000.0,HalfCheetah-v3,TD3_Q2a3x64_1p
566,7366.2344198408955,2830000.0,HalfCheetah-v3,TD3_Q2a3x64_1p
567,5987.103340513912,2835000.0,HalfCheetah-v3,TD3_Q2a3x64_1p
568,5213.063733104792,2840000.0,HalfCheetah-v3,TD3_Q2a3x64_1p
569,4444.8168422787685,2845000.0,HalfCheetah-v3,TD3_Q2a3x64_1p
570,8877.439210849016,2850000.0,HalfCheetah-v3,TD3_Q2a3x64_1p
571,7714.075396763097,2855000.0,HalfCheetah-v3,TD3_Q2a3x64_1p
572,6445.776447047096,2860000.0,HalfCheetah-v3,TD3_Q2a3x64_1p
573,5125.77919954606,2865000.0,HalfCheetah-v3,TD3_Q2a3x64_1p
574,4713.263913567264,2870000.0,HalfCheetah-v3,TD3_Q2a3x64_1p
575,9244.072542489406,2875000.0,HalfCheetah-v3,TD3_Q2a3x64_1p
576,7683.081725554085,2880000.0,HalfCheetah-v3,TD3_Q2a3x64_1p
577,6176.944091464435,2885000.0,HalfCheetah-v3,TD3_Q2a3x64_1p
578,5129.603391759042,2890000.0,HalfCheetah-v3,TD3_Q2a3x64_1p
579,4417.752328587135,2895000.0,HalfCheetah-v3,TD3_Q2a3x64_1p
580,9197.963091119189,2900000.0,HalfCheetah-v3,TD3_Q2a3x64_1p
581,7751.109627062459,2905000.0,HalfCheetah-v3,TD3_Q2a3x64_1p
582,6522.049334208325,2910000.0,HalfCheetah-v3,TD3_Q2a3x64_1p
583,4996.212547369291,2915000.0,HalfCheetah-v3,TD3_Q2a3x64_1p
584,4435.758305731335,2920000.0,HalfCheetah-v3,TD3_Q2a3x64_1p
585,9286.977210058194,2925000.0,HalfCheetah-v3,TD3_Q2a3x64_1p
586,7295.381374327842,2930000.0,HalfCheetah-v3,TD3_Q2a3x64_1p
587,6074.522771223686,2935000.0,HalfCheetah-v3,TD3_Q2a3x64_1p
588,5032.538134158246,2940000.0,HalfCheetah-v3,TD3_Q2a3x64_1p
589,4365.008478705931,2945000.0,HalfCheetah-v3,TD3_Q2a3x64_1p
590,9267.473566586848,2950000.0,HalfCheetah-v3,TD3_Q2a3x64_1p
591,7254.591188245662,2955000.0,HalfCheetah-v3,TD3_Q2a3x64_1p
592,5850.22248081539,2960000.0,HalfCheetah-v3,TD3_Q2a3x64_1p
593,4920.881352278812,2965000.0,HalfCheetah-v3,TD3_Q2a3x64_1p
594,4525.832776837096,2970000.0,HalfCheetah-v3,TD3_Q2a3x64_1p
595,9228.343654770073,2975000.0,HalfCheetah-v3,TD3_Q2a3x64_1p
596,7390.641834206875,2980000.0,HalfCheetah-v3,TD3_Q2a3x64_1p
597,6025.576747803677,2985000.0,HalfCheetah-v3,TD3_Q2a3x64_1p
598,5012.559579149443,2990000.0,HalfCheetah-v3,TD3_Q2a3x64_1p
599,4280.035800871518,2995000.0,HalfCheetah-v3,TD3_Q2a3x64_1p
600,9446.909979837346,3000000.0,HalfCheetah-v3,TD3_Q2a3x64_1p
601,7831.399509571136,3005000.0,HalfCheetah-v3,TD3_Q2a3x64_1p
602,6138.412968555158,3010000.0,HalfCheetah-v3,TD3_Q2a3x64_1p
603,4903.644237842948,3015000.0,HalfCheetah-v3,TD3_Q2a3x64_1p
604,4269.8059823000285,3020000.0,HalfCheetah-v3,TD3_Q2a3x64_1p
605,9408.4148144213,3025000.0,HalfCheetah-v3,TD3_Q2a3x64_1p
606,7671.825181836522,3030000.0,HalfCheetah-v3,TD3_Q2a3x64_1p
607,5948.573432314849,3035000.0,HalfCheetah-v3,TD3_Q2a3x64_1p
608,4843.457297212096,3040000.0,HalfCheetah-v3,TD3_Q2a3x64_1p
609,4353.267105879255,3045000.0,HalfCheetah-v3,TD3_Q2a3x64_1p
610,9433.384094289519,3050000.0,HalfCheetah-v3,TD3_Q2a3x64_1p
611,7961.973436186289,3055000.0,HalfCheetah-v3,TD3_Q2a3x64_1p
612,6375.036577113971,3060000.0,HalfCheetah-v3,TD3_Q2a3x64_1p
613,5152.5218535755175,3065000.0,HalfCheetah-v3,TD3_Q2a3x64_1p
614,4536.686765662045,3070000.0,HalfCheetah-v3,TD3_Q2a3x64_1p
615,9481.94916147623,3075000.0,HalfCheetah-v3,TD3_Q2a3x64_1p
616,7953.743812127688,3080000.0,HalfCheetah-v3,TD3_Q2a3x64_1p
617,6081.01464709739,3085000.0,HalfCheetah-v3,TD3_Q2a3x64_1p
618,5355.155903613449,3090000.0,HalfCheetah-v3,TD3_Q2a3x64_1p
619,4332.677728958903,3095000.0,HalfCheetah-v3,TD3_Q2a3x64_1p
620,8662.822928829852,3100000.0,HalfCheetah-v3,TD3_Q2a3x64_1p
621,7591.776320827118,3105000.0,HalfCheetah-v3,TD3_Q2a3x64_1p
622,6289.12832011148,3110000.0,HalfCheetah-v3,TD3_Q2a3x64_1p
623,5360.946803952733,3115000.0,HalfCheetah-v3,TD3_Q2a3x64_1p
624,4728.974244006807,3120000.0,HalfCheetah-v3,TD3_Q2a3x64_1p
625,9660.408153930799,3125000.0,HalfCheetah-v3,TD3_Q2a3x64_1p
626,7722.8177649063655,3130000.0,HalfCheetah-v3,TD3_Q2a3x64_1p
627,6242.388968982168,3135000.0,HalfCheetah-v3,TD3_Q2a3x64_1p
628,5330.94645942663,3140000.0,HalfCheetah-v3,TD3_Q2a3x64_1p
629,4696.252296295298,3145000.0,HalfCheetah-v3,TD3_Q2a3x64_1p
630,9553.53329007072,3150000.0,HalfCheetah-v3,TD3_Q2a3x64_1p
631,7561.555532157598,3155000.0,HalfCheetah-v3,TD3_Q2a3x64_1p
632,5880.912347493655,3160000.0,HalfCheetah-v3,TD3_Q2a3x64_1p
633,5279.948156436682,3165000.0,HalfCheetah-v3,TD3_Q2a3x64_1p
634,4547.259374170165,3170000.0,HalfCheetah-v3,TD3_Q2a3x64_1p
635,9170.656990867095,3175000.0,HalfCheetah-v3,TD3_Q2a3x64_1p
636,7745.941857601107,3180000.0,HalfCheetah-v3,TD3_Q2a3x64_1p
637,6122.305172393294,3185000.0,HalfCheetah-v3,TD3_Q2a3x64_1p
638,5327.335450426827,3190000.0,HalfCheetah-v3,TD3_Q2a3x64_1p
639,4717.968144232428,3195000.0,HalfCheetah-v3,TD3_Q2a3x64_1p
640,9346.880108803478,3200000.0,HalfCheetah-v3,TD3_Q2a3x64_1p
641,7461.3495150918825,3205000.0,HalfCheetah-v3,TD3_Q2a3x64_1p
642,5960.7764927519065,3210000.0,HalfCheetah-v3,TD3_Q2a3x64_1p
643,5160.844256916684,3215000.0,HalfCheetah-v3,TD3_Q2a3x64_1p
644,4438.182689292356,3220000.0,HalfCheetah-v3,TD3_Q2a3x64_1p
645,9652.250045337612,3225000.0,HalfCheetah-v3,TD3_Q2a3x64_1p
646,7755.782695985688,3230000.0,HalfCheetah-v3,TD3_Q2a3x64_1p
647,6168.065121785093,3235000.0,HalfCheetah-v3,TD3_Q2a3x64_1p
648,5273.477328213655,3240000.0,HalfCheetah-v3,TD3_Q2a3x64_1p
649,4555.097037286588,3245000.0,HalfCheetah-v3,TD3_Q2a3x64_1p
650,9609.404636578995,3250000.0,HalfCheetah-v3,TD3_Q2a3x64_1p
651,7923.299999469494,3255000.0,HalfCheetah-v3,TD3_Q2a3x64_1p
652,6262.838548590846,3260000.0,HalfCheetah-v3,TD3_Q2a3x64_1p
653,5245.096263216925,3265000.0,HalfCheetah-v3,TD3_Q2a3x64_1p
654,4390.756295590482,3270000.0,HalfCheetah-v3,TD3_Q2a3x64_1p
655,9523.588423045867,3275000.0,HalfCheetah-v3,TD3_Q2a3x64_1p
656,7865.545935603657,3280000.0,HalfCheetah-v3,TD3_Q2a3x64_1p
657,6481.006853633814,3285000.0,HalfCheetah-v3,TD3_Q2a3x64_1p
658,5275.06194207588,3290000.0,HalfCheetah-v3,TD3_Q2a3x64_1p
659,4504.670582475165,3295000.0,HalfCheetah-v3,TD3_Q2a3x64_1p
660,9558.875501343487,3300000.0,HalfCheetah-v3,TD3_Q2a3x64_1p
661,7639.971180267081,3305000.0,HalfCheetah-v3,TD3_Q2a3x64_1p
662,6234.974470380561,3310000.0,HalfCheetah-v3,TD3_Q2a3x64_1p
663,5052.741011054002,3315000.0,HalfCheetah-v3,TD3_Q2a3x64_1p
664,4453.148529616065,3320000.0,HalfCheetah-v3,TD3_Q2a3x64_1p
665,9543.478167601279,3325000.0,HalfCheetah-v3,TD3_Q2a3x64_1p
666,7470.6853065707355,3330000.0,HalfCheetah-v3,TD3_Q2a3x64_1p
667,6017.2367054279075,3335000.0,HalfCheetah-v3,TD3_Q2a3x64_1p
668,5145.063410712675,3340000.0,HalfCheetah-v3,TD3_Q2a3x64_1p
669,4474.862247030281,3345000.0,HalfCheetah-v3,TD3_Q2a3x64_1p
670,9629.387898302954,3350000.0,HalfCheetah-v3,TD3_Q2a3x64_1p
671,7652.183906140575,3355000.0,HalfCheetah-v3,TD3_Q2a3x64_1p
672,6186.540548448317,3360000.0,HalfCheetah-v3,TD3_Q2a3x64_1p
673,5131.653823602891,3365000.0,HalfCheetah-v3,TD3_Q2a3x64_1p
674,4133.979962310151,3370000.0,HalfCheetah-v3,TD3_Q2a3x64_1p
675,8943.523507403926,3375000.0,HalfCheetah-v3,TD3_Q2a3x64_1p
676,6525.291194845027,3380000.0,HalfCheetah-v3,TD3_Q2a3x64_1p
677,5899.5440656983965,3385000.0,HalfCheetah-v3,TD3_Q2a3x64_1p
678,4952.228336870151,3390000.0,HalfCheetah-v3,TD3_Q2a3x64_1p
679,4435.834978024172,3395000.0,HalfCheetah-v3,TD3_Q2a3x64_1p
680,9734.183307973813,3400000.0,HalfCheetah-v3,TD3_Q2a3x64_1p
681,7616.65368979389,3405000.0,HalfCheetah-v3,TD3_Q2a3x64_1p
682,6134.417996434378,3410000.0,HalfCheetah-v3,TD3_Q2a3x64_1p
683,5124.954284648804,3415000.0,HalfCheetah-v3,TD3_Q2a3x64_1p
684,4336.1088299991225,3420000.0,HalfCheetah-v3,TD3_Q2a3x64_1p
685,9654.08579309002,3425000.0,HalfCheetah-v3,TD3_Q2a3x64_1p
686,7813.286081692799,3430000.0,HalfCheetah-v3,TD3_Q2a3x64_1p
687,6127.676877398106,3435000.0,HalfCheetah-v3,TD3_Q2a3x64_1p
688,5094.4434496946715,3440000.0,HalfCheetah-v3,TD3_Q2a3x64_1p
689,4132.971454483394,3445000.0,HalfCheetah-v3,TD3_Q2a3x64_1p
690,9765.521246104667,3450000.0,HalfCheetah-v3,TD3_Q2a3x64_1p
691,8011.389715383766,3455000.0,HalfCheetah-v3,TD3_Q2a3x64_1p
692,5897.366520819266,3460000.0,HalfCheetah-v3,TD3_Q2a3x64_1p
693,4918.489375798966,3465000.0,HalfCheetah-v3,TD3_Q2a3x64_1p
694,4450.339948944781,3470000.0,HalfCheetah-v3,TD3_Q2a3x64_1p
695,9564.316097852176,3475000.0,HalfCheetah-v3,TD3_Q2a3x64_1p
696,7420.4871908591695,3480000.0,HalfCheetah-v3,TD3_Q2a3x64_1p
697,5568.609882841395,3485000.0,HalfCheetah-v3,TD3_Q2a3x64_1p
698,4916.919281815165,3490000.0,HalfCheetah-v3,TD3_Q2a3x64_1p
699,4178.212823177474,3495000.0,HalfCheetah-v3,TD3_Q2a3x64_1p
700,9529.059578829114,3500000.0,HalfCheetah-v3,TD3_Q2a3x64_1p
701,7325.652729966767,3505000.0,HalfCheetah-v3,TD3_Q2a3x64_1p
702,5765.766724717744,3510000.0,HalfCheetah-v3,TD3_Q2a3x64_1p
703,4989.659821659136,3515000.0,HalfCheetah-v3,TD3_Q2a3x64_1p
704,4321.248434832864,3520000.0,HalfCheetah-v3,TD3_Q2a3x64_1p
705,9294.691869603437,3525000.0,HalfCheetah-v3,TD3_Q2a3x64_1p
706,7066.208226845006,3530000.0,HalfCheetah-v3,TD3_Q2a3x64_1p
707,5374.312653498291,3535000.0,HalfCheetah-v3,TD3_Q2a3x64_1p
708,4514.001895042927,3540000.0,HalfCheetah-v3,TD3_Q2a3x64_1p
709,3974.6295417795677,3545000.0,HalfCheetah-v3,TD3_Q2a3x64_1p
710,9659.826707970944,3550000.0,HalfCheetah-v3,TD3_Q2a3x64_1p
711,7955.706763431999,3555000.0,HalfCheetah-v3,TD3_Q2a3x64_1p
712,6367.010154466241,3560000.0,HalfCheetah-v3,TD3_Q2a3x64_1p
713,5196.1942084490165,3565000.0,HalfCheetah-v3,TD3_Q2a3x64_1p
714,4500.3699164214795,3570000.0,HalfCheetah-v3,TD3_Q2a3x64_1p
715,9890.615781117542,3575000.0,HalfCheetah-v3,TD3_Q2a3x64_1p
716,7602.254106821305,3580000.0,HalfCheetah-v3,TD3_Q2a3x64_1p
717,5818.681531148973,3585000.0,HalfCheetah-v3,TD3_Q2a3x64_1p
718,4969.5063869349515,3590000.0,HalfCheetah-v3,TD3_Q2a3x64_1p
719,4342.295312195337,3595000.0,HalfCheetah-v3,TD3_Q2a3x64_1p
720,9592.856231854601,3600000.0,HalfCheetah-v3,TD3_Q2a3x64_1p
721,7147.511084566961,3605000.0,HalfCheetah-v3,TD3_Q2a3x64_1p
722,5629.519123053382,3610000.0,HalfCheetah-v3,TD3_Q2a3x64_1p
723,4832.041892350397,3615000.0,HalfCheetah-v3,TD3_Q2a3x64_1p
724,3898.2385294471196,3620000.0,HalfCheetah-v3,TD3_Q2a3x64_1p
725,9820.693429615336,3625000.0,HalfCheetah-v3,TD3_Q2a3x64_1p
726,8048.31604567792,3630000.0,HalfCheetah-v3,TD3_Q2a3x64_1p
727,6336.453011802713,3635000.0,HalfCheetah-v3,TD3_Q2a3x64_1p
728,4622.471837941176,3640000.0,HalfCheetah-v3,TD3_Q2a3x64_1p
729,4367.011447133716,3645000.0,HalfCheetah-v3,TD3_Q2a3x64_1p
730,9764.918796876947,3650000.0,HalfCheetah-v3,TD3_Q2a3x64_1p
731,8056.481878740926,3655000.0,HalfCheetah-v3,TD3_Q2a3x64_1p
732,6155.245933994911,3660000.0,HalfCheetah-v3,TD3_Q2a3x64_1p
733,5162.684850132864,3665000.0,HalfCheetah-v3,TD3_Q2a3x64_1p
734,4480.290055341476,3670000.0,HalfCheetah-v3,TD3_Q2a3x64_1p
735,9669.836101920244,3675000.0,HalfCheetah-v3,TD3_Q2a3x64_1p
736,7969.735617456853,3680000.0,HalfCheetah-v3,TD3_Q2a3x64_1p
737,6004.971930760187,3685000.0,HalfCheetah-v3,TD3_Q2a3x64_1p
738,5072.734416835077,3690000.0,HalfCheetah-v3,TD3_Q2a3x64_1p
739,4680.666117508781,3695000.0,HalfCheetah-v3,TD3_Q2a3x64_1p
740,9217.298816152375,3700000.0,HalfCheetah-v3,TD3_Q2a3x64_1p
741,6781.403375569147,3705000.0,HalfCheetah-v3,TD3_Q2a3x64_1p
742,5402.664852455034,3710000.0,HalfCheetah-v3,TD3_Q2a3x64_1p
743,4569.297686910271,3715000.0,HalfCheetah-v3,TD3_Q2a3x64_1p
744,3992.8696540393466,3720000.0,HalfCheetah-v3,TD3_Q2a3x64_1p
745,9858.613908119669,3725000.0,HalfCheetah-v3,TD3_Q2a3x64_1p
746,8091.613974986886,3730000.0,HalfCheetah-v3,TD3_Q2a3x64_1p
747,6255.718551908982,3735000.0,HalfCheetah-v3,TD3_Q2a3x64_1p
748,5341.783694702834,3740000.0,HalfCheetah-v3,TD3_Q2a3x64_1p
749,4627.552007591069,3745000.0,HalfCheetah-v3,TD3_Q2a3x64_1p
750,9333.920496581402,3750000.0,HalfCheetah-v3,TD3_Q2a3x64_1p
751,7857.408016210977,3755000.0,HalfCheetah-v3,TD3_Q2a3x64_1p
752,6168.966182553943,3760000.0,HalfCheetah-v3,TD3_Q2a3x64_1p
753,5126.481388143691,3765000.0,HalfCheetah-v3,TD3_Q2a3x64_1p
754,4161.494419434801,3770000.0,HalfCheetah-v3,TD3_Q2a3x64_1p
755,9756.164493940596,3775000.0,HalfCheetah-v3,TD3_Q2a3x64_1p
756,8293.116077057904,3780000.0,HalfCheetah-v3,TD3_Q2a3x64_1p
757,6654.5951176969975,3785000.0,HalfCheetah-v3,TD3_Q2a3x64_1p
758,5188.106236091515,3790000.0,HalfCheetah-v3,TD3_Q2a3x64_1p
759,4450.883323822929,3795000.0,HalfCheetah-v3,TD3_Q2a3x64_1p
760,9589.654582549463,3800000.0,HalfCheetah-v3,TD3_Q2a3x64_1p
761,7953.590854105326,3805000.0,HalfCheetah-v3,TD3_Q2a3x64_1p
762,5997.367563104265,3810000.0,HalfCheetah-v3,TD3_Q2a3x64_1p
763,4984.174539597171,3815000.0,HalfCheetah-v3,TD3_Q2a3x64_1p
764,4386.891557683506,3820000.0,HalfCheetah-v3,TD3_Q2a3x64_1p
765,9763.34093151967,3825000.0,HalfCheetah-v3,TD3_Q2a3x64_1p
766,7224.2376415056015,3830000.0,HalfCheetah-v3,TD3_Q2a3x64_1p
767,5973.399268096694,3835000.0,HalfCheetah-v3,TD3_Q2a3x64_1p
768,4664.62159736983,3840000.0,HalfCheetah-v3,TD3_Q2a3x64_1p
769,4339.071366003944,3845000.0,HalfCheetah-v3,TD3_Q2a3x64_1p
770,9555.048775502995,3850000.0,HalfCheetah-v3,TD3_Q2a3x64_1p
771,7147.747705420111,3855000.0,HalfCheetah-v3,TD3_Q2a3x64_1p
772,5755.258321201834,3860000.0,HalfCheetah-v3,TD3_Q2a3x64_1p
773,4651.482240041974,3865000.0,HalfCheetah-v3,TD3_Q2a3x64_1p
774,4077.0840821710385,3870000.0,HalfCheetah-v3,TD3_Q2a3x64_1p
775,8972.485866802836,3875000.0,HalfCheetah-v3,TD3_Q2a3x64_1p
776,7667.58097069386,3880000.0,HalfCheetah-v3,TD3_Q2a3x64_1p
777,5716.903750970159,3885000.0,HalfCheetah-v3,TD3_Q2a3x64_1p
778,4921.973789240531,3890000.0,HalfCheetah-v3,TD3_Q2a3x64_1p
779,4350.383108998092,3895000.0,HalfCheetah-v3,TD3_Q2a3x64_1p
780,9346.448598486659,3900000.0,HalfCheetah-v3,TD3_Q2a3x64_1p
781,8034.441264656406,3905000.0,HalfCheetah-v3,TD3_Q2a3x64_1p
782,6636.571239380243,3910000.0,HalfCheetah-v3,TD3_Q2a3x64_1p
783,5342.171388021528,3915000.0,HalfCheetah-v3,TD3_Q2a3x64_1p
784,4310.68912340494,3920000.0,HalfCheetah-v3,TD3_Q2a3x64_1p
785,9852.676551234532,3925000.0,HalfCheetah-v3,TD3_Q2a3x64_1p
786,8331.336916107348,3930000.0,HalfCheetah-v3,TD3_Q2a3x64_1p
787,6590.778615503068,3935000.0,HalfCheetah-v3,TD3_Q2a3x64_1p
788,5225.889099735545,3940000.0,HalfCheetah-v3,TD3_Q2a3x64_1p
789,4449.450827603184,3945000.0,HalfCheetah-v3,TD3_Q2a3x64_1p
790,9730.28310609752,3950000.0,HalfCheetah-v3,TD3_Q2a3x64_1p
791,7728.319581903789,3955000.0,HalfCheetah-v3,TD3_Q2a3x64_1p
792,6057.910385259847,3960000.0,HalfCheetah-v3,TD3_Q2a3x64_1p
793,4622.636886734637,3965000.0,HalfCheetah-v3,TD3_Q2a3x64_1p
794,3966.405692607675,3970000.0,HalfCheetah-v3,TD3_Q2a3x64_1p
795,9864.234649762355,3975000.0,HalfCheetah-v3,TD3_Q2a3x64_1p
796,7605.915955430317,3980000.0,HalfCheetah-v3,TD3_Q2a3x64_1p
797,6400.813381017183,3985000.0,HalfCheetah-v3,TD3_Q2a3x64_1p
798,5036.248091812997,3990000.0,HalfCheetah-v3,TD3_Q2a3x64_1p
799,4586.369753022809,3995000.0,HalfCheetah-v3,TD3_Q2a3x64_1p
800,9172.112539361995,4000000.0,HalfCheetah-v3,TD3_Q2a3x64_1p
801,7282.10643162507,4005000.0,HalfCheetah-v3,TD3_Q2a3x64_1p
802,5687.546071324526,4010000.0,HalfCheetah-v3,TD3_Q2a3x64_1p
803,4685.077400823595,4015000.0,HalfCheetah-v3,TD3_Q2a3x64_1p
804,4145.662187761143,4020000.0,HalfCheetah-v3,TD3_Q2a3x64_1p
805,10036.358457695847,4025000.0,HalfCheetah-v3,TD3_Q2a3x64_1p
806,7977.739427963063,4030000.0,HalfCheetah-v3,TD3_Q2a3x64_1p
807,5963.152845845186,4035000.0,HalfCheetah-v3,TD3_Q2a3x64_1p
808,4965.065090104764,4040000.0,HalfCheetah-v3,TD3_Q2a3x64_1p
809,3845.501918697545,4045000.0,HalfCheetah-v3,TD3_Q2a3x64_1p
810,9972.465748256118,4050000.0,HalfCheetah-v3,TD3_Q2a3x64_1p
811,8063.45555944692,4055000.0,HalfCheetah-v3,TD3_Q2a3x64_1p
812,6179.586929394498,4060000.0,HalfCheetah-v3,TD3_Q2a3x64_1p
813,4930.52493502247,4065000.0,HalfCheetah-v3,TD3_Q2a3x64_1p
814,4244.8845391878085,4070000.0,HalfCheetah-v3,TD3_Q2a3x64_1p
815,8434.251548113036,4075000.0,HalfCheetah-v3,TD3_Q2a3x64_1p
816,7167.473212598864,4080000.0,HalfCheetah-v3,TD3_Q2a3x64_1p
817,5734.804418254973,4085000.0,HalfCheetah-v3,TD3_Q2a3x64_1p
818,4746.40322304707,4090000.0,HalfCheetah-v3,TD3_Q2a3x64_1p
819,4130.642725741923,4095000.0,HalfCheetah-v3,TD3_Q2a3x64_1p
820,9913.812784021551,4100000.0,HalfCheetah-v3,TD3_Q2a3x64_1p
821,7918.800931696074,4105000.0,HalfCheetah-v3,TD3_Q2a3x64_1p
822,6281.524354974875,4110000.0,HalfCheetah-v3,TD3_Q2a3x64_1p
823,5075.777585697437,4115000.0,HalfCheetah-v3,TD3_Q2a3x64_1p
824,4576.035160611926,4120000.0,HalfCheetah-v3,TD3_Q2a3x64_1p
825,9945.144320468582,4125000.0,HalfCheetah-v3,TD3_Q2a3x64_1p
826,8296.783526330932,4130000.0,HalfCheetah-v3,TD3_Q2a3x64_1p
827,6522.465194043329,4135000.0,HalfCheetah-v3,TD3_Q2a3x64_1p
828,5030.769883147721,4140000.0,HalfCheetah-v3,TD3_Q2a3x64_1p
829,4575.422744325374,4145000.0,HalfCheetah-v3,TD3_Q2a3x64_1p
830,9897.613722098935,4150000.0,HalfCheetah-v3,TD3_Q2a3x64_1p
831,8218.90575491055,4155000.0,HalfCheetah-v3,TD3_Q2a3x64_1p
832,6435.480396732198,4160000.0,HalfCheetah-v3,TD3_Q2a3x64_1p
833,5189.236964049501,4165000.0,HalfCheetah-v3,TD3_Q2a3x64_1p
834,4447.036088827323,4170000.0,HalfCheetah-v3,TD3_Q2a3x64_1p
835,9301.533964411412,4175000.0,HalfCheetah-v3,TD3_Q2a3x64_1p
836,8250.751738378282,4180000.0,HalfCheetah-v3,TD3_Q2a3x64_1p
837,5966.288935822113,4185000.0,HalfCheetah-v3,TD3_Q2a3x64_1p
838,5473.260734136833,4190000.0,HalfCheetah-v3,TD3_Q2a3x64_1p
839,4618.942014352887,4195000.0,HalfCheetah-v3,TD3_Q2a3x64_1p
840,9956.013935115108,4200000.0,HalfCheetah-v3,TD3_Q2a3x64_1p
841,8136.188817529908,4205000.0,HalfCheetah-v3,TD3_Q2a3x64_1p
842,6229.913714744489,4210000.0,HalfCheetah-v3,TD3_Q2a3x64_1p
843,5128.262306439945,4215000.0,HalfCheetah-v3,TD3_Q2a3x64_1p
844,4471.383725557301,4220000.0,HalfCheetah-v3,TD3_Q2a3x64_1p
845,9932.50051541462,4225000.0,HalfCheetah-v3,TD3_Q2a3x64_1p
846,8238.806835563484,4230000.0,HalfCheetah-v3,TD3_Q2a3x64_1p
847,6296.139385147866,4235000.0,HalfCheetah-v3,TD3_Q2a3x64_1p
848,4845.587664156743,4240000.0,HalfCheetah-v3,TD3_Q2a3x64_1p
849,4478.863251096836,4245000.0,HalfCheetah-v3,TD3_Q2a3x64_1p
850,9799.802676138555,4250000.0,HalfCheetah-v3,TD3_Q2a3x64_1p
851,8341.408993602834,4255000.0,HalfCheetah-v3,TD3_Q2a3x64_1p
852,6177.41563134294,4260000.0,HalfCheetah-v3,TD3_Q2a3x64_1p
853,5418.218897193616,4265000.0,HalfCheetah-v3,TD3_Q2a3x64_1p
854,4720.847579663551,4270000.0,HalfCheetah-v3,TD3_Q2a3x64_1p
855,10070.86166102472,4275000.0,HalfCheetah-v3,TD3_Q2a3x64_1p
856,8185.567673361229,4280000.0,HalfCheetah-v3,TD3_Q2a3x64_1p
857,5995.548193756545,4285000.0,HalfCheetah-v3,TD3_Q2a3x64_1p
858,4878.686927943585,4290000.0,HalfCheetah-v3,TD3_Q2a3x64_1p
859,4449.972797930803,4295000.0,HalfCheetah-v3,TD3_Q2a3x64_1p
860,9954.198423684806,4300000.0,HalfCheetah-v3,TD3_Q2a3x64_1p
861,7739.1743004514765,4305000.0,HalfCheetah-v3,TD3_Q2a3x64_1p
862,5896.602024887232,4310000.0,HalfCheetah-v3,TD3_Q2a3x64_1p
863,5027.133503690821,4315000.0,HalfCheetah-v3,TD3_Q2a3x64_1p
864,4213.411571617942,4320000.0,HalfCheetah-v3,TD3_Q2a3x64_1p
865,9440.546114776565,4325000.0,HalfCheetah-v3,TD3_Q2a3x64_1p
866,7885.89560506329,4330000.0,HalfCheetah-v3,TD3_Q2a3x64_1p
867,6100.651791249349,4335000.0,HalfCheetah-v3,TD3_Q2a3x64_1p
868,5075.384680502407,4340000.0,HalfCheetah-v3,TD3_Q2a3x64_1p
869,4324.402111297446,4345000.0,HalfCheetah-v3,TD3_Q2a3x64_1p
870,10061.528052244652,4350000.0,HalfCheetah-v3,TD3_Q2a3x64_1p
871,8167.068670628658,4355000.0,HalfCheetah-v3,TD3_Q2a3x64_1p
872,6272.645091864596,4360000.0,HalfCheetah-v3,TD3_Q2a3x64_1p
873,5016.028771078969,4365000.0,HalfCheetah-v3,TD3_Q2a3x64_1p
874,4371.267557614522,4370000.0,HalfCheetah-v3,TD3_Q2a3x64_1p
875,9984.267915644969,4375000.0,HalfCheetah-v3,TD3_Q2a3x64_1p
876,8152.011838141506,4380000.0,HalfCheetah-v3,TD3_Q2a3x64_1p
877,5844.576342369622,4385000.0,HalfCheetah-v3,TD3_Q2a3x64_1p
878,4319.337263071469,4390000.0,HalfCheetah-v3,TD3_Q2a3x64_1p
879,4137.276909901432,4395000.0,HalfCheetah-v3,TD3_Q2a3x64_1p
880,10161.753125007539,4400000.0,HalfCheetah-v3,TD3_Q2a3x64_1p
881,8190.853108519572,4405000.0,HalfCheetah-v3,TD3_Q2a3x64_1p
882,6494.876437050428,4410000.0,HalfCheetah-v3,TD3_Q2a3x64_1p
883,5195.180248584888,4415000.0,HalfCheetah-v3,TD3_Q2a3x64_1p
884,4496.849556146229,4420000.0,HalfCheetah-v3,TD3_Q2a3x64_1p
885,9090.26221052502,4425000.0,HalfCheetah-v3,TD3_Q2a3x64_1p
886,7692.712970678753,4430000.0,HalfCheetah-v3,TD3_Q2a3x64_1p
887,5634.050889167755,4435000.0,HalfCheetah-v3,TD3_Q2a3x64_1p
888,4562.703133777554,4440000.0,HalfCheetah-v3,TD3_Q2a3x64_1p
889,4179.280160559059,4445000.0,HalfCheetah-v3,TD3_Q2a3x64_1p
890,10055.305724055872,4450000.0,HalfCheetah-v3,TD3_Q2a3x64_1p
891,7791.649112184995,4455000.0,HalfCheetah-v3,TD3_Q2a3x64_1p
892,6194.814246529004,4460000.0,HalfCheetah-v3,TD3_Q2a3x64_1p
893,5082.143078180863,4465000.0,HalfCheetah-v3,TD3_Q2a3x64_1p
894,4501.169271865928,4470000.0,HalfCheetah-v3,TD3_Q2a3x64_1p
895,9549.399023708964,4475000.0,HalfCheetah-v3,TD3_Q2a3x64_1p
896,7348.263084508353,4480000.0,HalfCheetah-v3,TD3_Q2a3x64_1p
897,5955.435439224663,4485000.0,HalfCheetah-v3,TD3_Q2a3x64_1p
898,4986.188410298035,4490000.0,HalfCheetah-v3,TD3_Q2a3x64_1p
899,4605.307361550662,4495000.0,HalfCheetah-v3,TD3_Q2a3x64_1p
900,10017.634080913336,4500000.0,HalfCheetah-v3,TD3_Q2a3x64_1p
901,8385.57941641894,4505000.0,HalfCheetah-v3,TD3_Q2a3x64_1p
902,6529.339141717714,4510000.0,HalfCheetah-v3,TD3_Q2a3x64_1p
903,5446.074512865367,4515000.0,HalfCheetah-v3,TD3_Q2a3x64_1p
904,4712.994648966793,4520000.0,HalfCheetah-v3,TD3_Q2a3x64_1p
905,9969.76019437251,4525000.0,HalfCheetah-v3,TD3_Q2a3x64_1p
906,8299.81634269525,4530000.0,HalfCheetah-v3,TD3_Q2a3x64_1p
907,6516.596592018207,4535000.0,HalfCheetah-v3,TD3_Q2a3x64_1p
908,4880.629770422428,4540000.0,HalfCheetah-v3,TD3_Q2a3x64_1p
909,4567.431825383568,4545000.0,HalfCheetah-v3,TD3_Q2a3x64_1p
910,9753.417453148462,4550000.0,HalfCheetah-v3,TD3_Q2a3x64_1p
911,7615.421591721943,4555000.0,HalfCheetah-v3,TD3_Q2a3x64_1p
912,6044.418012820694,4560000.0,HalfCheetah-v3,TD3_Q2a3x64_1p
913,4652.670063132906,4565000.0,HalfCheetah-v3,TD3_Q2a3x64_1p
914,4179.82902144787,4570000.0,HalfCheetah-v3,TD3_Q2a3x64_1p
915,9801.782306328514,4575000.0,HalfCheetah-v3,TD3_Q2a3x64_1p
916,7883.937413613198,4580000.0,HalfCheetah-v3,TD3_Q2a3x64_1p
917,6123.763308003597,4585000.0,HalfCheetah-v3,TD3_Q2a3x64_1p
918,4552.564969464855,4590000.0,HalfCheetah-v3,TD3_Q2a3x64_1p
919,3980.12529929872,4595000.0,HalfCheetah-v3,TD3_Q2a3x64_1p
920,9951.828664324965,4600000.0,HalfCheetah-v3,TD3_Q2a3x64_1p
921,7833.706422348744,4605000.0,HalfCheetah-v3,TD3_Q2a3x64_1p
922,5977.915933163973,4610000.0,HalfCheetah-v3,TD3_Q2a3x64_1p
923,4948.547279461455,4615000.0,HalfCheetah-v3,TD3_Q2a3x64_1p
924,4369.2852966734235,4620000.0,HalfCheetah-v3,TD3_Q2a3x64_1p
925,9974.862150903095,4625000.0,HalfCheetah-v3,TD3_Q2a3x64_1p
926,7950.597588487083,4630000.0,HalfCheetah-v3,TD3_Q2a3x64_1p
927,6107.905910026697,4635000.0,HalfCheetah-v3,TD3_Q2a3x64_1p
928,4788.706549521026,4640000.0,HalfCheetah-v3,TD3_Q2a3x64_1p
929,4200.0149352119215,4645000.0,HalfCheetah-v3,TD3_Q2a3x64_1p
930,10056.001468941515,4650000.0,HalfCheetah-v3,TD3_Q2a3x64_1p
931,7970.622202367823,4655000.0,HalfCheetah-v3,TD3_Q2a3x64_1p
932,6199.544950569212,4660000.0,HalfCheetah-v3,TD3_Q2a3x64_1p
933,5046.173123257241,4665000.0,HalfCheetah-v3,TD3_Q2a3x64_1p
934,4233.826959455501,4670000.0,HalfCheetah-v3,TD3_Q2a3x64_1p
935,10131.589909270395,4675000.0,HalfCheetah-v3,TD3_Q2a3x64_1p
936,8234.930845800802,4680000.0,HalfCheetah-v3,TD3_Q2a3x64_1p
937,6390.925105520096,4685000.0,HalfCheetah-v3,TD3_Q2a3x64_1p
938,4950.067062529398,4690000.0,HalfCheetah-v3,TD3_Q2a3x64_1p
939,4491.540544379206,4695000.0,HalfCheetah-v3,TD3_Q2a3x64_1p
940,10260.673587538759,4700000.0,HalfCheetah-v3,TD3_Q2a3x64_1p
941,8354.2243895532,4705000.0,HalfCheetah-v3,TD3_Q2a3x64_1p
942,6368.823623125901,4710000.0,HalfCheetah-v3,TD3_Q2a3x64_1p
943,5007.358020842881,4715000.0,HalfCheetah-v3,TD3_Q2a3x64_1p
944,4412.880079644512,4720000.0,HalfCheetah-v3,TD3_Q2a3x64_1p
945,10095.454170089375,4725000.0,HalfCheetah-v3,TD3_Q2a3x64_1p
946,8230.809781380158,4730000.0,HalfCheetah-v3,TD3_Q2a3x64_1p
947,5993.915046333713,4735000.0,HalfCheetah-v3,TD3_Q2a3x64_1p
948,5108.139559920635,4740000.0,HalfCheetah-v3,TD3_Q2a3x64_1p
949,4335.649508326173,4745000.0,HalfCheetah-v3,TD3_Q2a3x64_1p
950,10073.233053343898,4750000.0,HalfCheetah-v3,TD3_Q2a3x64_1p
951,8310.234850879717,4755000.0,HalfCheetah-v3,TD3_Q2a3x64_1p
952,6828.1560693668025,4760000.0,HalfCheetah-v3,TD3_Q2a3x64_1p
953,5446.437672933529,4765000.0,HalfCheetah-v3,TD3_Q2a3x64_1p
954,4626.800185581249,4770000.0,HalfCheetah-v3,TD3_Q2a3x64_1p
955,10251.160363342846,4775000.0,HalfCheetah-v3,TD3_Q2a3x64_1p
956,7591.389498830735,4780000.0,HalfCheetah-v3,TD3_Q2a3x64_1p
957,5611.3650260015875,4785000.0,HalfCheetah-v3,TD3_Q2a3x64_1p
958,4862.197361166019,4790000.0,HalfCheetah-v3,TD3_Q2a3x64_1p
959,4417.22197085948,4795000.0,HalfCheetah-v3,TD3_Q2a3x64_1p
960,10199.088937696752,4800000.0,HalfCheetah-v3,TD3_Q2a3x64_1p
961,8443.676689784961,4805000.0,HalfCheetah-v3,TD3_Q2a3x64_1p
962,6551.876373849782,4810000.0,HalfCheetah-v3,TD3_Q2a3x64_1p
963,4984.650819524292,4815000.0,HalfCheetah-v3,TD3_Q2a3x64_1p
964,4440.722696776321,4820000.0,HalfCheetah-v3,TD3_Q2a3x64_1p
965,10291.506864746549,4825000.0,HalfCheetah-v3,TD3_Q2a3x64_1p
966,8364.423355065654,4830000.0,HalfCheetah-v3,TD3_Q2a3x64_1p
967,6161.899922553765,4835000.0,HalfCheetah-v3,TD3_Q2a3x64_1p
968,5224.435174853703,4840000.0,HalfCheetah-v3,TD3_Q2a3x64_1p
969,4305.421344237886,4845000.0,HalfCheetah-v3,TD3_Q2a3x64_1p
970,10204.816843594357,4850000.0,HalfCheetah-v3,TD3_Q2a3x64_1p
971,7957.920828184957,4855000.0,HalfCheetah-v3,TD3_Q2a3x64_1p
972,6188.136152142573,4860000.0,HalfCheetah-v3,TD3_Q2a3x64_1p
973,4748.312046246405,4865000.0,HalfCheetah-v3,TD3_Q2a3x64_1p
974,4235.649821598587,4870000.0,HalfCheetah-v3,TD3_Q2a3x64_1p
975,10125.203633572575,4875000.0,HalfCheetah-v3,TD3_Q2a3x64_1p
976,8274.692125992839,4880000.0,HalfCheetah-v3,TD3_Q2a3x64_1p
977,6471.55684752458,4885000.0,HalfCheetah-v3,TD3_Q2a3x64_1p
978,5336.224166971852,4890000.0,HalfCheetah-v3,TD3_Q2a3x64_1p
979,4527.435835761547,4895000.0,HalfCheetah-v3,TD3_Q2a3x64_1p
980,10335.349797818828,4900000.0,HalfCheetah-v3,TD3_Q2a3x64_1p
981,7533.4702920858235,4905000.0,HalfCheetah-v3,TD3_Q2a3x64_1p
982,6117.729692256837,4910000.0,HalfCheetah-v3,TD3_Q2a3x64_1p
983,4838.417829977067,4915000.0,HalfCheetah-v3,TD3_Q2a3x64_1p
984,4232.319370393736,4920000.0,HalfCheetah-v3,TD3_Q2a3x64_1p
985,10238.613916281074,4925000.0,HalfCheetah-v3,TD3_Q2a3x64_1p
986,8075.266247265654,4930000.0,HalfCheetah-v3,TD3_Q2a3x64_1p
987,6294.429696816465,4935000.0,HalfCheetah-v3,TD3_Q2a3x64_1p
988,4620.959111318753,4940000.0,HalfCheetah-v3,TD3_Q2a3x64_1p
989,4390.2460393230485,4945000.0,HalfCheetah-v3,TD3_Q2a3x64_1p
990,10249.533958870636,4950000.0,HalfCheetah-v3,TD3_Q2a3x64_1p
991,7953.9894111355725,4955000.0,HalfCheetah-v3,TD3_Q2a3x64_1p
992,6062.905124100497,4960000.0,HalfCheetah-v3,TD3_Q2a3x64_1p
993,4620.391108136255,4965000.0,HalfCheetah-v3,TD3_Q2a3x64_1p
994,4254.969407273822,4970000.0,HalfCheetah-v3,TD3_Q2a3x64_1p
995,9449.125532279675,4975000.0,HalfCheetah-v3,TD3_Q2a3x64_1p
996,7832.216880470742,4980000.0,HalfCheetah-v3,TD3_Q2a3x64_1p
997,5915.678897176362,4985000.0,HalfCheetah-v3,TD3_Q2a3x64_1p
998,5221.740582026725,4990000.0,HalfCheetah-v3,TD3_Q2a3x64_1p
999,4373.867389193307,4995000.0,HalfCheetah-v3,TD3_Q2a3x64_1p
