index,Average Return,Timesteps,env,algorithm_name
0,-630.7366763444711,0,HalfCheetah-v3,SAC_Q2a
1,-4.680588342481145,5000,HalfCheetah-v3,SAC_Q2a
2,-301.66247410876326,10000,HalfCheetah-v3,SAC_Q2a
3,-282.9280570789686,15000,HalfCheetah-v3,SAC_Q2a
4,652.9522341984373,20000,HalfCheetah-v3,SAC_Q2a
5,1682.7541846662778,25000,HalfCheetah-v3,SAC_Q2a
6,1732.4245194110256,30000,HalfCheetah-v3,SAC_Q2a
7,2873.1288857776067,35000,HalfCheetah-v3,SAC_Q2a
8,1836.783159666779,40000,HalfCheetah-v3,SAC_Q2a
9,3246.9349507114052,45000,HalfCheetah-v3,SAC_Q2a
10,3228.5367101484853,50000,HalfCheetah-v3,SAC_Q2a
11,3871.3117910726346,55000,HalfCheetah-v3,SAC_Q2a
12,4115.028048501684,60000,HalfCheetah-v3,SAC_Q2a
13,4287.74583549204,65000,HalfCheetah-v3,SAC_Q2a
14,4487.479369706397,70000,HalfCheetah-v3,SAC_Q2a
15,4453.777827787057,75000,HalfCheetah-v3,SAC_Q2a
16,4791.321628430795,80000,HalfCheetah-v3,SAC_Q2a
17,4810.991125311134,85000,HalfCheetah-v3,SAC_Q2a
18,4954.680977169399,90000,HalfCheetah-v3,SAC_Q2a
19,5042.217509371426,95000,HalfCheetah-v3,SAC_Q2a
20,5188.710050218147,100000,HalfCheetah-v3,SAC_Q2a
21,5269.246535772856,105000,HalfCheetah-v3,SAC_Q2a
22,5219.8708793054,110000,HalfCheetah-v3,SAC_Q2a
23,5337.280502177151,115000,HalfCheetah-v3,SAC_Q2a
24,5439.642228718121,120000,HalfCheetah-v3,SAC_Q2a
25,5299.253625789767,125000,HalfCheetah-v3,SAC_Q2a
26,5507.094480438152,130000,HalfCheetah-v3,SAC_Q2a
27,5517.228969577504,135000,HalfCheetah-v3,SAC_Q2a
28,5612.42455202274,140000,HalfCheetah-v3,SAC_Q2a
29,5582.6411690914365,145000,HalfCheetah-v3,SAC_Q2a
30,5763.30257637179,150000,HalfCheetah-v3,SAC_Q2a
31,5643.108488341262,155000,HalfCheetah-v3,SAC_Q2a
32,5708.336310468465,160000,HalfCheetah-v3,SAC_Q2a
33,5663.225296214285,165000,HalfCheetah-v3,SAC_Q2a
34,5798.902170293832,170000,HalfCheetah-v3,SAC_Q2a
35,5860.177937719123,175000,HalfCheetah-v3,SAC_Q2a
36,5941.598222355706,180000,HalfCheetah-v3,SAC_Q2a
37,5636.852050713814,185000,HalfCheetah-v3,SAC_Q2a
38,5972.959937484819,190000,HalfCheetah-v3,SAC_Q2a
39,5955.786865722459,195000,HalfCheetah-v3,SAC_Q2a
40,6030.45352678814,200000,HalfCheetah-v3,SAC_Q2a
41,5994.298756638498,205000,HalfCheetah-v3,SAC_Q2a
42,6001.979652274467,210000,HalfCheetah-v3,SAC_Q2a
43,5983.9462815579855,215000,HalfCheetah-v3,SAC_Q2a
44,6122.899571090502,220000,HalfCheetah-v3,SAC_Q2a
45,6206.791879050449,225000,HalfCheetah-v3,SAC_Q2a
46,6184.909130913381,230000,HalfCheetah-v3,SAC_Q2a
47,6211.847641149543,235000,HalfCheetah-v3,SAC_Q2a
48,6349.1681715498735,240000,HalfCheetah-v3,SAC_Q2a
49,6262.240153406147,245000,HalfCheetah-v3,SAC_Q2a
50,6295.768221499634,250000,HalfCheetah-v3,SAC_Q2a
51,6385.06869689709,255000,HalfCheetah-v3,SAC_Q2a
52,6537.701409318058,260000,HalfCheetah-v3,SAC_Q2a
53,6557.285948714101,265000,HalfCheetah-v3,SAC_Q2a
54,6568.435218417141,270000,HalfCheetah-v3,SAC_Q2a
55,6448.443525204831,275000,HalfCheetah-v3,SAC_Q2a
56,6472.19547726054,280000,HalfCheetah-v3,SAC_Q2a
57,6806.727038896225,285000,HalfCheetah-v3,SAC_Q2a
58,6639.50267235536,290000,HalfCheetah-v3,SAC_Q2a
59,6702.666850325762,295000,HalfCheetah-v3,SAC_Q2a
60,6739.543673930692,300000,HalfCheetah-v3,SAC_Q2a
61,6716.347476273241,305000,HalfCheetah-v3,SAC_Q2a
62,6503.645841801869,310000,HalfCheetah-v3,SAC_Q2a
63,6814.938423223063,315000,HalfCheetah-v3,SAC_Q2a
64,6925.320017579031,320000,HalfCheetah-v3,SAC_Q2a
65,6610.2032168641435,325000,HalfCheetah-v3,SAC_Q2a
66,6864.176570744481,330000,HalfCheetah-v3,SAC_Q2a
67,7066.850336950427,335000,HalfCheetah-v3,SAC_Q2a
68,6969.159164007234,340000,HalfCheetah-v3,SAC_Q2a
69,6978.119966959217,345000,HalfCheetah-v3,SAC_Q2a
70,6740.646279211338,350000,HalfCheetah-v3,SAC_Q2a
71,6802.177866778182,355000,HalfCheetah-v3,SAC_Q2a
72,7088.2048203013455,360000,HalfCheetah-v3,SAC_Q2a
73,7289.9148136923295,365000,HalfCheetah-v3,SAC_Q2a
74,7233.556324443603,370000,HalfCheetah-v3,SAC_Q2a
75,6822.853991549436,375000,HalfCheetah-v3,SAC_Q2a
76,7429.134211970735,380000,HalfCheetah-v3,SAC_Q2a
77,7389.327917064189,385000,HalfCheetah-v3,SAC_Q2a
78,7562.450687168673,390000,HalfCheetah-v3,SAC_Q2a
79,7440.39969582636,395000,HalfCheetah-v3,SAC_Q2a
80,7839.693226660691,400000,HalfCheetah-v3,SAC_Q2a
81,7664.01578954097,405000,HalfCheetah-v3,SAC_Q2a
82,7722.52031062671,410000,HalfCheetah-v3,SAC_Q2a
83,7820.3031480038,415000,HalfCheetah-v3,SAC_Q2a
84,7664.449538309057,420000,HalfCheetah-v3,SAC_Q2a
85,7710.643900575718,425000,HalfCheetah-v3,SAC_Q2a
86,7847.049551903704,430000,HalfCheetah-v3,SAC_Q2a
87,7532.7898099826225,435000,HalfCheetah-v3,SAC_Q2a
88,7741.699472323553,440000,HalfCheetah-v3,SAC_Q2a
89,8118.410817571632,445000,HalfCheetah-v3,SAC_Q2a
90,7851.879076460255,450000,HalfCheetah-v3,SAC_Q2a
91,8140.787400719948,455000,HalfCheetah-v3,SAC_Q2a
92,8055.274329879811,460000,HalfCheetah-v3,SAC_Q2a
93,8159.1517992607605,465000,HalfCheetah-v3,SAC_Q2a
94,7764.9219988053055,470000,HalfCheetah-v3,SAC_Q2a
95,7982.455904320623,475000,HalfCheetah-v3,SAC_Q2a
96,8119.132527926049,480000,HalfCheetah-v3,SAC_Q2a
97,7895.515531520895,485000,HalfCheetah-v3,SAC_Q2a
98,7959.936974144383,490000,HalfCheetah-v3,SAC_Q2a
99,7930.192106701672,495000,HalfCheetah-v3,SAC_Q2a
100,8463.014163972906,500000,HalfCheetah-v3,SAC_Q2a
101,8377.776777379391,505000,HalfCheetah-v3,SAC_Q2a
102,7653.548269802357,510000,HalfCheetah-v3,SAC_Q2a
103,8514.919819748558,515000,HalfCheetah-v3,SAC_Q2a
104,8212.503132998656,520000,HalfCheetah-v3,SAC_Q2a
105,8529.813705593802,525000,HalfCheetah-v3,SAC_Q2a
106,8200.91752560001,530000,HalfCheetah-v3,SAC_Q2a
107,8035.377401438711,535000,HalfCheetah-v3,SAC_Q2a
108,8452.737628360454,540000,HalfCheetah-v3,SAC_Q2a
109,8530.451171986237,545000,HalfCheetah-v3,SAC_Q2a
110,8425.99598284628,550000,HalfCheetah-v3,SAC_Q2a
111,8274.761061385732,555000,HalfCheetah-v3,SAC_Q2a
112,8757.081376094928,560000,HalfCheetah-v3,SAC_Q2a
113,8630.03052024962,565000,HalfCheetah-v3,SAC_Q2a
114,8839.052979032695,570000,HalfCheetah-v3,SAC_Q2a
115,8300.164688197936,575000,HalfCheetah-v3,SAC_Q2a
116,8723.083141755385,580000,HalfCheetah-v3,SAC_Q2a
117,8448.333739495209,585000,HalfCheetah-v3,SAC_Q2a
118,8938.935516284884,590000,HalfCheetah-v3,SAC_Q2a
119,8809.7856365652,595000,HalfCheetah-v3,SAC_Q2a
120,8946.791437476455,600000,HalfCheetah-v3,SAC_Q2a
121,8997.866812334898,605000,HalfCheetah-v3,SAC_Q2a
122,9037.189058861812,610000,HalfCheetah-v3,SAC_Q2a
123,8819.369667444316,615000,HalfCheetah-v3,SAC_Q2a
124,8929.795345851917,620000,HalfCheetah-v3,SAC_Q2a
125,9101.83439095043,625000,HalfCheetah-v3,SAC_Q2a
126,9038.74919876856,630000,HalfCheetah-v3,SAC_Q2a
127,9158.454413204334,635000,HalfCheetah-v3,SAC_Q2a
128,9356.12499697442,640000,HalfCheetah-v3,SAC_Q2a
129,9208.23558455738,645000,HalfCheetah-v3,SAC_Q2a
130,8443.293797549371,650000,HalfCheetah-v3,SAC_Q2a
131,9262.235882786259,655000,HalfCheetah-v3,SAC_Q2a
132,9485.98677273036,660000,HalfCheetah-v3,SAC_Q2a
133,9199.916135518351,665000,HalfCheetah-v3,SAC_Q2a
134,9406.62112962519,670000,HalfCheetah-v3,SAC_Q2a
135,9157.055768564589,675000,HalfCheetah-v3,SAC_Q2a
136,9527.338572324295,680000,HalfCheetah-v3,SAC_Q2a
137,9554.370027468878,685000,HalfCheetah-v3,SAC_Q2a
138,9512.853495180685,690000,HalfCheetah-v3,SAC_Q2a
139,9575.95089028298,695000,HalfCheetah-v3,SAC_Q2a
140,9319.048998141781,700000,HalfCheetah-v3,SAC_Q2a
141,9440.595569150577,705000,HalfCheetah-v3,SAC_Q2a
142,9443.997712423168,710000,HalfCheetah-v3,SAC_Q2a
143,9084.917208933135,715000,HalfCheetah-v3,SAC_Q2a
144,9571.49085858901,720000,HalfCheetah-v3,SAC_Q2a
145,9317.80482608802,725000,HalfCheetah-v3,SAC_Q2a
146,9486.838216208513,730000,HalfCheetah-v3,SAC_Q2a
147,9762.825515103896,735000,HalfCheetah-v3,SAC_Q2a
148,9233.703901078758,740000,HalfCheetah-v3,SAC_Q2a
149,9495.653315598047,745000,HalfCheetah-v3,SAC_Q2a
150,9704.829529630697,750000,HalfCheetah-v3,SAC_Q2a
151,9767.04449457014,755000,HalfCheetah-v3,SAC_Q2a
152,9884.442958403914,760000,HalfCheetah-v3,SAC_Q2a
153,9600.450602681363,765000,HalfCheetah-v3,SAC_Q2a
154,10046.58738223841,770000,HalfCheetah-v3,SAC_Q2a
155,9793.076668208745,775000,HalfCheetah-v3,SAC_Q2a
156,9316.457017354114,780000,HalfCheetah-v3,SAC_Q2a
157,9766.418543082244,785000,HalfCheetah-v3,SAC_Q2a
158,9859.857997723806,790000,HalfCheetah-v3,SAC_Q2a
159,9829.502724515096,795000,HalfCheetah-v3,SAC_Q2a
160,9552.26904655873,800000,HalfCheetah-v3,SAC_Q2a
161,9788.203060022235,805000,HalfCheetah-v3,SAC_Q2a
162,9868.658444741302,810000,HalfCheetah-v3,SAC_Q2a
163,9766.709614087948,815000,HalfCheetah-v3,SAC_Q2a
164,9701.843806083678,820000,HalfCheetah-v3,SAC_Q2a
165,10126.736695807365,825000,HalfCheetah-v3,SAC_Q2a
166,10062.096879146537,830000,HalfCheetah-v3,SAC_Q2a
167,9977.236179033514,835000,HalfCheetah-v3,SAC_Q2a
168,9837.572431049748,840000,HalfCheetah-v3,SAC_Q2a
169,10129.754608840314,845000,HalfCheetah-v3,SAC_Q2a
170,10244.37255775186,850000,HalfCheetah-v3,SAC_Q2a
171,10058.210647687472,855000,HalfCheetah-v3,SAC_Q2a
172,10033.194903896263,860000,HalfCheetah-v3,SAC_Q2a
173,9521.987236186153,865000,HalfCheetah-v3,SAC_Q2a
174,10170.122069175599,870000,HalfCheetah-v3,SAC_Q2a
175,10083.931665568281,875000,HalfCheetah-v3,SAC_Q2a
176,10204.24069316927,880000,HalfCheetah-v3,SAC_Q2a
177,10051.049038199528,885000,HalfCheetah-v3,SAC_Q2a
178,9908.460154265726,890000,HalfCheetah-v3,SAC_Q2a
179,10060.905044969511,895000,HalfCheetah-v3,SAC_Q2a
180,10317.045998316276,900000,HalfCheetah-v3,SAC_Q2a
181,10286.319854723797,905000,HalfCheetah-v3,SAC_Q2a
182,10318.003098011015,910000,HalfCheetah-v3,SAC_Q2a
183,10508.40994300283,915000,HalfCheetah-v3,SAC_Q2a
184,9887.796912511667,920000,HalfCheetah-v3,SAC_Q2a
185,10064.76145211051,925000,HalfCheetah-v3,SAC_Q2a
186,10323.631789266412,930000,HalfCheetah-v3,SAC_Q2a
187,9822.680358225505,935000,HalfCheetah-v3,SAC_Q2a
188,10346.870140985226,940000,HalfCheetah-v3,SAC_Q2a
189,10212.423903944213,945000,HalfCheetah-v3,SAC_Q2a
190,10455.40424746591,950000,HalfCheetah-v3,SAC_Q2a
191,10116.09010265375,955000,HalfCheetah-v3,SAC_Q2a
192,10288.663703317401,960000,HalfCheetah-v3,SAC_Q2a
193,10391.794311001231,965000,HalfCheetah-v3,SAC_Q2a
194,10567.95870005026,970000,HalfCheetah-v3,SAC_Q2a
195,10447.044947715922,975000,HalfCheetah-v3,SAC_Q2a
196,10408.497728976243,980000,HalfCheetah-v3,SAC_Q2a
197,10581.964554531529,985000,HalfCheetah-v3,SAC_Q2a
198,10579.974221222812,990000,HalfCheetah-v3,SAC_Q2a
199,10650.187161356662,995000,HalfCheetah-v3,SAC_Q2a
200,10251.147283221047,1000000,HalfCheetah-v3,SAC_Q2a
