index,Average Return,Timesteps,env,algorithm_name
0,46298.988979881484,0,HumanoidStandup-v2,SAC
1,119141.2168254323,5000,HumanoidStandup-v2,SAC
2,111477.36575628475,10000,HumanoidStandup-v2,SAC
3,73225.85946370506,15000,HumanoidStandup-v2,SAC
4,100847.60206604682,20000,HumanoidStandup-v2,SAC
5,43822.99753598632,25000,HumanoidStandup-v2,SAC
6,87415.19677570314,30000,HumanoidStandup-v2,SAC
7,104232.10224049841,35000,HumanoidStandup-v2,SAC
8,52532.80272762689,40000,HumanoidStandup-v2,SAC
9,69350.84646742254,45000,HumanoidStandup-v2,SAC
10,94287.39482731259,50000,HumanoidStandup-v2,SAC
11,125202.29690959782,55000,HumanoidStandup-v2,SAC
12,125485.21104575563,60000,HumanoidStandup-v2,SAC
13,125205.97632889345,65000,HumanoidStandup-v2,SAC
14,124929.70124208687,70000,HumanoidStandup-v2,SAC
15,124914.30001929181,75000,HumanoidStandup-v2,SAC
16,125272.62133073916,80000,HumanoidStandup-v2,SAC
17,125556.7800213584,85000,HumanoidStandup-v2,SAC
18,133529.47922819614,90000,HumanoidStandup-v2,SAC
19,147130.92856318492,95000,HumanoidStandup-v2,SAC
20,147423.0065905748,100000,HumanoidStandup-v2,SAC
21,149167.58929646015,105000,HumanoidStandup-v2,SAC
22,145713.45479644294,110000,HumanoidStandup-v2,SAC
23,149790.30152062105,115000,HumanoidStandup-v2,SAC
24,149773.28820881556,120000,HumanoidStandup-v2,SAC
25,150288.84407137203,125000,HumanoidStandup-v2,SAC
26,150186.69281188358,130000,HumanoidStandup-v2,SAC
27,152112.84258609777,135000,HumanoidStandup-v2,SAC
