index,Average Return,Timesteps,env,algorithm_name
0,29436.832062651007,0,HumanoidStandup-v2,SAC
1,114966.6646220464,5000,HumanoidStandup-v2,SAC
2,70508.50376152669,10000,HumanoidStandup-v2,SAC
3,102941.93076943528,15000,HumanoidStandup-v2,SAC
4,103646.94997652459,20000,HumanoidStandup-v2,SAC
5,102566.8430766339,25000,HumanoidStandup-v2,SAC
6,125408.69963316817,30000,HumanoidStandup-v2,SAC
7,125446.07340432909,35000,HumanoidStandup-v2,SAC
8,43467.38501563894,40000,HumanoidStandup-v2,SAC
9,131351.51966389202,45000,HumanoidStandup-v2,SAC
10,125770.62112075095,50000,HumanoidStandup-v2,SAC
11,132779.47618302144,55000,HumanoidStandup-v2,SAC
12,135320.8596898825,60000,HumanoidStandup-v2,SAC
13,132953.32418927856,65000,HumanoidStandup-v2,SAC
14,135196.04218623182,70000,HumanoidStandup-v2,SAC
15,136597.82387872593,75000,HumanoidStandup-v2,SAC
16,134688.03804102278,80000,HumanoidStandup-v2,SAC
17,136267.2629941976,85000,HumanoidStandup-v2,SAC
18,136916.42385571235,90000,HumanoidStandup-v2,SAC
19,137165.25125446165,95000,HumanoidStandup-v2,SAC
20,136865.76555068718,100000,HumanoidStandup-v2,SAC
21,136311.88333779675,105000,HumanoidStandup-v2,SAC
22,134483.26342989353,110000,HumanoidStandup-v2,SAC
23,136838.1066655209,115000,HumanoidStandup-v2,SAC
24,136094.46075997505,120000,HumanoidStandup-v2,SAC
25,136130.93109801135,125000,HumanoidStandup-v2,SAC
26,137272.8351578475,130000,HumanoidStandup-v2,SAC
27,135867.46790318406,135000,HumanoidStandup-v2,SAC
