index,Average Return,Timesteps,env,algorithm_name
0,-574.3163397249884,0.0,HalfCheetah-v3,TD3_Q2a1x64_1p
1,-478.11315978637174,5000.0,HalfCheetah-v3,TD3_Q2a1x64_1p
2,-617.7733057853267,10000.0,HalfCheetah-v3,TD3_Q2a1x64_1p
3,-95.58128505922687,15000.0,HalfCheetah-v3,TD3_Q2a1x64_1p
4,-311.8761431772889,20000.0,HalfCheetah-v3,TD3_Q2a1x64_1p
5,-84.99079192414383,25000.0,HalfCheetah-v3,TD3_Q2a1x64_1p
6,118.10547105563091,30000.0,HalfCheetah-v3,TD3_Q2a1x64_1p
7,410.17308833267606,35000.0,HalfCheetah-v3,TD3_Q2a1x64_1p
8,1120.8733283006216,40000.0,HalfCheetah-v3,TD3_Q2a1x64_1p
9,1867.8717044704713,45000.0,HalfCheetah-v3,TD3_Q2a1x64_1p
10,1894.512889406115,50000.0,HalfCheetah-v3,TD3_Q2a1x64_1p
11,2178.164554048271,55000.0,HalfCheetah-v3,TD3_Q2a1x64_1p
12,2658.198472569001,60000.0,HalfCheetah-v3,TD3_Q2a1x64_1p
13,2685.137952408021,65000.0,HalfCheetah-v3,TD3_Q2a1x64_1p
14,3294.369732976598,70000.0,HalfCheetah-v3,TD3_Q2a1x64_1p
15,1267.5280680906685,75000.0,HalfCheetah-v3,TD3_Q2a1x64_1p
16,3279.1264472960474,80000.0,HalfCheetah-v3,TD3_Q2a1x64_1p
17,3397.508217281844,85000.0,HalfCheetah-v3,TD3_Q2a1x64_1p
18,3383.6464781489494,90000.0,HalfCheetah-v3,TD3_Q2a1x64_1p
19,3598.4015656902384,95000.0,HalfCheetah-v3,TD3_Q2a1x64_1p
20,4005.2429780066777,100000.0,HalfCheetah-v3,TD3_Q2a1x64_1p
21,3715.1572427649176,105000.0,HalfCheetah-v3,TD3_Q2a1x64_1p
22,4269.9016545053555,110000.0,HalfCheetah-v3,TD3_Q2a1x64_1p
23,4327.582223111113,115000.0,HalfCheetah-v3,TD3_Q2a1x64_1p
24,4512.935361075053,120000.0,HalfCheetah-v3,TD3_Q2a1x64_1p
25,4636.426180905506,125000.0,HalfCheetah-v3,TD3_Q2a1x64_1p
26,4721.16431964678,130000.0,HalfCheetah-v3,TD3_Q2a1x64_1p
27,3886.4028949330423,135000.0,HalfCheetah-v3,TD3_Q2a1x64_1p
28,4675.032198182975,140000.0,HalfCheetah-v3,TD3_Q2a1x64_1p
29,5013.959931640213,145000.0,HalfCheetah-v3,TD3_Q2a1x64_1p
30,5017.998507718361,150000.0,HalfCheetah-v3,TD3_Q2a1x64_1p
31,5099.123026972285,155000.0,HalfCheetah-v3,TD3_Q2a1x64_1p
32,5473.039556407845,160000.0,HalfCheetah-v3,TD3_Q2a1x64_1p
33,5459.915731180608,165000.0,HalfCheetah-v3,TD3_Q2a1x64_1p
34,5573.311737122011,170000.0,HalfCheetah-v3,TD3_Q2a1x64_1p
35,5152.482011221716,175000.0,HalfCheetah-v3,TD3_Q2a1x64_1p
36,5642.889919592424,180000.0,HalfCheetah-v3,TD3_Q2a1x64_1p
37,5780.062375955712,185000.0,HalfCheetah-v3,TD3_Q2a1x64_1p
38,5640.010908253454,190000.0,HalfCheetah-v3,TD3_Q2a1x64_1p
39,5701.730500086023,195000.0,HalfCheetah-v3,TD3_Q2a1x64_1p
40,5780.867654865623,200000.0,HalfCheetah-v3,TD3_Q2a1x64_1p
41,5754.395705151282,205000.0,HalfCheetah-v3,TD3_Q2a1x64_1p
42,5718.38833716499,210000.0,HalfCheetah-v3,TD3_Q2a1x64_1p
43,5764.415046212931,215000.0,HalfCheetah-v3,TD3_Q2a1x64_1p
44,6028.02273963714,220000.0,HalfCheetah-v3,TD3_Q2a1x64_1p
45,6025.291234467148,225000.0,HalfCheetah-v3,TD3_Q2a1x64_1p
46,6216.641846347092,230000.0,HalfCheetah-v3,TD3_Q2a1x64_1p
47,5817.77092672106,235000.0,HalfCheetah-v3,TD3_Q2a1x64_1p
48,6158.016120071681,240000.0,HalfCheetah-v3,TD3_Q2a1x64_1p
49,6376.335053670623,245000.0,HalfCheetah-v3,TD3_Q2a1x64_1p
50,6390.2888028177995,250000.0,HalfCheetah-v3,TD3_Q2a1x64_1p
51,6395.275923661813,255000.0,HalfCheetah-v3,TD3_Q2a1x64_1p
52,6379.682012369949,260000.0,HalfCheetah-v3,TD3_Q2a1x64_1p
53,6549.983270540905,265000.0,HalfCheetah-v3,TD3_Q2a1x64_1p
54,6191.9322598228455,270000.0,HalfCheetah-v3,TD3_Q2a1x64_1p
55,6416.166705633719,275000.0,HalfCheetah-v3,TD3_Q2a1x64_1p
56,6487.553030761339,280000.0,HalfCheetah-v3,TD3_Q2a1x64_1p
57,6518.4391227887445,285000.0,HalfCheetah-v3,TD3_Q2a1x64_1p
58,6468.924472802459,290000.0,HalfCheetah-v3,TD3_Q2a1x64_1p
59,6608.540725535253,295000.0,HalfCheetah-v3,TD3_Q2a1x64_1p
60,6583.717943726033,300000.0,HalfCheetah-v3,TD3_Q2a1x64_1p
61,6815.483784268152,305000.0,HalfCheetah-v3,TD3_Q2a1x64_1p
62,6629.03662502323,310000.0,HalfCheetah-v3,TD3_Q2a1x64_1p
63,6694.509770930832,315000.0,HalfCheetah-v3,TD3_Q2a1x64_1p
64,6688.757014804335,320000.0,HalfCheetah-v3,TD3_Q2a1x64_1p
65,6646.78380765574,325000.0,HalfCheetah-v3,TD3_Q2a1x64_1p
66,6473.741603974138,330000.0,HalfCheetah-v3,TD3_Q2a1x64_1p
67,7000.436395843621,335000.0,HalfCheetah-v3,TD3_Q2a1x64_1p
68,6771.2913317984685,340000.0,HalfCheetah-v3,TD3_Q2a1x64_1p
69,7012.056230365553,345000.0,HalfCheetah-v3,TD3_Q2a1x64_1p
70,7284.707659106922,350000.0,HalfCheetah-v3,TD3_Q2a1x64_1p
71,7106.100098409467,355000.0,HalfCheetah-v3,TD3_Q2a1x64_1p
72,7310.537218898428,360000.0,HalfCheetah-v3,TD3_Q2a1x64_1p
73,7433.571621683195,365000.0,HalfCheetah-v3,TD3_Q2a1x64_1p
74,6902.399046687673,370000.0,HalfCheetah-v3,TD3_Q2a1x64_1p
75,7297.568553695152,375000.0,HalfCheetah-v3,TD3_Q2a1x64_1p
76,7371.284363134259,380000.0,HalfCheetah-v3,TD3_Q2a1x64_1p
77,7475.619764755308,385000.0,HalfCheetah-v3,TD3_Q2a1x64_1p
78,7735.6752409852315,390000.0,HalfCheetah-v3,TD3_Q2a1x64_1p
79,7588.600557589137,395000.0,HalfCheetah-v3,TD3_Q2a1x64_1p
80,7570.6624298001625,400000.0,HalfCheetah-v3,TD3_Q2a1x64_1p
81,7252.839868613146,405000.0,HalfCheetah-v3,TD3_Q2a1x64_1p
82,7833.375944598808,410000.0,HalfCheetah-v3,TD3_Q2a1x64_1p
83,7367.586856856292,415000.0,HalfCheetah-v3,TD3_Q2a1x64_1p
84,7791.974653567724,420000.0,HalfCheetah-v3,TD3_Q2a1x64_1p
85,7921.356778343807,425000.0,HalfCheetah-v3,TD3_Q2a1x64_1p
86,7788.9543730684845,430000.0,HalfCheetah-v3,TD3_Q2a1x64_1p
87,7998.2998318795635,435000.0,HalfCheetah-v3,TD3_Q2a1x64_1p
88,8167.194934540479,440000.0,HalfCheetah-v3,TD3_Q2a1x64_1p
89,8136.445238323222,445000.0,HalfCheetah-v3,TD3_Q2a1x64_1p
90,8298.758593486218,450000.0,HalfCheetah-v3,TD3_Q2a1x64_1p
91,8222.397621364491,455000.0,HalfCheetah-v3,TD3_Q2a1x64_1p
92,8082.599051512827,460000.0,HalfCheetah-v3,TD3_Q2a1x64_1p
93,8453.245888959831,465000.0,HalfCheetah-v3,TD3_Q2a1x64_1p
94,8516.036040719659,470000.0,HalfCheetah-v3,TD3_Q2a1x64_1p
95,8332.643564355854,475000.0,HalfCheetah-v3,TD3_Q2a1x64_1p
96,8277.552237861797,480000.0,HalfCheetah-v3,TD3_Q2a1x64_1p
97,8607.688483594799,485000.0,HalfCheetah-v3,TD3_Q2a1x64_1p
98,8490.860124001765,490000.0,HalfCheetah-v3,TD3_Q2a1x64_1p
99,8484.349974006736,495000.0,HalfCheetah-v3,TD3_Q2a1x64_1p
100,8823.06224568085,500000.0,HalfCheetah-v3,TD3_Q2a1x64_1p
101,8560.864271876566,505000.0,HalfCheetah-v3,TD3_Q2a1x64_1p
102,8595.693905989767,510000.0,HalfCheetah-v3,TD3_Q2a1x64_1p
103,8707.422432609095,515000.0,HalfCheetah-v3,TD3_Q2a1x64_1p
104,8682.372270085489,520000.0,HalfCheetah-v3,TD3_Q2a1x64_1p
105,8736.30303781924,525000.0,HalfCheetah-v3,TD3_Q2a1x64_1p
106,8730.469485068632,530000.0,HalfCheetah-v3,TD3_Q2a1x64_1p
107,8801.516499075911,535000.0,HalfCheetah-v3,TD3_Q2a1x64_1p
108,8724.943947210151,540000.0,HalfCheetah-v3,TD3_Q2a1x64_1p
109,8920.329894704077,545000.0,HalfCheetah-v3,TD3_Q2a1x64_1p
110,8938.4804651855,550000.0,HalfCheetah-v3,TD3_Q2a1x64_1p
111,8912.560611909741,555000.0,HalfCheetah-v3,TD3_Q2a1x64_1p
112,8903.924972814562,560000.0,HalfCheetah-v3,TD3_Q2a1x64_1p
113,8931.065845010065,565000.0,HalfCheetah-v3,TD3_Q2a1x64_1p
114,8837.802257226725,570000.0,HalfCheetah-v3,TD3_Q2a1x64_1p
115,9254.31318123236,575000.0,HalfCheetah-v3,TD3_Q2a1x64_1p
116,9017.678787415522,580000.0,HalfCheetah-v3,TD3_Q2a1x64_1p
117,9100.008058828007,585000.0,HalfCheetah-v3,TD3_Q2a1x64_1p
118,9102.020541242895,590000.0,HalfCheetah-v3,TD3_Q2a1x64_1p
119,9155.26914467168,595000.0,HalfCheetah-v3,TD3_Q2a1x64_1p
120,9272.337687678348,600000.0,HalfCheetah-v3,TD3_Q2a1x64_1p
121,9093.8296432596,605000.0,HalfCheetah-v3,TD3_Q2a1x64_1p
122,9273.653559006298,610000.0,HalfCheetah-v3,TD3_Q2a1x64_1p
123,9402.017090905796,615000.0,HalfCheetah-v3,TD3_Q2a1x64_1p
124,9398.448645959324,620000.0,HalfCheetah-v3,TD3_Q2a1x64_1p
125,9480.6045046131,625000.0,HalfCheetah-v3,TD3_Q2a1x64_1p
126,9493.22955233578,630000.0,HalfCheetah-v3,TD3_Q2a1x64_1p
127,9353.68025124027,635000.0,HalfCheetah-v3,TD3_Q2a1x64_1p
128,9562.222785027818,640000.0,HalfCheetah-v3,TD3_Q2a1x64_1p
129,9450.506462106907,645000.0,HalfCheetah-v3,TD3_Q2a1x64_1p
130,9267.455809875626,650000.0,HalfCheetah-v3,TD3_Q2a1x64_1p
131,9384.912355895862,655000.0,HalfCheetah-v3,TD3_Q2a1x64_1p
132,8701.837692939887,660000.0,HalfCheetah-v3,TD3_Q2a1x64_1p
133,9685.091622594271,665000.0,HalfCheetah-v3,TD3_Q2a1x64_1p
134,9304.377248407196,670000.0,HalfCheetah-v3,TD3_Q2a1x64_1p
135,9596.293576924425,675000.0,HalfCheetah-v3,TD3_Q2a1x64_1p
136,9520.625011096377,680000.0,HalfCheetah-v3,TD3_Q2a1x64_1p
137,9050.590217463463,685000.0,HalfCheetah-v3,TD3_Q2a1x64_1p
138,9506.866741914615,690000.0,HalfCheetah-v3,TD3_Q2a1x64_1p
139,9351.434603966018,695000.0,HalfCheetah-v3,TD3_Q2a1x64_1p
140,9581.047575591228,700000.0,HalfCheetah-v3,TD3_Q2a1x64_1p
141,9554.806439388945,705000.0,HalfCheetah-v3,TD3_Q2a1x64_1p
142,9691.348846876916,710000.0,HalfCheetah-v3,TD3_Q2a1x64_1p
143,9381.470688401972,715000.0,HalfCheetah-v3,TD3_Q2a1x64_1p
144,9628.211291810241,720000.0,HalfCheetah-v3,TD3_Q2a1x64_1p
145,8778.31854302473,725000.0,HalfCheetah-v3,TD3_Q2a1x64_1p
146,9301.443049180989,730000.0,HalfCheetah-v3,TD3_Q2a1x64_1p
147,9441.893845364462,735000.0,HalfCheetah-v3,TD3_Q2a1x64_1p
148,9779.533559288086,740000.0,HalfCheetah-v3,TD3_Q2a1x64_1p
149,9744.812038581289,745000.0,HalfCheetah-v3,TD3_Q2a1x64_1p
150,9796.463055831988,750000.0,HalfCheetah-v3,TD3_Q2a1x64_1p
151,9671.525314054576,755000.0,HalfCheetah-v3,TD3_Q2a1x64_1p
152,9578.93664429166,760000.0,HalfCheetah-v3,TD3_Q2a1x64_1p
153,9950.040627854514,765000.0,HalfCheetah-v3,TD3_Q2a1x64_1p
154,9826.050320077953,770000.0,HalfCheetah-v3,TD3_Q2a1x64_1p
155,8869.278208340182,775000.0,HalfCheetah-v3,TD3_Q2a1x64_1p
156,9916.316798864073,780000.0,HalfCheetah-v3,TD3_Q2a1x64_1p
157,9645.91413538619,785000.0,HalfCheetah-v3,TD3_Q2a1x64_1p
158,9923.125159057294,790000.0,HalfCheetah-v3,TD3_Q2a1x64_1p
159,9804.649822298841,795000.0,HalfCheetah-v3,TD3_Q2a1x64_1p
160,9858.417461077017,800000.0,HalfCheetah-v3,TD3_Q2a1x64_1p
161,10060.82314264827,805000.0,HalfCheetah-v3,TD3_Q2a1x64_1p
162,9846.962869364064,810000.0,HalfCheetah-v3,TD3_Q2a1x64_1p
163,9848.76052495303,815000.0,HalfCheetah-v3,TD3_Q2a1x64_1p
164,10053.201828623942,820000.0,HalfCheetah-v3,TD3_Q2a1x64_1p
165,10145.82700759024,825000.0,HalfCheetah-v3,TD3_Q2a1x64_1p
166,9228.701825837374,830000.0,HalfCheetah-v3,TD3_Q2a1x64_1p
167,9777.352265322126,835000.0,HalfCheetah-v3,TD3_Q2a1x64_1p
168,10164.292020757772,840000.0,HalfCheetah-v3,TD3_Q2a1x64_1p
169,9926.416317784619,845000.0,HalfCheetah-v3,TD3_Q2a1x64_1p
170,9990.598214841348,850000.0,HalfCheetah-v3,TD3_Q2a1x64_1p
171,10104.579405768873,855000.0,HalfCheetah-v3,TD3_Q2a1x64_1p
172,9950.107955680269,860000.0,HalfCheetah-v3,TD3_Q2a1x64_1p
173,10167.049665592513,865000.0,HalfCheetah-v3,TD3_Q2a1x64_1p
174,10100.653602518218,870000.0,HalfCheetah-v3,TD3_Q2a1x64_1p
175,10162.074469275158,875000.0,HalfCheetah-v3,TD3_Q2a1x64_1p
176,10144.045524303265,880000.0,HalfCheetah-v3,TD3_Q2a1x64_1p
177,10140.986653104983,885000.0,HalfCheetah-v3,TD3_Q2a1x64_1p
178,10070.43216099676,890000.0,HalfCheetah-v3,TD3_Q2a1x64_1p
179,10279.218709817911,895000.0,HalfCheetah-v3,TD3_Q2a1x64_1p
180,10182.670528378618,900000.0,HalfCheetah-v3,TD3_Q2a1x64_1p
181,10178.22961121726,905000.0,HalfCheetah-v3,TD3_Q2a1x64_1p
182,10288.109805468728,910000.0,HalfCheetah-v3,TD3_Q2a1x64_1p
183,10274.263321948387,915000.0,HalfCheetah-v3,TD3_Q2a1x64_1p
184,10248.564095756712,920000.0,HalfCheetah-v3,TD3_Q2a1x64_1p
185,10279.093397874893,925000.0,HalfCheetah-v3,TD3_Q2a1x64_1p
186,10402.617836542657,930000.0,HalfCheetah-v3,TD3_Q2a1x64_1p
187,10215.591361102759,935000.0,HalfCheetah-v3,TD3_Q2a1x64_1p
188,10341.863971347488,940000.0,HalfCheetah-v3,TD3_Q2a1x64_1p
189,9706.26032264456,945000.0,HalfCheetah-v3,TD3_Q2a1x64_1p
190,10480.593629132405,950000.0,HalfCheetah-v3,TD3_Q2a1x64_1p
191,10250.231015100228,955000.0,HalfCheetah-v3,TD3_Q2a1x64_1p
192,10376.884653018558,960000.0,HalfCheetah-v3,TD3_Q2a1x64_1p
193,10359.238493276422,965000.0,HalfCheetah-v3,TD3_Q2a1x64_1p
194,10280.215212656703,970000.0,HalfCheetah-v3,TD3_Q2a1x64_1p
195,10489.434347335231,975000.0,HalfCheetah-v3,TD3_Q2a1x64_1p
196,10333.98238439847,980000.0,HalfCheetah-v3,TD3_Q2a1x64_1p
197,10370.832407578142,985000.0,HalfCheetah-v3,TD3_Q2a1x64_1p
198,10126.959330753853,990000.0,HalfCheetah-v3,TD3_Q2a1x64_1p
199,9459.042841661661,995000.0,HalfCheetah-v3,TD3_Q2a1x64_1p
200,10364.059794453888,1000000.0,HalfCheetah-v3,TD3_Q2a1x64_1p
