index,Average Return,Timesteps,env,algorithm_name
0,-439.5838483494134,0.0,HalfCheetah-v3,TD3_Q2a1x64_1p
1,-488.4379916418311,5000.0,HalfCheetah-v3,TD3_Q2a1x64_1p
2,-610.6299928064552,10000.0,HalfCheetah-v3,TD3_Q2a1x64_1p
3,-642.8164152480497,15000.0,HalfCheetah-v3,TD3_Q2a1x64_1p
4,-373.0534687840291,20000.0,HalfCheetah-v3,TD3_Q2a1x64_1p
5,-491.36255867172724,25000.0,HalfCheetah-v3,TD3_Q2a1x64_1p
6,-532.1325097173883,30000.0,HalfCheetah-v3,TD3_Q2a1x64_1p
7,-505.3136032937665,35000.0,HalfCheetah-v3,TD3_Q2a1x64_1p
8,-542.5027250553519,40000.0,HalfCheetah-v3,TD3_Q2a1x64_1p
9,-518.7978045319753,45000.0,HalfCheetah-v3,TD3_Q2a1x64_1p
10,-87.53790926223577,50000.0,HalfCheetah-v3,TD3_Q2a1x64_1p
11,-100.62398378365666,55000.0,HalfCheetah-v3,TD3_Q2a1x64_1p
12,-93.33905160029549,60000.0,HalfCheetah-v3,TD3_Q2a1x64_1p
13,-87.94200794596186,65000.0,HalfCheetah-v3,TD3_Q2a1x64_1p
14,-90.39429055460367,70000.0,HalfCheetah-v3,TD3_Q2a1x64_1p
15,-340.17379983365737,75000.0,HalfCheetah-v3,TD3_Q2a1x64_1p
16,-344.16554335495596,80000.0,HalfCheetah-v3,TD3_Q2a1x64_1p
17,-339.06555456616593,85000.0,HalfCheetah-v3,TD3_Q2a1x64_1p
18,-298.7850615471523,90000.0,HalfCheetah-v3,TD3_Q2a1x64_1p
19,-321.088416379837,95000.0,HalfCheetah-v3,TD3_Q2a1x64_1p
20,-53.23430342081652,100000.0,HalfCheetah-v3,TD3_Q2a1x64_1p
21,-219.6970811057628,105000.0,HalfCheetah-v3,TD3_Q2a1x64_1p
22,-84.96381444482189,110000.0,HalfCheetah-v3,TD3_Q2a1x64_1p
23,-69.2763536088227,115000.0,HalfCheetah-v3,TD3_Q2a1x64_1p
24,-107.35510331067437,120000.0,HalfCheetah-v3,TD3_Q2a1x64_1p
25,207.77253117897573,125000.0,HalfCheetah-v3,TD3_Q2a1x64_1p
26,277.2038609397698,130000.0,HalfCheetah-v3,TD3_Q2a1x64_1p
27,242.16647384786725,135000.0,HalfCheetah-v3,TD3_Q2a1x64_1p
28,283.32247520588675,140000.0,HalfCheetah-v3,TD3_Q2a1x64_1p
29,244.07394377029968,145000.0,HalfCheetah-v3,TD3_Q2a1x64_1p
30,347.5344085152417,150000.0,HalfCheetah-v3,TD3_Q2a1x64_1p
31,411.42575100931725,155000.0,HalfCheetah-v3,TD3_Q2a1x64_1p
32,397.733445019211,160000.0,HalfCheetah-v3,TD3_Q2a1x64_1p
33,311.21559169486613,165000.0,HalfCheetah-v3,TD3_Q2a1x64_1p
34,375.99816253246,170000.0,HalfCheetah-v3,TD3_Q2a1x64_1p
35,1151.9617308969127,175000.0,HalfCheetah-v3,TD3_Q2a1x64_1p
36,1197.416468164777,180000.0,HalfCheetah-v3,TD3_Q2a1x64_1p
37,1160.971727693501,185000.0,HalfCheetah-v3,TD3_Q2a1x64_1p
38,981.7571332196725,190000.0,HalfCheetah-v3,TD3_Q2a1x64_1p
39,969.8775026989654,195000.0,HalfCheetah-v3,TD3_Q2a1x64_1p
40,1424.2560418603443,200000.0,HalfCheetah-v3,TD3_Q2a1x64_1p
41,1132.9767051413996,205000.0,HalfCheetah-v3,TD3_Q2a1x64_1p
42,1881.7926249080847,210000.0,HalfCheetah-v3,TD3_Q2a1x64_1p
43,1626.520960594309,215000.0,HalfCheetah-v3,TD3_Q2a1x64_1p
44,1675.8310267518475,220000.0,HalfCheetah-v3,TD3_Q2a1x64_1p
45,1431.46193148685,225000.0,HalfCheetah-v3,TD3_Q2a1x64_1p
46,1667.5129365434684,230000.0,HalfCheetah-v3,TD3_Q2a1x64_1p
47,1720.283413220488,235000.0,HalfCheetah-v3,TD3_Q2a1x64_1p
48,1754.2312685890906,240000.0,HalfCheetah-v3,TD3_Q2a1x64_1p
49,1847.4754404304701,245000.0,HalfCheetah-v3,TD3_Q2a1x64_1p
50,2330.13686852113,250000.0,HalfCheetah-v3,TD3_Q2a1x64_1p
51,2230.712177768447,255000.0,HalfCheetah-v3,TD3_Q2a1x64_1p
52,2406.4051238561033,260000.0,HalfCheetah-v3,TD3_Q2a1x64_1p
53,1817.0183076233268,265000.0,HalfCheetah-v3,TD3_Q2a1x64_1p
54,2220.8584610895314,270000.0,HalfCheetah-v3,TD3_Q2a1x64_1p
55,3058.1408230789166,275000.0,HalfCheetah-v3,TD3_Q2a1x64_1p
56,2718.3064428979665,280000.0,HalfCheetah-v3,TD3_Q2a1x64_1p
57,2671.272187875288,285000.0,HalfCheetah-v3,TD3_Q2a1x64_1p
58,2922.4717083172654,290000.0,HalfCheetah-v3,TD3_Q2a1x64_1p
59,2882.419360898295,295000.0,HalfCheetah-v3,TD3_Q2a1x64_1p
60,2698.2104521056112,300000.0,HalfCheetah-v3,TD3_Q2a1x64_1p
61,2962.9803624658844,305000.0,HalfCheetah-v3,TD3_Q2a1x64_1p
62,2766.0551051224866,310000.0,HalfCheetah-v3,TD3_Q2a1x64_1p
63,3029.701573037578,315000.0,HalfCheetah-v3,TD3_Q2a1x64_1p
64,2518.2947303852975,320000.0,HalfCheetah-v3,TD3_Q2a1x64_1p
65,3175.872255101437,325000.0,HalfCheetah-v3,TD3_Q2a1x64_1p
66,3145.2061703367153,330000.0,HalfCheetah-v3,TD3_Q2a1x64_1p
67,3243.4722800024497,335000.0,HalfCheetah-v3,TD3_Q2a1x64_1p
68,2823.9887098171066,340000.0,HalfCheetah-v3,TD3_Q2a1x64_1p
69,2885.05169429159,345000.0,HalfCheetah-v3,TD3_Q2a1x64_1p
70,1792.4836812341514,350000.0,HalfCheetah-v3,TD3_Q2a1x64_1p
71,1752.8158555677383,355000.0,HalfCheetah-v3,TD3_Q2a1x64_1p
72,1668.0636232971785,360000.0,HalfCheetah-v3,TD3_Q2a1x64_1p
73,1665.1028179562647,365000.0,HalfCheetah-v3,TD3_Q2a1x64_1p
74,1478.2128444716614,370000.0,HalfCheetah-v3,TD3_Q2a1x64_1p
75,3155.5410650340773,375000.0,HalfCheetah-v3,TD3_Q2a1x64_1p
76,3286.5071753912225,380000.0,HalfCheetah-v3,TD3_Q2a1x64_1p
77,3419.971103145359,385000.0,HalfCheetah-v3,TD3_Q2a1x64_1p
78,2882.560310752438,390000.0,HalfCheetah-v3,TD3_Q2a1x64_1p
79,2865.7409826792523,395000.0,HalfCheetah-v3,TD3_Q2a1x64_1p
80,3420.293227329087,400000.0,HalfCheetah-v3,TD3_Q2a1x64_1p
81,3424.5785647046423,405000.0,HalfCheetah-v3,TD3_Q2a1x64_1p
82,3416.7344385726647,410000.0,HalfCheetah-v3,TD3_Q2a1x64_1p
83,3409.3808843818806,415000.0,HalfCheetah-v3,TD3_Q2a1x64_1p
84,2990.0252749804304,420000.0,HalfCheetah-v3,TD3_Q2a1x64_1p
85,3383.231284997899,425000.0,HalfCheetah-v3,TD3_Q2a1x64_1p
86,3354.386133489004,430000.0,HalfCheetah-v3,TD3_Q2a1x64_1p
87,3354.9277494938624,435000.0,HalfCheetah-v3,TD3_Q2a1x64_1p
88,3273.863975893879,440000.0,HalfCheetah-v3,TD3_Q2a1x64_1p
89,3318.4280705705632,445000.0,HalfCheetah-v3,TD3_Q2a1x64_1p
90,3644.65274808214,450000.0,HalfCheetah-v3,TD3_Q2a1x64_1p
91,3557.5155152704947,455000.0,HalfCheetah-v3,TD3_Q2a1x64_1p
92,3534.9209060329476,460000.0,HalfCheetah-v3,TD3_Q2a1x64_1p
93,3462.7597599523933,465000.0,HalfCheetah-v3,TD3_Q2a1x64_1p
94,3237.502134159952,470000.0,HalfCheetah-v3,TD3_Q2a1x64_1p
95,4004.8996616744384,475000.0,HalfCheetah-v3,TD3_Q2a1x64_1p
96,3935.1036023278493,480000.0,HalfCheetah-v3,TD3_Q2a1x64_1p
97,3854.8475103545525,485000.0,HalfCheetah-v3,TD3_Q2a1x64_1p
98,3542.9166499183557,490000.0,HalfCheetah-v3,TD3_Q2a1x64_1p
99,3127.6486462878943,495000.0,HalfCheetah-v3,TD3_Q2a1x64_1p
100,3677.9411300805805,500000.0,HalfCheetah-v3,TD3_Q2a1x64_1p
101,2633.734871344709,505000.0,HalfCheetah-v3,TD3_Q2a1x64_1p
102,3081.689111390158,510000.0,HalfCheetah-v3,TD3_Q2a1x64_1p
103,3169.418925326844,515000.0,HalfCheetah-v3,TD3_Q2a1x64_1p
104,2803.7537375823144,520000.0,HalfCheetah-v3,TD3_Q2a1x64_1p
105,3586.184102378326,525000.0,HalfCheetah-v3,TD3_Q2a1x64_1p
106,4126.552012136025,530000.0,HalfCheetah-v3,TD3_Q2a1x64_1p
107,3918.869583091746,535000.0,HalfCheetah-v3,TD3_Q2a1x64_1p
108,3629.1755841416098,540000.0,HalfCheetah-v3,TD3_Q2a1x64_1p
109,3285.4894435835727,545000.0,HalfCheetah-v3,TD3_Q2a1x64_1p
110,4217.748780709356,550000.0,HalfCheetah-v3,TD3_Q2a1x64_1p
111,4233.004733939603,555000.0,HalfCheetah-v3,TD3_Q2a1x64_1p
112,4120.867238770103,560000.0,HalfCheetah-v3,TD3_Q2a1x64_1p
113,3842.625924544588,565000.0,HalfCheetah-v3,TD3_Q2a1x64_1p
114,3608.5065741145436,570000.0,HalfCheetah-v3,TD3_Q2a1x64_1p
115,4419.800415360094,575000.0,HalfCheetah-v3,TD3_Q2a1x64_1p
116,4302.711189923492,580000.0,HalfCheetah-v3,TD3_Q2a1x64_1p
117,4189.25451298876,585000.0,HalfCheetah-v3,TD3_Q2a1x64_1p
118,3230.61630788039,590000.0,HalfCheetah-v3,TD3_Q2a1x64_1p
119,3052.7700824476015,595000.0,HalfCheetah-v3,TD3_Q2a1x64_1p
120,4585.7523345681375,600000.0,HalfCheetah-v3,TD3_Q2a1x64_1p
121,4410.856228848037,605000.0,HalfCheetah-v3,TD3_Q2a1x64_1p
122,4049.554471909853,610000.0,HalfCheetah-v3,TD3_Q2a1x64_1p
123,3555.2758584483445,615000.0,HalfCheetah-v3,TD3_Q2a1x64_1p
124,3669.8606469990473,620000.0,HalfCheetah-v3,TD3_Q2a1x64_1p
125,4773.515363979607,625000.0,HalfCheetah-v3,TD3_Q2a1x64_1p
126,4366.663634158411,630000.0,HalfCheetah-v3,TD3_Q2a1x64_1p
127,3975.401240228645,635000.0,HalfCheetah-v3,TD3_Q2a1x64_1p
128,3689.008071337537,640000.0,HalfCheetah-v3,TD3_Q2a1x64_1p
129,3446.4986653520996,645000.0,HalfCheetah-v3,TD3_Q2a1x64_1p
130,2960.714315712853,650000.0,HalfCheetah-v3,TD3_Q2a1x64_1p
131,3528.0469033832546,655000.0,HalfCheetah-v3,TD3_Q2a1x64_1p
132,3871.79939248758,660000.0,HalfCheetah-v3,TD3_Q2a1x64_1p
133,3705.0615958900207,665000.0,HalfCheetah-v3,TD3_Q2a1x64_1p
134,3354.101352024564,670000.0,HalfCheetah-v3,TD3_Q2a1x64_1p
135,4666.307602426359,675000.0,HalfCheetah-v3,TD3_Q2a1x64_1p
136,4119.119399270241,680000.0,HalfCheetah-v3,TD3_Q2a1x64_1p
137,3330.941300449579,685000.0,HalfCheetah-v3,TD3_Q2a1x64_1p
138,3838.0675974610504,690000.0,HalfCheetah-v3,TD3_Q2a1x64_1p
139,3808.4494008357933,695000.0,HalfCheetah-v3,TD3_Q2a1x64_1p
140,4910.522715782674,700000.0,HalfCheetah-v3,TD3_Q2a1x64_1p
141,4736.268197017131,705000.0,HalfCheetah-v3,TD3_Q2a1x64_1p
142,4405.438352727617,710000.0,HalfCheetah-v3,TD3_Q2a1x64_1p
143,4086.7778389773207,715000.0,HalfCheetah-v3,TD3_Q2a1x64_1p
144,4044.899839406278,720000.0,HalfCheetah-v3,TD3_Q2a1x64_1p
145,4914.284418099001,725000.0,HalfCheetah-v3,TD3_Q2a1x64_1p
146,4776.501160540528,730000.0,HalfCheetah-v3,TD3_Q2a1x64_1p
147,4525.167355845986,735000.0,HalfCheetah-v3,TD3_Q2a1x64_1p
148,3512.278567668428,740000.0,HalfCheetah-v3,TD3_Q2a1x64_1p
149,4160.032467924551,745000.0,HalfCheetah-v3,TD3_Q2a1x64_1p
150,4596.282833839376,750000.0,HalfCheetah-v3,TD3_Q2a1x64_1p
151,4530.216088666457,755000.0,HalfCheetah-v3,TD3_Q2a1x64_1p
152,4020.1362334939963,760000.0,HalfCheetah-v3,TD3_Q2a1x64_1p
153,4191.989945318407,765000.0,HalfCheetah-v3,TD3_Q2a1x64_1p
154,3761.639335020478,770000.0,HalfCheetah-v3,TD3_Q2a1x64_1p
155,5453.563412762309,775000.0,HalfCheetah-v3,TD3_Q2a1x64_1p
156,5224.9531923623,780000.0,HalfCheetah-v3,TD3_Q2a1x64_1p
157,5015.399293368356,785000.0,HalfCheetah-v3,TD3_Q2a1x64_1p
158,4481.743270181707,790000.0,HalfCheetah-v3,TD3_Q2a1x64_1p
159,4170.592587518744,795000.0,HalfCheetah-v3,TD3_Q2a1x64_1p
160,5350.675604966783,800000.0,HalfCheetah-v3,TD3_Q2a1x64_1p
161,5110.739182946371,805000.0,HalfCheetah-v3,TD3_Q2a1x64_1p
162,4293.085355093514,810000.0,HalfCheetah-v3,TD3_Q2a1x64_1p
163,4630.000307729786,815000.0,HalfCheetah-v3,TD3_Q2a1x64_1p
164,4080.1936322572938,820000.0,HalfCheetah-v3,TD3_Q2a1x64_1p
165,5508.201750639719,825000.0,HalfCheetah-v3,TD3_Q2a1x64_1p
166,5223.407635025289,830000.0,HalfCheetah-v3,TD3_Q2a1x64_1p
167,4877.056712010946,835000.0,HalfCheetah-v3,TD3_Q2a1x64_1p
168,4410.6407225759995,840000.0,HalfCheetah-v3,TD3_Q2a1x64_1p
169,4343.183056251165,845000.0,HalfCheetah-v3,TD3_Q2a1x64_1p
170,5252.168287664169,850000.0,HalfCheetah-v3,TD3_Q2a1x64_1p
171,4505.583055233868,855000.0,HalfCheetah-v3,TD3_Q2a1x64_1p
172,4756.128439475966,860000.0,HalfCheetah-v3,TD3_Q2a1x64_1p
173,4510.431187136348,865000.0,HalfCheetah-v3,TD3_Q2a1x64_1p
174,3728.7578986585054,870000.0,HalfCheetah-v3,TD3_Q2a1x64_1p
175,5560.151008737144,875000.0,HalfCheetah-v3,TD3_Q2a1x64_1p
176,5338.501998629267,880000.0,HalfCheetah-v3,TD3_Q2a1x64_1p
177,5059.483440001331,885000.0,HalfCheetah-v3,TD3_Q2a1x64_1p
178,4702.860655740827,890000.0,HalfCheetah-v3,TD3_Q2a1x64_1p
179,3987.133519803744,895000.0,HalfCheetah-v3,TD3_Q2a1x64_1p
180,5608.444895194075,900000.0,HalfCheetah-v3,TD3_Q2a1x64_1p
181,5307.098793080924,905000.0,HalfCheetah-v3,TD3_Q2a1x64_1p
182,4675.251120107763,910000.0,HalfCheetah-v3,TD3_Q2a1x64_1p
183,4587.232043226635,915000.0,HalfCheetah-v3,TD3_Q2a1x64_1p
184,4240.447487177063,920000.0,HalfCheetah-v3,TD3_Q2a1x64_1p
185,5572.214121134593,925000.0,HalfCheetah-v3,TD3_Q2a1x64_1p
186,5350.819970136475,930000.0,HalfCheetah-v3,TD3_Q2a1x64_1p
187,5079.530920915293,935000.0,HalfCheetah-v3,TD3_Q2a1x64_1p
188,4758.24777687443,940000.0,HalfCheetah-v3,TD3_Q2a1x64_1p
189,4436.802838907033,945000.0,HalfCheetah-v3,TD3_Q2a1x64_1p
190,5654.287895762978,950000.0,HalfCheetah-v3,TD3_Q2a1x64_1p
191,5116.95609861028,955000.0,HalfCheetah-v3,TD3_Q2a1x64_1p
192,5056.361070379623,960000.0,HalfCheetah-v3,TD3_Q2a1x64_1p
193,4385.615435674784,965000.0,HalfCheetah-v3,TD3_Q2a1x64_1p
194,4310.804891497857,970000.0,HalfCheetah-v3,TD3_Q2a1x64_1p
195,5686.173939665952,975000.0,HalfCheetah-v3,TD3_Q2a1x64_1p
196,5424.710384237328,980000.0,HalfCheetah-v3,TD3_Q2a1x64_1p
197,5036.208099610138,985000.0,HalfCheetah-v3,TD3_Q2a1x64_1p
198,4832.597960663042,990000.0,HalfCheetah-v3,TD3_Q2a1x64_1p
199,3682.795115053393,995000.0,HalfCheetah-v3,TD3_Q2a1x64_1p
200,5761.694616692779,1000000.0,HalfCheetah-v3,TD3_Q2a1x64_1p
201,5087.042486543307,1005000.0,HalfCheetah-v3,TD3_Q2a1x64_1p
202,5005.34906945001,1010000.0,HalfCheetah-v3,TD3_Q2a1x64_1p
203,4349.536726582083,1015000.0,HalfCheetah-v3,TD3_Q2a1x64_1p
204,4376.8873853554815,1020000.0,HalfCheetah-v3,TD3_Q2a1x64_1p
205,5722.284076627266,1025000.0,HalfCheetah-v3,TD3_Q2a1x64_1p
206,5488.070366540459,1030000.0,HalfCheetah-v3,TD3_Q2a1x64_1p
207,5083.148672148874,1035000.0,HalfCheetah-v3,TD3_Q2a1x64_1p
208,4771.545871906384,1040000.0,HalfCheetah-v3,TD3_Q2a1x64_1p
209,4507.882649927691,1045000.0,HalfCheetah-v3,TD3_Q2a1x64_1p
210,5723.422182707648,1050000.0,HalfCheetah-v3,TD3_Q2a1x64_1p
211,5030.6301152655205,1055000.0,HalfCheetah-v3,TD3_Q2a1x64_1p
212,5079.340383877165,1060000.0,HalfCheetah-v3,TD3_Q2a1x64_1p
213,4800.402125592054,1065000.0,HalfCheetah-v3,TD3_Q2a1x64_1p
214,4466.172770646055,1070000.0,HalfCheetah-v3,TD3_Q2a1x64_1p
215,5825.985763008147,1075000.0,HalfCheetah-v3,TD3_Q2a1x64_1p
216,5450.079564273298,1080000.0,HalfCheetah-v3,TD3_Q2a1x64_1p
217,5014.239901359366,1085000.0,HalfCheetah-v3,TD3_Q2a1x64_1p
218,4556.956619484253,1090000.0,HalfCheetah-v3,TD3_Q2a1x64_1p
219,3965.2363531295064,1095000.0,HalfCheetah-v3,TD3_Q2a1x64_1p
220,6017.055935446048,1100000.0,HalfCheetah-v3,TD3_Q2a1x64_1p
221,5670.3603441576415,1105000.0,HalfCheetah-v3,TD3_Q2a1x64_1p
222,5180.775305934736,1110000.0,HalfCheetah-v3,TD3_Q2a1x64_1p
223,4434.130822964389,1115000.0,HalfCheetah-v3,TD3_Q2a1x64_1p
224,4384.595422563572,1120000.0,HalfCheetah-v3,TD3_Q2a1x64_1p
225,5993.188970660007,1125000.0,HalfCheetah-v3,TD3_Q2a1x64_1p
226,5680.290650359323,1130000.0,HalfCheetah-v3,TD3_Q2a1x64_1p
227,5129.630913351686,1135000.0,HalfCheetah-v3,TD3_Q2a1x64_1p
228,4744.650343826472,1140000.0,HalfCheetah-v3,TD3_Q2a1x64_1p
229,4559.430357269224,1145000.0,HalfCheetah-v3,TD3_Q2a1x64_1p
230,5720.190066134948,1150000.0,HalfCheetah-v3,TD3_Q2a1x64_1p
231,5490.957379036515,1155000.0,HalfCheetah-v3,TD3_Q2a1x64_1p
232,5136.255356198814,1160000.0,HalfCheetah-v3,TD3_Q2a1x64_1p
233,4777.764297515537,1165000.0,HalfCheetah-v3,TD3_Q2a1x64_1p
234,3865.0634202839283,1170000.0,HalfCheetah-v3,TD3_Q2a1x64_1p
235,6114.081660775759,1175000.0,HalfCheetah-v3,TD3_Q2a1x64_1p
236,5714.285220285056,1180000.0,HalfCheetah-v3,TD3_Q2a1x64_1p
237,4816.5057099540345,1185000.0,HalfCheetah-v3,TD3_Q2a1x64_1p
238,4874.30695771516,1190000.0,HalfCheetah-v3,TD3_Q2a1x64_1p
239,4490.466464148636,1195000.0,HalfCheetah-v3,TD3_Q2a1x64_1p
240,6158.237772007301,1200000.0,HalfCheetah-v3,TD3_Q2a1x64_1p
241,5810.209476608265,1205000.0,HalfCheetah-v3,TD3_Q2a1x64_1p
242,5372.718138447226,1210000.0,HalfCheetah-v3,TD3_Q2a1x64_1p
243,4959.6488098222635,1215000.0,HalfCheetah-v3,TD3_Q2a1x64_1p
244,4539.164845674527,1220000.0,HalfCheetah-v3,TD3_Q2a1x64_1p
245,6253.43888132481,1225000.0,HalfCheetah-v3,TD3_Q2a1x64_1p
246,5541.775473561161,1230000.0,HalfCheetah-v3,TD3_Q2a1x64_1p
247,5310.612476973673,1235000.0,HalfCheetah-v3,TD3_Q2a1x64_1p
248,4469.682878225999,1240000.0,HalfCheetah-v3,TD3_Q2a1x64_1p
249,4562.108847201182,1245000.0,HalfCheetah-v3,TD3_Q2a1x64_1p
250,6192.247370108622,1250000.0,HalfCheetah-v3,TD3_Q2a1x64_1p
251,5749.77285551303,1255000.0,HalfCheetah-v3,TD3_Q2a1x64_1p
252,5366.848499908559,1260000.0,HalfCheetah-v3,TD3_Q2a1x64_1p
253,4976.069362658282,1265000.0,HalfCheetah-v3,TD3_Q2a1x64_1p
254,4240.541939411136,1270000.0,HalfCheetah-v3,TD3_Q2a1x64_1p
255,6303.11716848515,1275000.0,HalfCheetah-v3,TD3_Q2a1x64_1p
256,5949.219026002605,1280000.0,HalfCheetah-v3,TD3_Q2a1x64_1p
257,5464.464315035713,1285000.0,HalfCheetah-v3,TD3_Q2a1x64_1p
258,4935.416686855265,1290000.0,HalfCheetah-v3,TD3_Q2a1x64_1p
259,4313.793073249185,1295000.0,HalfCheetah-v3,TD3_Q2a1x64_1p
260,6283.04582661055,1300000.0,HalfCheetah-v3,TD3_Q2a1x64_1p
261,5900.258925177664,1305000.0,HalfCheetah-v3,TD3_Q2a1x64_1p
262,5345.791089163574,1310000.0,HalfCheetah-v3,TD3_Q2a1x64_1p
263,4930.421814753556,1315000.0,HalfCheetah-v3,TD3_Q2a1x64_1p
264,4164.99996465408,1320000.0,HalfCheetah-v3,TD3_Q2a1x64_1p
265,6029.5017668657465,1325000.0,HalfCheetah-v3,TD3_Q2a1x64_1p
266,5685.079828022758,1330000.0,HalfCheetah-v3,TD3_Q2a1x64_1p
267,5364.378043632796,1335000.0,HalfCheetah-v3,TD3_Q2a1x64_1p
268,4951.03571347381,1340000.0,HalfCheetah-v3,TD3_Q2a1x64_1p
269,4495.647030107337,1345000.0,HalfCheetah-v3,TD3_Q2a1x64_1p
270,6275.068479245199,1350000.0,HalfCheetah-v3,TD3_Q2a1x64_1p
271,5902.870519813748,1355000.0,HalfCheetah-v3,TD3_Q2a1x64_1p
272,5082.485009403993,1360000.0,HalfCheetah-v3,TD3_Q2a1x64_1p
273,4702.081018531924,1365000.0,HalfCheetah-v3,TD3_Q2a1x64_1p
274,4566.426269878937,1370000.0,HalfCheetah-v3,TD3_Q2a1x64_1p
275,6348.49734758278,1375000.0,HalfCheetah-v3,TD3_Q2a1x64_1p
276,5928.34050743958,1380000.0,HalfCheetah-v3,TD3_Q2a1x64_1p
277,5338.65599284778,1385000.0,HalfCheetah-v3,TD3_Q2a1x64_1p
278,4953.217529355344,1390000.0,HalfCheetah-v3,TD3_Q2a1x64_1p
279,4034.8304510625376,1395000.0,HalfCheetah-v3,TD3_Q2a1x64_1p
280,6346.736756152216,1400000.0,HalfCheetah-v3,TD3_Q2a1x64_1p
281,5959.365558661405,1405000.0,HalfCheetah-v3,TD3_Q2a1x64_1p
282,5392.764489315085,1410000.0,HalfCheetah-v3,TD3_Q2a1x64_1p
283,4849.988569634852,1415000.0,HalfCheetah-v3,TD3_Q2a1x64_1p
284,4465.454122150747,1420000.0,HalfCheetah-v3,TD3_Q2a1x64_1p
285,6259.809067178764,1425000.0,HalfCheetah-v3,TD3_Q2a1x64_1p
286,5857.383075394652,1430000.0,HalfCheetah-v3,TD3_Q2a1x64_1p
287,5327.644640037551,1435000.0,HalfCheetah-v3,TD3_Q2a1x64_1p
288,4684.249918224593,1440000.0,HalfCheetah-v3,TD3_Q2a1x64_1p
289,4340.811666715891,1445000.0,HalfCheetah-v3,TD3_Q2a1x64_1p
290,6439.686629241774,1450000.0,HalfCheetah-v3,TD3_Q2a1x64_1p
291,5999.716610390895,1455000.0,HalfCheetah-v3,TD3_Q2a1x64_1p
292,5423.773350360903,1460000.0,HalfCheetah-v3,TD3_Q2a1x64_1p
293,4174.654361576716,1465000.0,HalfCheetah-v3,TD3_Q2a1x64_1p
294,4241.99632144303,1470000.0,HalfCheetah-v3,TD3_Q2a1x64_1p
295,6355.692803388502,1475000.0,HalfCheetah-v3,TD3_Q2a1x64_1p
296,5913.1680395654,1480000.0,HalfCheetah-v3,TD3_Q2a1x64_1p
297,5394.174174092628,1485000.0,HalfCheetah-v3,TD3_Q2a1x64_1p
298,4963.673674685414,1490000.0,HalfCheetah-v3,TD3_Q2a1x64_1p
299,4528.107707747694,1495000.0,HalfCheetah-v3,TD3_Q2a1x64_1p
300,6611.376160369599,1500000.0,HalfCheetah-v3,TD3_Q2a1x64_1p
301,6053.830236231253,1505000.0,HalfCheetah-v3,TD3_Q2a1x64_1p
302,5382.047961733822,1510000.0,HalfCheetah-v3,TD3_Q2a1x64_1p
303,4197.758768862957,1515000.0,HalfCheetah-v3,TD3_Q2a1x64_1p
304,3708.1808038932186,1520000.0,HalfCheetah-v3,TD3_Q2a1x64_1p
305,6497.83849574952,1525000.0,HalfCheetah-v3,TD3_Q2a1x64_1p
306,6015.018748964539,1530000.0,HalfCheetah-v3,TD3_Q2a1x64_1p
307,5280.433167920965,1535000.0,HalfCheetah-v3,TD3_Q2a1x64_1p
308,4691.573004196609,1540000.0,HalfCheetah-v3,TD3_Q2a1x64_1p
309,4252.196073571757,1545000.0,HalfCheetah-v3,TD3_Q2a1x64_1p
310,6510.705043936902,1550000.0,HalfCheetah-v3,TD3_Q2a1x64_1p
311,6105.916160314951,1555000.0,HalfCheetah-v3,TD3_Q2a1x64_1p
312,5273.493837268585,1560000.0,HalfCheetah-v3,TD3_Q2a1x64_1p
313,4532.654629820829,1565000.0,HalfCheetah-v3,TD3_Q2a1x64_1p
314,4572.129942691466,1570000.0,HalfCheetah-v3,TD3_Q2a1x64_1p
315,6487.667396278588,1575000.0,HalfCheetah-v3,TD3_Q2a1x64_1p
316,6038.154764299705,1580000.0,HalfCheetah-v3,TD3_Q2a1x64_1p
317,5281.44222013762,1585000.0,HalfCheetah-v3,TD3_Q2a1x64_1p
318,4606.481464895106,1590000.0,HalfCheetah-v3,TD3_Q2a1x64_1p
319,4220.5466760875,1595000.0,HalfCheetah-v3,TD3_Q2a1x64_1p
320,6464.4443023244685,1600000.0,HalfCheetah-v3,TD3_Q2a1x64_1p
321,6007.05941885613,1605000.0,HalfCheetah-v3,TD3_Q2a1x64_1p
322,5563.130136074064,1610000.0,HalfCheetah-v3,TD3_Q2a1x64_1p
323,4883.515424914956,1615000.0,HalfCheetah-v3,TD3_Q2a1x64_1p
324,4431.116616049556,1620000.0,HalfCheetah-v3,TD3_Q2a1x64_1p
325,6352.49111499105,1625000.0,HalfCheetah-v3,TD3_Q2a1x64_1p
326,5920.474107295681,1630000.0,HalfCheetah-v3,TD3_Q2a1x64_1p
327,5485.680825699494,1635000.0,HalfCheetah-v3,TD3_Q2a1x64_1p
328,5073.457068890826,1640000.0,HalfCheetah-v3,TD3_Q2a1x64_1p
329,3999.250734245174,1645000.0,HalfCheetah-v3,TD3_Q2a1x64_1p
330,6805.979381410388,1650000.0,HalfCheetah-v3,TD3_Q2a1x64_1p
331,6277.609663010636,1655000.0,HalfCheetah-v3,TD3_Q2a1x64_1p
332,5496.211933944645,1660000.0,HalfCheetah-v3,TD3_Q2a1x64_1p
333,4047.1645633256935,1665000.0,HalfCheetah-v3,TD3_Q2a1x64_1p
334,4530.050669130942,1670000.0,HalfCheetah-v3,TD3_Q2a1x64_1p
335,6567.929020801183,1675000.0,HalfCheetah-v3,TD3_Q2a1x64_1p
336,6137.163767512452,1680000.0,HalfCheetah-v3,TD3_Q2a1x64_1p
337,5607.805902790518,1685000.0,HalfCheetah-v3,TD3_Q2a1x64_1p
338,4648.043778646682,1690000.0,HalfCheetah-v3,TD3_Q2a1x64_1p
339,2771.851524104741,1695000.0,HalfCheetah-v3,TD3_Q2a1x64_1p
340,6720.250421686954,1700000.0,HalfCheetah-v3,TD3_Q2a1x64_1p
341,6186.879964585283,1705000.0,HalfCheetah-v3,TD3_Q2a1x64_1p
342,5354.88486649378,1710000.0,HalfCheetah-v3,TD3_Q2a1x64_1p
343,5033.6447842859,1715000.0,HalfCheetah-v3,TD3_Q2a1x64_1p
344,4449.601476156366,1720000.0,HalfCheetah-v3,TD3_Q2a1x64_1p
345,6954.119555102496,1725000.0,HalfCheetah-v3,TD3_Q2a1x64_1p
346,6369.398355677962,1730000.0,HalfCheetah-v3,TD3_Q2a1x64_1p
347,5723.680643449424,1735000.0,HalfCheetah-v3,TD3_Q2a1x64_1p
348,4451.7656029388145,1740000.0,HalfCheetah-v3,TD3_Q2a1x64_1p
349,4271.075663862894,1745000.0,HalfCheetah-v3,TD3_Q2a1x64_1p
350,7003.28389389625,1750000.0,HalfCheetah-v3,TD3_Q2a1x64_1p
351,6406.42658767198,1755000.0,HalfCheetah-v3,TD3_Q2a1x64_1p
352,4993.356032036168,1760000.0,HalfCheetah-v3,TD3_Q2a1x64_1p
353,4608.3606173231965,1765000.0,HalfCheetah-v3,TD3_Q2a1x64_1p
354,2957.789572338884,1770000.0,HalfCheetah-v3,TD3_Q2a1x64_1p
355,7011.16578726762,1775000.0,HalfCheetah-v3,TD3_Q2a1x64_1p
356,6400.285672548793,1780000.0,HalfCheetah-v3,TD3_Q2a1x64_1p
357,5707.042610097933,1785000.0,HalfCheetah-v3,TD3_Q2a1x64_1p
358,5072.379647781812,1790000.0,HalfCheetah-v3,TD3_Q2a1x64_1p
359,4634.409597551121,1795000.0,HalfCheetah-v3,TD3_Q2a1x64_1p
360,7033.70540845479,1800000.0,HalfCheetah-v3,TD3_Q2a1x64_1p
361,6304.148313271156,1805000.0,HalfCheetah-v3,TD3_Q2a1x64_1p
362,5147.31263098864,1810000.0,HalfCheetah-v3,TD3_Q2a1x64_1p
363,4689.781489469684,1815000.0,HalfCheetah-v3,TD3_Q2a1x64_1p
364,4328.194839645521,1820000.0,HalfCheetah-v3,TD3_Q2a1x64_1p
365,6636.605058445515,1825000.0,HalfCheetah-v3,TD3_Q2a1x64_1p
366,6068.312138104699,1830000.0,HalfCheetah-v3,TD3_Q2a1x64_1p
367,5701.252205990435,1835000.0,HalfCheetah-v3,TD3_Q2a1x64_1p
368,4604.5233168876375,1840000.0,HalfCheetah-v3,TD3_Q2a1x64_1p
369,4514.876887579412,1845000.0,HalfCheetah-v3,TD3_Q2a1x64_1p
370,6861.949641978876,1850000.0,HalfCheetah-v3,TD3_Q2a1x64_1p
371,6399.09179684796,1855000.0,HalfCheetah-v3,TD3_Q2a1x64_1p
372,4829.303644956561,1860000.0,HalfCheetah-v3,TD3_Q2a1x64_1p
373,5036.361010995806,1865000.0,HalfCheetah-v3,TD3_Q2a1x64_1p
374,4322.866988268624,1870000.0,HalfCheetah-v3,TD3_Q2a1x64_1p
375,7143.477486660745,1875000.0,HalfCheetah-v3,TD3_Q2a1x64_1p
376,6048.448192165541,1880000.0,HalfCheetah-v3,TD3_Q2a1x64_1p
377,5624.053984990933,1885000.0,HalfCheetah-v3,TD3_Q2a1x64_1p
378,4838.895013480624,1890000.0,HalfCheetah-v3,TD3_Q2a1x64_1p
379,4245.857091281564,1895000.0,HalfCheetah-v3,TD3_Q2a1x64_1p
380,7110.037058392687,1900000.0,HalfCheetah-v3,TD3_Q2a1x64_1p
381,6357.3278568469295,1905000.0,HalfCheetah-v3,TD3_Q2a1x64_1p
382,5791.454301510642,1910000.0,HalfCheetah-v3,TD3_Q2a1x64_1p
383,5050.895828344602,1915000.0,HalfCheetah-v3,TD3_Q2a1x64_1p
384,4724.068486628281,1920000.0,HalfCheetah-v3,TD3_Q2a1x64_1p
385,7061.940941811927,1925000.0,HalfCheetah-v3,TD3_Q2a1x64_1p
386,6468.913355189628,1930000.0,HalfCheetah-v3,TD3_Q2a1x64_1p
387,5057.923988307352,1935000.0,HalfCheetah-v3,TD3_Q2a1x64_1p
388,5094.053609480147,1940000.0,HalfCheetah-v3,TD3_Q2a1x64_1p
389,4474.834172062841,1945000.0,HalfCheetah-v3,TD3_Q2a1x64_1p
390,6204.65761190142,1950000.0,HalfCheetah-v3,TD3_Q2a1x64_1p
391,5924.432794358845,1955000.0,HalfCheetah-v3,TD3_Q2a1x64_1p
392,5646.346874604132,1960000.0,HalfCheetah-v3,TD3_Q2a1x64_1p
393,5047.942010705445,1965000.0,HalfCheetah-v3,TD3_Q2a1x64_1p
394,4513.974303388027,1970000.0,HalfCheetah-v3,TD3_Q2a1x64_1p
395,7333.160808100838,1975000.0,HalfCheetah-v3,TD3_Q2a1x64_1p
396,6452.036072291417,1980000.0,HalfCheetah-v3,TD3_Q2a1x64_1p
397,5812.375585003241,1985000.0,HalfCheetah-v3,TD3_Q2a1x64_1p
398,4925.762452679663,1990000.0,HalfCheetah-v3,TD3_Q2a1x64_1p
399,4112.290032022442,1995000.0,HalfCheetah-v3,TD3_Q2a1x64_1p
400,7210.378079164965,2000000.0,HalfCheetah-v3,TD3_Q2a1x64_1p
401,6529.06043744047,2005000.0,HalfCheetah-v3,TD3_Q2a1x64_1p
402,5747.980386864966,2010000.0,HalfCheetah-v3,TD3_Q2a1x64_1p
403,4957.2539917025815,2015000.0,HalfCheetah-v3,TD3_Q2a1x64_1p
404,4268.477581954192,2020000.0,HalfCheetah-v3,TD3_Q2a1x64_1p
405,7367.381107181538,2025000.0,HalfCheetah-v3,TD3_Q2a1x64_1p
406,6594.226419476881,2030000.0,HalfCheetah-v3,TD3_Q2a1x64_1p
407,5833.562049844817,2035000.0,HalfCheetah-v3,TD3_Q2a1x64_1p
408,5018.638224543744,2040000.0,HalfCheetah-v3,TD3_Q2a1x64_1p
409,4595.6560985577635,2045000.0,HalfCheetah-v3,TD3_Q2a1x64_1p
410,7528.893575479191,2050000.0,HalfCheetah-v3,TD3_Q2a1x64_1p
411,6642.145715413001,2055000.0,HalfCheetah-v3,TD3_Q2a1x64_1p
412,5913.990159378684,2060000.0,HalfCheetah-v3,TD3_Q2a1x64_1p
413,4999.144490396192,2065000.0,HalfCheetah-v3,TD3_Q2a1x64_1p
414,4295.601491672489,2070000.0,HalfCheetah-v3,TD3_Q2a1x64_1p
415,7499.357006575822,2075000.0,HalfCheetah-v3,TD3_Q2a1x64_1p
416,6499.704604421327,2080000.0,HalfCheetah-v3,TD3_Q2a1x64_1p
417,5618.628780319206,2085000.0,HalfCheetah-v3,TD3_Q2a1x64_1p
418,4962.4792743306225,2090000.0,HalfCheetah-v3,TD3_Q2a1x64_1p
419,4415.362852830866,2095000.0,HalfCheetah-v3,TD3_Q2a1x64_1p
420,7536.216103045784,2100000.0,HalfCheetah-v3,TD3_Q2a1x64_1p
421,6606.5000627658865,2105000.0,HalfCheetah-v3,TD3_Q2a1x64_1p
422,5646.176387258807,2110000.0,HalfCheetah-v3,TD3_Q2a1x64_1p
423,4982.818849623311,2115000.0,HalfCheetah-v3,TD3_Q2a1x64_1p
424,4478.718261923797,2120000.0,HalfCheetah-v3,TD3_Q2a1x64_1p
425,7411.368551872988,2125000.0,HalfCheetah-v3,TD3_Q2a1x64_1p
426,6682.064471132716,2130000.0,HalfCheetah-v3,TD3_Q2a1x64_1p
427,5733.406354914821,2135000.0,HalfCheetah-v3,TD3_Q2a1x64_1p
428,5082.848770136721,2140000.0,HalfCheetah-v3,TD3_Q2a1x64_1p
429,4537.091790228517,2145000.0,HalfCheetah-v3,TD3_Q2a1x64_1p
430,7704.3586442541255,2150000.0,HalfCheetah-v3,TD3_Q2a1x64_1p
431,6606.558064293106,2155000.0,HalfCheetah-v3,TD3_Q2a1x64_1p
432,5847.954543895418,2160000.0,HalfCheetah-v3,TD3_Q2a1x64_1p
433,5151.456309252446,2165000.0,HalfCheetah-v3,TD3_Q2a1x64_1p
434,4152.753153133496,2170000.0,HalfCheetah-v3,TD3_Q2a1x64_1p
435,7810.43687119214,2175000.0,HalfCheetah-v3,TD3_Q2a1x64_1p
436,6918.9438032812495,2180000.0,HalfCheetah-v3,TD3_Q2a1x64_1p
437,5864.116894582194,2185000.0,HalfCheetah-v3,TD3_Q2a1x64_1p
438,4897.7624985172615,2190000.0,HalfCheetah-v3,TD3_Q2a1x64_1p
439,4593.734538165331,2195000.0,HalfCheetah-v3,TD3_Q2a1x64_1p
440,7713.853826686293,2200000.0,HalfCheetah-v3,TD3_Q2a1x64_1p
441,6825.846516202323,2205000.0,HalfCheetah-v3,TD3_Q2a1x64_1p
442,5880.710562135448,2210000.0,HalfCheetah-v3,TD3_Q2a1x64_1p
443,5089.0983681973785,2215000.0,HalfCheetah-v3,TD3_Q2a1x64_1p
444,4650.396230911598,2220000.0,HalfCheetah-v3,TD3_Q2a1x64_1p
445,7854.5158168670805,2225000.0,HalfCheetah-v3,TD3_Q2a1x64_1p
446,6702.189210711042,2230000.0,HalfCheetah-v3,TD3_Q2a1x64_1p
447,5950.773157153997,2235000.0,HalfCheetah-v3,TD3_Q2a1x64_1p
448,5234.538095392754,2240000.0,HalfCheetah-v3,TD3_Q2a1x64_1p
449,4661.943926305245,2245000.0,HalfCheetah-v3,TD3_Q2a1x64_1p
450,7916.274834941718,2250000.0,HalfCheetah-v3,TD3_Q2a1x64_1p
451,6761.629464958363,2255000.0,HalfCheetah-v3,TD3_Q2a1x64_1p
452,5836.765788484808,2260000.0,HalfCheetah-v3,TD3_Q2a1x64_1p
453,5067.976390689009,2265000.0,HalfCheetah-v3,TD3_Q2a1x64_1p
454,4634.792488030105,2270000.0,HalfCheetah-v3,TD3_Q2a1x64_1p
455,7593.023102893914,2275000.0,HalfCheetah-v3,TD3_Q2a1x64_1p
456,6540.091964098853,2280000.0,HalfCheetah-v3,TD3_Q2a1x64_1p
457,5808.329110389131,2285000.0,HalfCheetah-v3,TD3_Q2a1x64_1p
458,5091.614094884668,2290000.0,HalfCheetah-v3,TD3_Q2a1x64_1p
459,4544.667984482012,2295000.0,HalfCheetah-v3,TD3_Q2a1x64_1p
460,7977.777607544078,2300000.0,HalfCheetah-v3,TD3_Q2a1x64_1p
461,6370.222610610131,2305000.0,HalfCheetah-v3,TD3_Q2a1x64_1p
462,6019.568826458866,2310000.0,HalfCheetah-v3,TD3_Q2a1x64_1p
463,4688.68034330599,2315000.0,HalfCheetah-v3,TD3_Q2a1x64_1p
464,4451.100644092663,2320000.0,HalfCheetah-v3,TD3_Q2a1x64_1p
465,8087.994547356638,2325000.0,HalfCheetah-v3,TD3_Q2a1x64_1p
466,6992.046500795693,2330000.0,HalfCheetah-v3,TD3_Q2a1x64_1p
467,5971.338850729457,2335000.0,HalfCheetah-v3,TD3_Q2a1x64_1p
468,5111.4487063314455,2340000.0,HalfCheetah-v3,TD3_Q2a1x64_1p
469,4374.307758325636,2345000.0,HalfCheetah-v3,TD3_Q2a1x64_1p
470,7881.992811617645,2350000.0,HalfCheetah-v3,TD3_Q2a1x64_1p
471,6678.8461895230885,2355000.0,HalfCheetah-v3,TD3_Q2a1x64_1p
472,5749.165142817708,2360000.0,HalfCheetah-v3,TD3_Q2a1x64_1p
473,4973.075994373073,2365000.0,HalfCheetah-v3,TD3_Q2a1x64_1p
474,4478.260571443067,2370000.0,HalfCheetah-v3,TD3_Q2a1x64_1p
475,7997.3419607049,2375000.0,HalfCheetah-v3,TD3_Q2a1x64_1p
476,6595.26513195008,2380000.0,HalfCheetah-v3,TD3_Q2a1x64_1p
477,5615.767977723997,2385000.0,HalfCheetah-v3,TD3_Q2a1x64_1p
478,5086.813827510168,2390000.0,HalfCheetah-v3,TD3_Q2a1x64_1p
479,4315.122194009224,2395000.0,HalfCheetah-v3,TD3_Q2a1x64_1p
480,8167.841787956796,2400000.0,HalfCheetah-v3,TD3_Q2a1x64_1p
481,7053.923287925117,2405000.0,HalfCheetah-v3,TD3_Q2a1x64_1p
482,5808.042019126588,2410000.0,HalfCheetah-v3,TD3_Q2a1x64_1p
483,5147.23803699957,2415000.0,HalfCheetah-v3,TD3_Q2a1x64_1p
484,4532.729441949582,2420000.0,HalfCheetah-v3,TD3_Q2a1x64_1p
485,8134.62037300992,2425000.0,HalfCheetah-v3,TD3_Q2a1x64_1p
486,7038.581369898052,2430000.0,HalfCheetah-v3,TD3_Q2a1x64_1p
487,5998.1189527113165,2435000.0,HalfCheetah-v3,TD3_Q2a1x64_1p
488,5249.561304052579,2440000.0,HalfCheetah-v3,TD3_Q2a1x64_1p
489,4760.181193900011,2445000.0,HalfCheetah-v3,TD3_Q2a1x64_1p
490,8136.875809344698,2450000.0,HalfCheetah-v3,TD3_Q2a1x64_1p
491,7251.471232852297,2455000.0,HalfCheetah-v3,TD3_Q2a1x64_1p
492,5860.357724883825,2460000.0,HalfCheetah-v3,TD3_Q2a1x64_1p
493,4998.0361307676085,2465000.0,HalfCheetah-v3,TD3_Q2a1x64_1p
494,4503.3701416276135,2470000.0,HalfCheetah-v3,TD3_Q2a1x64_1p
495,8321.247938870836,2475000.0,HalfCheetah-v3,TD3_Q2a1x64_1p
496,7078.635353759006,2480000.0,HalfCheetah-v3,TD3_Q2a1x64_1p
497,5940.405700740697,2485000.0,HalfCheetah-v3,TD3_Q2a1x64_1p
498,5000.214697041037,2490000.0,HalfCheetah-v3,TD3_Q2a1x64_1p
499,4526.830875114193,2495000.0,HalfCheetah-v3,TD3_Q2a1x64_1p
500,8154.085114707363,2500000.0,HalfCheetah-v3,TD3_Q2a1x64_1p
501,6826.215309931764,2505000.0,HalfCheetah-v3,TD3_Q2a1x64_1p
502,5575.355774675512,2510000.0,HalfCheetah-v3,TD3_Q2a1x64_1p
503,4848.50151401473,2515000.0,HalfCheetah-v3,TD3_Q2a1x64_1p
504,4608.781826702597,2520000.0,HalfCheetah-v3,TD3_Q2a1x64_1p
505,8259.197360176122,2525000.0,HalfCheetah-v3,TD3_Q2a1x64_1p
506,6925.537178726494,2530000.0,HalfCheetah-v3,TD3_Q2a1x64_1p
507,5758.075583557952,2535000.0,HalfCheetah-v3,TD3_Q2a1x64_1p
508,4970.109469581811,2540000.0,HalfCheetah-v3,TD3_Q2a1x64_1p
509,4241.493658584658,2545000.0,HalfCheetah-v3,TD3_Q2a1x64_1p
510,8278.709193936584,2550000.0,HalfCheetah-v3,TD3_Q2a1x64_1p
511,7186.289681960399,2555000.0,HalfCheetah-v3,TD3_Q2a1x64_1p
512,5859.199377662443,2560000.0,HalfCheetah-v3,TD3_Q2a1x64_1p
513,5062.40232019612,2565000.0,HalfCheetah-v3,TD3_Q2a1x64_1p
514,4270.3107908824,2570000.0,HalfCheetah-v3,TD3_Q2a1x64_1p
515,8338.422720783328,2575000.0,HalfCheetah-v3,TD3_Q2a1x64_1p
516,7316.676641331765,2580000.0,HalfCheetah-v3,TD3_Q2a1x64_1p
517,5870.866513257564,2585000.0,HalfCheetah-v3,TD3_Q2a1x64_1p
518,4955.198698687451,2590000.0,HalfCheetah-v3,TD3_Q2a1x64_1p
519,3878.9095244611235,2595000.0,HalfCheetah-v3,TD3_Q2a1x64_1p
520,8282.49560337498,2600000.0,HalfCheetah-v3,TD3_Q2a1x64_1p
521,7318.879661386835,2605000.0,HalfCheetah-v3,TD3_Q2a1x64_1p
522,5914.806025706738,2610000.0,HalfCheetah-v3,TD3_Q2a1x64_1p
523,4769.021679108528,2615000.0,HalfCheetah-v3,TD3_Q2a1x64_1p
524,4521.669347648771,2620000.0,HalfCheetah-v3,TD3_Q2a1x64_1p
525,7424.041611994883,2625000.0,HalfCheetah-v3,TD3_Q2a1x64_1p
526,7038.66790497951,2630000.0,HalfCheetah-v3,TD3_Q2a1x64_1p
527,5740.430567763432,2635000.0,HalfCheetah-v3,TD3_Q2a1x64_1p
528,4770.110590352242,2640000.0,HalfCheetah-v3,TD3_Q2a1x64_1p
529,4461.927220795957,2645000.0,HalfCheetah-v3,TD3_Q2a1x64_1p
530,8334.442342550781,2650000.0,HalfCheetah-v3,TD3_Q2a1x64_1p
531,6611.403211384835,2655000.0,HalfCheetah-v3,TD3_Q2a1x64_1p
532,5614.419806340526,2660000.0,HalfCheetah-v3,TD3_Q2a1x64_1p
533,4252.890332425055,2665000.0,HalfCheetah-v3,TD3_Q2a1x64_1p
534,4315.008684177933,2670000.0,HalfCheetah-v3,TD3_Q2a1x64_1p
535,8214.062882487568,2675000.0,HalfCheetah-v3,TD3_Q2a1x64_1p
536,6907.821794076537,2680000.0,HalfCheetah-v3,TD3_Q2a1x64_1p
537,5700.75245319935,2685000.0,HalfCheetah-v3,TD3_Q2a1x64_1p
538,5047.106045460933,2690000.0,HalfCheetah-v3,TD3_Q2a1x64_1p
539,4055.0798984746752,2695000.0,HalfCheetah-v3,TD3_Q2a1x64_1p
540,8446.439609844585,2700000.0,HalfCheetah-v3,TD3_Q2a1x64_1p
541,7056.944515509938,2705000.0,HalfCheetah-v3,TD3_Q2a1x64_1p
542,5747.749451930511,2710000.0,HalfCheetah-v3,TD3_Q2a1x64_1p
543,4716.528857351692,2715000.0,HalfCheetah-v3,TD3_Q2a1x64_1p
544,4286.963547843048,2720000.0,HalfCheetah-v3,TD3_Q2a1x64_1p
545,8497.1161317663,2725000.0,HalfCheetah-v3,TD3_Q2a1x64_1p
546,7223.847305995897,2730000.0,HalfCheetah-v3,TD3_Q2a1x64_1p
547,6080.0398666055735,2735000.0,HalfCheetah-v3,TD3_Q2a1x64_1p
548,5079.901235175044,2740000.0,HalfCheetah-v3,TD3_Q2a1x64_1p
549,4518.204188501621,2745000.0,HalfCheetah-v3,TD3_Q2a1x64_1p
550,8578.260653897254,2750000.0,HalfCheetah-v3,TD3_Q2a1x64_1p
551,7455.201197521189,2755000.0,HalfCheetah-v3,TD3_Q2a1x64_1p
552,6111.202642460296,2760000.0,HalfCheetah-v3,TD3_Q2a1x64_1p
553,5311.841933839778,2765000.0,HalfCheetah-v3,TD3_Q2a1x64_1p
554,4697.4676211911,2770000.0,HalfCheetah-v3,TD3_Q2a1x64_1p
555,8394.682446718014,2775000.0,HalfCheetah-v3,TD3_Q2a1x64_1p
556,7258.79333406573,2780000.0,HalfCheetah-v3,TD3_Q2a1x64_1p
557,5867.643455557359,2785000.0,HalfCheetah-v3,TD3_Q2a1x64_1p
558,4763.373324632055,2790000.0,HalfCheetah-v3,TD3_Q2a1x64_1p
559,4542.015347609618,2795000.0,HalfCheetah-v3,TD3_Q2a1x64_1p
560,8522.210546222754,2800000.0,HalfCheetah-v3,TD3_Q2a1x64_1p
561,7131.404480383669,2805000.0,HalfCheetah-v3,TD3_Q2a1x64_1p
562,5877.199077384152,2810000.0,HalfCheetah-v3,TD3_Q2a1x64_1p
563,5173.584750382484,2815000.0,HalfCheetah-v3,TD3_Q2a1x64_1p
564,4425.006588791921,2820000.0,HalfCheetah-v3,TD3_Q2a1x64_1p
565,8638.834477525368,2825000.0,HalfCheetah-v3,TD3_Q2a1x64_1p
566,7412.187428084391,2830000.0,HalfCheetah-v3,TD3_Q2a1x64_1p
567,6021.991261837409,2835000.0,HalfCheetah-v3,TD3_Q2a1x64_1p
568,5102.024700750035,2840000.0,HalfCheetah-v3,TD3_Q2a1x64_1p
569,4547.308233708884,2845000.0,HalfCheetah-v3,TD3_Q2a1x64_1p
570,8559.923084564882,2850000.0,HalfCheetah-v3,TD3_Q2a1x64_1p
571,7155.090894121111,2855000.0,HalfCheetah-v3,TD3_Q2a1x64_1p
572,5567.067243954074,2860000.0,HalfCheetah-v3,TD3_Q2a1x64_1p
573,4956.370760451826,2865000.0,HalfCheetah-v3,TD3_Q2a1x64_1p
574,4362.297685813867,2870000.0,HalfCheetah-v3,TD3_Q2a1x64_1p
575,8596.482527238246,2875000.0,HalfCheetah-v3,TD3_Q2a1x64_1p
576,7090.15537023814,2880000.0,HalfCheetah-v3,TD3_Q2a1x64_1p
577,5885.642314341677,2885000.0,HalfCheetah-v3,TD3_Q2a1x64_1p
578,5182.192989220022,2890000.0,HalfCheetah-v3,TD3_Q2a1x64_1p
579,4496.7201585883095,2895000.0,HalfCheetah-v3,TD3_Q2a1x64_1p
580,8797.444778106292,2900000.0,HalfCheetah-v3,TD3_Q2a1x64_1p
581,7370.947858447425,2905000.0,HalfCheetah-v3,TD3_Q2a1x64_1p
582,5869.159875082192,2910000.0,HalfCheetah-v3,TD3_Q2a1x64_1p
583,5015.638082560327,2915000.0,HalfCheetah-v3,TD3_Q2a1x64_1p
584,4273.347295041445,2920000.0,HalfCheetah-v3,TD3_Q2a1x64_1p
585,8681.96736392248,2925000.0,HalfCheetah-v3,TD3_Q2a1x64_1p
586,6610.737532600392,2930000.0,HalfCheetah-v3,TD3_Q2a1x64_1p
587,5867.591135348632,2935000.0,HalfCheetah-v3,TD3_Q2a1x64_1p
588,4926.715316755069,2940000.0,HalfCheetah-v3,TD3_Q2a1x64_1p
589,4381.855493072877,2945000.0,HalfCheetah-v3,TD3_Q2a1x64_1p
590,8557.096988665924,2950000.0,HalfCheetah-v3,TD3_Q2a1x64_1p
591,6768.204164205012,2955000.0,HalfCheetah-v3,TD3_Q2a1x64_1p
592,5682.928440730438,2960000.0,HalfCheetah-v3,TD3_Q2a1x64_1p
593,4552.5670678818,2965000.0,HalfCheetah-v3,TD3_Q2a1x64_1p
594,4316.642517177666,2970000.0,HalfCheetah-v3,TD3_Q2a1x64_1p
595,8725.490447309663,2975000.0,HalfCheetah-v3,TD3_Q2a1x64_1p
596,6420.710929667557,2980000.0,HalfCheetah-v3,TD3_Q2a1x64_1p
597,5207.467363202305,2985000.0,HalfCheetah-v3,TD3_Q2a1x64_1p
598,4555.3582923705635,2990000.0,HalfCheetah-v3,TD3_Q2a1x64_1p
599,4418.383116437128,2995000.0,HalfCheetah-v3,TD3_Q2a1x64_1p
600,8570.817836253484,3000000.0,HalfCheetah-v3,TD3_Q2a1x64_1p
601,7319.448920226772,3005000.0,HalfCheetah-v3,TD3_Q2a1x64_1p
602,5951.014851112553,3010000.0,HalfCheetah-v3,TD3_Q2a1x64_1p
603,5236.456533504004,3015000.0,HalfCheetah-v3,TD3_Q2a1x64_1p
604,4401.819434579324,3020000.0,HalfCheetah-v3,TD3_Q2a1x64_1p
605,8888.459640696059,3025000.0,HalfCheetah-v3,TD3_Q2a1x64_1p
606,7422.609292271323,3030000.0,HalfCheetah-v3,TD3_Q2a1x64_1p
607,6226.906073405798,3035000.0,HalfCheetah-v3,TD3_Q2a1x64_1p
608,4795.563252862588,3040000.0,HalfCheetah-v3,TD3_Q2a1x64_1p
609,4437.887243502095,3045000.0,HalfCheetah-v3,TD3_Q2a1x64_1p
610,8906.889861832966,3050000.0,HalfCheetah-v3,TD3_Q2a1x64_1p
611,7232.451398364751,3055000.0,HalfCheetah-v3,TD3_Q2a1x64_1p
612,6059.87222733946,3060000.0,HalfCheetah-v3,TD3_Q2a1x64_1p
613,5413.471684225142,3065000.0,HalfCheetah-v3,TD3_Q2a1x64_1p
614,4662.76677997688,3070000.0,HalfCheetah-v3,TD3_Q2a1x64_1p
615,8919.9012807265,3075000.0,HalfCheetah-v3,TD3_Q2a1x64_1p
616,7219.0078312323485,3080000.0,HalfCheetah-v3,TD3_Q2a1x64_1p
617,5804.398827727321,3085000.0,HalfCheetah-v3,TD3_Q2a1x64_1p
618,4959.542849814093,3090000.0,HalfCheetah-v3,TD3_Q2a1x64_1p
619,4371.975415123953,3095000.0,HalfCheetah-v3,TD3_Q2a1x64_1p
620,8949.337844206735,3100000.0,HalfCheetah-v3,TD3_Q2a1x64_1p
621,7740.7113080463405,3105000.0,HalfCheetah-v3,TD3_Q2a1x64_1p
622,6369.494638290544,3110000.0,HalfCheetah-v3,TD3_Q2a1x64_1p
623,5485.30897693319,3115000.0,HalfCheetah-v3,TD3_Q2a1x64_1p
624,4724.500199852147,3120000.0,HalfCheetah-v3,TD3_Q2a1x64_1p
625,8916.056209797212,3125000.0,HalfCheetah-v3,TD3_Q2a1x64_1p
626,6865.970078074868,3130000.0,HalfCheetah-v3,TD3_Q2a1x64_1p
627,5882.104765582647,3135000.0,HalfCheetah-v3,TD3_Q2a1x64_1p
628,4969.612789329715,3140000.0,HalfCheetah-v3,TD3_Q2a1x64_1p
629,4610.231045686199,3145000.0,HalfCheetah-v3,TD3_Q2a1x64_1p
630,9002.955450909005,3150000.0,HalfCheetah-v3,TD3_Q2a1x64_1p
631,6953.094216546902,3155000.0,HalfCheetah-v3,TD3_Q2a1x64_1p
632,5821.317284824601,3160000.0,HalfCheetah-v3,TD3_Q2a1x64_1p
633,4718.6662443787445,3165000.0,HalfCheetah-v3,TD3_Q2a1x64_1p
634,3943.2596774152016,3170000.0,HalfCheetah-v3,TD3_Q2a1x64_1p
635,9101.924960309123,3175000.0,HalfCheetah-v3,TD3_Q2a1x64_1p
636,7393.854877058587,3180000.0,HalfCheetah-v3,TD3_Q2a1x64_1p
637,6120.0977328367935,3185000.0,HalfCheetah-v3,TD3_Q2a1x64_1p
638,5112.205250665736,3190000.0,HalfCheetah-v3,TD3_Q2a1x64_1p
639,4543.57982882123,3195000.0,HalfCheetah-v3,TD3_Q2a1x64_1p
640,8966.566857861277,3200000.0,HalfCheetah-v3,TD3_Q2a1x64_1p
641,5704.4082782293135,3205000.0,HalfCheetah-v3,TD3_Q2a1x64_1p
642,5787.007654120982,3210000.0,HalfCheetah-v3,TD3_Q2a1x64_1p
643,4721.385567846382,3215000.0,HalfCheetah-v3,TD3_Q2a1x64_1p
644,4431.582509846038,3220000.0,HalfCheetah-v3,TD3_Q2a1x64_1p
645,8866.086437735994,3225000.0,HalfCheetah-v3,TD3_Q2a1x64_1p
646,6980.514278631823,3230000.0,HalfCheetah-v3,TD3_Q2a1x64_1p
647,5851.9400046502,3235000.0,HalfCheetah-v3,TD3_Q2a1x64_1p
648,5136.625048076984,3240000.0,HalfCheetah-v3,TD3_Q2a1x64_1p
649,4517.524720305473,3245000.0,HalfCheetah-v3,TD3_Q2a1x64_1p
650,8770.50074140897,3250000.0,HalfCheetah-v3,TD3_Q2a1x64_1p
651,7046.661251799815,3255000.0,HalfCheetah-v3,TD3_Q2a1x64_1p
652,6059.666166175739,3260000.0,HalfCheetah-v3,TD3_Q2a1x64_1p
653,5217.809247800653,3265000.0,HalfCheetah-v3,TD3_Q2a1x64_1p
654,4502.038122650274,3270000.0,HalfCheetah-v3,TD3_Q2a1x64_1p
655,8846.058216085536,3275000.0,HalfCheetah-v3,TD3_Q2a1x64_1p
656,7037.5628199745115,3280000.0,HalfCheetah-v3,TD3_Q2a1x64_1p
657,6217.262037594262,3285000.0,HalfCheetah-v3,TD3_Q2a1x64_1p
658,4772.664640077135,3290000.0,HalfCheetah-v3,TD3_Q2a1x64_1p
659,4467.440312942665,3295000.0,HalfCheetah-v3,TD3_Q2a1x64_1p
660,9053.208975656573,3300000.0,HalfCheetah-v3,TD3_Q2a1x64_1p
661,6434.837371865671,3305000.0,HalfCheetah-v3,TD3_Q2a1x64_1p
662,5343.800698420723,3310000.0,HalfCheetah-v3,TD3_Q2a1x64_1p
663,4573.622347347225,3315000.0,HalfCheetah-v3,TD3_Q2a1x64_1p
664,4403.247419191519,3320000.0,HalfCheetah-v3,TD3_Q2a1x64_1p
665,9051.29342398154,3325000.0,HalfCheetah-v3,TD3_Q2a1x64_1p
666,7262.9002324924095,3330000.0,HalfCheetah-v3,TD3_Q2a1x64_1p
667,5862.255146442703,3335000.0,HalfCheetah-v3,TD3_Q2a1x64_1p
668,5182.214126740531,3340000.0,HalfCheetah-v3,TD3_Q2a1x64_1p
669,4545.240631046845,3345000.0,HalfCheetah-v3,TD3_Q2a1x64_1p
670,9088.146061176729,3350000.0,HalfCheetah-v3,TD3_Q2a1x64_1p
671,7647.422723084926,3355000.0,HalfCheetah-v3,TD3_Q2a1x64_1p
672,6254.580687794984,3360000.0,HalfCheetah-v3,TD3_Q2a1x64_1p
673,5021.153923414204,3365000.0,HalfCheetah-v3,TD3_Q2a1x64_1p
674,4425.396393500257,3370000.0,HalfCheetah-v3,TD3_Q2a1x64_1p
675,9043.469769245718,3375000.0,HalfCheetah-v3,TD3_Q2a1x64_1p
676,7435.6579264007305,3380000.0,HalfCheetah-v3,TD3_Q2a1x64_1p
677,6101.970845274175,3385000.0,HalfCheetah-v3,TD3_Q2a1x64_1p
678,5060.001360407918,3390000.0,HalfCheetah-v3,TD3_Q2a1x64_1p
679,4603.358255226028,3395000.0,HalfCheetah-v3,TD3_Q2a1x64_1p
680,8487.564047928809,3400000.0,HalfCheetah-v3,TD3_Q2a1x64_1p
681,7493.407568732463,3405000.0,HalfCheetah-v3,TD3_Q2a1x64_1p
682,5902.916049997967,3410000.0,HalfCheetah-v3,TD3_Q2a1x64_1p
683,5070.5746190490845,3415000.0,HalfCheetah-v3,TD3_Q2a1x64_1p
684,4590.748072998312,3420000.0,HalfCheetah-v3,TD3_Q2a1x64_1p
685,8934.92275909945,3425000.0,HalfCheetah-v3,TD3_Q2a1x64_1p
686,7368.366394791832,3430000.0,HalfCheetah-v3,TD3_Q2a1x64_1p
687,6037.528428147746,3435000.0,HalfCheetah-v3,TD3_Q2a1x64_1p
688,4928.700571347627,3440000.0,HalfCheetah-v3,TD3_Q2a1x64_1p
689,4439.164535732067,3445000.0,HalfCheetah-v3,TD3_Q2a1x64_1p
690,8975.754477847768,3450000.0,HalfCheetah-v3,TD3_Q2a1x64_1p
691,7632.785418689809,3455000.0,HalfCheetah-v3,TD3_Q2a1x64_1p
692,5935.534679263483,3460000.0,HalfCheetah-v3,TD3_Q2a1x64_1p
693,5384.23612924672,3465000.0,HalfCheetah-v3,TD3_Q2a1x64_1p
694,4541.321703035206,3470000.0,HalfCheetah-v3,TD3_Q2a1x64_1p
695,8915.236878702504,3475000.0,HalfCheetah-v3,TD3_Q2a1x64_1p
696,6822.952929785542,3480000.0,HalfCheetah-v3,TD3_Q2a1x64_1p
697,5956.837254656616,3485000.0,HalfCheetah-v3,TD3_Q2a1x64_1p
698,5107.85529981981,3490000.0,HalfCheetah-v3,TD3_Q2a1x64_1p
699,4334.420800940693,3495000.0,HalfCheetah-v3,TD3_Q2a1x64_1p
700,9162.75217992764,3500000.0,HalfCheetah-v3,TD3_Q2a1x64_1p
701,7794.435988354146,3505000.0,HalfCheetah-v3,TD3_Q2a1x64_1p
702,5643.152102451252,3510000.0,HalfCheetah-v3,TD3_Q2a1x64_1p
703,5275.81820378683,3515000.0,HalfCheetah-v3,TD3_Q2a1x64_1p
704,4567.926571313821,3520000.0,HalfCheetah-v3,TD3_Q2a1x64_1p
705,9130.370445068034,3525000.0,HalfCheetah-v3,TD3_Q2a1x64_1p
706,6471.882482612753,3530000.0,HalfCheetah-v3,TD3_Q2a1x64_1p
707,6156.866691656711,3535000.0,HalfCheetah-v3,TD3_Q2a1x64_1p
708,4598.202176718125,3540000.0,HalfCheetah-v3,TD3_Q2a1x64_1p
709,4229.461313919762,3545000.0,HalfCheetah-v3,TD3_Q2a1x64_1p
710,8981.624510441196,3550000.0,HalfCheetah-v3,TD3_Q2a1x64_1p
711,5767.684957173101,3555000.0,HalfCheetah-v3,TD3_Q2a1x64_1p
712,6258.172746682879,3560000.0,HalfCheetah-v3,TD3_Q2a1x64_1p
713,4956.995202600365,3565000.0,HalfCheetah-v3,TD3_Q2a1x64_1p
714,4519.469924715171,3570000.0,HalfCheetah-v3,TD3_Q2a1x64_1p
715,9027.760848317233,3575000.0,HalfCheetah-v3,TD3_Q2a1x64_1p
716,7509.64206099128,3580000.0,HalfCheetah-v3,TD3_Q2a1x64_1p
717,6091.325332648719,3585000.0,HalfCheetah-v3,TD3_Q2a1x64_1p
718,5327.9722824619175,3590000.0,HalfCheetah-v3,TD3_Q2a1x64_1p
719,4771.885183379616,3595000.0,HalfCheetah-v3,TD3_Q2a1x64_1p
720,8873.080638028092,3600000.0,HalfCheetah-v3,TD3_Q2a1x64_1p
721,6710.551202859684,3605000.0,HalfCheetah-v3,TD3_Q2a1x64_1p
722,5072.852073773312,3610000.0,HalfCheetah-v3,TD3_Q2a1x64_1p
723,5115.680000068449,3615000.0,HalfCheetah-v3,TD3_Q2a1x64_1p
724,4585.312044158738,3620000.0,HalfCheetah-v3,TD3_Q2a1x64_1p
725,9042.756182277482,3625000.0,HalfCheetah-v3,TD3_Q2a1x64_1p
726,7552.315490643331,3630000.0,HalfCheetah-v3,TD3_Q2a1x64_1p
727,5426.0908600339735,3635000.0,HalfCheetah-v3,TD3_Q2a1x64_1p
728,5068.291260393268,3640000.0,HalfCheetah-v3,TD3_Q2a1x64_1p
729,4501.7588533465905,3645000.0,HalfCheetah-v3,TD3_Q2a1x64_1p
730,8908.318622133585,3650000.0,HalfCheetah-v3,TD3_Q2a1x64_1p
731,7430.707562455011,3655000.0,HalfCheetah-v3,TD3_Q2a1x64_1p
732,6160.010374289474,3660000.0,HalfCheetah-v3,TD3_Q2a1x64_1p
733,5004.040762468476,3665000.0,HalfCheetah-v3,TD3_Q2a1x64_1p
734,4326.419765089207,3670000.0,HalfCheetah-v3,TD3_Q2a1x64_1p
735,8626.042340957214,3675000.0,HalfCheetah-v3,TD3_Q2a1x64_1p
736,7087.314364649933,3680000.0,HalfCheetah-v3,TD3_Q2a1x64_1p
737,6402.357608808156,3685000.0,HalfCheetah-v3,TD3_Q2a1x64_1p
738,4989.824847017121,3690000.0,HalfCheetah-v3,TD3_Q2a1x64_1p
739,4418.475087188674,3695000.0,HalfCheetah-v3,TD3_Q2a1x64_1p
740,9243.586754711856,3700000.0,HalfCheetah-v3,TD3_Q2a1x64_1p
741,7469.550503139234,3705000.0,HalfCheetah-v3,TD3_Q2a1x64_1p
742,6369.234684550269,3710000.0,HalfCheetah-v3,TD3_Q2a1x64_1p
743,5327.073668033119,3715000.0,HalfCheetah-v3,TD3_Q2a1x64_1p
744,4377.691131523117,3720000.0,HalfCheetah-v3,TD3_Q2a1x64_1p
745,9317.544449627936,3725000.0,HalfCheetah-v3,TD3_Q2a1x64_1p
746,7572.682041809958,3730000.0,HalfCheetah-v3,TD3_Q2a1x64_1p
747,5905.105944859781,3735000.0,HalfCheetah-v3,TD3_Q2a1x64_1p
748,5033.313459143909,3740000.0,HalfCheetah-v3,TD3_Q2a1x64_1p
749,4256.866691644243,3745000.0,HalfCheetah-v3,TD3_Q2a1x64_1p
750,9115.349426388118,3750000.0,HalfCheetah-v3,TD3_Q2a1x64_1p
751,6730.885534644593,3755000.0,HalfCheetah-v3,TD3_Q2a1x64_1p
752,6343.45092226767,3760000.0,HalfCheetah-v3,TD3_Q2a1x64_1p
753,5310.919515563544,3765000.0,HalfCheetah-v3,TD3_Q2a1x64_1p
754,4201.2636344827915,3770000.0,HalfCheetah-v3,TD3_Q2a1x64_1p
755,9326.315989901206,3775000.0,HalfCheetah-v3,TD3_Q2a1x64_1p
756,7762.012798016496,3780000.0,HalfCheetah-v3,TD3_Q2a1x64_1p
757,6131.361103686897,3785000.0,HalfCheetah-v3,TD3_Q2a1x64_1p
758,5061.419913986226,3790000.0,HalfCheetah-v3,TD3_Q2a1x64_1p
759,4710.754794121427,3795000.0,HalfCheetah-v3,TD3_Q2a1x64_1p
760,9374.054243970038,3800000.0,HalfCheetah-v3,TD3_Q2a1x64_1p
761,7270.991567648784,3805000.0,HalfCheetah-v3,TD3_Q2a1x64_1p
762,6126.199974727788,3810000.0,HalfCheetah-v3,TD3_Q2a1x64_1p
763,5210.2660293693925,3815000.0,HalfCheetah-v3,TD3_Q2a1x64_1p
764,4467.936763737471,3820000.0,HalfCheetah-v3,TD3_Q2a1x64_1p
765,9315.144197801332,3825000.0,HalfCheetah-v3,TD3_Q2a1x64_1p
766,7708.301912362935,3830000.0,HalfCheetah-v3,TD3_Q2a1x64_1p
767,5759.657617396433,3835000.0,HalfCheetah-v3,TD3_Q2a1x64_1p
768,5333.944495704146,3840000.0,HalfCheetah-v3,TD3_Q2a1x64_1p
769,4527.5359254320265,3845000.0,HalfCheetah-v3,TD3_Q2a1x64_1p
770,9059.00867848018,3850000.0,HalfCheetah-v3,TD3_Q2a1x64_1p
771,6559.798893256253,3855000.0,HalfCheetah-v3,TD3_Q2a1x64_1p
772,5983.13801452402,3860000.0,HalfCheetah-v3,TD3_Q2a1x64_1p
773,5200.139763326576,3865000.0,HalfCheetah-v3,TD3_Q2a1x64_1p
774,4159.634422241352,3870000.0,HalfCheetah-v3,TD3_Q2a1x64_1p
775,9037.005620680728,3875000.0,HalfCheetah-v3,TD3_Q2a1x64_1p
776,7452.89353327767,3880000.0,HalfCheetah-v3,TD3_Q2a1x64_1p
777,4722.170369809062,3885000.0,HalfCheetah-v3,TD3_Q2a1x64_1p
778,5181.283364695986,3890000.0,HalfCheetah-v3,TD3_Q2a1x64_1p
779,4221.728091165713,3895000.0,HalfCheetah-v3,TD3_Q2a1x64_1p
780,9071.51148069263,3900000.0,HalfCheetah-v3,TD3_Q2a1x64_1p
781,7643.087026689651,3905000.0,HalfCheetah-v3,TD3_Q2a1x64_1p
782,5983.333679489009,3910000.0,HalfCheetah-v3,TD3_Q2a1x64_1p
783,4960.57413674541,3915000.0,HalfCheetah-v3,TD3_Q2a1x64_1p
784,3971.0267136069897,3920000.0,HalfCheetah-v3,TD3_Q2a1x64_1p
785,9444.880363915805,3925000.0,HalfCheetah-v3,TD3_Q2a1x64_1p
786,7464.455468938383,3930000.0,HalfCheetah-v3,TD3_Q2a1x64_1p
787,5980.183849409297,3935000.0,HalfCheetah-v3,TD3_Q2a1x64_1p
788,5198.246499462476,3940000.0,HalfCheetah-v3,TD3_Q2a1x64_1p
789,4424.034065557773,3945000.0,HalfCheetah-v3,TD3_Q2a1x64_1p
790,9389.449624026605,3950000.0,HalfCheetah-v3,TD3_Q2a1x64_1p
791,7034.705571742122,3955000.0,HalfCheetah-v3,TD3_Q2a1x64_1p
792,5923.066789559888,3960000.0,HalfCheetah-v3,TD3_Q2a1x64_1p
793,4916.204638927908,3965000.0,HalfCheetah-v3,TD3_Q2a1x64_1p
794,4719.283886806827,3970000.0,HalfCheetah-v3,TD3_Q2a1x64_1p
795,9205.629809066399,3975000.0,HalfCheetah-v3,TD3_Q2a1x64_1p
796,7683.360949581994,3980000.0,HalfCheetah-v3,TD3_Q2a1x64_1p
797,6011.042589150377,3985000.0,HalfCheetah-v3,TD3_Q2a1x64_1p
798,5479.3062050811195,3990000.0,HalfCheetah-v3,TD3_Q2a1x64_1p
799,4671.53168944192,3995000.0,HalfCheetah-v3,TD3_Q2a1x64_1p
800,9414.56589628921,4000000.0,HalfCheetah-v3,TD3_Q2a1x64_1p
801,7789.696635203589,4005000.0,HalfCheetah-v3,TD3_Q2a1x64_1p
802,6374.087391247425,4010000.0,HalfCheetah-v3,TD3_Q2a1x64_1p
803,5259.88608739701,4015000.0,HalfCheetah-v3,TD3_Q2a1x64_1p
804,4011.987298250418,4020000.0,HalfCheetah-v3,TD3_Q2a1x64_1p
805,9358.006886911826,4025000.0,HalfCheetah-v3,TD3_Q2a1x64_1p
806,7678.530487906966,4030000.0,HalfCheetah-v3,TD3_Q2a1x64_1p
807,6547.200679962246,4035000.0,HalfCheetah-v3,TD3_Q2a1x64_1p
808,5283.670934017469,4040000.0,HalfCheetah-v3,TD3_Q2a1x64_1p
809,4677.867326699423,4045000.0,HalfCheetah-v3,TD3_Q2a1x64_1p
810,8493.787702837797,4050000.0,HalfCheetah-v3,TD3_Q2a1x64_1p
811,7971.3775168880675,4055000.0,HalfCheetah-v3,TD3_Q2a1x64_1p
812,5897.106039237139,4060000.0,HalfCheetah-v3,TD3_Q2a1x64_1p
813,5325.021712190383,4065000.0,HalfCheetah-v3,TD3_Q2a1x64_1p
814,4766.7750233372535,4070000.0,HalfCheetah-v3,TD3_Q2a1x64_1p
815,9448.429736670687,4075000.0,HalfCheetah-v3,TD3_Q2a1x64_1p
816,7730.768194715523,4080000.0,HalfCheetah-v3,TD3_Q2a1x64_1p
817,5983.471179787257,4085000.0,HalfCheetah-v3,TD3_Q2a1x64_1p
818,4731.829483958583,4090000.0,HalfCheetah-v3,TD3_Q2a1x64_1p
819,4613.062127966967,4095000.0,HalfCheetah-v3,TD3_Q2a1x64_1p
820,9334.2325021108,4100000.0,HalfCheetah-v3,TD3_Q2a1x64_1p
821,7479.286181150595,4105000.0,HalfCheetah-v3,TD3_Q2a1x64_1p
822,6306.89697442252,4110000.0,HalfCheetah-v3,TD3_Q2a1x64_1p
823,5201.987950792889,4115000.0,HalfCheetah-v3,TD3_Q2a1x64_1p
824,4405.117331345291,4120000.0,HalfCheetah-v3,TD3_Q2a1x64_1p
825,9392.863838290123,4125000.0,HalfCheetah-v3,TD3_Q2a1x64_1p
826,7786.716686739148,4130000.0,HalfCheetah-v3,TD3_Q2a1x64_1p
827,6135.449126864795,4135000.0,HalfCheetah-v3,TD3_Q2a1x64_1p
828,4936.345231499908,4140000.0,HalfCheetah-v3,TD3_Q2a1x64_1p
829,4658.268749592044,4145000.0,HalfCheetah-v3,TD3_Q2a1x64_1p
830,9297.58574395991,4150000.0,HalfCheetah-v3,TD3_Q2a1x64_1p
831,7819.806442000355,4155000.0,HalfCheetah-v3,TD3_Q2a1x64_1p
832,6238.918798507998,4160000.0,HalfCheetah-v3,TD3_Q2a1x64_1p
833,5306.361300965689,4165000.0,HalfCheetah-v3,TD3_Q2a1x64_1p
834,4433.518325896801,4170000.0,HalfCheetah-v3,TD3_Q2a1x64_1p
835,8971.902960433967,4175000.0,HalfCheetah-v3,TD3_Q2a1x64_1p
836,7580.753989057834,4180000.0,HalfCheetah-v3,TD3_Q2a1x64_1p
837,4952.201366457223,4185000.0,HalfCheetah-v3,TD3_Q2a1x64_1p
838,5032.13681664077,4190000.0,HalfCheetah-v3,TD3_Q2a1x64_1p
839,4791.090755189415,4195000.0,HalfCheetah-v3,TD3_Q2a1x64_1p
840,9262.299939106138,4200000.0,HalfCheetah-v3,TD3_Q2a1x64_1p
841,6628.091333309382,4205000.0,HalfCheetah-v3,TD3_Q2a1x64_1p
842,5880.09831777343,4210000.0,HalfCheetah-v3,TD3_Q2a1x64_1p
843,5229.834068864598,4215000.0,HalfCheetah-v3,TD3_Q2a1x64_1p
844,4227.638874409331,4220000.0,HalfCheetah-v3,TD3_Q2a1x64_1p
845,9403.450412977574,4225000.0,HalfCheetah-v3,TD3_Q2a1x64_1p
846,7755.671971092091,4230000.0,HalfCheetah-v3,TD3_Q2a1x64_1p
847,5469.820090221244,4235000.0,HalfCheetah-v3,TD3_Q2a1x64_1p
848,5213.041316401737,4240000.0,HalfCheetah-v3,TD3_Q2a1x64_1p
849,4702.579358194085,4245000.0,HalfCheetah-v3,TD3_Q2a1x64_1p
850,9444.523484481466,4250000.0,HalfCheetah-v3,TD3_Q2a1x64_1p
851,7996.863538998256,4255000.0,HalfCheetah-v3,TD3_Q2a1x64_1p
852,6248.984486605719,4260000.0,HalfCheetah-v3,TD3_Q2a1x64_1p
853,5243.92586343017,4265000.0,HalfCheetah-v3,TD3_Q2a1x64_1p
854,4535.112364465067,4270000.0,HalfCheetah-v3,TD3_Q2a1x64_1p
855,9424.283755471426,4275000.0,HalfCheetah-v3,TD3_Q2a1x64_1p
856,7333.989805233514,4280000.0,HalfCheetah-v3,TD3_Q2a1x64_1p
857,6076.5815185152815,4285000.0,HalfCheetah-v3,TD3_Q2a1x64_1p
858,5372.293545987658,4290000.0,HalfCheetah-v3,TD3_Q2a1x64_1p
859,4413.973181963231,4295000.0,HalfCheetah-v3,TD3_Q2a1x64_1p
860,9554.68721853325,4300000.0,HalfCheetah-v3,TD3_Q2a1x64_1p
861,7713.026764480208,4305000.0,HalfCheetah-v3,TD3_Q2a1x64_1p
862,6288.090303259431,4310000.0,HalfCheetah-v3,TD3_Q2a1x64_1p
863,5454.777240426885,4315000.0,HalfCheetah-v3,TD3_Q2a1x64_1p
864,4456.946736954267,4320000.0,HalfCheetah-v3,TD3_Q2a1x64_1p
865,9632.226526613109,4325000.0,HalfCheetah-v3,TD3_Q2a1x64_1p
866,8008.017939635601,4330000.0,HalfCheetah-v3,TD3_Q2a1x64_1p
867,6373.3504534662225,4335000.0,HalfCheetah-v3,TD3_Q2a1x64_1p
868,5210.329388907344,4340000.0,HalfCheetah-v3,TD3_Q2a1x64_1p
869,4293.090016750539,4345000.0,HalfCheetah-v3,TD3_Q2a1x64_1p
870,9605.720065204769,4350000.0,HalfCheetah-v3,TD3_Q2a1x64_1p
871,7533.602032382487,4355000.0,HalfCheetah-v3,TD3_Q2a1x64_1p
872,5884.535689723101,4360000.0,HalfCheetah-v3,TD3_Q2a1x64_1p
873,5317.437294513358,4365000.0,HalfCheetah-v3,TD3_Q2a1x64_1p
874,4501.771402612151,4370000.0,HalfCheetah-v3,TD3_Q2a1x64_1p
875,9539.700365306331,4375000.0,HalfCheetah-v3,TD3_Q2a1x64_1p
876,7359.160079676074,4380000.0,HalfCheetah-v3,TD3_Q2a1x64_1p
877,5758.7723250116915,4385000.0,HalfCheetah-v3,TD3_Q2a1x64_1p
878,4746.545343567011,4390000.0,HalfCheetah-v3,TD3_Q2a1x64_1p
879,3543.284931708412,4395000.0,HalfCheetah-v3,TD3_Q2a1x64_1p
880,9697.203242774673,4400000.0,HalfCheetah-v3,TD3_Q2a1x64_1p
881,8115.887589801203,4405000.0,HalfCheetah-v3,TD3_Q2a1x64_1p
882,5710.107177278989,4410000.0,HalfCheetah-v3,TD3_Q2a1x64_1p
883,5414.513528314478,4415000.0,HalfCheetah-v3,TD3_Q2a1x64_1p
884,4355.497184770102,4420000.0,HalfCheetah-v3,TD3_Q2a1x64_1p
885,9498.821616404628,4425000.0,HalfCheetah-v3,TD3_Q2a1x64_1p
886,7740.803556322734,4430000.0,HalfCheetah-v3,TD3_Q2a1x64_1p
887,5986.603816046139,4435000.0,HalfCheetah-v3,TD3_Q2a1x64_1p
888,4951.346374804008,4440000.0,HalfCheetah-v3,TD3_Q2a1x64_1p
889,4419.108445880667,4445000.0,HalfCheetah-v3,TD3_Q2a1x64_1p
890,9529.287834464509,4450000.0,HalfCheetah-v3,TD3_Q2a1x64_1p
891,7965.80338944746,4455000.0,HalfCheetah-v3,TD3_Q2a1x64_1p
892,6548.476558533845,4460000.0,HalfCheetah-v3,TD3_Q2a1x64_1p
893,5361.970284590945,4465000.0,HalfCheetah-v3,TD3_Q2a1x64_1p
894,4870.1979789858615,4470000.0,HalfCheetah-v3,TD3_Q2a1x64_1p
895,9125.365779073642,4475000.0,HalfCheetah-v3,TD3_Q2a1x64_1p
896,7282.720618903625,4480000.0,HalfCheetah-v3,TD3_Q2a1x64_1p
897,5936.316984721205,4485000.0,HalfCheetah-v3,TD3_Q2a1x64_1p
898,4693.394450512061,4490000.0,HalfCheetah-v3,TD3_Q2a1x64_1p
899,3984.2107971431096,4495000.0,HalfCheetah-v3,TD3_Q2a1x64_1p
900,9477.17841850351,4500000.0,HalfCheetah-v3,TD3_Q2a1x64_1p
901,7761.290158010855,4505000.0,HalfCheetah-v3,TD3_Q2a1x64_1p
902,5814.451712762544,4510000.0,HalfCheetah-v3,TD3_Q2a1x64_1p
903,5519.482846393561,4515000.0,HalfCheetah-v3,TD3_Q2a1x64_1p
904,4775.961128911718,4520000.0,HalfCheetah-v3,TD3_Q2a1x64_1p
905,9719.37443523422,4525000.0,HalfCheetah-v3,TD3_Q2a1x64_1p
906,7533.307169418367,4530000.0,HalfCheetah-v3,TD3_Q2a1x64_1p
907,5917.8116717512685,4535000.0,HalfCheetah-v3,TD3_Q2a1x64_1p
908,5151.004640414127,4540000.0,HalfCheetah-v3,TD3_Q2a1x64_1p
909,4668.033293957426,4545000.0,HalfCheetah-v3,TD3_Q2a1x64_1p
910,9585.276124547268,4550000.0,HalfCheetah-v3,TD3_Q2a1x64_1p
911,7939.127993158686,4555000.0,HalfCheetah-v3,TD3_Q2a1x64_1p
912,5720.2376790331855,4560000.0,HalfCheetah-v3,TD3_Q2a1x64_1p
913,5086.002455451689,4565000.0,HalfCheetah-v3,TD3_Q2a1x64_1p
914,4626.923673121192,4570000.0,HalfCheetah-v3,TD3_Q2a1x64_1p
915,9524.84066853391,4575000.0,HalfCheetah-v3,TD3_Q2a1x64_1p
916,7486.078054755349,4580000.0,HalfCheetah-v3,TD3_Q2a1x64_1p
917,6084.63875102928,4585000.0,HalfCheetah-v3,TD3_Q2a1x64_1p
918,4950.282724139188,4590000.0,HalfCheetah-v3,TD3_Q2a1x64_1p
919,4639.504690430831,4595000.0,HalfCheetah-v3,TD3_Q2a1x64_1p
920,9334.690942667115,4600000.0,HalfCheetah-v3,TD3_Q2a1x64_1p
921,6974.9004956875315,4605000.0,HalfCheetah-v3,TD3_Q2a1x64_1p
922,5924.136115967155,4610000.0,HalfCheetah-v3,TD3_Q2a1x64_1p
923,5034.93516182048,4615000.0,HalfCheetah-v3,TD3_Q2a1x64_1p
924,4719.0360914554385,4620000.0,HalfCheetah-v3,TD3_Q2a1x64_1p
925,9714.283874389526,4625000.0,HalfCheetah-v3,TD3_Q2a1x64_1p
926,8087.800604074706,4630000.0,HalfCheetah-v3,TD3_Q2a1x64_1p
927,6223.628062018525,4635000.0,HalfCheetah-v3,TD3_Q2a1x64_1p
928,5529.898230850037,4640000.0,HalfCheetah-v3,TD3_Q2a1x64_1p
929,4930.4243822736025,4645000.0,HalfCheetah-v3,TD3_Q2a1x64_1p
930,9629.758558935038,4650000.0,HalfCheetah-v3,TD3_Q2a1x64_1p
931,7578.954009624797,4655000.0,HalfCheetah-v3,TD3_Q2a1x64_1p
932,6166.815762946987,4660000.0,HalfCheetah-v3,TD3_Q2a1x64_1p
933,4946.182028756462,4665000.0,HalfCheetah-v3,TD3_Q2a1x64_1p
934,3561.437453992023,4670000.0,HalfCheetah-v3,TD3_Q2a1x64_1p
935,9730.304469358533,4675000.0,HalfCheetah-v3,TD3_Q2a1x64_1p
936,7525.841555869034,4680000.0,HalfCheetah-v3,TD3_Q2a1x64_1p
937,6430.19514400899,4685000.0,HalfCheetah-v3,TD3_Q2a1x64_1p
938,5266.945123486464,4690000.0,HalfCheetah-v3,TD3_Q2a1x64_1p
939,4613.539059141556,4695000.0,HalfCheetah-v3,TD3_Q2a1x64_1p
940,8867.002334569133,4700000.0,HalfCheetah-v3,TD3_Q2a1x64_1p
941,6903.8446859772375,4705000.0,HalfCheetah-v3,TD3_Q2a1x64_1p
942,5650.477559236213,4710000.0,HalfCheetah-v3,TD3_Q2a1x64_1p
943,5211.604817384514,4715000.0,HalfCheetah-v3,TD3_Q2a1x64_1p
944,4707.254783285096,4720000.0,HalfCheetah-v3,TD3_Q2a1x64_1p
945,9602.588917068591,4725000.0,HalfCheetah-v3,TD3_Q2a1x64_1p
946,7233.451685290546,4730000.0,HalfCheetah-v3,TD3_Q2a1x64_1p
947,6339.714642246615,4735000.0,HalfCheetah-v3,TD3_Q2a1x64_1p
948,4692.195734144794,4740000.0,HalfCheetah-v3,TD3_Q2a1x64_1p
949,4131.084679587067,4745000.0,HalfCheetah-v3,TD3_Q2a1x64_1p
950,9692.550244893386,4750000.0,HalfCheetah-v3,TD3_Q2a1x64_1p
951,7837.712290525422,4755000.0,HalfCheetah-v3,TD3_Q2a1x64_1p
952,6313.916942032897,4760000.0,HalfCheetah-v3,TD3_Q2a1x64_1p
953,5299.576252528598,4765000.0,HalfCheetah-v3,TD3_Q2a1x64_1p
954,4622.293010973499,4770000.0,HalfCheetah-v3,TD3_Q2a1x64_1p
955,9139.449189270215,4775000.0,HalfCheetah-v3,TD3_Q2a1x64_1p
956,7619.921048864746,4780000.0,HalfCheetah-v3,TD3_Q2a1x64_1p
957,6145.35915719412,4785000.0,HalfCheetah-v3,TD3_Q2a1x64_1p
958,5146.331308012893,4790000.0,HalfCheetah-v3,TD3_Q2a1x64_1p
959,3984.474349258709,4795000.0,HalfCheetah-v3,TD3_Q2a1x64_1p
960,9746.26149638243,4800000.0,HalfCheetah-v3,TD3_Q2a1x64_1p
961,7853.404204843569,4805000.0,HalfCheetah-v3,TD3_Q2a1x64_1p
962,5673.6072642539375,4810000.0,HalfCheetah-v3,TD3_Q2a1x64_1p
963,5358.127579425681,4815000.0,HalfCheetah-v3,TD3_Q2a1x64_1p
964,4665.196190175521,4820000.0,HalfCheetah-v3,TD3_Q2a1x64_1p
965,9823.544874282361,4825000.0,HalfCheetah-v3,TD3_Q2a1x64_1p
966,8088.091309497067,4830000.0,HalfCheetah-v3,TD3_Q2a1x64_1p
967,6508.27061151776,4835000.0,HalfCheetah-v3,TD3_Q2a1x64_1p
968,4996.705831238471,4840000.0,HalfCheetah-v3,TD3_Q2a1x64_1p
969,4798.44686720272,4845000.0,HalfCheetah-v3,TD3_Q2a1x64_1p
970,9910.458345781444,4850000.0,HalfCheetah-v3,TD3_Q2a1x64_1p
971,7312.555698222348,4855000.0,HalfCheetah-v3,TD3_Q2a1x64_1p
972,6642.450101063795,4860000.0,HalfCheetah-v3,TD3_Q2a1x64_1p
973,4962.00982305118,4865000.0,HalfCheetah-v3,TD3_Q2a1x64_1p
974,4043.8525126943123,4870000.0,HalfCheetah-v3,TD3_Q2a1x64_1p
975,9476.971473589305,4875000.0,HalfCheetah-v3,TD3_Q2a1x64_1p
976,7711.7933188215075,4880000.0,HalfCheetah-v3,TD3_Q2a1x64_1p
977,6328.316747365149,4885000.0,HalfCheetah-v3,TD3_Q2a1x64_1p
978,5199.068784008967,4890000.0,HalfCheetah-v3,TD3_Q2a1x64_1p
979,4598.503518232024,4895000.0,HalfCheetah-v3,TD3_Q2a1x64_1p
980,9706.688084030797,4900000.0,HalfCheetah-v3,TD3_Q2a1x64_1p
981,7322.587950118725,4905000.0,HalfCheetah-v3,TD3_Q2a1x64_1p
982,6227.5829731133035,4910000.0,HalfCheetah-v3,TD3_Q2a1x64_1p
983,5616.955001662789,4915000.0,HalfCheetah-v3,TD3_Q2a1x64_1p
984,4162.348956497435,4920000.0,HalfCheetah-v3,TD3_Q2a1x64_1p
985,9447.662272638763,4925000.0,HalfCheetah-v3,TD3_Q2a1x64_1p
986,7444.32961878373,4930000.0,HalfCheetah-v3,TD3_Q2a1x64_1p
987,5906.018591143408,4935000.0,HalfCheetah-v3,TD3_Q2a1x64_1p
988,5074.044770177287,4940000.0,HalfCheetah-v3,TD3_Q2a1x64_1p
989,4217.0286323610035,4945000.0,HalfCheetah-v3,TD3_Q2a1x64_1p
990,7943.9982985193365,4950000.0,HalfCheetah-v3,TD3_Q2a1x64_1p
991,6618.1392423305615,4955000.0,HalfCheetah-v3,TD3_Q2a1x64_1p
992,4924.397908615168,4960000.0,HalfCheetah-v3,TD3_Q2a1x64_1p
993,5132.296909409348,4965000.0,HalfCheetah-v3,TD3_Q2a1x64_1p
994,4306.595044926148,4970000.0,HalfCheetah-v3,TD3_Q2a1x64_1p
995,9761.836528002075,4975000.0,HalfCheetah-v3,TD3_Q2a1x64_1p
996,7805.168466740264,4980000.0,HalfCheetah-v3,TD3_Q2a1x64_1p
997,6100.942058890496,4985000.0,HalfCheetah-v3,TD3_Q2a1x64_1p
998,5000.6315544362305,4990000.0,HalfCheetah-v3,TD3_Q2a1x64_1p
999,4736.795050138629,4995000.0,HalfCheetah-v3,TD3_Q2a1x64_1p
