index,Average Return,Timesteps,env,algorithm_name
0,-679.626617482259,0,HalfCheetah-v3,SAC_Q2a
1,25.84450121035656,5000,HalfCheetah-v3,SAC_Q2a
2,-207.22150689398285,10000,HalfCheetah-v3,SAC_Q2a
3,-256.9064192691437,15000,HalfCheetah-v3,SAC_Q2a
4,274.1080348702082,20000,HalfCheetah-v3,SAC_Q2a
5,611.6115784711508,25000,HalfCheetah-v3,SAC_Q2a
6,1218.0043148205136,30000,HalfCheetah-v3,SAC_Q2a
7,1793.5682372512942,35000,HalfCheetah-v3,SAC_Q2a
8,3556.8947087680053,40000,HalfCheetah-v3,SAC_Q2a
9,3359.4152779917517,45000,HalfCheetah-v3,SAC_Q2a
10,3842.831792673871,50000,HalfCheetah-v3,SAC_Q2a
11,4804.382931512821,55000,HalfCheetah-v3,SAC_Q2a
12,4481.080445133583,60000,HalfCheetah-v3,SAC_Q2a
13,5001.021188871807,65000,HalfCheetah-v3,SAC_Q2a
14,5052.9151328096805,70000,HalfCheetah-v3,SAC_Q2a
15,5153.313815919272,75000,HalfCheetah-v3,SAC_Q2a
16,5037.575016612781,80000,HalfCheetah-v3,SAC_Q2a
17,4956.473455840476,85000,HalfCheetah-v3,SAC_Q2a
18,5405.589490027267,90000,HalfCheetah-v3,SAC_Q2a
19,5598.358080437113,95000,HalfCheetah-v3,SAC_Q2a
20,5678.310739654682,100000,HalfCheetah-v3,SAC_Q2a
21,5966.567594673548,105000,HalfCheetah-v3,SAC_Q2a
22,5813.159706255535,110000,HalfCheetah-v3,SAC_Q2a
23,5979.298440551826,115000,HalfCheetah-v3,SAC_Q2a
24,5827.534977631827,120000,HalfCheetah-v3,SAC_Q2a
25,5825.730164430386,125000,HalfCheetah-v3,SAC_Q2a
26,5967.561912603976,130000,HalfCheetah-v3,SAC_Q2a
27,6113.576146932037,135000,HalfCheetah-v3,SAC_Q2a
28,6275.494520281862,140000,HalfCheetah-v3,SAC_Q2a
29,6098.273473199,145000,HalfCheetah-v3,SAC_Q2a
30,6326.161841816385,150000,HalfCheetah-v3,SAC_Q2a
31,6394.835698614947,155000,HalfCheetah-v3,SAC_Q2a
32,6468.402859774005,160000,HalfCheetah-v3,SAC_Q2a
33,6458.349117764492,165000,HalfCheetah-v3,SAC_Q2a
34,6457.867757013357,170000,HalfCheetah-v3,SAC_Q2a
35,6735.960361732163,175000,HalfCheetah-v3,SAC_Q2a
36,6700.889158800934,180000,HalfCheetah-v3,SAC_Q2a
37,6775.215957677176,185000,HalfCheetah-v3,SAC_Q2a
38,6734.929860678955,190000,HalfCheetah-v3,SAC_Q2a
39,6652.0311341879915,195000,HalfCheetah-v3,SAC_Q2a
40,6531.176975102515,200000,HalfCheetah-v3,SAC_Q2a
41,6704.173555220329,205000,HalfCheetah-v3,SAC_Q2a
42,6763.009881853308,210000,HalfCheetah-v3,SAC_Q2a
43,6804.521308269263,215000,HalfCheetah-v3,SAC_Q2a
44,6636.055421827332,220000,HalfCheetah-v3,SAC_Q2a
45,6790.5372892852665,225000,HalfCheetah-v3,SAC_Q2a
46,6774.315894677835,230000,HalfCheetah-v3,SAC_Q2a
47,6736.90990359193,235000,HalfCheetah-v3,SAC_Q2a
48,6765.639214343602,240000,HalfCheetah-v3,SAC_Q2a
49,6994.846520539705,245000,HalfCheetah-v3,SAC_Q2a
50,6931.370240958415,250000,HalfCheetah-v3,SAC_Q2a
51,6952.3616320903775,255000,HalfCheetah-v3,SAC_Q2a
52,6942.198922965242,260000,HalfCheetah-v3,SAC_Q2a
53,7092.883065815242,265000,HalfCheetah-v3,SAC_Q2a
54,7113.549531307048,270000,HalfCheetah-v3,SAC_Q2a
55,7134.350205482857,275000,HalfCheetah-v3,SAC_Q2a
56,7245.375293832869,280000,HalfCheetah-v3,SAC_Q2a
57,7132.828485393782,285000,HalfCheetah-v3,SAC_Q2a
58,7311.94505066694,290000,HalfCheetah-v3,SAC_Q2a
59,7340.643046710054,295000,HalfCheetah-v3,SAC_Q2a
60,7415.775142356823,300000,HalfCheetah-v3,SAC_Q2a
61,7611.846530524475,305000,HalfCheetah-v3,SAC_Q2a
62,7380.764412075834,310000,HalfCheetah-v3,SAC_Q2a
63,7555.4265838583215,315000,HalfCheetah-v3,SAC_Q2a
64,7860.216937061012,320000,HalfCheetah-v3,SAC_Q2a
65,7657.715404778726,325000,HalfCheetah-v3,SAC_Q2a
66,7948.914682459574,330000,HalfCheetah-v3,SAC_Q2a
67,8013.854367612822,335000,HalfCheetah-v3,SAC_Q2a
68,8143.989640238251,340000,HalfCheetah-v3,SAC_Q2a
69,7767.039553085453,345000,HalfCheetah-v3,SAC_Q2a
70,8190.384583771241,350000,HalfCheetah-v3,SAC_Q2a
71,8124.204613458361,355000,HalfCheetah-v3,SAC_Q2a
72,7981.948853337881,360000,HalfCheetah-v3,SAC_Q2a
73,8417.10644425381,365000,HalfCheetah-v3,SAC_Q2a
74,8288.599550443385,370000,HalfCheetah-v3,SAC_Q2a
75,8175.721612678741,375000,HalfCheetah-v3,SAC_Q2a
76,8140.060302343916,380000,HalfCheetah-v3,SAC_Q2a
77,8406.936373327913,385000,HalfCheetah-v3,SAC_Q2a
78,8486.729893905393,390000,HalfCheetah-v3,SAC_Q2a
79,8338.505790894764,395000,HalfCheetah-v3,SAC_Q2a
80,8195.52812729223,400000,HalfCheetah-v3,SAC_Q2a
81,8541.8420798079,405000,HalfCheetah-v3,SAC_Q2a
82,8463.153616180538,410000,HalfCheetah-v3,SAC_Q2a
83,8659.431563122453,415000,HalfCheetah-v3,SAC_Q2a
84,8780.588978660266,420000,HalfCheetah-v3,SAC_Q2a
85,8673.390068817902,425000,HalfCheetah-v3,SAC_Q2a
86,8648.373577722125,430000,HalfCheetah-v3,SAC_Q2a
87,8723.728721390286,435000,HalfCheetah-v3,SAC_Q2a
88,8804.747304472749,440000,HalfCheetah-v3,SAC_Q2a
89,8853.393050528244,445000,HalfCheetah-v3,SAC_Q2a
90,9064.692588588316,450000,HalfCheetah-v3,SAC_Q2a
91,8855.428100830028,455000,HalfCheetah-v3,SAC_Q2a
92,8954.771962601251,460000,HalfCheetah-v3,SAC_Q2a
93,8973.798740617143,465000,HalfCheetah-v3,SAC_Q2a
94,8999.536328521537,470000,HalfCheetah-v3,SAC_Q2a
95,9067.06590865196,475000,HalfCheetah-v3,SAC_Q2a
96,9140.568156140873,480000,HalfCheetah-v3,SAC_Q2a
97,9193.116359666401,485000,HalfCheetah-v3,SAC_Q2a
98,9122.019945443819,490000,HalfCheetah-v3,SAC_Q2a
99,9058.758568627962,495000,HalfCheetah-v3,SAC_Q2a
100,9377.015658577937,500000,HalfCheetah-v3,SAC_Q2a
101,9274.29154968399,505000,HalfCheetah-v3,SAC_Q2a
102,9283.399024605435,510000,HalfCheetah-v3,SAC_Q2a
103,9357.33967449763,515000,HalfCheetah-v3,SAC_Q2a
104,9467.785706640874,520000,HalfCheetah-v3,SAC_Q2a
105,9488.323138573896,525000,HalfCheetah-v3,SAC_Q2a
106,9290.219531144272,530000,HalfCheetah-v3,SAC_Q2a
107,9379.9288783062,535000,HalfCheetah-v3,SAC_Q2a
108,9406.060267926685,540000,HalfCheetah-v3,SAC_Q2a
109,9567.935256708317,545000,HalfCheetah-v3,SAC_Q2a
110,9651.477994541947,550000,HalfCheetah-v3,SAC_Q2a
111,9516.502202497872,555000,HalfCheetah-v3,SAC_Q2a
112,9496.81315897787,560000,HalfCheetah-v3,SAC_Q2a
113,9825.959279019047,565000,HalfCheetah-v3,SAC_Q2a
114,9602.197368033634,570000,HalfCheetah-v3,SAC_Q2a
115,9742.07439702652,575000,HalfCheetah-v3,SAC_Q2a
116,9749.97453288655,580000,HalfCheetah-v3,SAC_Q2a
117,9750.032567013526,585000,HalfCheetah-v3,SAC_Q2a
118,9724.473240529398,590000,HalfCheetah-v3,SAC_Q2a
119,9886.378831144391,595000,HalfCheetah-v3,SAC_Q2a
120,9995.904747435368,600000,HalfCheetah-v3,SAC_Q2a
121,10054.314263930679,605000,HalfCheetah-v3,SAC_Q2a
122,9672.749665931315,610000,HalfCheetah-v3,SAC_Q2a
123,9854.713057605088,615000,HalfCheetah-v3,SAC_Q2a
124,9916.794888433993,620000,HalfCheetah-v3,SAC_Q2a
125,9959.083442563426,625000,HalfCheetah-v3,SAC_Q2a
126,10037.83362138206,630000,HalfCheetah-v3,SAC_Q2a
127,10042.641156123022,635000,HalfCheetah-v3,SAC_Q2a
128,10155.033366066162,640000,HalfCheetah-v3,SAC_Q2a
129,9902.425586006693,645000,HalfCheetah-v3,SAC_Q2a
130,10181.069403772173,650000,HalfCheetah-v3,SAC_Q2a
131,10107.993723553911,655000,HalfCheetah-v3,SAC_Q2a
132,10045.922763916891,660000,HalfCheetah-v3,SAC_Q2a
133,10209.564465437643,665000,HalfCheetah-v3,SAC_Q2a
134,10179.33296725978,670000,HalfCheetah-v3,SAC_Q2a
135,10035.056258016453,675000,HalfCheetah-v3,SAC_Q2a
136,10079.410634668517,680000,HalfCheetah-v3,SAC_Q2a
137,10320.483736212478,685000,HalfCheetah-v3,SAC_Q2a
138,9907.104448974464,690000,HalfCheetah-v3,SAC_Q2a
139,10333.816699414852,695000,HalfCheetah-v3,SAC_Q2a
140,10296.17909865504,700000,HalfCheetah-v3,SAC_Q2a
141,10144.175990800335,705000,HalfCheetah-v3,SAC_Q2a
142,10062.330953062763,710000,HalfCheetah-v3,SAC_Q2a
143,10467.221929952178,715000,HalfCheetah-v3,SAC_Q2a
144,10387.65865797096,720000,HalfCheetah-v3,SAC_Q2a
145,10314.25137360413,725000,HalfCheetah-v3,SAC_Q2a
146,10140.899541726727,730000,HalfCheetah-v3,SAC_Q2a
147,10509.668965275188,735000,HalfCheetah-v3,SAC_Q2a
148,10460.054213875594,740000,HalfCheetah-v3,SAC_Q2a
149,10477.38690591556,745000,HalfCheetah-v3,SAC_Q2a
150,10227.435100763058,750000,HalfCheetah-v3,SAC_Q2a
151,10634.241732949784,755000,HalfCheetah-v3,SAC_Q2a
152,10556.792999399539,760000,HalfCheetah-v3,SAC_Q2a
153,10409.094252817955,765000,HalfCheetah-v3,SAC_Q2a
154,10687.87446858293,770000,HalfCheetah-v3,SAC_Q2a
155,10587.324480377185,775000,HalfCheetah-v3,SAC_Q2a
156,10527.321285168671,780000,HalfCheetah-v3,SAC_Q2a
157,10586.29900516258,785000,HalfCheetah-v3,SAC_Q2a
158,10690.55534701272,790000,HalfCheetah-v3,SAC_Q2a
159,10744.385571553707,795000,HalfCheetah-v3,SAC_Q2a
160,10387.77647629516,800000,HalfCheetah-v3,SAC_Q2a
161,10720.053563790998,805000,HalfCheetah-v3,SAC_Q2a
162,10825.065374622229,810000,HalfCheetah-v3,SAC_Q2a
163,10704.161075448948,815000,HalfCheetah-v3,SAC_Q2a
164,10743.256643863602,820000,HalfCheetah-v3,SAC_Q2a
165,10577.052867760753,825000,HalfCheetah-v3,SAC_Q2a
166,10842.52742304798,830000,HalfCheetah-v3,SAC_Q2a
167,10869.596410675747,835000,HalfCheetah-v3,SAC_Q2a
168,10626.691166568624,840000,HalfCheetah-v3,SAC_Q2a
169,10727.026597381238,845000,HalfCheetah-v3,SAC_Q2a
170,10800.931299878968,850000,HalfCheetah-v3,SAC_Q2a
171,10294.270625132613,855000,HalfCheetah-v3,SAC_Q2a
172,10873.388600868308,860000,HalfCheetah-v3,SAC_Q2a
173,10974.62577586525,865000,HalfCheetah-v3,SAC_Q2a
174,10789.01176298811,870000,HalfCheetah-v3,SAC_Q2a
175,10897.41191143882,875000,HalfCheetah-v3,SAC_Q2a
176,10956.848237260716,880000,HalfCheetah-v3,SAC_Q2a
177,10977.542236010919,885000,HalfCheetah-v3,SAC_Q2a
178,10767.723084557907,890000,HalfCheetah-v3,SAC_Q2a
179,11041.983992733107,895000,HalfCheetah-v3,SAC_Q2a
180,10805.97564247357,900000,HalfCheetah-v3,SAC_Q2a
181,10360.646430480681,905000,HalfCheetah-v3,SAC_Q2a
182,10927.006421844922,910000,HalfCheetah-v3,SAC_Q2a
183,11008.366821124164,915000,HalfCheetah-v3,SAC_Q2a
184,10691.173711452415,920000,HalfCheetah-v3,SAC_Q2a
185,11049.225871510225,925000,HalfCheetah-v3,SAC_Q2a
186,10423.282969069736,930000,HalfCheetah-v3,SAC_Q2a
187,11052.009810264677,935000,HalfCheetah-v3,SAC_Q2a
188,11113.181388148345,940000,HalfCheetah-v3,SAC_Q2a
189,10419.00956481058,945000,HalfCheetah-v3,SAC_Q2a
190,11089.965574821434,950000,HalfCheetah-v3,SAC_Q2a
191,11108.309654440305,955000,HalfCheetah-v3,SAC_Q2a
192,10170.116055021173,960000,HalfCheetah-v3,SAC_Q2a
193,11037.31150452581,965000,HalfCheetah-v3,SAC_Q2a
194,10984.533636663025,970000,HalfCheetah-v3,SAC_Q2a
195,11196.374732493623,975000,HalfCheetah-v3,SAC_Q2a
196,11031.56979659237,980000,HalfCheetah-v3,SAC_Q2a
197,10832.485667368683,985000,HalfCheetah-v3,SAC_Q2a
198,11080.299705522153,990000,HalfCheetah-v3,SAC_Q2a
199,11126.39692995719,995000,HalfCheetah-v3,SAC_Q2a
200,11100.956367695613,1000000,HalfCheetah-v3,SAC_Q2a
