index,Average Return,Timesteps,env,algorithm_name
0,-597.037122541973,0,HalfCheetah-v3,SAC_Q2a
1,-1.6832241184007508,5000,HalfCheetah-v3,SAC_Q2a
2,-294.2623418363163,10000,HalfCheetah-v3,SAC_Q2a
3,117.39324426752992,15000,HalfCheetah-v3,SAC_Q2a
4,799.8713609211995,20000,HalfCheetah-v3,SAC_Q2a
5,1216.0613664103853,25000,HalfCheetah-v3,SAC_Q2a
6,2666.540300985608,30000,HalfCheetah-v3,SAC_Q2a
7,1341.1901109003122,35000,HalfCheetah-v3,SAC_Q2a
8,2706.060483797998,40000,HalfCheetah-v3,SAC_Q2a
9,2936.9293951611135,45000,HalfCheetah-v3,SAC_Q2a
10,3844.4169432595213,50000,HalfCheetah-v3,SAC_Q2a
11,3775.5128401381276,55000,HalfCheetah-v3,SAC_Q2a
12,4064.6727696153966,60000,HalfCheetah-v3,SAC_Q2a
13,4544.804722044824,65000,HalfCheetah-v3,SAC_Q2a
14,4568.489309648937,70000,HalfCheetah-v3,SAC_Q2a
15,5110.503459600324,75000,HalfCheetah-v3,SAC_Q2a
16,5128.847033731208,80000,HalfCheetah-v3,SAC_Q2a
17,4890.052653895329,85000,HalfCheetah-v3,SAC_Q2a
18,4506.415646579577,90000,HalfCheetah-v3,SAC_Q2a
19,5133.32936760866,95000,HalfCheetah-v3,SAC_Q2a
20,5717.501228710765,100000,HalfCheetah-v3,SAC_Q2a
21,6337.824820484029,105000,HalfCheetah-v3,SAC_Q2a
22,6261.56077785382,110000,HalfCheetah-v3,SAC_Q2a
23,6393.658759695563,115000,HalfCheetah-v3,SAC_Q2a
24,6435.6977947394835,120000,HalfCheetah-v3,SAC_Q2a
25,6482.907930712698,125000,HalfCheetah-v3,SAC_Q2a
26,6636.691787332036,130000,HalfCheetah-v3,SAC_Q2a
27,6568.657758458381,135000,HalfCheetah-v3,SAC_Q2a
28,6740.128011688216,140000,HalfCheetah-v3,SAC_Q2a
29,6623.508826632664,145000,HalfCheetah-v3,SAC_Q2a
30,6332.491915338304,150000,HalfCheetah-v3,SAC_Q2a
31,6801.488177896792,155000,HalfCheetah-v3,SAC_Q2a
32,6723.312905701836,160000,HalfCheetah-v3,SAC_Q2a
33,6391.380215816598,165000,HalfCheetah-v3,SAC_Q2a
34,6853.276768860642,170000,HalfCheetah-v3,SAC_Q2a
35,7001.108177454678,175000,HalfCheetah-v3,SAC_Q2a
36,6850.716415632012,180000,HalfCheetah-v3,SAC_Q2a
37,7242.168053112468,185000,HalfCheetah-v3,SAC_Q2a
38,7151.54382440427,190000,HalfCheetah-v3,SAC_Q2a
39,7283.562255165258,195000,HalfCheetah-v3,SAC_Q2a
40,7122.582329186868,200000,HalfCheetah-v3,SAC_Q2a
41,7033.972199482249,205000,HalfCheetah-v3,SAC_Q2a
42,7430.101767112317,210000,HalfCheetah-v3,SAC_Q2a
43,7323.102387688891,215000,HalfCheetah-v3,SAC_Q2a
44,7368.473581920863,220000,HalfCheetah-v3,SAC_Q2a
45,7233.64704708275,225000,HalfCheetah-v3,SAC_Q2a
46,7531.639761282886,230000,HalfCheetah-v3,SAC_Q2a
47,7537.104116689571,235000,HalfCheetah-v3,SAC_Q2a
48,7591.919906510113,240000,HalfCheetah-v3,SAC_Q2a
49,7622.012836033643,245000,HalfCheetah-v3,SAC_Q2a
50,7698.430351716595,250000,HalfCheetah-v3,SAC_Q2a
51,7672.145417072419,255000,HalfCheetah-v3,SAC_Q2a
52,7811.596316180917,260000,HalfCheetah-v3,SAC_Q2a
53,7802.190561931207,265000,HalfCheetah-v3,SAC_Q2a
54,7727.156718803807,270000,HalfCheetah-v3,SAC_Q2a
55,7849.5318072953205,275000,HalfCheetah-v3,SAC_Q2a
56,7752.603619085712,280000,HalfCheetah-v3,SAC_Q2a
57,7907.956243037857,285000,HalfCheetah-v3,SAC_Q2a
58,7561.189746676615,290000,HalfCheetah-v3,SAC_Q2a
59,7930.183225336533,295000,HalfCheetah-v3,SAC_Q2a
60,7105.409605566778,300000,HalfCheetah-v3,SAC_Q2a
61,8104.474198763422,305000,HalfCheetah-v3,SAC_Q2a
62,7965.17863632326,310000,HalfCheetah-v3,SAC_Q2a
63,7722.690739438891,315000,HalfCheetah-v3,SAC_Q2a
64,8100.3397282419955,320000,HalfCheetah-v3,SAC_Q2a
65,7422.4550353168715,325000,HalfCheetah-v3,SAC_Q2a
66,8167.863035675227,330000,HalfCheetah-v3,SAC_Q2a
67,8142.80889394837,335000,HalfCheetah-v3,SAC_Q2a
68,8222.637226823777,340000,HalfCheetah-v3,SAC_Q2a
69,8258.587990554566,345000,HalfCheetah-v3,SAC_Q2a
70,8284.34108747503,350000,HalfCheetah-v3,SAC_Q2a
71,8309.05023463743,355000,HalfCheetah-v3,SAC_Q2a
72,8454.994626148042,360000,HalfCheetah-v3,SAC_Q2a
73,8027.279795681864,365000,HalfCheetah-v3,SAC_Q2a
74,8296.69233885891,370000,HalfCheetah-v3,SAC_Q2a
75,8253.94789347497,375000,HalfCheetah-v3,SAC_Q2a
76,8473.336603098885,380000,HalfCheetah-v3,SAC_Q2a
77,8304.20846628622,385000,HalfCheetah-v3,SAC_Q2a
78,8493.110590814871,390000,HalfCheetah-v3,SAC_Q2a
79,8176.059120876731,395000,HalfCheetah-v3,SAC_Q2a
80,8542.012021381039,400000,HalfCheetah-v3,SAC_Q2a
81,8421.7671941103,405000,HalfCheetah-v3,SAC_Q2a
82,8500.794368746012,410000,HalfCheetah-v3,SAC_Q2a
83,8569.008263600219,415000,HalfCheetah-v3,SAC_Q2a
84,8533.261755695617,420000,HalfCheetah-v3,SAC_Q2a
85,8409.199496061472,425000,HalfCheetah-v3,SAC_Q2a
86,8632.72066784125,430000,HalfCheetah-v3,SAC_Q2a
87,8628.299391289655,435000,HalfCheetah-v3,SAC_Q2a
88,8557.521543045066,440000,HalfCheetah-v3,SAC_Q2a
89,8719.296395005782,445000,HalfCheetah-v3,SAC_Q2a
90,8701.34855769677,450000,HalfCheetah-v3,SAC_Q2a
91,8766.96057369286,455000,HalfCheetah-v3,SAC_Q2a
92,8828.425340717251,460000,HalfCheetah-v3,SAC_Q2a
93,8739.694603575326,465000,HalfCheetah-v3,SAC_Q2a
94,8612.374572851257,470000,HalfCheetah-v3,SAC_Q2a
95,8523.612428776642,475000,HalfCheetah-v3,SAC_Q2a
96,8813.956570576785,480000,HalfCheetah-v3,SAC_Q2a
97,8901.831786415503,485000,HalfCheetah-v3,SAC_Q2a
98,8758.942624240755,490000,HalfCheetah-v3,SAC_Q2a
99,9015.795070197913,495000,HalfCheetah-v3,SAC_Q2a
100,8601.479325524713,500000,HalfCheetah-v3,SAC_Q2a
101,9160.319247099653,505000,HalfCheetah-v3,SAC_Q2a
102,8897.445057336607,510000,HalfCheetah-v3,SAC_Q2a
103,9133.05627651895,515000,HalfCheetah-v3,SAC_Q2a
104,9184.252661028924,520000,HalfCheetah-v3,SAC_Q2a
105,9034.65004111148,525000,HalfCheetah-v3,SAC_Q2a
106,9192.854143605613,530000,HalfCheetah-v3,SAC_Q2a
107,9187.327507125452,535000,HalfCheetah-v3,SAC_Q2a
108,8990.728676169758,540000,HalfCheetah-v3,SAC_Q2a
109,9166.441756693595,545000,HalfCheetah-v3,SAC_Q2a
110,9192.389967446215,550000,HalfCheetah-v3,SAC_Q2a
111,8952.819280314337,555000,HalfCheetah-v3,SAC_Q2a
112,9276.315418993088,560000,HalfCheetah-v3,SAC_Q2a
113,9190.858666877995,565000,HalfCheetah-v3,SAC_Q2a
114,9127.813310252172,570000,HalfCheetah-v3,SAC_Q2a
115,9068.522896963554,575000,HalfCheetah-v3,SAC_Q2a
116,9209.867068527787,580000,HalfCheetah-v3,SAC_Q2a
117,9318.931461435446,585000,HalfCheetah-v3,SAC_Q2a
118,9236.035413452923,590000,HalfCheetah-v3,SAC_Q2a
119,9323.03002067785,595000,HalfCheetah-v3,SAC_Q2a
120,9342.609610391666,600000,HalfCheetah-v3,SAC_Q2a
121,9418.986335492624,605000,HalfCheetah-v3,SAC_Q2a
122,9318.129768390641,610000,HalfCheetah-v3,SAC_Q2a
123,9326.455335716948,615000,HalfCheetah-v3,SAC_Q2a
124,9353.750956629712,620000,HalfCheetah-v3,SAC_Q2a
125,9434.130992539105,625000,HalfCheetah-v3,SAC_Q2a
126,9486.902919870294,630000,HalfCheetah-v3,SAC_Q2a
127,9324.537746517573,635000,HalfCheetah-v3,SAC_Q2a
128,9418.119722336534,640000,HalfCheetah-v3,SAC_Q2a
129,9507.257936031212,645000,HalfCheetah-v3,SAC_Q2a
130,9670.892616273943,650000,HalfCheetah-v3,SAC_Q2a
131,9660.884597482996,655000,HalfCheetah-v3,SAC_Q2a
132,9488.052907255731,660000,HalfCheetah-v3,SAC_Q2a
133,9534.441902367198,665000,HalfCheetah-v3,SAC_Q2a
134,9477.186612725149,670000,HalfCheetah-v3,SAC_Q2a
135,9469.606616250418,675000,HalfCheetah-v3,SAC_Q2a
136,9677.755794652421,680000,HalfCheetah-v3,SAC_Q2a
137,9526.314343128197,685000,HalfCheetah-v3,SAC_Q2a
138,9628.703218654533,690000,HalfCheetah-v3,SAC_Q2a
139,9709.099748545672,695000,HalfCheetah-v3,SAC_Q2a
140,9345.168110376408,700000,HalfCheetah-v3,SAC_Q2a
141,9114.17109912732,705000,HalfCheetah-v3,SAC_Q2a
142,9633.692009259203,710000,HalfCheetah-v3,SAC_Q2a
143,9672.909776767283,715000,HalfCheetah-v3,SAC_Q2a
144,9667.090314215358,720000,HalfCheetah-v3,SAC_Q2a
145,9704.973104368468,725000,HalfCheetah-v3,SAC_Q2a
146,9970.670789108495,730000,HalfCheetah-v3,SAC_Q2a
147,9923.672559863235,735000,HalfCheetah-v3,SAC_Q2a
148,9611.207828784962,740000,HalfCheetah-v3,SAC_Q2a
149,9963.183999781035,745000,HalfCheetah-v3,SAC_Q2a
150,10055.179650698046,750000,HalfCheetah-v3,SAC_Q2a
151,9862.334930030662,755000,HalfCheetah-v3,SAC_Q2a
152,9992.965145402432,760000,HalfCheetah-v3,SAC_Q2a
153,9927.48075753008,765000,HalfCheetah-v3,SAC_Q2a
154,10003.29290238051,770000,HalfCheetah-v3,SAC_Q2a
155,9609.662422415795,775000,HalfCheetah-v3,SAC_Q2a
156,10033.865612255937,780000,HalfCheetah-v3,SAC_Q2a
157,10135.664399659492,785000,HalfCheetah-v3,SAC_Q2a
158,9964.857707343248,790000,HalfCheetah-v3,SAC_Q2a
159,10092.071267270157,795000,HalfCheetah-v3,SAC_Q2a
160,10067.479705291402,800000,HalfCheetah-v3,SAC_Q2a
161,9991.46954125916,805000,HalfCheetah-v3,SAC_Q2a
162,10212.2932306349,810000,HalfCheetah-v3,SAC_Q2a
163,9959.608274883865,815000,HalfCheetah-v3,SAC_Q2a
164,10188.156912810393,820000,HalfCheetah-v3,SAC_Q2a
165,10264.608174554029,825000,HalfCheetah-v3,SAC_Q2a
166,10076.838872340904,830000,HalfCheetah-v3,SAC_Q2a
167,10321.886419957586,835000,HalfCheetah-v3,SAC_Q2a
168,10013.440046282694,840000,HalfCheetah-v3,SAC_Q2a
169,10319.514308240789,845000,HalfCheetah-v3,SAC_Q2a
170,10322.99690035775,850000,HalfCheetah-v3,SAC_Q2a
171,10299.118143813017,855000,HalfCheetah-v3,SAC_Q2a
172,10299.02698137582,860000,HalfCheetah-v3,SAC_Q2a
173,10257.254836987766,865000,HalfCheetah-v3,SAC_Q2a
174,10279.550319583828,870000,HalfCheetah-v3,SAC_Q2a
175,10484.108041904403,875000,HalfCheetah-v3,SAC_Q2a
176,10342.85135969532,880000,HalfCheetah-v3,SAC_Q2a
177,10222.906106822042,885000,HalfCheetah-v3,SAC_Q2a
178,10418.995422202028,890000,HalfCheetah-v3,SAC_Q2a
179,10123.293875000641,895000,HalfCheetah-v3,SAC_Q2a
180,10389.4421665631,900000,HalfCheetah-v3,SAC_Q2a
181,10485.97801293772,905000,HalfCheetah-v3,SAC_Q2a
182,10458.88606642529,910000,HalfCheetah-v3,SAC_Q2a
183,10241.753933008471,915000,HalfCheetah-v3,SAC_Q2a
184,10485.178735071504,920000,HalfCheetah-v3,SAC_Q2a
185,10589.228655509001,925000,HalfCheetah-v3,SAC_Q2a
186,10520.911946073338,930000,HalfCheetah-v3,SAC_Q2a
187,10375.933549548112,935000,HalfCheetah-v3,SAC_Q2a
188,10325.961477900957,940000,HalfCheetah-v3,SAC_Q2a
189,10631.151421377192,945000,HalfCheetah-v3,SAC_Q2a
190,10475.709879773178,950000,HalfCheetah-v3,SAC_Q2a
191,10563.954780683072,955000,HalfCheetah-v3,SAC_Q2a
192,10688.899954526547,960000,HalfCheetah-v3,SAC_Q2a
193,10479.61927276423,965000,HalfCheetah-v3,SAC_Q2a
194,10814.809762357192,970000,HalfCheetah-v3,SAC_Q2a
195,10702.903454407675,975000,HalfCheetah-v3,SAC_Q2a
196,9812.073582081583,980000,HalfCheetah-v3,SAC_Q2a
197,10669.652730747268,985000,HalfCheetah-v3,SAC_Q2a
198,10734.36918369486,990000,HalfCheetah-v3,SAC_Q2a
199,10668.389555423299,995000,HalfCheetah-v3,SAC_Q2a
200,10820.182494654524,1000000,HalfCheetah-v3,SAC_Q2a
