index,Average Return,Timesteps,env,algorithm_name
0,54334.46351159604,0,HumanoidStandup-v2,SAC
1,75659.59108420144,5000,HumanoidStandup-v2,SAC
2,59515.365115884764,10000,HumanoidStandup-v2,SAC
3,106909.17667292648,15000,HumanoidStandup-v2,SAC
4,88267.68409416094,20000,HumanoidStandup-v2,SAC
5,120142.60353248802,25000,HumanoidStandup-v2,SAC
6,120629.91736697654,30000,HumanoidStandup-v2,SAC
7,78689.58799345589,35000,HumanoidStandup-v2,SAC
8,92077.75249509003,40000,HumanoidStandup-v2,SAC
9,85942.00455240361,45000,HumanoidStandup-v2,SAC
10,123980.35097122754,50000,HumanoidStandup-v2,SAC
11,106531.80364499011,55000,HumanoidStandup-v2,SAC
12,125644.04888147318,60000,HumanoidStandup-v2,SAC
13,116121.78148006643,65000,HumanoidStandup-v2,SAC
14,89291.76405319411,70000,HumanoidStandup-v2,SAC
15,123036.69332740887,75000,HumanoidStandup-v2,SAC
16,113566.32234902009,80000,HumanoidStandup-v2,SAC
17,130517.71622217428,85000,HumanoidStandup-v2,SAC
18,131113.95438578684,90000,HumanoidStandup-v2,SAC
19,129894.95379041295,95000,HumanoidStandup-v2,SAC
20,122730.29301263955,100000,HumanoidStandup-v2,SAC
21,130786.00552175101,105000,HumanoidStandup-v2,SAC
22,133065.84089175324,110000,HumanoidStandup-v2,SAC
23,133057.27334822124,115000,HumanoidStandup-v2,SAC
24,133299.36013374588,120000,HumanoidStandup-v2,SAC
25,133105.01848146404,125000,HumanoidStandup-v2,SAC
26,132439.13262069976,130000,HumanoidStandup-v2,SAC
27,133661.42847283912,135000,HumanoidStandup-v2,SAC
