index,Average Return,Timesteps,env,algorithm_name
0,-512.0321075669141,0,HalfCheetah-v3,SAC_Q2a
1,-23.682827486212613,5000,HalfCheetah-v3,SAC_Q2a
2,-201.22174063814003,10000,HalfCheetah-v3,SAC_Q2a
3,-213.87394519007722,15000,HalfCheetah-v3,SAC_Q2a
4,-13.739888291533486,20000,HalfCheetah-v3,SAC_Q2a
5,722.4097066719465,25000,HalfCheetah-v3,SAC_Q2a
6,433.5805117887877,30000,HalfCheetah-v3,SAC_Q2a
7,1598.2143373201052,35000,HalfCheetah-v3,SAC_Q2a
8,2137.9326104202696,40000,HalfCheetah-v3,SAC_Q2a
9,2019.3339208680322,45000,HalfCheetah-v3,SAC_Q2a
10,2983.9117662272934,50000,HalfCheetah-v3,SAC_Q2a
11,3012.203723284701,55000,HalfCheetah-v3,SAC_Q2a
12,3143.5850705706903,60000,HalfCheetah-v3,SAC_Q2a
13,3924.1734766638815,65000,HalfCheetah-v3,SAC_Q2a
14,3757.3510119872917,70000,HalfCheetah-v3,SAC_Q2a
15,4066.9778233697457,75000,HalfCheetah-v3,SAC_Q2a
16,4183.630754503638,80000,HalfCheetah-v3,SAC_Q2a
17,4229.561269601031,85000,HalfCheetah-v3,SAC_Q2a
18,2324.9018263277912,90000,HalfCheetah-v3,SAC_Q2a
19,4213.901289987697,95000,HalfCheetah-v3,SAC_Q2a
20,4692.490408535381,100000,HalfCheetah-v3,SAC_Q2a
21,4930.847634138637,105000,HalfCheetah-v3,SAC_Q2a
22,5198.8008314805775,110000,HalfCheetah-v3,SAC_Q2a
23,4919.888053353088,115000,HalfCheetah-v3,SAC_Q2a
24,4939.43744053729,120000,HalfCheetah-v3,SAC_Q2a
25,5514.445998663953,125000,HalfCheetah-v3,SAC_Q2a
26,6049.835369202252,130000,HalfCheetah-v3,SAC_Q2a
27,5461.799793141627,135000,HalfCheetah-v3,SAC_Q2a
28,5766.1494567623695,140000,HalfCheetah-v3,SAC_Q2a
29,5686.906875797272,145000,HalfCheetah-v3,SAC_Q2a
30,5904.781957159319,150000,HalfCheetah-v3,SAC_Q2a
31,6403.510509222826,155000,HalfCheetah-v3,SAC_Q2a
32,6340.116269443559,160000,HalfCheetah-v3,SAC_Q2a
33,6414.2366296427135,165000,HalfCheetah-v3,SAC_Q2a
34,6622.266894793041,170000,HalfCheetah-v3,SAC_Q2a
35,6737.0855935458185,175000,HalfCheetah-v3,SAC_Q2a
36,6637.786924873854,180000,HalfCheetah-v3,SAC_Q2a
37,6950.67923636281,185000,HalfCheetah-v3,SAC_Q2a
38,7073.451544921389,190000,HalfCheetah-v3,SAC_Q2a
39,7043.296893094812,195000,HalfCheetah-v3,SAC_Q2a
40,7104.356199706444,200000,HalfCheetah-v3,SAC_Q2a
41,6957.604091040068,205000,HalfCheetah-v3,SAC_Q2a
42,7016.135354656331,210000,HalfCheetah-v3,SAC_Q2a
43,7100.641278793196,215000,HalfCheetah-v3,SAC_Q2a
44,7302.437025010251,220000,HalfCheetah-v3,SAC_Q2a
45,7352.790701788292,225000,HalfCheetah-v3,SAC_Q2a
46,7309.60152802236,230000,HalfCheetah-v3,SAC_Q2a
47,7280.255239168207,235000,HalfCheetah-v3,SAC_Q2a
48,7507.959248807393,240000,HalfCheetah-v3,SAC_Q2a
49,7483.298427861827,245000,HalfCheetah-v3,SAC_Q2a
50,7339.823801719891,250000,HalfCheetah-v3,SAC_Q2a
51,7157.848496633701,255000,HalfCheetah-v3,SAC_Q2a
52,7276.385503346854,260000,HalfCheetah-v3,SAC_Q2a
53,7543.829370069133,265000,HalfCheetah-v3,SAC_Q2a
54,7463.986278104651,270000,HalfCheetah-v3,SAC_Q2a
55,7340.680457895622,275000,HalfCheetah-v3,SAC_Q2a
56,7209.416411863608,280000,HalfCheetah-v3,SAC_Q2a
57,7646.695806652426,285000,HalfCheetah-v3,SAC_Q2a
58,7529.412665286928,290000,HalfCheetah-v3,SAC_Q2a
59,7055.865450660896,295000,HalfCheetah-v3,SAC_Q2a
60,7621.671487349326,300000,HalfCheetah-v3,SAC_Q2a
61,7762.113834780491,305000,HalfCheetah-v3,SAC_Q2a
62,7847.529197906699,310000,HalfCheetah-v3,SAC_Q2a
63,7522.508180084764,315000,HalfCheetah-v3,SAC_Q2a
64,7370.444677790199,320000,HalfCheetah-v3,SAC_Q2a
65,7441.766704779798,325000,HalfCheetah-v3,SAC_Q2a
66,7616.152506026041,330000,HalfCheetah-v3,SAC_Q2a
67,7808.415196013477,335000,HalfCheetah-v3,SAC_Q2a
68,7269.393825226391,340000,HalfCheetah-v3,SAC_Q2a
69,7833.409122577488,345000,HalfCheetah-v3,SAC_Q2a
70,7484.694706863823,350000,HalfCheetah-v3,SAC_Q2a
71,7862.897498305249,355000,HalfCheetah-v3,SAC_Q2a
72,7394.0530291195,360000,HalfCheetah-v3,SAC_Q2a
73,7429.293650185401,365000,HalfCheetah-v3,SAC_Q2a
74,7837.332791094894,370000,HalfCheetah-v3,SAC_Q2a
75,7728.988751600208,375000,HalfCheetah-v3,SAC_Q2a
76,7900.70477196749,380000,HalfCheetah-v3,SAC_Q2a
77,7804.636153764339,385000,HalfCheetah-v3,SAC_Q2a
78,7894.056116174371,390000,HalfCheetah-v3,SAC_Q2a
79,8030.639238010898,395000,HalfCheetah-v3,SAC_Q2a
80,8101.535704134645,400000,HalfCheetah-v3,SAC_Q2a
81,8006.858099608582,405000,HalfCheetah-v3,SAC_Q2a
82,7884.69093074354,410000,HalfCheetah-v3,SAC_Q2a
83,7768.263742503834,415000,HalfCheetah-v3,SAC_Q2a
84,8051.193571292808,420000,HalfCheetah-v3,SAC_Q2a
85,7819.185231500343,425000,HalfCheetah-v3,SAC_Q2a
86,7969.707096293879,430000,HalfCheetah-v3,SAC_Q2a
87,7542.84754015824,435000,HalfCheetah-v3,SAC_Q2a
88,8259.318458787226,440000,HalfCheetah-v3,SAC_Q2a
89,8372.623825097024,445000,HalfCheetah-v3,SAC_Q2a
90,7991.936867884271,450000,HalfCheetah-v3,SAC_Q2a
91,8097.553293384595,455000,HalfCheetah-v3,SAC_Q2a
92,8253.219034899703,460000,HalfCheetah-v3,SAC_Q2a
93,8021.0369585333265,465000,HalfCheetah-v3,SAC_Q2a
94,8214.860084756594,470000,HalfCheetah-v3,SAC_Q2a
95,8377.596811735973,475000,HalfCheetah-v3,SAC_Q2a
96,8424.011727407347,480000,HalfCheetah-v3,SAC_Q2a
97,8363.074657132485,485000,HalfCheetah-v3,SAC_Q2a
98,8220.012360126952,490000,HalfCheetah-v3,SAC_Q2a
99,8263.579246450481,495000,HalfCheetah-v3,SAC_Q2a
100,8545.231692507023,500000,HalfCheetah-v3,SAC_Q2a
101,8403.435789836421,505000,HalfCheetah-v3,SAC_Q2a
102,8290.29032697164,510000,HalfCheetah-v3,SAC_Q2a
103,8277.59748267146,515000,HalfCheetah-v3,SAC_Q2a
104,8632.909594994471,520000,HalfCheetah-v3,SAC_Q2a
105,8609.45000324577,525000,HalfCheetah-v3,SAC_Q2a
106,8483.07304832042,530000,HalfCheetah-v3,SAC_Q2a
107,8428.497386613406,535000,HalfCheetah-v3,SAC_Q2a
108,8515.849027551,540000,HalfCheetah-v3,SAC_Q2a
109,8488.43120337353,545000,HalfCheetah-v3,SAC_Q2a
110,8515.408046011105,550000,HalfCheetah-v3,SAC_Q2a
111,8522.951346929445,555000,HalfCheetah-v3,SAC_Q2a
112,8729.988496065851,560000,HalfCheetah-v3,SAC_Q2a
113,8358.799489452114,565000,HalfCheetah-v3,SAC_Q2a
114,8687.395814577058,570000,HalfCheetah-v3,SAC_Q2a
115,8246.526753123206,575000,HalfCheetah-v3,SAC_Q2a
116,8696.089431187289,580000,HalfCheetah-v3,SAC_Q2a
117,8727.91927944885,585000,HalfCheetah-v3,SAC_Q2a
118,8701.138920394214,590000,HalfCheetah-v3,SAC_Q2a
119,8764.726853048835,595000,HalfCheetah-v3,SAC_Q2a
120,8891.683917450157,600000,HalfCheetah-v3,SAC_Q2a
121,8783.94460442869,605000,HalfCheetah-v3,SAC_Q2a
122,8862.954743033093,610000,HalfCheetah-v3,SAC_Q2a
123,8752.424601545888,615000,HalfCheetah-v3,SAC_Q2a
124,8974.774562737603,620000,HalfCheetah-v3,SAC_Q2a
125,8662.764963494768,625000,HalfCheetah-v3,SAC_Q2a
126,8812.502350783172,630000,HalfCheetah-v3,SAC_Q2a
127,8963.56939766544,635000,HalfCheetah-v3,SAC_Q2a
128,8749.580289859181,640000,HalfCheetah-v3,SAC_Q2a
129,8728.503093351923,645000,HalfCheetah-v3,SAC_Q2a
130,8721.385178760896,650000,HalfCheetah-v3,SAC_Q2a
