index,Average Return,Timesteps,env,algorithm_name
0,-7.503599913669366,0.0,HalfCheetah-v3,TD3_Q2a3x64_1p_zeros
1,-21.88024643075056,5000.0,HalfCheetah-v3,TD3_Q2a3x64_1p_zeros
2,-50.939276817941355,10000.0,HalfCheetah-v3,TD3_Q2a3x64_1p_zeros
3,-100.05004159921381,15000.0,HalfCheetah-v3,TD3_Q2a3x64_1p_zeros
4,-143.98179521571444,20000.0,HalfCheetah-v3,TD3_Q2a3x64_1p_zeros
5,-7.18630344221215,25000.0,HalfCheetah-v3,TD3_Q2a3x64_1p_zeros
6,-23.961223987392813,30000.0,HalfCheetah-v3,TD3_Q2a3x64_1p_zeros
7,-54.053157889082534,35000.0,HalfCheetah-v3,TD3_Q2a3x64_1p_zeros
8,-98.0622736471822,40000.0,HalfCheetah-v3,TD3_Q2a3x64_1p_zeros
9,-147.97351858593007,45000.0,HalfCheetah-v3,TD3_Q2a3x64_1p_zeros
10,-640.3335752375367,50000.0,HalfCheetah-v3,TD3_Q2a3x64_1p_zeros
11,-617.6488515919455,55000.0,HalfCheetah-v3,TD3_Q2a3x64_1p_zeros
12,-587.6697809303182,60000.0,HalfCheetah-v3,TD3_Q2a3x64_1p_zeros
13,-571.7915751103876,65000.0,HalfCheetah-v3,TD3_Q2a3x64_1p_zeros
14,-545.6342248234112,70000.0,HalfCheetah-v3,TD3_Q2a3x64_1p_zeros
15,-383.47242303248873,75000.0,HalfCheetah-v3,TD3_Q2a3x64_1p_zeros
16,-360.2194502612523,80000.0,HalfCheetah-v3,TD3_Q2a3x64_1p_zeros
17,-358.7925162280677,85000.0,HalfCheetah-v3,TD3_Q2a3x64_1p_zeros
18,-347.09348820415,90000.0,HalfCheetah-v3,TD3_Q2a3x64_1p_zeros
19,-369.0136837225963,95000.0,HalfCheetah-v3,TD3_Q2a3x64_1p_zeros
20,-370.4750376231391,100000.0,HalfCheetah-v3,TD3_Q2a3x64_1p_zeros
21,-331.412489331917,105000.0,HalfCheetah-v3,TD3_Q2a3x64_1p_zeros
22,-327.86636573433873,110000.0,HalfCheetah-v3,TD3_Q2a3x64_1p_zeros
23,-337.9351609737188,115000.0,HalfCheetah-v3,TD3_Q2a3x64_1p_zeros
24,-286.50339313699726,120000.0,HalfCheetah-v3,TD3_Q2a3x64_1p_zeros
25,645.0511995187819,125000.0,HalfCheetah-v3,TD3_Q2a3x64_1p_zeros
26,568.0480577931515,130000.0,HalfCheetah-v3,TD3_Q2a3x64_1p_zeros
27,478.84947206248523,135000.0,HalfCheetah-v3,TD3_Q2a3x64_1p_zeros
28,586.4011936256197,140000.0,HalfCheetah-v3,TD3_Q2a3x64_1p_zeros
29,613.1734081480711,145000.0,HalfCheetah-v3,TD3_Q2a3x64_1p_zeros
30,957.6124850886483,150000.0,HalfCheetah-v3,TD3_Q2a3x64_1p_zeros
31,657.4981239078982,155000.0,HalfCheetah-v3,TD3_Q2a3x64_1p_zeros
32,938.0516482052242,160000.0,HalfCheetah-v3,TD3_Q2a3x64_1p_zeros
33,1033.862308837199,165000.0,HalfCheetah-v3,TD3_Q2a3x64_1p_zeros
34,1089.5980315856457,170000.0,HalfCheetah-v3,TD3_Q2a3x64_1p_zeros
35,961.4913616968358,175000.0,HalfCheetah-v3,TD3_Q2a3x64_1p_zeros
36,1713.7532783508116,180000.0,HalfCheetah-v3,TD3_Q2a3x64_1p_zeros
37,1710.5305131631862,185000.0,HalfCheetah-v3,TD3_Q2a3x64_1p_zeros
38,1472.9517772628121,190000.0,HalfCheetah-v3,TD3_Q2a3x64_1p_zeros
39,1470.7433713715695,195000.0,HalfCheetah-v3,TD3_Q2a3x64_1p_zeros
40,2004.4682218053665,200000.0,HalfCheetah-v3,TD3_Q2a3x64_1p_zeros
41,2016.8143398840289,205000.0,HalfCheetah-v3,TD3_Q2a3x64_1p_zeros
42,1883.2707748586847,210000.0,HalfCheetah-v3,TD3_Q2a3x64_1p_zeros
43,1813.6126373366617,215000.0,HalfCheetah-v3,TD3_Q2a3x64_1p_zeros
44,1975.5240471697089,220000.0,HalfCheetah-v3,TD3_Q2a3x64_1p_zeros
45,2175.1084178252077,225000.0,HalfCheetah-v3,TD3_Q2a3x64_1p_zeros
46,2223.515219340282,230000.0,HalfCheetah-v3,TD3_Q2a3x64_1p_zeros
47,1928.2008729115369,235000.0,HalfCheetah-v3,TD3_Q2a3x64_1p_zeros
48,2065.2317130184283,240000.0,HalfCheetah-v3,TD3_Q2a3x64_1p_zeros
49,1933.076239770488,245000.0,HalfCheetah-v3,TD3_Q2a3x64_1p_zeros
50,2553.5012453119693,250000.0,HalfCheetah-v3,TD3_Q2a3x64_1p_zeros
51,2277.37699036634,255000.0,HalfCheetah-v3,TD3_Q2a3x64_1p_zeros
52,2258.1539931577545,260000.0,HalfCheetah-v3,TD3_Q2a3x64_1p_zeros
53,2322.441350752505,265000.0,HalfCheetah-v3,TD3_Q2a3x64_1p_zeros
54,2209.758815723922,270000.0,HalfCheetah-v3,TD3_Q2a3x64_1p_zeros
55,2531.228722313933,275000.0,HalfCheetah-v3,TD3_Q2a3x64_1p_zeros
56,2556.4118199850436,280000.0,HalfCheetah-v3,TD3_Q2a3x64_1p_zeros
57,2437.9741772650077,285000.0,HalfCheetah-v3,TD3_Q2a3x64_1p_zeros
58,2419.137837857996,290000.0,HalfCheetah-v3,TD3_Q2a3x64_1p_zeros
59,2294.7795575911637,295000.0,HalfCheetah-v3,TD3_Q2a3x64_1p_zeros
60,2765.814442338905,300000.0,HalfCheetah-v3,TD3_Q2a3x64_1p_zeros
61,2529.112140849823,305000.0,HalfCheetah-v3,TD3_Q2a3x64_1p_zeros
62,2835.2922327166502,310000.0,HalfCheetah-v3,TD3_Q2a3x64_1p_zeros
63,2507.35270793024,315000.0,HalfCheetah-v3,TD3_Q2a3x64_1p_zeros
64,2079.768654009992,320000.0,HalfCheetah-v3,TD3_Q2a3x64_1p_zeros
65,2860.330481474632,325000.0,HalfCheetah-v3,TD3_Q2a3x64_1p_zeros
66,3238.8108273029766,330000.0,HalfCheetah-v3,TD3_Q2a3x64_1p_zeros
67,2690.795841775301,335000.0,HalfCheetah-v3,TD3_Q2a3x64_1p_zeros
68,2750.9864472303125,340000.0,HalfCheetah-v3,TD3_Q2a3x64_1p_zeros
69,2564.0602510543404,345000.0,HalfCheetah-v3,TD3_Q2a3x64_1p_zeros
70,3189.160964457205,350000.0,HalfCheetah-v3,TD3_Q2a3x64_1p_zeros
71,2910.592897628785,355000.0,HalfCheetah-v3,TD3_Q2a3x64_1p_zeros
72,3373.5084019517353,360000.0,HalfCheetah-v3,TD3_Q2a3x64_1p_zeros
73,3039.6407799131366,365000.0,HalfCheetah-v3,TD3_Q2a3x64_1p_zeros
74,3063.542109069248,370000.0,HalfCheetah-v3,TD3_Q2a3x64_1p_zeros
75,3865.931374455648,375000.0,HalfCheetah-v3,TD3_Q2a3x64_1p_zeros
76,3327.903491961623,380000.0,HalfCheetah-v3,TD3_Q2a3x64_1p_zeros
77,3589.8318490668667,385000.0,HalfCheetah-v3,TD3_Q2a3x64_1p_zeros
78,3443.0081583174588,390000.0,HalfCheetah-v3,TD3_Q2a3x64_1p_zeros
79,3394.239753922364,395000.0,HalfCheetah-v3,TD3_Q2a3x64_1p_zeros
80,4249.280781674681,400000.0,HalfCheetah-v3,TD3_Q2a3x64_1p_zeros
81,3569.3137473147463,405000.0,HalfCheetah-v3,TD3_Q2a3x64_1p_zeros
82,3336.1342982363885,410000.0,HalfCheetah-v3,TD3_Q2a3x64_1p_zeros
83,3187.8382814249317,415000.0,HalfCheetah-v3,TD3_Q2a3x64_1p_zeros
84,3105.615230646654,420000.0,HalfCheetah-v3,TD3_Q2a3x64_1p_zeros
85,4259.567237074098,425000.0,HalfCheetah-v3,TD3_Q2a3x64_1p_zeros
86,4145.402307434311,430000.0,HalfCheetah-v3,TD3_Q2a3x64_1p_zeros
87,3919.4764906277355,435000.0,HalfCheetah-v3,TD3_Q2a3x64_1p_zeros
88,3804.8129042044916,440000.0,HalfCheetah-v3,TD3_Q2a3x64_1p_zeros
89,3653.2128248983076,445000.0,HalfCheetah-v3,TD3_Q2a3x64_1p_zeros
90,4658.436005810382,450000.0,HalfCheetah-v3,TD3_Q2a3x64_1p_zeros
91,4264.222932563459,455000.0,HalfCheetah-v3,TD3_Q2a3x64_1p_zeros
92,4076.5105198166398,460000.0,HalfCheetah-v3,TD3_Q2a3x64_1p_zeros
93,3813.473758402715,465000.0,HalfCheetah-v3,TD3_Q2a3x64_1p_zeros
94,3091.8433439084206,470000.0,HalfCheetah-v3,TD3_Q2a3x64_1p_zeros
95,4354.212660924482,475000.0,HalfCheetah-v3,TD3_Q2a3x64_1p_zeros
96,3916.5446335955467,480000.0,HalfCheetah-v3,TD3_Q2a3x64_1p_zeros
97,3874.6269773651957,485000.0,HalfCheetah-v3,TD3_Q2a3x64_1p_zeros
98,3159.524152003797,490000.0,HalfCheetah-v3,TD3_Q2a3x64_1p_zeros
99,3106.547338324516,495000.0,HalfCheetah-v3,TD3_Q2a3x64_1p_zeros
100,4428.671214614117,500000.0,HalfCheetah-v3,TD3_Q2a3x64_1p_zeros
101,4340.607696609326,505000.0,HalfCheetah-v3,TD3_Q2a3x64_1p_zeros
102,4241.569623000084,510000.0,HalfCheetah-v3,TD3_Q2a3x64_1p_zeros
103,3994.1562923488586,515000.0,HalfCheetah-v3,TD3_Q2a3x64_1p_zeros
104,3415.7328297102626,520000.0,HalfCheetah-v3,TD3_Q2a3x64_1p_zeros
105,3471.511669110331,525000.0,HalfCheetah-v3,TD3_Q2a3x64_1p_zeros
106,3053.4863751643807,530000.0,HalfCheetah-v3,TD3_Q2a3x64_1p_zeros
107,3995.226129993699,535000.0,HalfCheetah-v3,TD3_Q2a3x64_1p_zeros
108,3001.4171970892216,540000.0,HalfCheetah-v3,TD3_Q2a3x64_1p_zeros
109,2504.521442469185,545000.0,HalfCheetah-v3,TD3_Q2a3x64_1p_zeros
110,5308.121325483387,550000.0,HalfCheetah-v3,TD3_Q2a3x64_1p_zeros
111,4947.56946529442,555000.0,HalfCheetah-v3,TD3_Q2a3x64_1p_zeros
112,4372.368200834904,560000.0,HalfCheetah-v3,TD3_Q2a3x64_1p_zeros
113,4019.306327603983,565000.0,HalfCheetah-v3,TD3_Q2a3x64_1p_zeros
114,2643.92999750768,570000.0,HalfCheetah-v3,TD3_Q2a3x64_1p_zeros
115,4830.738487807312,575000.0,HalfCheetah-v3,TD3_Q2a3x64_1p_zeros
116,4342.930766916353,580000.0,HalfCheetah-v3,TD3_Q2a3x64_1p_zeros
117,4597.965112234047,585000.0,HalfCheetah-v3,TD3_Q2a3x64_1p_zeros
118,4315.751557216758,590000.0,HalfCheetah-v3,TD3_Q2a3x64_1p_zeros
119,4016.716101784578,595000.0,HalfCheetah-v3,TD3_Q2a3x64_1p_zeros
120,5037.347952612457,600000.0,HalfCheetah-v3,TD3_Q2a3x64_1p_zeros
121,4785.512246000849,605000.0,HalfCheetah-v3,TD3_Q2a3x64_1p_zeros
122,4559.170332301174,610000.0,HalfCheetah-v3,TD3_Q2a3x64_1p_zeros
123,3966.6921253714127,615000.0,HalfCheetah-v3,TD3_Q2a3x64_1p_zeros
124,3992.1647907102465,620000.0,HalfCheetah-v3,TD3_Q2a3x64_1p_zeros
125,4867.589963424761,625000.0,HalfCheetah-v3,TD3_Q2a3x64_1p_zeros
126,4781.40726384279,630000.0,HalfCheetah-v3,TD3_Q2a3x64_1p_zeros
127,4619.225285317346,635000.0,HalfCheetah-v3,TD3_Q2a3x64_1p_zeros
128,4424.96621998687,640000.0,HalfCheetah-v3,TD3_Q2a3x64_1p_zeros
129,3870.061612361861,645000.0,HalfCheetah-v3,TD3_Q2a3x64_1p_zeros
130,4525.343842666605,650000.0,HalfCheetah-v3,TD3_Q2a3x64_1p_zeros
131,5013.607479277244,655000.0,HalfCheetah-v3,TD3_Q2a3x64_1p_zeros
132,4335.488858669937,660000.0,HalfCheetah-v3,TD3_Q2a3x64_1p_zeros
133,3939.3843401527615,665000.0,HalfCheetah-v3,TD3_Q2a3x64_1p_zeros
134,3842.768674083602,670000.0,HalfCheetah-v3,TD3_Q2a3x64_1p_zeros
135,5212.467866884041,675000.0,HalfCheetah-v3,TD3_Q2a3x64_1p_zeros
136,5125.299726688865,680000.0,HalfCheetah-v3,TD3_Q2a3x64_1p_zeros
137,4931.342707739584,685000.0,HalfCheetah-v3,TD3_Q2a3x64_1p_zeros
138,4630.836683696483,690000.0,HalfCheetah-v3,TD3_Q2a3x64_1p_zeros
139,4330.677686118684,695000.0,HalfCheetah-v3,TD3_Q2a3x64_1p_zeros
140,5767.576420370974,700000.0,HalfCheetah-v3,TD3_Q2a3x64_1p_zeros
141,5204.884067990689,705000.0,HalfCheetah-v3,TD3_Q2a3x64_1p_zeros
142,3815.4226315072774,710000.0,HalfCheetah-v3,TD3_Q2a3x64_1p_zeros
143,3369.4225959740347,715000.0,HalfCheetah-v3,TD3_Q2a3x64_1p_zeros
144,3140.654166235466,720000.0,HalfCheetah-v3,TD3_Q2a3x64_1p_zeros
145,5257.738179655961,725000.0,HalfCheetah-v3,TD3_Q2a3x64_1p_zeros
146,5067.550202641488,730000.0,HalfCheetah-v3,TD3_Q2a3x64_1p_zeros
147,4972.636984962011,735000.0,HalfCheetah-v3,TD3_Q2a3x64_1p_zeros
148,4677.857561219802,740000.0,HalfCheetah-v3,TD3_Q2a3x64_1p_zeros
149,4035.8774517998454,745000.0,HalfCheetah-v3,TD3_Q2a3x64_1p_zeros
150,5817.213605011964,750000.0,HalfCheetah-v3,TD3_Q2a3x64_1p_zeros
151,5441.248455152029,755000.0,HalfCheetah-v3,TD3_Q2a3x64_1p_zeros
152,5004.429280504238,760000.0,HalfCheetah-v3,TD3_Q2a3x64_1p_zeros
153,4044.975476173523,765000.0,HalfCheetah-v3,TD3_Q2a3x64_1p_zeros
154,3677.113303614812,770000.0,HalfCheetah-v3,TD3_Q2a3x64_1p_zeros
155,3877.220132508029,775000.0,HalfCheetah-v3,TD3_Q2a3x64_1p_zeros
156,3608.740020966475,780000.0,HalfCheetah-v3,TD3_Q2a3x64_1p_zeros
157,3593.602848004044,785000.0,HalfCheetah-v3,TD3_Q2a3x64_1p_zeros
158,2631.606514410061,790000.0,HalfCheetah-v3,TD3_Q2a3x64_1p_zeros
159,2485.66978026471,795000.0,HalfCheetah-v3,TD3_Q2a3x64_1p_zeros
160,5357.975947344448,800000.0,HalfCheetah-v3,TD3_Q2a3x64_1p_zeros
161,5201.077618171554,805000.0,HalfCheetah-v3,TD3_Q2a3x64_1p_zeros
162,5030.732251257423,810000.0,HalfCheetah-v3,TD3_Q2a3x64_1p_zeros
163,4768.322716523635,815000.0,HalfCheetah-v3,TD3_Q2a3x64_1p_zeros
164,4457.417294884251,820000.0,HalfCheetah-v3,TD3_Q2a3x64_1p_zeros
165,5341.767398457493,825000.0,HalfCheetah-v3,TD3_Q2a3x64_1p_zeros
166,5251.266239297156,830000.0,HalfCheetah-v3,TD3_Q2a3x64_1p_zeros
167,5052.362867810089,835000.0,HalfCheetah-v3,TD3_Q2a3x64_1p_zeros
168,4742.037250473108,840000.0,HalfCheetah-v3,TD3_Q2a3x64_1p_zeros
169,4516.494707668235,845000.0,HalfCheetah-v3,TD3_Q2a3x64_1p_zeros
170,5383.960442336224,850000.0,HalfCheetah-v3,TD3_Q2a3x64_1p_zeros
171,5261.723739043193,855000.0,HalfCheetah-v3,TD3_Q2a3x64_1p_zeros
172,5100.267314403938,860000.0,HalfCheetah-v3,TD3_Q2a3x64_1p_zeros
173,4757.568328457009,865000.0,HalfCheetah-v3,TD3_Q2a3x64_1p_zeros
174,4619.768854271571,870000.0,HalfCheetah-v3,TD3_Q2a3x64_1p_zeros
175,5677.798977713612,875000.0,HalfCheetah-v3,TD3_Q2a3x64_1p_zeros
176,5459.61135452544,880000.0,HalfCheetah-v3,TD3_Q2a3x64_1p_zeros
177,5189.493993665908,885000.0,HalfCheetah-v3,TD3_Q2a3x64_1p_zeros
178,4800.288836963451,890000.0,HalfCheetah-v3,TD3_Q2a3x64_1p_zeros
179,3649.228223939929,895000.0,HalfCheetah-v3,TD3_Q2a3x64_1p_zeros
180,5733.78552923027,900000.0,HalfCheetah-v3,TD3_Q2a3x64_1p_zeros
181,5531.476188481358,905000.0,HalfCheetah-v3,TD3_Q2a3x64_1p_zeros
182,5024.991642965993,910000.0,HalfCheetah-v3,TD3_Q2a3x64_1p_zeros
183,4325.567915965674,915000.0,HalfCheetah-v3,TD3_Q2a3x64_1p_zeros
184,3797.412015095383,920000.0,HalfCheetah-v3,TD3_Q2a3x64_1p_zeros
185,5560.253578689939,925000.0,HalfCheetah-v3,TD3_Q2a3x64_1p_zeros
186,5171.364381836683,930000.0,HalfCheetah-v3,TD3_Q2a3x64_1p_zeros
187,5156.4110334733305,935000.0,HalfCheetah-v3,TD3_Q2a3x64_1p_zeros
188,4735.547854864899,940000.0,HalfCheetah-v3,TD3_Q2a3x64_1p_zeros
189,4626.127549112303,945000.0,HalfCheetah-v3,TD3_Q2a3x64_1p_zeros
190,5693.1205796148515,950000.0,HalfCheetah-v3,TD3_Q2a3x64_1p_zeros
191,5534.193517065417,955000.0,HalfCheetah-v3,TD3_Q2a3x64_1p_zeros
192,5286.145648436761,960000.0,HalfCheetah-v3,TD3_Q2a3x64_1p_zeros
193,4979.554715520773,965000.0,HalfCheetah-v3,TD3_Q2a3x64_1p_zeros
194,4412.074759468185,970000.0,HalfCheetah-v3,TD3_Q2a3x64_1p_zeros
195,5764.411622118807,975000.0,HalfCheetah-v3,TD3_Q2a3x64_1p_zeros
196,5500.58225192721,980000.0,HalfCheetah-v3,TD3_Q2a3x64_1p_zeros
197,5291.39296680621,985000.0,HalfCheetah-v3,TD3_Q2a3x64_1p_zeros
198,4959.411284216971,990000.0,HalfCheetah-v3,TD3_Q2a3x64_1p_zeros
199,4701.020833267392,995000.0,HalfCheetah-v3,TD3_Q2a3x64_1p_zeros
200,6435.378530485221,1000000.0,HalfCheetah-v3,TD3_Q2a3x64_1p_zeros
201,5887.763321981184,1005000.0,HalfCheetah-v3,TD3_Q2a3x64_1p_zeros
202,5295.3839152652545,1010000.0,HalfCheetah-v3,TD3_Q2a3x64_1p_zeros
203,3322.8062366753074,1015000.0,HalfCheetah-v3,TD3_Q2a3x64_1p_zeros
204,3537.133377263034,1020000.0,HalfCheetah-v3,TD3_Q2a3x64_1p_zeros
205,5743.386452457087,1025000.0,HalfCheetah-v3,TD3_Q2a3x64_1p_zeros
206,5285.802726359514,1030000.0,HalfCheetah-v3,TD3_Q2a3x64_1p_zeros
207,4856.582748724511,1035000.0,HalfCheetah-v3,TD3_Q2a3x64_1p_zeros
208,4705.8942436921225,1040000.0,HalfCheetah-v3,TD3_Q2a3x64_1p_zeros
209,4625.158990485141,1045000.0,HalfCheetah-v3,TD3_Q2a3x64_1p_zeros
210,6050.405402368596,1050000.0,HalfCheetah-v3,TD3_Q2a3x64_1p_zeros
211,5797.833798338423,1055000.0,HalfCheetah-v3,TD3_Q2a3x64_1p_zeros
212,5404.693615825138,1060000.0,HalfCheetah-v3,TD3_Q2a3x64_1p_zeros
213,4883.855968094884,1065000.0,HalfCheetah-v3,TD3_Q2a3x64_1p_zeros
214,4631.491337151972,1070000.0,HalfCheetah-v3,TD3_Q2a3x64_1p_zeros
215,5881.644501120422,1075000.0,HalfCheetah-v3,TD3_Q2a3x64_1p_zeros
216,5621.100267084061,1080000.0,HalfCheetah-v3,TD3_Q2a3x64_1p_zeros
217,5339.125897227174,1085000.0,HalfCheetah-v3,TD3_Q2a3x64_1p_zeros
218,4818.881590696203,1090000.0,HalfCheetah-v3,TD3_Q2a3x64_1p_zeros
219,4662.375154525604,1095000.0,HalfCheetah-v3,TD3_Q2a3x64_1p_zeros
220,6408.282572181628,1100000.0,HalfCheetah-v3,TD3_Q2a3x64_1p_zeros
221,5828.344846812664,1105000.0,HalfCheetah-v3,TD3_Q2a3x64_1p_zeros
222,5027.300419519436,1110000.0,HalfCheetah-v3,TD3_Q2a3x64_1p_zeros
223,4443.315097202643,1115000.0,HalfCheetah-v3,TD3_Q2a3x64_1p_zeros
224,3511.8501293597683,1120000.0,HalfCheetah-v3,TD3_Q2a3x64_1p_zeros
225,6330.544733256473,1125000.0,HalfCheetah-v3,TD3_Q2a3x64_1p_zeros
226,5870.021230642522,1130000.0,HalfCheetah-v3,TD3_Q2a3x64_1p_zeros
227,5332.492577328931,1135000.0,HalfCheetah-v3,TD3_Q2a3x64_1p_zeros
228,4229.096321010775,1140000.0,HalfCheetah-v3,TD3_Q2a3x64_1p_zeros
229,4050.4738695212814,1145000.0,HalfCheetah-v3,TD3_Q2a3x64_1p_zeros
230,6569.200511416309,1150000.0,HalfCheetah-v3,TD3_Q2a3x64_1p_zeros
231,6128.421998060407,1155000.0,HalfCheetah-v3,TD3_Q2a3x64_1p_zeros
232,5516.571310236146,1160000.0,HalfCheetah-v3,TD3_Q2a3x64_1p_zeros
233,4614.271304627345,1165000.0,HalfCheetah-v3,TD3_Q2a3x64_1p_zeros
234,4205.124621661895,1170000.0,HalfCheetah-v3,TD3_Q2a3x64_1p_zeros
235,6389.602157805778,1175000.0,HalfCheetah-v3,TD3_Q2a3x64_1p_zeros
236,6039.999633998448,1180000.0,HalfCheetah-v3,TD3_Q2a3x64_1p_zeros
237,5186.908474220738,1185000.0,HalfCheetah-v3,TD3_Q2a3x64_1p_zeros
238,3771.472263318443,1190000.0,HalfCheetah-v3,TD3_Q2a3x64_1p_zeros
239,3943.1310777846106,1195000.0,HalfCheetah-v3,TD3_Q2a3x64_1p_zeros
240,6370.416854423249,1200000.0,HalfCheetah-v3,TD3_Q2a3x64_1p_zeros
241,5820.079295839014,1205000.0,HalfCheetah-v3,TD3_Q2a3x64_1p_zeros
242,5123.216683564713,1210000.0,HalfCheetah-v3,TD3_Q2a3x64_1p_zeros
243,4726.299958868911,1215000.0,HalfCheetah-v3,TD3_Q2a3x64_1p_zeros
244,4223.343165213831,1220000.0,HalfCheetah-v3,TD3_Q2a3x64_1p_zeros
245,5887.533263726286,1225000.0,HalfCheetah-v3,TD3_Q2a3x64_1p_zeros
246,5769.824550143011,1230000.0,HalfCheetah-v3,TD3_Q2a3x64_1p_zeros
247,5531.4152308452985,1235000.0,HalfCheetah-v3,TD3_Q2a3x64_1p_zeros
248,5204.484256762599,1240000.0,HalfCheetah-v3,TD3_Q2a3x64_1p_zeros
249,4873.634137891495,1245000.0,HalfCheetah-v3,TD3_Q2a3x64_1p_zeros
250,6036.398656057501,1250000.0,HalfCheetah-v3,TD3_Q2a3x64_1p_zeros
251,5804.121357676037,1255000.0,HalfCheetah-v3,TD3_Q2a3x64_1p_zeros
252,5587.923376540128,1260000.0,HalfCheetah-v3,TD3_Q2a3x64_1p_zeros
253,5184.49469445236,1265000.0,HalfCheetah-v3,TD3_Q2a3x64_1p_zeros
254,4611.178656322038,1270000.0,HalfCheetah-v3,TD3_Q2a3x64_1p_zeros
255,6571.13269265812,1275000.0,HalfCheetah-v3,TD3_Q2a3x64_1p_zeros
256,6155.857049936507,1280000.0,HalfCheetah-v3,TD3_Q2a3x64_1p_zeros
257,5351.831341028433,1285000.0,HalfCheetah-v3,TD3_Q2a3x64_1p_zeros
258,4221.976233791519,1290000.0,HalfCheetah-v3,TD3_Q2a3x64_1p_zeros
259,3114.9619447288187,1295000.0,HalfCheetah-v3,TD3_Q2a3x64_1p_zeros
260,5988.177161390706,1300000.0,HalfCheetah-v3,TD3_Q2a3x64_1p_zeros
261,5773.024890022016,1305000.0,HalfCheetah-v3,TD3_Q2a3x64_1p_zeros
262,5093.832866483701,1310000.0,HalfCheetah-v3,TD3_Q2a3x64_1p_zeros
263,5062.701083227453,1315000.0,HalfCheetah-v3,TD3_Q2a3x64_1p_zeros
264,4214.483245152408,1320000.0,HalfCheetah-v3,TD3_Q2a3x64_1p_zeros
265,6600.958638540372,1325000.0,HalfCheetah-v3,TD3_Q2a3x64_1p_zeros
266,6112.68840749772,1330000.0,HalfCheetah-v3,TD3_Q2a3x64_1p_zeros
267,5642.994501876177,1335000.0,HalfCheetah-v3,TD3_Q2a3x64_1p_zeros
268,4413.406553954232,1340000.0,HalfCheetah-v3,TD3_Q2a3x64_1p_zeros
269,4208.813097593583,1345000.0,HalfCheetah-v3,TD3_Q2a3x64_1p_zeros
270,6599.544746729026,1350000.0,HalfCheetah-v3,TD3_Q2a3x64_1p_zeros
271,5788.136441992562,1355000.0,HalfCheetah-v3,TD3_Q2a3x64_1p_zeros
272,5071.79078173194,1360000.0,HalfCheetah-v3,TD3_Q2a3x64_1p_zeros
273,4556.218383445546,1365000.0,HalfCheetah-v3,TD3_Q2a3x64_1p_zeros
274,3588.9577056329917,1370000.0,HalfCheetah-v3,TD3_Q2a3x64_1p_zeros
275,6665.774233653525,1375000.0,HalfCheetah-v3,TD3_Q2a3x64_1p_zeros
276,6208.146640904308,1380000.0,HalfCheetah-v3,TD3_Q2a3x64_1p_zeros
277,5714.421942607605,1385000.0,HalfCheetah-v3,TD3_Q2a3x64_1p_zeros
278,4697.581067692508,1390000.0,HalfCheetah-v3,TD3_Q2a3x64_1p_zeros
279,3213.8181495197273,1395000.0,HalfCheetah-v3,TD3_Q2a3x64_1p_zeros
280,6685.18811103779,1400000.0,HalfCheetah-v3,TD3_Q2a3x64_1p_zeros
281,6219.327950937486,1405000.0,HalfCheetah-v3,TD3_Q2a3x64_1p_zeros
282,4241.658778148493,1410000.0,HalfCheetah-v3,TD3_Q2a3x64_1p_zeros
283,4822.566352607496,1415000.0,HalfCheetah-v3,TD3_Q2a3x64_1p_zeros
284,3548.330332562414,1420000.0,HalfCheetah-v3,TD3_Q2a3x64_1p_zeros
285,6841.24118533026,1425000.0,HalfCheetah-v3,TD3_Q2a3x64_1p_zeros
286,6307.968656557836,1430000.0,HalfCheetah-v3,TD3_Q2a3x64_1p_zeros
287,5404.702974204391,1435000.0,HalfCheetah-v3,TD3_Q2a3x64_1p_zeros
288,4410.584948828144,1440000.0,HalfCheetah-v3,TD3_Q2a3x64_1p_zeros
289,3731.633833852627,1445000.0,HalfCheetah-v3,TD3_Q2a3x64_1p_zeros
290,6565.0979138687635,1450000.0,HalfCheetah-v3,TD3_Q2a3x64_1p_zeros
291,6192.774641861415,1455000.0,HalfCheetah-v3,TD3_Q2a3x64_1p_zeros
292,5854.245730684057,1460000.0,HalfCheetah-v3,TD3_Q2a3x64_1p_zeros
293,4621.6371475303795,1465000.0,HalfCheetah-v3,TD3_Q2a3x64_1p_zeros
294,3855.6789627647877,1470000.0,HalfCheetah-v3,TD3_Q2a3x64_1p_zeros
295,6613.167661173245,1475000.0,HalfCheetah-v3,TD3_Q2a3x64_1p_zeros
296,6259.862027548485,1480000.0,HalfCheetah-v3,TD3_Q2a3x64_1p_zeros
297,5857.591564510482,1485000.0,HalfCheetah-v3,TD3_Q2a3x64_1p_zeros
298,4935.218144457627,1490000.0,HalfCheetah-v3,TD3_Q2a3x64_1p_zeros
299,4298.184524892671,1495000.0,HalfCheetah-v3,TD3_Q2a3x64_1p_zeros
300,6600.584693664855,1500000.0,HalfCheetah-v3,TD3_Q2a3x64_1p_zeros
301,6220.1839979864,1505000.0,HalfCheetah-v3,TD3_Q2a3x64_1p_zeros
302,5300.063382626511,1510000.0,HalfCheetah-v3,TD3_Q2a3x64_1p_zeros
303,5344.482176958461,1515000.0,HalfCheetah-v3,TD3_Q2a3x64_1p_zeros
304,4798.753683967767,1520000.0,HalfCheetah-v3,TD3_Q2a3x64_1p_zeros
305,6886.162671448403,1525000.0,HalfCheetah-v3,TD3_Q2a3x64_1p_zeros
306,6454.362051480399,1530000.0,HalfCheetah-v3,TD3_Q2a3x64_1p_zeros
307,5167.867915848425,1535000.0,HalfCheetah-v3,TD3_Q2a3x64_1p_zeros
308,4494.047977424125,1540000.0,HalfCheetah-v3,TD3_Q2a3x64_1p_zeros
309,4029.85686760749,1545000.0,HalfCheetah-v3,TD3_Q2a3x64_1p_zeros
310,6623.330709176485,1550000.0,HalfCheetah-v3,TD3_Q2a3x64_1p_zeros
311,6230.6071850135995,1555000.0,HalfCheetah-v3,TD3_Q2a3x64_1p_zeros
312,4549.288963635754,1560000.0,HalfCheetah-v3,TD3_Q2a3x64_1p_zeros
313,4680.273123797461,1565000.0,HalfCheetah-v3,TD3_Q2a3x64_1p_zeros
314,3379.4784789585487,1570000.0,HalfCheetah-v3,TD3_Q2a3x64_1p_zeros
315,6362.476745653383,1575000.0,HalfCheetah-v3,TD3_Q2a3x64_1p_zeros
316,6361.231286297601,1580000.0,HalfCheetah-v3,TD3_Q2a3x64_1p_zeros
317,6019.0734750201345,1585000.0,HalfCheetah-v3,TD3_Q2a3x64_1p_zeros
318,4852.223286453796,1590000.0,HalfCheetah-v3,TD3_Q2a3x64_1p_zeros
319,3973.0205065832683,1595000.0,HalfCheetah-v3,TD3_Q2a3x64_1p_zeros
320,6858.719305590783,1600000.0,HalfCheetah-v3,TD3_Q2a3x64_1p_zeros
321,6323.077291838349,1605000.0,HalfCheetah-v3,TD3_Q2a3x64_1p_zeros
322,5270.773558693474,1610000.0,HalfCheetah-v3,TD3_Q2a3x64_1p_zeros
323,4683.686012991509,1615000.0,HalfCheetah-v3,TD3_Q2a3x64_1p_zeros
324,3755.5606918491562,1620000.0,HalfCheetah-v3,TD3_Q2a3x64_1p_zeros
325,6685.498327342741,1625000.0,HalfCheetah-v3,TD3_Q2a3x64_1p_zeros
326,6263.751424428515,1630000.0,HalfCheetah-v3,TD3_Q2a3x64_1p_zeros
327,5479.3237275589045,1635000.0,HalfCheetah-v3,TD3_Q2a3x64_1p_zeros
328,4786.062260853422,1640000.0,HalfCheetah-v3,TD3_Q2a3x64_1p_zeros
329,4726.109716547496,1645000.0,HalfCheetah-v3,TD3_Q2a3x64_1p_zeros
330,6960.755656563163,1650000.0,HalfCheetah-v3,TD3_Q2a3x64_1p_zeros
331,6034.684803631202,1655000.0,HalfCheetah-v3,TD3_Q2a3x64_1p_zeros
332,5825.615942049717,1660000.0,HalfCheetah-v3,TD3_Q2a3x64_1p_zeros
333,4282.449770938234,1665000.0,HalfCheetah-v3,TD3_Q2a3x64_1p_zeros
334,3860.447122695702,1670000.0,HalfCheetah-v3,TD3_Q2a3x64_1p_zeros
335,6948.350280305551,1675000.0,HalfCheetah-v3,TD3_Q2a3x64_1p_zeros
336,6560.438886239482,1680000.0,HalfCheetah-v3,TD3_Q2a3x64_1p_zeros
337,6037.304937061229,1685000.0,HalfCheetah-v3,TD3_Q2a3x64_1p_zeros
338,5095.963806680207,1690000.0,HalfCheetah-v3,TD3_Q2a3x64_1p_zeros
339,5174.618997871711,1695000.0,HalfCheetah-v3,TD3_Q2a3x64_1p_zeros
340,6912.716076436464,1700000.0,HalfCheetah-v3,TD3_Q2a3x64_1p_zeros
341,6421.912866460672,1705000.0,HalfCheetah-v3,TD3_Q2a3x64_1p_zeros
342,5943.294118502337,1710000.0,HalfCheetah-v3,TD3_Q2a3x64_1p_zeros
343,4837.835057281607,1715000.0,HalfCheetah-v3,TD3_Q2a3x64_1p_zeros
344,3761.0219217409954,1720000.0,HalfCheetah-v3,TD3_Q2a3x64_1p_zeros
345,6501.279777599635,1725000.0,HalfCheetah-v3,TD3_Q2a3x64_1p_zeros
346,6331.64497963093,1730000.0,HalfCheetah-v3,TD3_Q2a3x64_1p_zeros
347,5953.772563220111,1735000.0,HalfCheetah-v3,TD3_Q2a3x64_1p_zeros
348,5463.536374008241,1740000.0,HalfCheetah-v3,TD3_Q2a3x64_1p_zeros
349,4621.352441506564,1745000.0,HalfCheetah-v3,TD3_Q2a3x64_1p_zeros
350,7084.5243069308835,1750000.0,HalfCheetah-v3,TD3_Q2a3x64_1p_zeros
351,6692.592867360302,1755000.0,HalfCheetah-v3,TD3_Q2a3x64_1p_zeros
352,6108.982322608962,1760000.0,HalfCheetah-v3,TD3_Q2a3x64_1p_zeros
353,4824.125539296683,1765000.0,HalfCheetah-v3,TD3_Q2a3x64_1p_zeros
354,4747.7958004701095,1770000.0,HalfCheetah-v3,TD3_Q2a3x64_1p_zeros
355,6993.222111006175,1775000.0,HalfCheetah-v3,TD3_Q2a3x64_1p_zeros
356,6591.0702606145815,1780000.0,HalfCheetah-v3,TD3_Q2a3x64_1p_zeros
357,6138.169813458619,1785000.0,HalfCheetah-v3,TD3_Q2a3x64_1p_zeros
358,5642.108720306363,1790000.0,HalfCheetah-v3,TD3_Q2a3x64_1p_zeros
359,5128.751923210206,1795000.0,HalfCheetah-v3,TD3_Q2a3x64_1p_zeros
360,6924.971873692521,1800000.0,HalfCheetah-v3,TD3_Q2a3x64_1p_zeros
361,6563.3707419639295,1805000.0,HalfCheetah-v3,TD3_Q2a3x64_1p_zeros
362,6091.788315737152,1810000.0,HalfCheetah-v3,TD3_Q2a3x64_1p_zeros
363,5484.8097762512925,1815000.0,HalfCheetah-v3,TD3_Q2a3x64_1p_zeros
364,4829.796183001717,1820000.0,HalfCheetah-v3,TD3_Q2a3x64_1p_zeros
365,7035.9124044861555,1825000.0,HalfCheetah-v3,TD3_Q2a3x64_1p_zeros
366,6535.203780716721,1830000.0,HalfCheetah-v3,TD3_Q2a3x64_1p_zeros
367,6092.448433095733,1835000.0,HalfCheetah-v3,TD3_Q2a3x64_1p_zeros
368,5528.942996265733,1840000.0,HalfCheetah-v3,TD3_Q2a3x64_1p_zeros
369,4868.395681671647,1845000.0,HalfCheetah-v3,TD3_Q2a3x64_1p_zeros
370,7184.243189814576,1850000.0,HalfCheetah-v3,TD3_Q2a3x64_1p_zeros
371,6613.539030915735,1855000.0,HalfCheetah-v3,TD3_Q2a3x64_1p_zeros
372,6067.596059928153,1860000.0,HalfCheetah-v3,TD3_Q2a3x64_1p_zeros
373,5617.383208940775,1865000.0,HalfCheetah-v3,TD3_Q2a3x64_1p_zeros
374,5047.870591029901,1870000.0,HalfCheetah-v3,TD3_Q2a3x64_1p_zeros
375,7383.922534201562,1875000.0,HalfCheetah-v3,TD3_Q2a3x64_1p_zeros
376,6766.265241567902,1880000.0,HalfCheetah-v3,TD3_Q2a3x64_1p_zeros
377,6265.206290791724,1885000.0,HalfCheetah-v3,TD3_Q2a3x64_1p_zeros
378,5641.735720629368,1890000.0,HalfCheetah-v3,TD3_Q2a3x64_1p_zeros
379,5091.701515329048,1895000.0,HalfCheetah-v3,TD3_Q2a3x64_1p_zeros
380,7013.6456386065865,1900000.0,HalfCheetah-v3,TD3_Q2a3x64_1p_zeros
381,6630.093769918056,1905000.0,HalfCheetah-v3,TD3_Q2a3x64_1p_zeros
382,6191.373817335301,1910000.0,HalfCheetah-v3,TD3_Q2a3x64_1p_zeros
383,5625.748079960723,1915000.0,HalfCheetah-v3,TD3_Q2a3x64_1p_zeros
384,5215.768468950699,1920000.0,HalfCheetah-v3,TD3_Q2a3x64_1p_zeros
385,7109.989829003772,1925000.0,HalfCheetah-v3,TD3_Q2a3x64_1p_zeros
386,6743.983612279549,1930000.0,HalfCheetah-v3,TD3_Q2a3x64_1p_zeros
387,6297.502495651495,1935000.0,HalfCheetah-v3,TD3_Q2a3x64_1p_zeros
388,5873.044038212413,1940000.0,HalfCheetah-v3,TD3_Q2a3x64_1p_zeros
389,5286.337682483536,1945000.0,HalfCheetah-v3,TD3_Q2a3x64_1p_zeros
390,7578.080496638837,1950000.0,HalfCheetah-v3,TD3_Q2a3x64_1p_zeros
391,7013.423342395778,1955000.0,HalfCheetah-v3,TD3_Q2a3x64_1p_zeros
392,6315.633513157661,1960000.0,HalfCheetah-v3,TD3_Q2a3x64_1p_zeros
393,5497.4346379572535,1965000.0,HalfCheetah-v3,TD3_Q2a3x64_1p_zeros
394,5156.881994996544,1970000.0,HalfCheetah-v3,TD3_Q2a3x64_1p_zeros
395,7407.4364436808755,1975000.0,HalfCheetah-v3,TD3_Q2a3x64_1p_zeros
396,6884.559458814552,1980000.0,HalfCheetah-v3,TD3_Q2a3x64_1p_zeros
397,5773.581458481134,1985000.0,HalfCheetah-v3,TD3_Q2a3x64_1p_zeros
398,4901.96696727318,1990000.0,HalfCheetah-v3,TD3_Q2a3x64_1p_zeros
399,4834.089708016339,1995000.0,HalfCheetah-v3,TD3_Q2a3x64_1p_zeros
400,7117.384246988557,2000000.0,HalfCheetah-v3,TD3_Q2a3x64_1p_zeros
401,6722.143253434626,2005000.0,HalfCheetah-v3,TD3_Q2a3x64_1p_zeros
402,6259.2644450824755,2010000.0,HalfCheetah-v3,TD3_Q2a3x64_1p_zeros
403,3996.312391070226,2015000.0,HalfCheetah-v3,TD3_Q2a3x64_1p_zeros
404,4390.343761359493,2020000.0,HalfCheetah-v3,TD3_Q2a3x64_1p_zeros
405,7130.519010974987,2025000.0,HalfCheetah-v3,TD3_Q2a3x64_1p_zeros
406,7010.155863770148,2030000.0,HalfCheetah-v3,TD3_Q2a3x64_1p_zeros
407,6458.038969933135,2035000.0,HalfCheetah-v3,TD3_Q2a3x64_1p_zeros
408,5349.735218523111,2040000.0,HalfCheetah-v3,TD3_Q2a3x64_1p_zeros
409,5110.261254917366,2045000.0,HalfCheetah-v3,TD3_Q2a3x64_1p_zeros
410,7349.688598323817,2050000.0,HalfCheetah-v3,TD3_Q2a3x64_1p_zeros
411,6845.088763859465,2055000.0,HalfCheetah-v3,TD3_Q2a3x64_1p_zeros
412,5963.705259800245,2060000.0,HalfCheetah-v3,TD3_Q2a3x64_1p_zeros
413,5097.415528168127,2065000.0,HalfCheetah-v3,TD3_Q2a3x64_1p_zeros
414,4883.105137240954,2070000.0,HalfCheetah-v3,TD3_Q2a3x64_1p_zeros
415,7348.5666836226355,2075000.0,HalfCheetah-v3,TD3_Q2a3x64_1p_zeros
416,6792.9431140166835,2080000.0,HalfCheetah-v3,TD3_Q2a3x64_1p_zeros
417,5794.879954508577,2085000.0,HalfCheetah-v3,TD3_Q2a3x64_1p_zeros
418,5526.822766395562,2090000.0,HalfCheetah-v3,TD3_Q2a3x64_1p_zeros
419,4461.494241026354,2095000.0,HalfCheetah-v3,TD3_Q2a3x64_1p_zeros
420,7418.284304981158,2100000.0,HalfCheetah-v3,TD3_Q2a3x64_1p_zeros
421,6997.603296704076,2105000.0,HalfCheetah-v3,TD3_Q2a3x64_1p_zeros
422,6476.970748649315,2110000.0,HalfCheetah-v3,TD3_Q2a3x64_1p_zeros
423,5651.64380514184,2115000.0,HalfCheetah-v3,TD3_Q2a3x64_1p_zeros
424,4918.640152875816,2120000.0,HalfCheetah-v3,TD3_Q2a3x64_1p_zeros
425,7448.390851113542,2125000.0,HalfCheetah-v3,TD3_Q2a3x64_1p_zeros
426,6900.434393748454,2130000.0,HalfCheetah-v3,TD3_Q2a3x64_1p_zeros
427,6224.839346379248,2135000.0,HalfCheetah-v3,TD3_Q2a3x64_1p_zeros
428,5820.947472940021,2140000.0,HalfCheetah-v3,TD3_Q2a3x64_1p_zeros
429,5299.930886293285,2145000.0,HalfCheetah-v3,TD3_Q2a3x64_1p_zeros
430,7361.892911505887,2150000.0,HalfCheetah-v3,TD3_Q2a3x64_1p_zeros
431,6915.153087963254,2155000.0,HalfCheetah-v3,TD3_Q2a3x64_1p_zeros
432,6408.633428934851,2160000.0,HalfCheetah-v3,TD3_Q2a3x64_1p_zeros
433,5807.649261317189,2165000.0,HalfCheetah-v3,TD3_Q2a3x64_1p_zeros
434,4465.707552947826,2170000.0,HalfCheetah-v3,TD3_Q2a3x64_1p_zeros
435,7474.10949330733,2175000.0,HalfCheetah-v3,TD3_Q2a3x64_1p_zeros
436,6716.1320877185135,2180000.0,HalfCheetah-v3,TD3_Q2a3x64_1p_zeros
437,6443.790320102715,2185000.0,HalfCheetah-v3,TD3_Q2a3x64_1p_zeros
438,5641.800461262661,2190000.0,HalfCheetah-v3,TD3_Q2a3x64_1p_zeros
439,5253.099126572759,2195000.0,HalfCheetah-v3,TD3_Q2a3x64_1p_zeros
440,7499.81435267403,2200000.0,HalfCheetah-v3,TD3_Q2a3x64_1p_zeros
441,7097.473478816018,2205000.0,HalfCheetah-v3,TD3_Q2a3x64_1p_zeros
442,6457.038015942274,2210000.0,HalfCheetah-v3,TD3_Q2a3x64_1p_zeros
443,5830.832622960361,2215000.0,HalfCheetah-v3,TD3_Q2a3x64_1p_zeros
444,4665.252991596689,2220000.0,HalfCheetah-v3,TD3_Q2a3x64_1p_zeros
445,7111.201858080518,2225000.0,HalfCheetah-v3,TD3_Q2a3x64_1p_zeros
446,6842.559056592167,2230000.0,HalfCheetah-v3,TD3_Q2a3x64_1p_zeros
447,6386.006213352301,2235000.0,HalfCheetah-v3,TD3_Q2a3x64_1p_zeros
448,6017.342967186121,2240000.0,HalfCheetah-v3,TD3_Q2a3x64_1p_zeros
449,4872.197927276178,2245000.0,HalfCheetah-v3,TD3_Q2a3x64_1p_zeros
450,7300.82896218568,2250000.0,HalfCheetah-v3,TD3_Q2a3x64_1p_zeros
451,6918.747553835095,2255000.0,HalfCheetah-v3,TD3_Q2a3x64_1p_zeros
452,6275.983704772434,2260000.0,HalfCheetah-v3,TD3_Q2a3x64_1p_zeros
453,5904.924254888787,2265000.0,HalfCheetah-v3,TD3_Q2a3x64_1p_zeros
454,5419.53265355007,2270000.0,HalfCheetah-v3,TD3_Q2a3x64_1p_zeros
455,7553.451250500299,2275000.0,HalfCheetah-v3,TD3_Q2a3x64_1p_zeros
456,7152.496294792449,2280000.0,HalfCheetah-v3,TD3_Q2a3x64_1p_zeros
457,6616.740852645899,2285000.0,HalfCheetah-v3,TD3_Q2a3x64_1p_zeros
458,5889.894839776523,2290000.0,HalfCheetah-v3,TD3_Q2a3x64_1p_zeros
459,5478.339676850548,2295000.0,HalfCheetah-v3,TD3_Q2a3x64_1p_zeros
460,7580.43498679242,2300000.0,HalfCheetah-v3,TD3_Q2a3x64_1p_zeros
461,7197.084811527629,2305000.0,HalfCheetah-v3,TD3_Q2a3x64_1p_zeros
462,6659.384480443693,2310000.0,HalfCheetah-v3,TD3_Q2a3x64_1p_zeros
463,5534.89400070654,2315000.0,HalfCheetah-v3,TD3_Q2a3x64_1p_zeros
464,4797.442485035729,2320000.0,HalfCheetah-v3,TD3_Q2a3x64_1p_zeros
465,7655.235633906867,2325000.0,HalfCheetah-v3,TD3_Q2a3x64_1p_zeros
466,7165.353327158268,2330000.0,HalfCheetah-v3,TD3_Q2a3x64_1p_zeros
467,6574.063467816597,2335000.0,HalfCheetah-v3,TD3_Q2a3x64_1p_zeros
468,6010.722148956302,2340000.0,HalfCheetah-v3,TD3_Q2a3x64_1p_zeros
469,5426.681623253468,2345000.0,HalfCheetah-v3,TD3_Q2a3x64_1p_zeros
470,7778.062724436037,2350000.0,HalfCheetah-v3,TD3_Q2a3x64_1p_zeros
471,7165.300450038757,2355000.0,HalfCheetah-v3,TD3_Q2a3x64_1p_zeros
472,6601.9439392699405,2360000.0,HalfCheetah-v3,TD3_Q2a3x64_1p_zeros
473,5947.812225846254,2365000.0,HalfCheetah-v3,TD3_Q2a3x64_1p_zeros
474,5389.112966308177,2370000.0,HalfCheetah-v3,TD3_Q2a3x64_1p_zeros
475,7862.935647147469,2375000.0,HalfCheetah-v3,TD3_Q2a3x64_1p_zeros
476,7240.191580346256,2380000.0,HalfCheetah-v3,TD3_Q2a3x64_1p_zeros
477,6208.154647365277,2385000.0,HalfCheetah-v3,TD3_Q2a3x64_1p_zeros
478,5547.350671593851,2390000.0,HalfCheetah-v3,TD3_Q2a3x64_1p_zeros
479,5206.488736963449,2395000.0,HalfCheetah-v3,TD3_Q2a3x64_1p_zeros
480,7751.608530636407,2400000.0,HalfCheetah-v3,TD3_Q2a3x64_1p_zeros
481,7219.352186002911,2405000.0,HalfCheetah-v3,TD3_Q2a3x64_1p_zeros
482,6689.315450538653,2410000.0,HalfCheetah-v3,TD3_Q2a3x64_1p_zeros
483,6026.169843270014,2415000.0,HalfCheetah-v3,TD3_Q2a3x64_1p_zeros
484,5309.990612616633,2420000.0,HalfCheetah-v3,TD3_Q2a3x64_1p_zeros
485,7540.459011611774,2425000.0,HalfCheetah-v3,TD3_Q2a3x64_1p_zeros
486,7154.1816380653645,2430000.0,HalfCheetah-v3,TD3_Q2a3x64_1p_zeros
487,6110.366048298648,2435000.0,HalfCheetah-v3,TD3_Q2a3x64_1p_zeros
488,5949.449514916652,2440000.0,HalfCheetah-v3,TD3_Q2a3x64_1p_zeros
489,5329.221932652626,2445000.0,HalfCheetah-v3,TD3_Q2a3x64_1p_zeros
490,7692.335759005917,2450000.0,HalfCheetah-v3,TD3_Q2a3x64_1p_zeros
491,7216.229063659455,2455000.0,HalfCheetah-v3,TD3_Q2a3x64_1p_zeros
492,6660.188475314055,2460000.0,HalfCheetah-v3,TD3_Q2a3x64_1p_zeros
493,5984.284008456807,2465000.0,HalfCheetah-v3,TD3_Q2a3x64_1p_zeros
494,5601.673005420357,2470000.0,HalfCheetah-v3,TD3_Q2a3x64_1p_zeros
495,7530.5861355948,2475000.0,HalfCheetah-v3,TD3_Q2a3x64_1p_zeros
496,6910.315840190835,2480000.0,HalfCheetah-v3,TD3_Q2a3x64_1p_zeros
497,6784.728109080524,2485000.0,HalfCheetah-v3,TD3_Q2a3x64_1p_zeros
498,5780.026801738166,2490000.0,HalfCheetah-v3,TD3_Q2a3x64_1p_zeros
499,5462.622911864939,2495000.0,HalfCheetah-v3,TD3_Q2a3x64_1p_zeros
500,7692.389332966881,2500000.0,HalfCheetah-v3,TD3_Q2a3x64_1p_zeros
501,7258.6942705891615,2505000.0,HalfCheetah-v3,TD3_Q2a3x64_1p_zeros
502,6725.570686236836,2510000.0,HalfCheetah-v3,TD3_Q2a3x64_1p_zeros
503,6046.088362472062,2515000.0,HalfCheetah-v3,TD3_Q2a3x64_1p_zeros
504,4553.435220867996,2520000.0,HalfCheetah-v3,TD3_Q2a3x64_1p_zeros
505,7486.008896842955,2525000.0,HalfCheetah-v3,TD3_Q2a3x64_1p_zeros
506,7063.558666205451,2530000.0,HalfCheetah-v3,TD3_Q2a3x64_1p_zeros
507,6535.295323080539,2535000.0,HalfCheetah-v3,TD3_Q2a3x64_1p_zeros
508,5588.1321546681975,2540000.0,HalfCheetah-v3,TD3_Q2a3x64_1p_zeros
509,5438.162013343815,2545000.0,HalfCheetah-v3,TD3_Q2a3x64_1p_zeros
510,7811.697464448329,2550000.0,HalfCheetah-v3,TD3_Q2a3x64_1p_zeros
511,7386.635545809753,2555000.0,HalfCheetah-v3,TD3_Q2a3x64_1p_zeros
512,6719.8393705467,2560000.0,HalfCheetah-v3,TD3_Q2a3x64_1p_zeros
513,6002.728946048093,2565000.0,HalfCheetah-v3,TD3_Q2a3x64_1p_zeros
514,5174.717536681053,2570000.0,HalfCheetah-v3,TD3_Q2a3x64_1p_zeros
515,7204.096678934007,2575000.0,HalfCheetah-v3,TD3_Q2a3x64_1p_zeros
516,7167.073689504286,2580000.0,HalfCheetah-v3,TD3_Q2a3x64_1p_zeros
517,6732.8983157040975,2585000.0,HalfCheetah-v3,TD3_Q2a3x64_1p_zeros
518,6140.10781611726,2590000.0,HalfCheetah-v3,TD3_Q2a3x64_1p_zeros
519,5725.61437889889,2595000.0,HalfCheetah-v3,TD3_Q2a3x64_1p_zeros
520,7591.778510962213,2600000.0,HalfCheetah-v3,TD3_Q2a3x64_1p_zeros
521,7204.126307049766,2605000.0,HalfCheetah-v3,TD3_Q2a3x64_1p_zeros
522,6769.024409683909,2610000.0,HalfCheetah-v3,TD3_Q2a3x64_1p_zeros
523,6149.333381362444,2615000.0,HalfCheetah-v3,TD3_Q2a3x64_1p_zeros
524,5724.159132030329,2620000.0,HalfCheetah-v3,TD3_Q2a3x64_1p_zeros
525,7787.264838082077,2625000.0,HalfCheetah-v3,TD3_Q2a3x64_1p_zeros
526,7080.63942114631,2630000.0,HalfCheetah-v3,TD3_Q2a3x64_1p_zeros
527,6802.469727693939,2635000.0,HalfCheetah-v3,TD3_Q2a3x64_1p_zeros
528,5385.640180905714,2640000.0,HalfCheetah-v3,TD3_Q2a3x64_1p_zeros
529,5638.749889526564,2645000.0,HalfCheetah-v3,TD3_Q2a3x64_1p_zeros
530,8053.195968489761,2650000.0,HalfCheetah-v3,TD3_Q2a3x64_1p_zeros
531,7539.873165371561,2655000.0,HalfCheetah-v3,TD3_Q2a3x64_1p_zeros
532,6881.930430689938,2660000.0,HalfCheetah-v3,TD3_Q2a3x64_1p_zeros
533,6226.3069975594135,2665000.0,HalfCheetah-v3,TD3_Q2a3x64_1p_zeros
534,5512.879582437647,2670000.0,HalfCheetah-v3,TD3_Q2a3x64_1p_zeros
535,8031.122140248944,2675000.0,HalfCheetah-v3,TD3_Q2a3x64_1p_zeros
536,7423.186160102325,2680000.0,HalfCheetah-v3,TD3_Q2a3x64_1p_zeros
537,6681.612559716681,2685000.0,HalfCheetah-v3,TD3_Q2a3x64_1p_zeros
538,6227.348468360187,2690000.0,HalfCheetah-v3,TD3_Q2a3x64_1p_zeros
539,5527.971858315691,2695000.0,HalfCheetah-v3,TD3_Q2a3x64_1p_zeros
540,7732.992362500791,2700000.0,HalfCheetah-v3,TD3_Q2a3x64_1p_zeros
541,7331.209073573486,2705000.0,HalfCheetah-v3,TD3_Q2a3x64_1p_zeros
542,6732.644774455902,2710000.0,HalfCheetah-v3,TD3_Q2a3x64_1p_zeros
543,5997.725377216764,2715000.0,HalfCheetah-v3,TD3_Q2a3x64_1p_zeros
544,5232.885523084097,2720000.0,HalfCheetah-v3,TD3_Q2a3x64_1p_zeros
545,8006.203668407483,2725000.0,HalfCheetah-v3,TD3_Q2a3x64_1p_zeros
546,7703.781980780933,2730000.0,HalfCheetah-v3,TD3_Q2a3x64_1p_zeros
547,7091.023416746614,2735000.0,HalfCheetah-v3,TD3_Q2a3x64_1p_zeros
548,6380.620880304194,2740000.0,HalfCheetah-v3,TD3_Q2a3x64_1p_zeros
549,5843.860419049133,2745000.0,HalfCheetah-v3,TD3_Q2a3x64_1p_zeros
550,7886.726538793545,2750000.0,HalfCheetah-v3,TD3_Q2a3x64_1p_zeros
551,7497.031563561895,2755000.0,HalfCheetah-v3,TD3_Q2a3x64_1p_zeros
552,6929.218226750223,2760000.0,HalfCheetah-v3,TD3_Q2a3x64_1p_zeros
553,6370.557045806852,2765000.0,HalfCheetah-v3,TD3_Q2a3x64_1p_zeros
554,5855.162594421091,2770000.0,HalfCheetah-v3,TD3_Q2a3x64_1p_zeros
555,8066.4012653358905,2775000.0,HalfCheetah-v3,TD3_Q2a3x64_1p_zeros
556,7561.141062877679,2780000.0,HalfCheetah-v3,TD3_Q2a3x64_1p_zeros
557,6906.271773174791,2785000.0,HalfCheetah-v3,TD3_Q2a3x64_1p_zeros
558,6302.909786358372,2790000.0,HalfCheetah-v3,TD3_Q2a3x64_1p_zeros
559,5821.309407731304,2795000.0,HalfCheetah-v3,TD3_Q2a3x64_1p_zeros
560,8025.614427751274,2800000.0,HalfCheetah-v3,TD3_Q2a3x64_1p_zeros
561,7519.726308100983,2805000.0,HalfCheetah-v3,TD3_Q2a3x64_1p_zeros
562,6961.055388495186,2810000.0,HalfCheetah-v3,TD3_Q2a3x64_1p_zeros
563,6325.450054137083,2815000.0,HalfCheetah-v3,TD3_Q2a3x64_1p_zeros
564,5619.141838649159,2820000.0,HalfCheetah-v3,TD3_Q2a3x64_1p_zeros
565,8096.500622335203,2825000.0,HalfCheetah-v3,TD3_Q2a3x64_1p_zeros
566,7754.24764602059,2830000.0,HalfCheetah-v3,TD3_Q2a3x64_1p_zeros
567,7083.454532060461,2835000.0,HalfCheetah-v3,TD3_Q2a3x64_1p_zeros
568,6457.2184091191275,2840000.0,HalfCheetah-v3,TD3_Q2a3x64_1p_zeros
569,5872.359617536383,2845000.0,HalfCheetah-v3,TD3_Q2a3x64_1p_zeros
570,8141.8328317331425,2850000.0,HalfCheetah-v3,TD3_Q2a3x64_1p_zeros
571,7732.137126815454,2855000.0,HalfCheetah-v3,TD3_Q2a3x64_1p_zeros
572,7166.210231441759,2860000.0,HalfCheetah-v3,TD3_Q2a3x64_1p_zeros
573,5284.685188918337,2865000.0,HalfCheetah-v3,TD3_Q2a3x64_1p_zeros
574,5935.508667205064,2870000.0,HalfCheetah-v3,TD3_Q2a3x64_1p_zeros
575,7914.650770649505,2875000.0,HalfCheetah-v3,TD3_Q2a3x64_1p_zeros
576,7580.660703905312,2880000.0,HalfCheetah-v3,TD3_Q2a3x64_1p_zeros
577,7032.861704821211,2885000.0,HalfCheetah-v3,TD3_Q2a3x64_1p_zeros
578,6448.891462846452,2890000.0,HalfCheetah-v3,TD3_Q2a3x64_1p_zeros
579,5984.735649770469,2895000.0,HalfCheetah-v3,TD3_Q2a3x64_1p_zeros
580,8177.643816272158,2900000.0,HalfCheetah-v3,TD3_Q2a3x64_1p_zeros
581,7739.05128349976,2905000.0,HalfCheetah-v3,TD3_Q2a3x64_1p_zeros
582,7002.40431658857,2910000.0,HalfCheetah-v3,TD3_Q2a3x64_1p_zeros
583,5897.964115141543,2915000.0,HalfCheetah-v3,TD3_Q2a3x64_1p_zeros
584,5359.353059740954,2920000.0,HalfCheetah-v3,TD3_Q2a3x64_1p_zeros
585,8187.455166553724,2925000.0,HalfCheetah-v3,TD3_Q2a3x64_1p_zeros
586,7733.756465542023,2930000.0,HalfCheetah-v3,TD3_Q2a3x64_1p_zeros
587,7238.281603021077,2935000.0,HalfCheetah-v3,TD3_Q2a3x64_1p_zeros
588,6435.106861862563,2940000.0,HalfCheetah-v3,TD3_Q2a3x64_1p_zeros
589,5778.641749928928,2945000.0,HalfCheetah-v3,TD3_Q2a3x64_1p_zeros
590,8053.898620492063,2950000.0,HalfCheetah-v3,TD3_Q2a3x64_1p_zeros
591,7653.392185541348,2955000.0,HalfCheetah-v3,TD3_Q2a3x64_1p_zeros
592,7099.850731110522,2960000.0,HalfCheetah-v3,TD3_Q2a3x64_1p_zeros
593,6464.455575258564,2965000.0,HalfCheetah-v3,TD3_Q2a3x64_1p_zeros
594,5892.873846450864,2970000.0,HalfCheetah-v3,TD3_Q2a3x64_1p_zeros
595,8051.380422121425,2975000.0,HalfCheetah-v3,TD3_Q2a3x64_1p_zeros
596,7640.119307130741,2980000.0,HalfCheetah-v3,TD3_Q2a3x64_1p_zeros
597,7007.162028908655,2985000.0,HalfCheetah-v3,TD3_Q2a3x64_1p_zeros
598,6465.030395132454,2990000.0,HalfCheetah-v3,TD3_Q2a3x64_1p_zeros
599,5868.564324863348,2995000.0,HalfCheetah-v3,TD3_Q2a3x64_1p_zeros
600,7943.004388024715,3000000.0,HalfCheetah-v3,TD3_Q2a3x64_1p_zeros
601,7703.392065322827,3005000.0,HalfCheetah-v3,TD3_Q2a3x64_1p_zeros
602,7060.115426142927,3010000.0,HalfCheetah-v3,TD3_Q2a3x64_1p_zeros
603,6179.20760524254,3015000.0,HalfCheetah-v3,TD3_Q2a3x64_1p_zeros
604,5773.097813629527,3020000.0,HalfCheetah-v3,TD3_Q2a3x64_1p_zeros
605,8124.01374480355,3025000.0,HalfCheetah-v3,TD3_Q2a3x64_1p_zeros
606,7629.998567527007,3030000.0,HalfCheetah-v3,TD3_Q2a3x64_1p_zeros
607,7010.1583575098575,3035000.0,HalfCheetah-v3,TD3_Q2a3x64_1p_zeros
608,6238.989376607029,3040000.0,HalfCheetah-v3,TD3_Q2a3x64_1p_zeros
609,5689.566820017794,3045000.0,HalfCheetah-v3,TD3_Q2a3x64_1p_zeros
610,8247.284734760291,3050000.0,HalfCheetah-v3,TD3_Q2a3x64_1p_zeros
611,7783.939175487321,3055000.0,HalfCheetah-v3,TD3_Q2a3x64_1p_zeros
612,7317.731603009425,3060000.0,HalfCheetah-v3,TD3_Q2a3x64_1p_zeros
613,6725.883534096562,3065000.0,HalfCheetah-v3,TD3_Q2a3x64_1p_zeros
614,6029.237572659226,3070000.0,HalfCheetah-v3,TD3_Q2a3x64_1p_zeros
615,8181.799587034424,3075000.0,HalfCheetah-v3,TD3_Q2a3x64_1p_zeros
616,7695.984651004641,3080000.0,HalfCheetah-v3,TD3_Q2a3x64_1p_zeros
617,7007.282295507946,3085000.0,HalfCheetah-v3,TD3_Q2a3x64_1p_zeros
618,5840.430007908222,3090000.0,HalfCheetah-v3,TD3_Q2a3x64_1p_zeros
619,5686.646828971114,3095000.0,HalfCheetah-v3,TD3_Q2a3x64_1p_zeros
620,8174.165792018929,3100000.0,HalfCheetah-v3,TD3_Q2a3x64_1p_zeros
621,7764.25950991714,3105000.0,HalfCheetah-v3,TD3_Q2a3x64_1p_zeros
622,7301.302452162772,3110000.0,HalfCheetah-v3,TD3_Q2a3x64_1p_zeros
623,6753.693798383923,3115000.0,HalfCheetah-v3,TD3_Q2a3x64_1p_zeros
624,5466.217000254988,3120000.0,HalfCheetah-v3,TD3_Q2a3x64_1p_zeros
625,8446.31374551916,3125000.0,HalfCheetah-v3,TD3_Q2a3x64_1p_zeros
626,7992.310551814165,3130000.0,HalfCheetah-v3,TD3_Q2a3x64_1p_zeros
627,7287.303438414361,3135000.0,HalfCheetah-v3,TD3_Q2a3x64_1p_zeros
628,6558.220090004143,3140000.0,HalfCheetah-v3,TD3_Q2a3x64_1p_zeros
629,5807.71279097092,3145000.0,HalfCheetah-v3,TD3_Q2a3x64_1p_zeros
630,8430.311953438524,3150000.0,HalfCheetah-v3,TD3_Q2a3x64_1p_zeros
631,8060.483458983539,3155000.0,HalfCheetah-v3,TD3_Q2a3x64_1p_zeros
632,7386.413460167957,3160000.0,HalfCheetah-v3,TD3_Q2a3x64_1p_zeros
633,6717.718094484958,3165000.0,HalfCheetah-v3,TD3_Q2a3x64_1p_zeros
634,5729.118844886723,3170000.0,HalfCheetah-v3,TD3_Q2a3x64_1p_zeros
635,8403.732274665063,3175000.0,HalfCheetah-v3,TD3_Q2a3x64_1p_zeros
636,7964.992932334455,3180000.0,HalfCheetah-v3,TD3_Q2a3x64_1p_zeros
637,6941.44450270892,3185000.0,HalfCheetah-v3,TD3_Q2a3x64_1p_zeros
638,6615.553425582786,3190000.0,HalfCheetah-v3,TD3_Q2a3x64_1p_zeros
639,5920.684540058926,3195000.0,HalfCheetah-v3,TD3_Q2a3x64_1p_zeros
640,8114.582830175404,3200000.0,HalfCheetah-v3,TD3_Q2a3x64_1p_zeros
641,7423.130306641577,3205000.0,HalfCheetah-v3,TD3_Q2a3x64_1p_zeros
642,7377.31867798989,3210000.0,HalfCheetah-v3,TD3_Q2a3x64_1p_zeros
643,6385.380415369031,3215000.0,HalfCheetah-v3,TD3_Q2a3x64_1p_zeros
644,5984.829800878541,3220000.0,HalfCheetah-v3,TD3_Q2a3x64_1p_zeros
645,8338.860984730136,3225000.0,HalfCheetah-v3,TD3_Q2a3x64_1p_zeros
646,7874.050469229635,3230000.0,HalfCheetah-v3,TD3_Q2a3x64_1p_zeros
647,7248.7885573495905,3235000.0,HalfCheetah-v3,TD3_Q2a3x64_1p_zeros
648,6620.8617916918665,3240000.0,HalfCheetah-v3,TD3_Q2a3x64_1p_zeros
649,6025.87350096113,3245000.0,HalfCheetah-v3,TD3_Q2a3x64_1p_zeros
650,8478.718985022622,3250000.0,HalfCheetah-v3,TD3_Q2a3x64_1p_zeros
651,8114.964819450502,3255000.0,HalfCheetah-v3,TD3_Q2a3x64_1p_zeros
652,7519.169453138847,3260000.0,HalfCheetah-v3,TD3_Q2a3x64_1p_zeros
653,6791.06025539065,3265000.0,HalfCheetah-v3,TD3_Q2a3x64_1p_zeros
654,5881.501414417135,3270000.0,HalfCheetah-v3,TD3_Q2a3x64_1p_zeros
655,8609.695367220773,3275000.0,HalfCheetah-v3,TD3_Q2a3x64_1p_zeros
656,8210.047719408945,3280000.0,HalfCheetah-v3,TD3_Q2a3x64_1p_zeros
657,7447.837314576624,3285000.0,HalfCheetah-v3,TD3_Q2a3x64_1p_zeros
658,6153.472660528773,3290000.0,HalfCheetah-v3,TD3_Q2a3x64_1p_zeros
659,6112.940839104084,3295000.0,HalfCheetah-v3,TD3_Q2a3x64_1p_zeros
660,8473.63715082916,3300000.0,HalfCheetah-v3,TD3_Q2a3x64_1p_zeros
661,7994.112270010455,3305000.0,HalfCheetah-v3,TD3_Q2a3x64_1p_zeros
662,7479.133078380672,3310000.0,HalfCheetah-v3,TD3_Q2a3x64_1p_zeros
663,6708.944728261149,3315000.0,HalfCheetah-v3,TD3_Q2a3x64_1p_zeros
664,5750.726671314193,3320000.0,HalfCheetah-v3,TD3_Q2a3x64_1p_zeros
665,8579.34679465957,3325000.0,HalfCheetah-v3,TD3_Q2a3x64_1p_zeros
666,7653.934526359335,3330000.0,HalfCheetah-v3,TD3_Q2a3x64_1p_zeros
667,7342.334908147162,3335000.0,HalfCheetah-v3,TD3_Q2a3x64_1p_zeros
668,6706.379666270164,3340000.0,HalfCheetah-v3,TD3_Q2a3x64_1p_zeros
669,6082.372976905436,3345000.0,HalfCheetah-v3,TD3_Q2a3x64_1p_zeros
670,8451.53311285129,3350000.0,HalfCheetah-v3,TD3_Q2a3x64_1p_zeros
671,8101.72358978095,3355000.0,HalfCheetah-v3,TD3_Q2a3x64_1p_zeros
672,7424.803502324413,3360000.0,HalfCheetah-v3,TD3_Q2a3x64_1p_zeros
673,6755.85908046104,3365000.0,HalfCheetah-v3,TD3_Q2a3x64_1p_zeros
674,6266.797843691774,3370000.0,HalfCheetah-v3,TD3_Q2a3x64_1p_zeros
675,8314.948247495455,3375000.0,HalfCheetah-v3,TD3_Q2a3x64_1p_zeros
676,7962.3855103867345,3380000.0,HalfCheetah-v3,TD3_Q2a3x64_1p_zeros
677,7216.089627457062,3385000.0,HalfCheetah-v3,TD3_Q2a3x64_1p_zeros
678,6615.293591818893,3390000.0,HalfCheetah-v3,TD3_Q2a3x64_1p_zeros
679,5360.278341922588,3395000.0,HalfCheetah-v3,TD3_Q2a3x64_1p_zeros
680,8321.479513197864,3400000.0,HalfCheetah-v3,TD3_Q2a3x64_1p_zeros
681,8043.702864334708,3405000.0,HalfCheetah-v3,TD3_Q2a3x64_1p_zeros
682,7503.257827896699,3410000.0,HalfCheetah-v3,TD3_Q2a3x64_1p_zeros
683,6823.998990857117,3415000.0,HalfCheetah-v3,TD3_Q2a3x64_1p_zeros
684,6230.262815554885,3420000.0,HalfCheetah-v3,TD3_Q2a3x64_1p_zeros
685,8658.405577863688,3425000.0,HalfCheetah-v3,TD3_Q2a3x64_1p_zeros
686,8187.282302271941,3430000.0,HalfCheetah-v3,TD3_Q2a3x64_1p_zeros
687,7613.207907419234,3435000.0,HalfCheetah-v3,TD3_Q2a3x64_1p_zeros
688,6602.0084981631735,3440000.0,HalfCheetah-v3,TD3_Q2a3x64_1p_zeros
689,6291.31053200901,3445000.0,HalfCheetah-v3,TD3_Q2a3x64_1p_zeros
690,8562.842276333444,3450000.0,HalfCheetah-v3,TD3_Q2a3x64_1p_zeros
691,7410.798865376471,3455000.0,HalfCheetah-v3,TD3_Q2a3x64_1p_zeros
692,7602.797710550576,3460000.0,HalfCheetah-v3,TD3_Q2a3x64_1p_zeros
693,6821.483480339906,3465000.0,HalfCheetah-v3,TD3_Q2a3x64_1p_zeros
694,6108.863486833488,3470000.0,HalfCheetah-v3,TD3_Q2a3x64_1p_zeros
695,8393.818638894383,3475000.0,HalfCheetah-v3,TD3_Q2a3x64_1p_zeros
696,8105.2798548761475,3480000.0,HalfCheetah-v3,TD3_Q2a3x64_1p_zeros
697,7609.197590072408,3485000.0,HalfCheetah-v3,TD3_Q2a3x64_1p_zeros
698,6991.002430166982,3490000.0,HalfCheetah-v3,TD3_Q2a3x64_1p_zeros
699,5800.046716372734,3495000.0,HalfCheetah-v3,TD3_Q2a3x64_1p_zeros
700,8458.814280352319,3500000.0,HalfCheetah-v3,TD3_Q2a3x64_1p_zeros
701,8071.847698494077,3505000.0,HalfCheetah-v3,TD3_Q2a3x64_1p_zeros
702,7542.403367861912,3510000.0,HalfCheetah-v3,TD3_Q2a3x64_1p_zeros
703,6978.934010776621,3515000.0,HalfCheetah-v3,TD3_Q2a3x64_1p_zeros
704,6040.44861443775,3520000.0,HalfCheetah-v3,TD3_Q2a3x64_1p_zeros
705,8594.079391233667,3525000.0,HalfCheetah-v3,TD3_Q2a3x64_1p_zeros
706,8047.828320193863,3530000.0,HalfCheetah-v3,TD3_Q2a3x64_1p_zeros
707,7340.178616560307,3535000.0,HalfCheetah-v3,TD3_Q2a3x64_1p_zeros
708,6735.283470273387,3540000.0,HalfCheetah-v3,TD3_Q2a3x64_1p_zeros
709,5900.099385529072,3545000.0,HalfCheetah-v3,TD3_Q2a3x64_1p_zeros
710,8728.427137942404,3550000.0,HalfCheetah-v3,TD3_Q2a3x64_1p_zeros
711,8256.301822658937,3555000.0,HalfCheetah-v3,TD3_Q2a3x64_1p_zeros
712,7743.428585620929,3560000.0,HalfCheetah-v3,TD3_Q2a3x64_1p_zeros
713,7074.853203016081,3565000.0,HalfCheetah-v3,TD3_Q2a3x64_1p_zeros
714,6531.753428781307,3570000.0,HalfCheetah-v3,TD3_Q2a3x64_1p_zeros
715,8514.268444438267,3575000.0,HalfCheetah-v3,TD3_Q2a3x64_1p_zeros
716,8079.518904998299,3580000.0,HalfCheetah-v3,TD3_Q2a3x64_1p_zeros
717,7587.470874621891,3585000.0,HalfCheetah-v3,TD3_Q2a3x64_1p_zeros
718,7022.769723488031,3590000.0,HalfCheetah-v3,TD3_Q2a3x64_1p_zeros
719,6325.892959591378,3595000.0,HalfCheetah-v3,TD3_Q2a3x64_1p_zeros
720,8597.336257066368,3600000.0,HalfCheetah-v3,TD3_Q2a3x64_1p_zeros
721,8261.21530373627,3605000.0,HalfCheetah-v3,TD3_Q2a3x64_1p_zeros
722,7698.225626409052,3610000.0,HalfCheetah-v3,TD3_Q2a3x64_1p_zeros
723,7064.066301825386,3615000.0,HalfCheetah-v3,TD3_Q2a3x64_1p_zeros
724,6383.087568576671,3620000.0,HalfCheetah-v3,TD3_Q2a3x64_1p_zeros
725,8769.758366783173,3625000.0,HalfCheetah-v3,TD3_Q2a3x64_1p_zeros
726,8331.171064435102,3630000.0,HalfCheetah-v3,TD3_Q2a3x64_1p_zeros
727,7085.428972076663,3635000.0,HalfCheetah-v3,TD3_Q2a3x64_1p_zeros
728,7144.574420507748,3640000.0,HalfCheetah-v3,TD3_Q2a3x64_1p_zeros
729,6563.8106068622565,3645000.0,HalfCheetah-v3,TD3_Q2a3x64_1p_zeros
730,8686.450351445385,3650000.0,HalfCheetah-v3,TD3_Q2a3x64_1p_zeros
731,8323.105013403145,3655000.0,HalfCheetah-v3,TD3_Q2a3x64_1p_zeros
732,7754.591680342897,3660000.0,HalfCheetah-v3,TD3_Q2a3x64_1p_zeros
733,7152.74092957497,3665000.0,HalfCheetah-v3,TD3_Q2a3x64_1p_zeros
734,6430.803665537613,3670000.0,HalfCheetah-v3,TD3_Q2a3x64_1p_zeros
735,8654.583151321754,3675000.0,HalfCheetah-v3,TD3_Q2a3x64_1p_zeros
736,8366.130116935563,3680000.0,HalfCheetah-v3,TD3_Q2a3x64_1p_zeros
737,7917.0112713840645,3685000.0,HalfCheetah-v3,TD3_Q2a3x64_1p_zeros
738,7153.069344566449,3690000.0,HalfCheetah-v3,TD3_Q2a3x64_1p_zeros
739,6498.82988861376,3695000.0,HalfCheetah-v3,TD3_Q2a3x64_1p_zeros
740,8543.59425760975,3700000.0,HalfCheetah-v3,TD3_Q2a3x64_1p_zeros
741,8176.507720541934,3705000.0,HalfCheetah-v3,TD3_Q2a3x64_1p_zeros
742,6881.558121392237,3710000.0,HalfCheetah-v3,TD3_Q2a3x64_1p_zeros
743,6347.193025880342,3715000.0,HalfCheetah-v3,TD3_Q2a3x64_1p_zeros
744,6161.108023975594,3720000.0,HalfCheetah-v3,TD3_Q2a3x64_1p_zeros
745,8797.456663321509,3725000.0,HalfCheetah-v3,TD3_Q2a3x64_1p_zeros
746,8299.498945656824,3730000.0,HalfCheetah-v3,TD3_Q2a3x64_1p_zeros
747,7766.08229365372,3735000.0,HalfCheetah-v3,TD3_Q2a3x64_1p_zeros
748,7124.894235076945,3740000.0,HalfCheetah-v3,TD3_Q2a3x64_1p_zeros
749,6431.43583428794,3745000.0,HalfCheetah-v3,TD3_Q2a3x64_1p_zeros
750,8799.684463789603,3750000.0,HalfCheetah-v3,TD3_Q2a3x64_1p_zeros
751,8412.765789686937,3755000.0,HalfCheetah-v3,TD3_Q2a3x64_1p_zeros
752,7838.381651551528,3760000.0,HalfCheetah-v3,TD3_Q2a3x64_1p_zeros
753,7232.340628071232,3765000.0,HalfCheetah-v3,TD3_Q2a3x64_1p_zeros
754,6427.73126765065,3770000.0,HalfCheetah-v3,TD3_Q2a3x64_1p_zeros
755,8673.6855120597,3775000.0,HalfCheetah-v3,TD3_Q2a3x64_1p_zeros
756,8477.899494283542,3780000.0,HalfCheetah-v3,TD3_Q2a3x64_1p_zeros
757,7712.928353988919,3785000.0,HalfCheetah-v3,TD3_Q2a3x64_1p_zeros
758,6993.415439741979,3790000.0,HalfCheetah-v3,TD3_Q2a3x64_1p_zeros
759,5989.745904562928,3795000.0,HalfCheetah-v3,TD3_Q2a3x64_1p_zeros
760,8831.794447071135,3800000.0,HalfCheetah-v3,TD3_Q2a3x64_1p_zeros
761,8435.595378917016,3805000.0,HalfCheetah-v3,TD3_Q2a3x64_1p_zeros
762,7864.273933241688,3810000.0,HalfCheetah-v3,TD3_Q2a3x64_1p_zeros
763,7272.973019498348,3815000.0,HalfCheetah-v3,TD3_Q2a3x64_1p_zeros
764,6578.836490291568,3820000.0,HalfCheetah-v3,TD3_Q2a3x64_1p_zeros
765,8862.405816811397,3825000.0,HalfCheetah-v3,TD3_Q2a3x64_1p_zeros
766,8442.302973381225,3830000.0,HalfCheetah-v3,TD3_Q2a3x64_1p_zeros
767,7733.308509298964,3835000.0,HalfCheetah-v3,TD3_Q2a3x64_1p_zeros
768,7203.9696271542025,3840000.0,HalfCheetah-v3,TD3_Q2a3x64_1p_zeros
769,6338.335855545371,3845000.0,HalfCheetah-v3,TD3_Q2a3x64_1p_zeros
770,8792.537120167104,3850000.0,HalfCheetah-v3,TD3_Q2a3x64_1p_zeros
771,8489.581596750011,3855000.0,HalfCheetah-v3,TD3_Q2a3x64_1p_zeros
772,7892.142770943686,3860000.0,HalfCheetah-v3,TD3_Q2a3x64_1p_zeros
773,6903.124906340364,3865000.0,HalfCheetah-v3,TD3_Q2a3x64_1p_zeros
774,6446.951785396259,3870000.0,HalfCheetah-v3,TD3_Q2a3x64_1p_zeros
775,8877.217988396847,3875000.0,HalfCheetah-v3,TD3_Q2a3x64_1p_zeros
776,8468.429642033112,3880000.0,HalfCheetah-v3,TD3_Q2a3x64_1p_zeros
777,7944.550291709468,3885000.0,HalfCheetah-v3,TD3_Q2a3x64_1p_zeros
778,7197.17635810732,3890000.0,HalfCheetah-v3,TD3_Q2a3x64_1p_zeros
779,6611.073236567727,3895000.0,HalfCheetah-v3,TD3_Q2a3x64_1p_zeros
780,8872.404709007587,3900000.0,HalfCheetah-v3,TD3_Q2a3x64_1p_zeros
781,8347.191586157436,3905000.0,HalfCheetah-v3,TD3_Q2a3x64_1p_zeros
782,7857.075634751161,3910000.0,HalfCheetah-v3,TD3_Q2a3x64_1p_zeros
783,7198.868492419887,3915000.0,HalfCheetah-v3,TD3_Q2a3x64_1p_zeros
784,6455.205356566036,3920000.0,HalfCheetah-v3,TD3_Q2a3x64_1p_zeros
785,8945.65983132914,3925000.0,HalfCheetah-v3,TD3_Q2a3x64_1p_zeros
786,8537.661923698248,3930000.0,HalfCheetah-v3,TD3_Q2a3x64_1p_zeros
787,7915.4515708287845,3935000.0,HalfCheetah-v3,TD3_Q2a3x64_1p_zeros
788,7371.570349603989,3940000.0,HalfCheetah-v3,TD3_Q2a3x64_1p_zeros
789,6640.519674217893,3945000.0,HalfCheetah-v3,TD3_Q2a3x64_1p_zeros
790,8847.146943486558,3950000.0,HalfCheetah-v3,TD3_Q2a3x64_1p_zeros
791,8514.52190968808,3955000.0,HalfCheetah-v3,TD3_Q2a3x64_1p_zeros
792,7965.122558404864,3960000.0,HalfCheetah-v3,TD3_Q2a3x64_1p_zeros
793,7137.483070074044,3965000.0,HalfCheetah-v3,TD3_Q2a3x64_1p_zeros
794,6515.620843410705,3970000.0,HalfCheetah-v3,TD3_Q2a3x64_1p_zeros
795,8958.58222270892,3975000.0,HalfCheetah-v3,TD3_Q2a3x64_1p_zeros
796,8525.495356693078,3980000.0,HalfCheetah-v3,TD3_Q2a3x64_1p_zeros
797,7972.681517095354,3985000.0,HalfCheetah-v3,TD3_Q2a3x64_1p_zeros
798,7281.147986119429,3990000.0,HalfCheetah-v3,TD3_Q2a3x64_1p_zeros
799,6639.516119399654,3995000.0,HalfCheetah-v3,TD3_Q2a3x64_1p_zeros
800,8994.65816276814,4000000.0,HalfCheetah-v3,TD3_Q2a3x64_1p_zeros
801,8547.599335566721,4005000.0,HalfCheetah-v3,TD3_Q2a3x64_1p_zeros
802,7875.808694226279,4010000.0,HalfCheetah-v3,TD3_Q2a3x64_1p_zeros
803,7261.898274416632,4015000.0,HalfCheetah-v3,TD3_Q2a3x64_1p_zeros
804,6468.079444949898,4020000.0,HalfCheetah-v3,TD3_Q2a3x64_1p_zeros
805,8959.741599870556,4025000.0,HalfCheetah-v3,TD3_Q2a3x64_1p_zeros
806,8495.115226100552,4030000.0,HalfCheetah-v3,TD3_Q2a3x64_1p_zeros
807,7905.672593916813,4035000.0,HalfCheetah-v3,TD3_Q2a3x64_1p_zeros
808,6993.654038894519,4040000.0,HalfCheetah-v3,TD3_Q2a3x64_1p_zeros
809,6454.741927045665,4045000.0,HalfCheetah-v3,TD3_Q2a3x64_1p_zeros
810,8852.225001855739,4050000.0,HalfCheetah-v3,TD3_Q2a3x64_1p_zeros
811,8571.92153372889,4055000.0,HalfCheetah-v3,TD3_Q2a3x64_1p_zeros
812,8036.983906051205,4060000.0,HalfCheetah-v3,TD3_Q2a3x64_1p_zeros
813,7428.880339394654,4065000.0,HalfCheetah-v3,TD3_Q2a3x64_1p_zeros
814,6797.134321124546,4070000.0,HalfCheetah-v3,TD3_Q2a3x64_1p_zeros
815,8973.739713708766,4075000.0,HalfCheetah-v3,TD3_Q2a3x64_1p_zeros
816,8536.465105528392,4080000.0,HalfCheetah-v3,TD3_Q2a3x64_1p_zeros
817,7955.793822587948,4085000.0,HalfCheetah-v3,TD3_Q2a3x64_1p_zeros
818,7019.733200097815,4090000.0,HalfCheetah-v3,TD3_Q2a3x64_1p_zeros
819,5916.290828644358,4095000.0,HalfCheetah-v3,TD3_Q2a3x64_1p_zeros
820,9024.158064113868,4100000.0,HalfCheetah-v3,TD3_Q2a3x64_1p_zeros
821,8612.070837244017,4105000.0,HalfCheetah-v3,TD3_Q2a3x64_1p_zeros
822,8013.3691576763795,4110000.0,HalfCheetah-v3,TD3_Q2a3x64_1p_zeros
823,7300.701753028299,4115000.0,HalfCheetah-v3,TD3_Q2a3x64_1p_zeros
824,6060.577875343676,4120000.0,HalfCheetah-v3,TD3_Q2a3x64_1p_zeros
825,8839.245749680555,4125000.0,HalfCheetah-v3,TD3_Q2a3x64_1p_zeros
826,8513.022318223915,4130000.0,HalfCheetah-v3,TD3_Q2a3x64_1p_zeros
827,7831.193353860195,4135000.0,HalfCheetah-v3,TD3_Q2a3x64_1p_zeros
828,7260.482788619569,4140000.0,HalfCheetah-v3,TD3_Q2a3x64_1p_zeros
829,6444.3544615666015,4145000.0,HalfCheetah-v3,TD3_Q2a3x64_1p_zeros
830,8866.45652024282,4150000.0,HalfCheetah-v3,TD3_Q2a3x64_1p_zeros
831,8631.937892506623,4155000.0,HalfCheetah-v3,TD3_Q2a3x64_1p_zeros
832,7885.338232250135,4160000.0,HalfCheetah-v3,TD3_Q2a3x64_1p_zeros
833,7345.021630704912,4165000.0,HalfCheetah-v3,TD3_Q2a3x64_1p_zeros
834,6652.373070093177,4170000.0,HalfCheetah-v3,TD3_Q2a3x64_1p_zeros
835,9031.50896892187,4175000.0,HalfCheetah-v3,TD3_Q2a3x64_1p_zeros
836,8576.554765849582,4180000.0,HalfCheetah-v3,TD3_Q2a3x64_1p_zeros
837,7909.3008099701065,4185000.0,HalfCheetah-v3,TD3_Q2a3x64_1p_zeros
838,7322.737179547437,4190000.0,HalfCheetah-v3,TD3_Q2a3x64_1p_zeros
839,6534.332424965183,4195000.0,HalfCheetah-v3,TD3_Q2a3x64_1p_zeros
840,8995.517563020865,4200000.0,HalfCheetah-v3,TD3_Q2a3x64_1p_zeros
841,8402.532338897883,4205000.0,HalfCheetah-v3,TD3_Q2a3x64_1p_zeros
842,7973.300176133227,4210000.0,HalfCheetah-v3,TD3_Q2a3x64_1p_zeros
843,7305.806708969707,4215000.0,HalfCheetah-v3,TD3_Q2a3x64_1p_zeros
844,6582.865097017445,4220000.0,HalfCheetah-v3,TD3_Q2a3x64_1p_zeros
845,8871.624756383748,4225000.0,HalfCheetah-v3,TD3_Q2a3x64_1p_zeros
846,8529.47612607574,4230000.0,HalfCheetah-v3,TD3_Q2a3x64_1p_zeros
847,8126.321112935829,4235000.0,HalfCheetah-v3,TD3_Q2a3x64_1p_zeros
848,7512.717079869051,4240000.0,HalfCheetah-v3,TD3_Q2a3x64_1p_zeros
849,6914.576571372721,4245000.0,HalfCheetah-v3,TD3_Q2a3x64_1p_zeros
850,9024.377317071288,4250000.0,HalfCheetah-v3,TD3_Q2a3x64_1p_zeros
851,8651.608581385435,4255000.0,HalfCheetah-v3,TD3_Q2a3x64_1p_zeros
852,8146.718916058051,4260000.0,HalfCheetah-v3,TD3_Q2a3x64_1p_zeros
853,7305.884390243662,4265000.0,HalfCheetah-v3,TD3_Q2a3x64_1p_zeros
854,6644.309473941578,4270000.0,HalfCheetah-v3,TD3_Q2a3x64_1p_zeros
855,9019.130564696461,4275000.0,HalfCheetah-v3,TD3_Q2a3x64_1p_zeros
856,8541.718529284817,4280000.0,HalfCheetah-v3,TD3_Q2a3x64_1p_zeros
857,7972.137360262462,4285000.0,HalfCheetah-v3,TD3_Q2a3x64_1p_zeros
858,7090.720934964871,4290000.0,HalfCheetah-v3,TD3_Q2a3x64_1p_zeros
859,6421.461035034359,4295000.0,HalfCheetah-v3,TD3_Q2a3x64_1p_zeros
860,9053.879545473643,4300000.0,HalfCheetah-v3,TD3_Q2a3x64_1p_zeros
861,8672.119781138324,4305000.0,HalfCheetah-v3,TD3_Q2a3x64_1p_zeros
862,8198.510398187762,4310000.0,HalfCheetah-v3,TD3_Q2a3x64_1p_zeros
863,7487.065965464148,4315000.0,HalfCheetah-v3,TD3_Q2a3x64_1p_zeros
864,6736.055992924266,4320000.0,HalfCheetah-v3,TD3_Q2a3x64_1p_zeros
865,8943.551659881618,4325000.0,HalfCheetah-v3,TD3_Q2a3x64_1p_zeros
866,8582.521789552786,4330000.0,HalfCheetah-v3,TD3_Q2a3x64_1p_zeros
867,7941.02735159804,4335000.0,HalfCheetah-v3,TD3_Q2a3x64_1p_zeros
868,7457.936203057534,4340000.0,HalfCheetah-v3,TD3_Q2a3x64_1p_zeros
869,6799.555074604333,4345000.0,HalfCheetah-v3,TD3_Q2a3x64_1p_zeros
870,9099.127786141105,4350000.0,HalfCheetah-v3,TD3_Q2a3x64_1p_zeros
871,8682.904776091505,4355000.0,HalfCheetah-v3,TD3_Q2a3x64_1p_zeros
872,8229.200895555665,4360000.0,HalfCheetah-v3,TD3_Q2a3x64_1p_zeros
873,7591.308714504652,4365000.0,HalfCheetah-v3,TD3_Q2a3x64_1p_zeros
874,6880.385258591569,4370000.0,HalfCheetah-v3,TD3_Q2a3x64_1p_zeros
875,9090.037684644554,4375000.0,HalfCheetah-v3,TD3_Q2a3x64_1p_zeros
876,8745.776365092908,4380000.0,HalfCheetah-v3,TD3_Q2a3x64_1p_zeros
877,8263.061544588487,4385000.0,HalfCheetah-v3,TD3_Q2a3x64_1p_zeros
878,7508.361891671748,4390000.0,HalfCheetah-v3,TD3_Q2a3x64_1p_zeros
879,6826.365162197313,4395000.0,HalfCheetah-v3,TD3_Q2a3x64_1p_zeros
880,9020.184913147883,4400000.0,HalfCheetah-v3,TD3_Q2a3x64_1p_zeros
881,8750.213604068738,4405000.0,HalfCheetah-v3,TD3_Q2a3x64_1p_zeros
882,8255.713047153691,4410000.0,HalfCheetah-v3,TD3_Q2a3x64_1p_zeros
883,7506.014441799479,4415000.0,HalfCheetah-v3,TD3_Q2a3x64_1p_zeros
884,6927.5417629939375,4420000.0,HalfCheetah-v3,TD3_Q2a3x64_1p_zeros
885,9060.916214284154,4425000.0,HalfCheetah-v3,TD3_Q2a3x64_1p_zeros
886,8608.030475921614,4430000.0,HalfCheetah-v3,TD3_Q2a3x64_1p_zeros
887,7319.294624113476,4435000.0,HalfCheetah-v3,TD3_Q2a3x64_1p_zeros
888,7309.776937624248,4440000.0,HalfCheetah-v3,TD3_Q2a3x64_1p_zeros
889,6681.1786746724365,4445000.0,HalfCheetah-v3,TD3_Q2a3x64_1p_zeros
890,9104.423655409333,4450000.0,HalfCheetah-v3,TD3_Q2a3x64_1p_zeros
891,8719.006277992892,4455000.0,HalfCheetah-v3,TD3_Q2a3x64_1p_zeros
892,8260.848619949033,4460000.0,HalfCheetah-v3,TD3_Q2a3x64_1p_zeros
893,6866.761425867642,4465000.0,HalfCheetah-v3,TD3_Q2a3x64_1p_zeros
894,6845.5497470049795,4470000.0,HalfCheetah-v3,TD3_Q2a3x64_1p_zeros
895,9228.564926942829,4475000.0,HalfCheetah-v3,TD3_Q2a3x64_1p_zeros
896,8868.344405295678,4480000.0,HalfCheetah-v3,TD3_Q2a3x64_1p_zeros
897,8256.462714646172,4485000.0,HalfCheetah-v3,TD3_Q2a3x64_1p_zeros
898,7605.933296594029,4490000.0,HalfCheetah-v3,TD3_Q2a3x64_1p_zeros
899,6984.059933056694,4495000.0,HalfCheetah-v3,TD3_Q2a3x64_1p_zeros
900,9131.913524176649,4500000.0,HalfCheetah-v3,TD3_Q2a3x64_1p_zeros
901,8688.431066404079,4505000.0,HalfCheetah-v3,TD3_Q2a3x64_1p_zeros
902,8090.932905015208,4510000.0,HalfCheetah-v3,TD3_Q2a3x64_1p_zeros
903,7457.451204741876,4515000.0,HalfCheetah-v3,TD3_Q2a3x64_1p_zeros
904,6679.6287944547,4520000.0,HalfCheetah-v3,TD3_Q2a3x64_1p_zeros
905,9079.982054246928,4525000.0,HalfCheetah-v3,TD3_Q2a3x64_1p_zeros
906,8771.172441603263,4530000.0,HalfCheetah-v3,TD3_Q2a3x64_1p_zeros
907,8244.045971521042,4535000.0,HalfCheetah-v3,TD3_Q2a3x64_1p_zeros
908,7544.882057737969,4540000.0,HalfCheetah-v3,TD3_Q2a3x64_1p_zeros
909,6389.610083215341,4545000.0,HalfCheetah-v3,TD3_Q2a3x64_1p_zeros
910,9206.843286112713,4550000.0,HalfCheetah-v3,TD3_Q2a3x64_1p_zeros
911,8790.238410467016,4555000.0,HalfCheetah-v3,TD3_Q2a3x64_1p_zeros
912,8198.949652189534,4560000.0,HalfCheetah-v3,TD3_Q2a3x64_1p_zeros
913,7593.888491901804,4565000.0,HalfCheetah-v3,TD3_Q2a3x64_1p_zeros
914,6874.1413051965965,4570000.0,HalfCheetah-v3,TD3_Q2a3x64_1p_zeros
915,9190.103015736247,4575000.0,HalfCheetah-v3,TD3_Q2a3x64_1p_zeros
916,8720.46960794857,4580000.0,HalfCheetah-v3,TD3_Q2a3x64_1p_zeros
917,8134.823528323192,4585000.0,HalfCheetah-v3,TD3_Q2a3x64_1p_zeros
918,7406.5386118319675,4590000.0,HalfCheetah-v3,TD3_Q2a3x64_1p_zeros
919,6640.680896251675,4595000.0,HalfCheetah-v3,TD3_Q2a3x64_1p_zeros
920,9302.680015803937,4600000.0,HalfCheetah-v3,TD3_Q2a3x64_1p_zeros
921,8802.294705234937,4605000.0,HalfCheetah-v3,TD3_Q2a3x64_1p_zeros
922,8305.834019182035,4610000.0,HalfCheetah-v3,TD3_Q2a3x64_1p_zeros
923,7695.080099193098,4615000.0,HalfCheetah-v3,TD3_Q2a3x64_1p_zeros
924,7040.451444977292,4620000.0,HalfCheetah-v3,TD3_Q2a3x64_1p_zeros
925,9191.21970582621,4625000.0,HalfCheetah-v3,TD3_Q2a3x64_1p_zeros
926,8701.671767526705,4630000.0,HalfCheetah-v3,TD3_Q2a3x64_1p_zeros
927,8128.023882695282,4635000.0,HalfCheetah-v3,TD3_Q2a3x64_1p_zeros
928,7633.297061222312,4640000.0,HalfCheetah-v3,TD3_Q2a3x64_1p_zeros
929,6948.291067451442,4645000.0,HalfCheetah-v3,TD3_Q2a3x64_1p_zeros
930,9191.655611296906,4650000.0,HalfCheetah-v3,TD3_Q2a3x64_1p_zeros
931,8773.366926547598,4655000.0,HalfCheetah-v3,TD3_Q2a3x64_1p_zeros
932,8163.479007543149,4660000.0,HalfCheetah-v3,TD3_Q2a3x64_1p_zeros
933,7530.473762491825,4665000.0,HalfCheetah-v3,TD3_Q2a3x64_1p_zeros
934,6781.569959533636,4670000.0,HalfCheetah-v3,TD3_Q2a3x64_1p_zeros
935,9099.071363783996,4675000.0,HalfCheetah-v3,TD3_Q2a3x64_1p_zeros
936,8645.635526368475,4680000.0,HalfCheetah-v3,TD3_Q2a3x64_1p_zeros
937,8227.76733253737,4685000.0,HalfCheetah-v3,TD3_Q2a3x64_1p_zeros
938,7715.944557323504,4690000.0,HalfCheetah-v3,TD3_Q2a3x64_1p_zeros
939,6821.208152462947,4695000.0,HalfCheetah-v3,TD3_Q2a3x64_1p_zeros
940,9106.087558932866,4700000.0,HalfCheetah-v3,TD3_Q2a3x64_1p_zeros
941,8794.08910739683,4705000.0,HalfCheetah-v3,TD3_Q2a3x64_1p_zeros
942,8248.355847907369,4710000.0,HalfCheetah-v3,TD3_Q2a3x64_1p_zeros
943,7629.99057146828,4715000.0,HalfCheetah-v3,TD3_Q2a3x64_1p_zeros
944,7093.551233973832,4720000.0,HalfCheetah-v3,TD3_Q2a3x64_1p_zeros
945,9315.942922017039,4725000.0,HalfCheetah-v3,TD3_Q2a3x64_1p_zeros
946,8896.046103014898,4730000.0,HalfCheetah-v3,TD3_Q2a3x64_1p_zeros
947,8187.661981660838,4735000.0,HalfCheetah-v3,TD3_Q2a3x64_1p_zeros
948,7480.301336128413,4740000.0,HalfCheetah-v3,TD3_Q2a3x64_1p_zeros
949,6703.609738533238,4745000.0,HalfCheetah-v3,TD3_Q2a3x64_1p_zeros
950,9208.844157041869,4750000.0,HalfCheetah-v3,TD3_Q2a3x64_1p_zeros
951,8868.098038328748,4755000.0,HalfCheetah-v3,TD3_Q2a3x64_1p_zeros
952,8368.829871097538,4760000.0,HalfCheetah-v3,TD3_Q2a3x64_1p_zeros
953,7667.647774879355,4765000.0,HalfCheetah-v3,TD3_Q2a3x64_1p_zeros
954,6932.648698584943,4770000.0,HalfCheetah-v3,TD3_Q2a3x64_1p_zeros
955,9045.169203158332,4775000.0,HalfCheetah-v3,TD3_Q2a3x64_1p_zeros
956,8715.211480883228,4780000.0,HalfCheetah-v3,TD3_Q2a3x64_1p_zeros
957,7860.984933285932,4785000.0,HalfCheetah-v3,TD3_Q2a3x64_1p_zeros
958,7589.180675807909,4790000.0,HalfCheetah-v3,TD3_Q2a3x64_1p_zeros
959,7059.469970927766,4795000.0,HalfCheetah-v3,TD3_Q2a3x64_1p_zeros
960,9270.735777887287,4800000.0,HalfCheetah-v3,TD3_Q2a3x64_1p_zeros
961,9034.242396279094,4805000.0,HalfCheetah-v3,TD3_Q2a3x64_1p_zeros
962,8358.979153928778,4810000.0,HalfCheetah-v3,TD3_Q2a3x64_1p_zeros
963,7608.985238592411,4815000.0,HalfCheetah-v3,TD3_Q2a3x64_1p_zeros
964,6987.233962636252,4820000.0,HalfCheetah-v3,TD3_Q2a3x64_1p_zeros
965,9184.853311758889,4825000.0,HalfCheetah-v3,TD3_Q2a3x64_1p_zeros
966,8841.88249034506,4830000.0,HalfCheetah-v3,TD3_Q2a3x64_1p_zeros
967,8203.44281088208,4835000.0,HalfCheetah-v3,TD3_Q2a3x64_1p_zeros
968,7492.2316967147835,4840000.0,HalfCheetah-v3,TD3_Q2a3x64_1p_zeros
969,6187.424848582699,4845000.0,HalfCheetah-v3,TD3_Q2a3x64_1p_zeros
970,9279.164584871114,4850000.0,HalfCheetah-v3,TD3_Q2a3x64_1p_zeros
971,8888.361557108301,4855000.0,HalfCheetah-v3,TD3_Q2a3x64_1p_zeros
972,8418.085191184491,4860000.0,HalfCheetah-v3,TD3_Q2a3x64_1p_zeros
973,7790.572176739229,4865000.0,HalfCheetah-v3,TD3_Q2a3x64_1p_zeros
974,7165.15000526981,4870000.0,HalfCheetah-v3,TD3_Q2a3x64_1p_zeros
975,9345.445492930232,4875000.0,HalfCheetah-v3,TD3_Q2a3x64_1p_zeros
976,8933.655761167753,4880000.0,HalfCheetah-v3,TD3_Q2a3x64_1p_zeros
977,8425.95356394353,4885000.0,HalfCheetah-v3,TD3_Q2a3x64_1p_zeros
978,7803.740079223865,4890000.0,HalfCheetah-v3,TD3_Q2a3x64_1p_zeros
979,6993.297809060171,4895000.0,HalfCheetah-v3,TD3_Q2a3x64_1p_zeros
980,9325.130871972517,4900000.0,HalfCheetah-v3,TD3_Q2a3x64_1p_zeros
981,8973.204360866635,4905000.0,HalfCheetah-v3,TD3_Q2a3x64_1p_zeros
982,8423.867361669725,4910000.0,HalfCheetah-v3,TD3_Q2a3x64_1p_zeros
983,7822.307864352105,4915000.0,HalfCheetah-v3,TD3_Q2a3x64_1p_zeros
984,7142.736440993904,4920000.0,HalfCheetah-v3,TD3_Q2a3x64_1p_zeros
985,9117.661027665536,4925000.0,HalfCheetah-v3,TD3_Q2a3x64_1p_zeros
986,8720.792268170819,4930000.0,HalfCheetah-v3,TD3_Q2a3x64_1p_zeros
987,8247.247325995259,4935000.0,HalfCheetah-v3,TD3_Q2a3x64_1p_zeros
988,7475.4538478585255,4940000.0,HalfCheetah-v3,TD3_Q2a3x64_1p_zeros
989,6051.328337945253,4945000.0,HalfCheetah-v3,TD3_Q2a3x64_1p_zeros
990,9119.335892462952,4950000.0,HalfCheetah-v3,TD3_Q2a3x64_1p_zeros
991,8723.020698238473,4955000.0,HalfCheetah-v3,TD3_Q2a3x64_1p_zeros
992,8085.448335628358,4960000.0,HalfCheetah-v3,TD3_Q2a3x64_1p_zeros
993,7471.539000381372,4965000.0,HalfCheetah-v3,TD3_Q2a3x64_1p_zeros
994,6671.460653672153,4970000.0,HalfCheetah-v3,TD3_Q2a3x64_1p_zeros
995,9312.985322801036,4975000.0,HalfCheetah-v3,TD3_Q2a3x64_1p_zeros
996,8971.02046471184,4980000.0,HalfCheetah-v3,TD3_Q2a3x64_1p_zeros
997,8437.354298727658,4985000.0,HalfCheetah-v3,TD3_Q2a3x64_1p_zeros
998,7896.646882367269,4990000.0,HalfCheetah-v3,TD3_Q2a3x64_1p_zeros
999,7096.777616955924,4995000.0,HalfCheetah-v3,TD3_Q2a3x64_1p_zeros
