index,Average Return,Timesteps,env,algorithm_name
0,-360.7990855594406,0.0,HalfCheetah-v3,TD3_Q2a1x64_1p5
1,-299.65565870067644,5000.0,HalfCheetah-v3,TD3_Q2a1x64_1p5
2,-170.22174649360983,10000.0,HalfCheetah-v3,TD3_Q2a1x64_1p5
3,-122.01127470752837,15000.0,HalfCheetah-v3,TD3_Q2a1x64_1p5
4,-2.277229957799397,20000.0,HalfCheetah-v3,TD3_Q2a1x64_1p5
5,-37.10720972048843,25000.0,HalfCheetah-v3,TD3_Q2a1x64_1p5
6,289.74411534116416,30000.0,HalfCheetah-v3,TD3_Q2a1x64_1p5
7,520.3852311930127,35000.0,HalfCheetah-v3,TD3_Q2a1x64_1p5
8,1083.2618243006386,40000.0,HalfCheetah-v3,TD3_Q2a1x64_1p5
9,1001.39372193555,45000.0,HalfCheetah-v3,TD3_Q2a1x64_1p5
10,993.6461020961524,50000.0,HalfCheetah-v3,TD3_Q2a1x64_1p5
11,1374.0581210367561,55000.0,HalfCheetah-v3,TD3_Q2a1x64_1p5
12,1713.0011349378233,60000.0,HalfCheetah-v3,TD3_Q2a1x64_1p5
13,2159.122689516041,65000.0,HalfCheetah-v3,TD3_Q2a1x64_1p5
14,2124.707512871505,70000.0,HalfCheetah-v3,TD3_Q2a1x64_1p5
15,2142.758056203021,75000.0,HalfCheetah-v3,TD3_Q2a1x64_1p5
16,2512.4582747325335,80000.0,HalfCheetah-v3,TD3_Q2a1x64_1p5
17,2238.8132450211747,85000.0,HalfCheetah-v3,TD3_Q2a1x64_1p5
18,3701.2635991644665,90000.0,HalfCheetah-v3,TD3_Q2a1x64_1p5
19,4065.3728636070346,95000.0,HalfCheetah-v3,TD3_Q2a1x64_1p5
20,4118.58426997964,100000.0,HalfCheetah-v3,TD3_Q2a1x64_1p5
21,4128.820581745041,105000.0,HalfCheetah-v3,TD3_Q2a1x64_1p5
22,4151.967028567897,110000.0,HalfCheetah-v3,TD3_Q2a1x64_1p5
23,4070.830086448411,115000.0,HalfCheetah-v3,TD3_Q2a1x64_1p5
24,4214.079853409169,120000.0,HalfCheetah-v3,TD3_Q2a1x64_1p5
25,4338.411668924546,125000.0,HalfCheetah-v3,TD3_Q2a1x64_1p5
26,4182.696541880939,130000.0,HalfCheetah-v3,TD3_Q2a1x64_1p5
27,4169.785109304051,135000.0,HalfCheetah-v3,TD3_Q2a1x64_1p5
28,4520.391271963395,140000.0,HalfCheetah-v3,TD3_Q2a1x64_1p5
29,4427.5573098756295,145000.0,HalfCheetah-v3,TD3_Q2a1x64_1p5
30,4573.3194604451255,150000.0,HalfCheetah-v3,TD3_Q2a1x64_1p5
31,4980.3921877947205,155000.0,HalfCheetah-v3,TD3_Q2a1x64_1p5
32,5215.680188183616,160000.0,HalfCheetah-v3,TD3_Q2a1x64_1p5
33,4150.030766400283,165000.0,HalfCheetah-v3,TD3_Q2a1x64_1p5
34,5383.045276740306,170000.0,HalfCheetah-v3,TD3_Q2a1x64_1p5
35,4899.896576435504,175000.0,HalfCheetah-v3,TD3_Q2a1x64_1p5
36,5011.649828324862,180000.0,HalfCheetah-v3,TD3_Q2a1x64_1p5
37,5526.716380422224,185000.0,HalfCheetah-v3,TD3_Q2a1x64_1p5
38,5381.6706183119795,190000.0,HalfCheetah-v3,TD3_Q2a1x64_1p5
39,5531.399212490641,195000.0,HalfCheetah-v3,TD3_Q2a1x64_1p5
40,5860.659235409571,200000.0,HalfCheetah-v3,TD3_Q2a1x64_1p5
41,5655.581431679779,205000.0,HalfCheetah-v3,TD3_Q2a1x64_1p5
42,5554.952263387687,210000.0,HalfCheetah-v3,TD3_Q2a1x64_1p5
43,5761.880174776027,215000.0,HalfCheetah-v3,TD3_Q2a1x64_1p5
44,5787.946131181895,220000.0,HalfCheetah-v3,TD3_Q2a1x64_1p5
45,5704.353265770955,225000.0,HalfCheetah-v3,TD3_Q2a1x64_1p5
46,5565.121100422079,230000.0,HalfCheetah-v3,TD3_Q2a1x64_1p5
47,5834.321351703011,235000.0,HalfCheetah-v3,TD3_Q2a1x64_1p5
48,5842.563292125867,240000.0,HalfCheetah-v3,TD3_Q2a1x64_1p5
49,5941.326440983918,245000.0,HalfCheetah-v3,TD3_Q2a1x64_1p5
50,5912.071351392633,250000.0,HalfCheetah-v3,TD3_Q2a1x64_1p5
51,5876.00498019446,255000.0,HalfCheetah-v3,TD3_Q2a1x64_1p5
52,5957.508905387452,260000.0,HalfCheetah-v3,TD3_Q2a1x64_1p5
53,6137.141881900359,265000.0,HalfCheetah-v3,TD3_Q2a1x64_1p5
54,6164.939741569121,270000.0,HalfCheetah-v3,TD3_Q2a1x64_1p5
55,6340.4887232172505,275000.0,HalfCheetah-v3,TD3_Q2a1x64_1p5
56,6148.314477224316,280000.0,HalfCheetah-v3,TD3_Q2a1x64_1p5
57,6370.00008882279,285000.0,HalfCheetah-v3,TD3_Q2a1x64_1p5
58,6289.522502415036,290000.0,HalfCheetah-v3,TD3_Q2a1x64_1p5
59,6334.854164351003,295000.0,HalfCheetah-v3,TD3_Q2a1x64_1p5
60,6262.6415973445555,300000.0,HalfCheetah-v3,TD3_Q2a1x64_1p5
61,6292.275815428438,305000.0,HalfCheetah-v3,TD3_Q2a1x64_1p5
62,6384.446225693615,310000.0,HalfCheetah-v3,TD3_Q2a1x64_1p5
63,6529.303226397893,315000.0,HalfCheetah-v3,TD3_Q2a1x64_1p5
64,6572.778037452321,320000.0,HalfCheetah-v3,TD3_Q2a1x64_1p5
65,6487.594752140476,325000.0,HalfCheetah-v3,TD3_Q2a1x64_1p5
66,6581.753029441849,330000.0,HalfCheetah-v3,TD3_Q2a1x64_1p5
67,6619.843681805421,335000.0,HalfCheetah-v3,TD3_Q2a1x64_1p5
68,6610.40824427354,340000.0,HalfCheetah-v3,TD3_Q2a1x64_1p5
69,6659.0851727988365,345000.0,HalfCheetah-v3,TD3_Q2a1x64_1p5
70,6230.238108441692,350000.0,HalfCheetah-v3,TD3_Q2a1x64_1p5
71,6768.577871126729,355000.0,HalfCheetah-v3,TD3_Q2a1x64_1p5
72,6825.331814599813,360000.0,HalfCheetah-v3,TD3_Q2a1x64_1p5
73,6818.310798361245,365000.0,HalfCheetah-v3,TD3_Q2a1x64_1p5
74,6884.822827389466,370000.0,HalfCheetah-v3,TD3_Q2a1x64_1p5
75,6916.777533068111,375000.0,HalfCheetah-v3,TD3_Q2a1x64_1p5
76,6963.555135926794,380000.0,HalfCheetah-v3,TD3_Q2a1x64_1p5
77,6907.080273792293,385000.0,HalfCheetah-v3,TD3_Q2a1x64_1p5
78,6932.660059391487,390000.0,HalfCheetah-v3,TD3_Q2a1x64_1p5
79,7048.168554683677,395000.0,HalfCheetah-v3,TD3_Q2a1x64_1p5
80,6931.74048729668,400000.0,HalfCheetah-v3,TD3_Q2a1x64_1p5
81,7036.917028616328,405000.0,HalfCheetah-v3,TD3_Q2a1x64_1p5
82,7127.177618225066,410000.0,HalfCheetah-v3,TD3_Q2a1x64_1p5
83,6495.491486538021,415000.0,HalfCheetah-v3,TD3_Q2a1x64_1p5
84,7202.437625099767,420000.0,HalfCheetah-v3,TD3_Q2a1x64_1p5
85,6971.38035580486,425000.0,HalfCheetah-v3,TD3_Q2a1x64_1p5
86,7255.108811249245,430000.0,HalfCheetah-v3,TD3_Q2a1x64_1p5
87,7244.454312506629,435000.0,HalfCheetah-v3,TD3_Q2a1x64_1p5
88,7371.368264575363,440000.0,HalfCheetah-v3,TD3_Q2a1x64_1p5
89,7377.779271382125,445000.0,HalfCheetah-v3,TD3_Q2a1x64_1p5
90,7625.238631102849,450000.0,HalfCheetah-v3,TD3_Q2a1x64_1p5
91,7319.562523664627,455000.0,HalfCheetah-v3,TD3_Q2a1x64_1p5
92,7579.742204415341,460000.0,HalfCheetah-v3,TD3_Q2a1x64_1p5
93,7702.264976425444,465000.0,HalfCheetah-v3,TD3_Q2a1x64_1p5
94,7583.407621219028,470000.0,HalfCheetah-v3,TD3_Q2a1x64_1p5
95,7672.961407234367,475000.0,HalfCheetah-v3,TD3_Q2a1x64_1p5
96,7835.5566506117275,480000.0,HalfCheetah-v3,TD3_Q2a1x64_1p5
97,7340.160391369257,485000.0,HalfCheetah-v3,TD3_Q2a1x64_1p5
98,7959.226563044487,490000.0,HalfCheetah-v3,TD3_Q2a1x64_1p5
99,7825.731034952983,495000.0,HalfCheetah-v3,TD3_Q2a1x64_1p5
100,7885.194242510472,500000.0,HalfCheetah-v3,TD3_Q2a1x64_1p5
101,8000.2133859336855,505000.0,HalfCheetah-v3,TD3_Q2a1x64_1p5
102,7886.059843278095,510000.0,HalfCheetah-v3,TD3_Q2a1x64_1p5
103,8007.86168789321,515000.0,HalfCheetah-v3,TD3_Q2a1x64_1p5
104,7925.448612057412,520000.0,HalfCheetah-v3,TD3_Q2a1x64_1p5
105,8126.446660863461,525000.0,HalfCheetah-v3,TD3_Q2a1x64_1p5
106,7969.6433979521,530000.0,HalfCheetah-v3,TD3_Q2a1x64_1p5
107,8196.947496139404,535000.0,HalfCheetah-v3,TD3_Q2a1x64_1p5
108,8229.902824498295,540000.0,HalfCheetah-v3,TD3_Q2a1x64_1p5
109,8272.199999044959,545000.0,HalfCheetah-v3,TD3_Q2a1x64_1p5
110,8288.303663595038,550000.0,HalfCheetah-v3,TD3_Q2a1x64_1p5
111,8256.543455418387,555000.0,HalfCheetah-v3,TD3_Q2a1x64_1p5
112,7759.75981897033,560000.0,HalfCheetah-v3,TD3_Q2a1x64_1p5
113,8186.826106396236,565000.0,HalfCheetah-v3,TD3_Q2a1x64_1p5
114,8168.239440572812,570000.0,HalfCheetah-v3,TD3_Q2a1x64_1p5
115,8472.13580849505,575000.0,HalfCheetah-v3,TD3_Q2a1x64_1p5
116,8414.165828670319,580000.0,HalfCheetah-v3,TD3_Q2a1x64_1p5
117,7931.546843789552,585000.0,HalfCheetah-v3,TD3_Q2a1x64_1p5
118,8466.869824570094,590000.0,HalfCheetah-v3,TD3_Q2a1x64_1p5
119,8560.402820912543,595000.0,HalfCheetah-v3,TD3_Q2a1x64_1p5
120,8598.422193623675,600000.0,HalfCheetah-v3,TD3_Q2a1x64_1p5
121,8269.44618036336,605000.0,HalfCheetah-v3,TD3_Q2a1x64_1p5
122,8742.859491030338,610000.0,HalfCheetah-v3,TD3_Q2a1x64_1p5
123,8406.142632944717,615000.0,HalfCheetah-v3,TD3_Q2a1x64_1p5
124,8707.317305870827,620000.0,HalfCheetah-v3,TD3_Q2a1x64_1p5
125,7906.112372442444,625000.0,HalfCheetah-v3,TD3_Q2a1x64_1p5
126,8414.649403035899,630000.0,HalfCheetah-v3,TD3_Q2a1x64_1p5
127,8627.226753633591,635000.0,HalfCheetah-v3,TD3_Q2a1x64_1p5
128,8776.181934666509,640000.0,HalfCheetah-v3,TD3_Q2a1x64_1p5
129,8815.861432645781,645000.0,HalfCheetah-v3,TD3_Q2a1x64_1p5
130,8884.711779781566,650000.0,HalfCheetah-v3,TD3_Q2a1x64_1p5
131,8877.867330007617,655000.0,HalfCheetah-v3,TD3_Q2a1x64_1p5
132,8864.422835101905,660000.0,HalfCheetah-v3,TD3_Q2a1x64_1p5
133,8775.751953362396,665000.0,HalfCheetah-v3,TD3_Q2a1x64_1p5
134,8507.059496247128,670000.0,HalfCheetah-v3,TD3_Q2a1x64_1p5
135,8944.889131039981,675000.0,HalfCheetah-v3,TD3_Q2a1x64_1p5
136,8878.64952614828,680000.0,HalfCheetah-v3,TD3_Q2a1x64_1p5
137,8855.53617463347,685000.0,HalfCheetah-v3,TD3_Q2a1x64_1p5
138,8972.805898277931,690000.0,HalfCheetah-v3,TD3_Q2a1x64_1p5
139,9097.78201127492,695000.0,HalfCheetah-v3,TD3_Q2a1x64_1p5
140,8517.717640104835,700000.0,HalfCheetah-v3,TD3_Q2a1x64_1p5
141,8927.638816893628,705000.0,HalfCheetah-v3,TD3_Q2a1x64_1p5
142,9047.304661032684,710000.0,HalfCheetah-v3,TD3_Q2a1x64_1p5
143,9037.760355518953,715000.0,HalfCheetah-v3,TD3_Q2a1x64_1p5
144,9031.446648193774,720000.0,HalfCheetah-v3,TD3_Q2a1x64_1p5
145,9249.687705526187,725000.0,HalfCheetah-v3,TD3_Q2a1x64_1p5
146,9298.200984974032,730000.0,HalfCheetah-v3,TD3_Q2a1x64_1p5
147,9178.613197762872,735000.0,HalfCheetah-v3,TD3_Q2a1x64_1p5
148,9032.675903678495,740000.0,HalfCheetah-v3,TD3_Q2a1x64_1p5
149,9032.754043535668,745000.0,HalfCheetah-v3,TD3_Q2a1x64_1p5
150,9277.766778806252,750000.0,HalfCheetah-v3,TD3_Q2a1x64_1p5
151,9184.278911750638,755000.0,HalfCheetah-v3,TD3_Q2a1x64_1p5
152,9274.941728099988,760000.0,HalfCheetah-v3,TD3_Q2a1x64_1p5
153,9249.4375180993,765000.0,HalfCheetah-v3,TD3_Q2a1x64_1p5
154,9170.260834326971,770000.0,HalfCheetah-v3,TD3_Q2a1x64_1p5
155,9285.290293446422,775000.0,HalfCheetah-v3,TD3_Q2a1x64_1p5
156,9243.700397382656,780000.0,HalfCheetah-v3,TD3_Q2a1x64_1p5
157,9058.129169704425,785000.0,HalfCheetah-v3,TD3_Q2a1x64_1p5
158,9176.528281475823,790000.0,HalfCheetah-v3,TD3_Q2a1x64_1p5
159,9214.910612898837,795000.0,HalfCheetah-v3,TD3_Q2a1x64_1p5
160,9338.86867446682,800000.0,HalfCheetah-v3,TD3_Q2a1x64_1p5
161,9237.81271473274,805000.0,HalfCheetah-v3,TD3_Q2a1x64_1p5
162,9335.791088677655,810000.0,HalfCheetah-v3,TD3_Q2a1x64_1p5
163,9249.300781075724,815000.0,HalfCheetah-v3,TD3_Q2a1x64_1p5
164,9492.63419891141,820000.0,HalfCheetah-v3,TD3_Q2a1x64_1p5
165,9362.059307832813,825000.0,HalfCheetah-v3,TD3_Q2a1x64_1p5
166,9331.2743364305,830000.0,HalfCheetah-v3,TD3_Q2a1x64_1p5
167,9470.345278873181,835000.0,HalfCheetah-v3,TD3_Q2a1x64_1p5
168,9146.162618535393,840000.0,HalfCheetah-v3,TD3_Q2a1x64_1p5
169,9483.862036639413,845000.0,HalfCheetah-v3,TD3_Q2a1x64_1p5
170,9190.154397321401,850000.0,HalfCheetah-v3,TD3_Q2a1x64_1p5
171,9489.420364235659,855000.0,HalfCheetah-v3,TD3_Q2a1x64_1p5
172,9526.440737641695,860000.0,HalfCheetah-v3,TD3_Q2a1x64_1p5
173,9405.48484812561,865000.0,HalfCheetah-v3,TD3_Q2a1x64_1p5
174,9298.13101475123,870000.0,HalfCheetah-v3,TD3_Q2a1x64_1p5
175,9657.793695575941,875000.0,HalfCheetah-v3,TD3_Q2a1x64_1p5
176,9550.25460566724,880000.0,HalfCheetah-v3,TD3_Q2a1x64_1p5
177,9675.2182434405,885000.0,HalfCheetah-v3,TD3_Q2a1x64_1p5
178,9322.770500028017,890000.0,HalfCheetah-v3,TD3_Q2a1x64_1p5
179,9461.517328153655,895000.0,HalfCheetah-v3,TD3_Q2a1x64_1p5
180,9555.249276521756,900000.0,HalfCheetah-v3,TD3_Q2a1x64_1p5
181,9450.62024499955,905000.0,HalfCheetah-v3,TD3_Q2a1x64_1p5
182,9585.394681032409,910000.0,HalfCheetah-v3,TD3_Q2a1x64_1p5
183,9563.229123980604,915000.0,HalfCheetah-v3,TD3_Q2a1x64_1p5
184,9501.607268715892,920000.0,HalfCheetah-v3,TD3_Q2a1x64_1p5
185,9661.603889283164,925000.0,HalfCheetah-v3,TD3_Q2a1x64_1p5
186,9666.278247565886,930000.0,HalfCheetah-v3,TD3_Q2a1x64_1p5
187,9747.224504998489,935000.0,HalfCheetah-v3,TD3_Q2a1x64_1p5
188,9572.312198972946,940000.0,HalfCheetah-v3,TD3_Q2a1x64_1p5
189,9707.527961266867,945000.0,HalfCheetah-v3,TD3_Q2a1x64_1p5
190,9759.491608593762,950000.0,HalfCheetah-v3,TD3_Q2a1x64_1p5
191,9345.476169779166,955000.0,HalfCheetah-v3,TD3_Q2a1x64_1p5
192,9467.813313967388,960000.0,HalfCheetah-v3,TD3_Q2a1x64_1p5
193,9830.885145356908,965000.0,HalfCheetah-v3,TD3_Q2a1x64_1p5
194,9646.674250795071,970000.0,HalfCheetah-v3,TD3_Q2a1x64_1p5
195,9619.019189502847,975000.0,HalfCheetah-v3,TD3_Q2a1x64_1p5
196,9672.948921733869,980000.0,HalfCheetah-v3,TD3_Q2a1x64_1p5
197,9074.256301661566,985000.0,HalfCheetah-v3,TD3_Q2a1x64_1p5
198,9709.683891369184,990000.0,HalfCheetah-v3,TD3_Q2a1x64_1p5
199,9649.938438745923,995000.0,HalfCheetah-v3,TD3_Q2a1x64_1p5
200,9397.829182400817,1000000.0,HalfCheetah-v3,TD3_Q2a1x64_1p5
