index,Average Return,Timesteps,env,algorithm_name
0,-2.8704800868925444,0.0,HalfCheetah-v3,TD3_Q2a2x64_1p_zeros
1,-2.589658253804261,5000.0,HalfCheetah-v3,TD3_Q2a2x64_1p_zeros
2,-2.869148919679906,10000.0,HalfCheetah-v3,TD3_Q2a2x64_1p_zeros
3,-556.9588479376001,15000.0,HalfCheetah-v3,TD3_Q2a2x64_1p_zeros
4,-365.0195170033475,20000.0,HalfCheetah-v3,TD3_Q2a2x64_1p_zeros
5,-394.2115302450334,25000.0,HalfCheetah-v3,TD3_Q2a2x64_1p_zeros
6,841.9110042926574,30000.0,HalfCheetah-v3,TD3_Q2a2x64_1p_zeros
7,1364.164857781589,35000.0,HalfCheetah-v3,TD3_Q2a2x64_1p_zeros
8,1976.8901239992945,40000.0,HalfCheetah-v3,TD3_Q2a2x64_1p_zeros
9,1925.9935729315766,45000.0,HalfCheetah-v3,TD3_Q2a2x64_1p_zeros
10,2363.424604914822,50000.0,HalfCheetah-v3,TD3_Q2a2x64_1p_zeros
11,3159.877370274556,55000.0,HalfCheetah-v3,TD3_Q2a2x64_1p_zeros
12,3429.278803256594,60000.0,HalfCheetah-v3,TD3_Q2a2x64_1p_zeros
13,3719.4517733973144,65000.0,HalfCheetah-v3,TD3_Q2a2x64_1p_zeros
14,3899.150104770678,70000.0,HalfCheetah-v3,TD3_Q2a2x64_1p_zeros
15,3686.699075324838,75000.0,HalfCheetah-v3,TD3_Q2a2x64_1p_zeros
16,3557.004193875045,80000.0,HalfCheetah-v3,TD3_Q2a2x64_1p_zeros
17,3905.3131210983493,85000.0,HalfCheetah-v3,TD3_Q2a2x64_1p_zeros
18,3760.1865838802123,90000.0,HalfCheetah-v3,TD3_Q2a2x64_1p_zeros
19,3678.927543724026,95000.0,HalfCheetah-v3,TD3_Q2a2x64_1p_zeros
20,4080.835015545605,100000.0,HalfCheetah-v3,TD3_Q2a2x64_1p_zeros
21,4041.3795527053007,105000.0,HalfCheetah-v3,TD3_Q2a2x64_1p_zeros
22,4232.50649633135,110000.0,HalfCheetah-v3,TD3_Q2a2x64_1p_zeros
23,4304.8803981353,115000.0,HalfCheetah-v3,TD3_Q2a2x64_1p_zeros
24,4250.987738511781,120000.0,HalfCheetah-v3,TD3_Q2a2x64_1p_zeros
25,4310.619168262058,125000.0,HalfCheetah-v3,TD3_Q2a2x64_1p_zeros
26,4400.32402310045,130000.0,HalfCheetah-v3,TD3_Q2a2x64_1p_zeros
27,4377.033343489383,135000.0,HalfCheetah-v3,TD3_Q2a2x64_1p_zeros
28,4567.1775058856965,140000.0,HalfCheetah-v3,TD3_Q2a2x64_1p_zeros
29,4443.34003469158,145000.0,HalfCheetah-v3,TD3_Q2a2x64_1p_zeros
30,4739.521253944262,150000.0,HalfCheetah-v3,TD3_Q2a2x64_1p_zeros
31,4459.836086054793,155000.0,HalfCheetah-v3,TD3_Q2a2x64_1p_zeros
32,4446.235758440308,160000.0,HalfCheetah-v3,TD3_Q2a2x64_1p_zeros
33,4884.294688711319,165000.0,HalfCheetah-v3,TD3_Q2a2x64_1p_zeros
34,4750.480248522515,170000.0,HalfCheetah-v3,TD3_Q2a2x64_1p_zeros
35,4602.326450433657,175000.0,HalfCheetah-v3,TD3_Q2a2x64_1p_zeros
36,4791.282269066256,180000.0,HalfCheetah-v3,TD3_Q2a2x64_1p_zeros
37,4982.761215749389,185000.0,HalfCheetah-v3,TD3_Q2a2x64_1p_zeros
38,5060.4586933161345,190000.0,HalfCheetah-v3,TD3_Q2a2x64_1p_zeros
39,4967.993038768451,195000.0,HalfCheetah-v3,TD3_Q2a2x64_1p_zeros
40,4907.6556164055955,200000.0,HalfCheetah-v3,TD3_Q2a2x64_1p_zeros
41,5067.819648661585,205000.0,HalfCheetah-v3,TD3_Q2a2x64_1p_zeros
42,4963.824356491374,210000.0,HalfCheetah-v3,TD3_Q2a2x64_1p_zeros
43,4988.944308207325,215000.0,HalfCheetah-v3,TD3_Q2a2x64_1p_zeros
44,5073.4803914856875,220000.0,HalfCheetah-v3,TD3_Q2a2x64_1p_zeros
45,5141.467378831169,225000.0,HalfCheetah-v3,TD3_Q2a2x64_1p_zeros
46,5031.387843077198,230000.0,HalfCheetah-v3,TD3_Q2a2x64_1p_zeros
47,5153.501399090936,235000.0,HalfCheetah-v3,TD3_Q2a2x64_1p_zeros
48,5268.504018731934,240000.0,HalfCheetah-v3,TD3_Q2a2x64_1p_zeros
49,5157.963449133747,245000.0,HalfCheetah-v3,TD3_Q2a2x64_1p_zeros
50,5296.968659831523,250000.0,HalfCheetah-v3,TD3_Q2a2x64_1p_zeros
51,5279.091793477747,255000.0,HalfCheetah-v3,TD3_Q2a2x64_1p_zeros
52,5354.262582226625,260000.0,HalfCheetah-v3,TD3_Q2a2x64_1p_zeros
53,5332.8846595152845,265000.0,HalfCheetah-v3,TD3_Q2a2x64_1p_zeros
54,5342.128813137136,270000.0,HalfCheetah-v3,TD3_Q2a2x64_1p_zeros
55,5406.263478300353,275000.0,HalfCheetah-v3,TD3_Q2a2x64_1p_zeros
56,5383.593694912146,280000.0,HalfCheetah-v3,TD3_Q2a2x64_1p_zeros
57,5335.971012380049,285000.0,HalfCheetah-v3,TD3_Q2a2x64_1p_zeros
58,5423.474559192955,290000.0,HalfCheetah-v3,TD3_Q2a2x64_1p_zeros
59,5484.801480762991,295000.0,HalfCheetah-v3,TD3_Q2a2x64_1p_zeros
60,5309.111780245546,300000.0,HalfCheetah-v3,TD3_Q2a2x64_1p_zeros
61,5424.005509010143,305000.0,HalfCheetah-v3,TD3_Q2a2x64_1p_zeros
62,5427.787507934861,310000.0,HalfCheetah-v3,TD3_Q2a2x64_1p_zeros
63,5422.988965210106,315000.0,HalfCheetah-v3,TD3_Q2a2x64_1p_zeros
64,5456.848253931994,320000.0,HalfCheetah-v3,TD3_Q2a2x64_1p_zeros
65,5427.178496260217,325000.0,HalfCheetah-v3,TD3_Q2a2x64_1p_zeros
66,5487.3241735100455,330000.0,HalfCheetah-v3,TD3_Q2a2x64_1p_zeros
67,5466.015000394424,335000.0,HalfCheetah-v3,TD3_Q2a2x64_1p_zeros
68,5537.379574508321,340000.0,HalfCheetah-v3,TD3_Q2a2x64_1p_zeros
69,5619.2252548810175,345000.0,HalfCheetah-v3,TD3_Q2a2x64_1p_zeros
70,5609.836491293815,350000.0,HalfCheetah-v3,TD3_Q2a2x64_1p_zeros
71,5628.370475113849,355000.0,HalfCheetah-v3,TD3_Q2a2x64_1p_zeros
72,5692.921445676462,360000.0,HalfCheetah-v3,TD3_Q2a2x64_1p_zeros
73,5644.245409934427,365000.0,HalfCheetah-v3,TD3_Q2a2x64_1p_zeros
74,5820.722369563957,370000.0,HalfCheetah-v3,TD3_Q2a2x64_1p_zeros
75,5613.623229111428,375000.0,HalfCheetah-v3,TD3_Q2a2x64_1p_zeros
76,5740.4250536410045,380000.0,HalfCheetah-v3,TD3_Q2a2x64_1p_zeros
77,5828.631001781069,385000.0,HalfCheetah-v3,TD3_Q2a2x64_1p_zeros
78,5818.95327118581,390000.0,HalfCheetah-v3,TD3_Q2a2x64_1p_zeros
79,5808.204407466568,395000.0,HalfCheetah-v3,TD3_Q2a2x64_1p_zeros
80,5907.2598373217625,400000.0,HalfCheetah-v3,TD3_Q2a2x64_1p_zeros
81,5986.358725944534,405000.0,HalfCheetah-v3,TD3_Q2a2x64_1p_zeros
82,5972.649628028507,410000.0,HalfCheetah-v3,TD3_Q2a2x64_1p_zeros
83,5882.217372748892,415000.0,HalfCheetah-v3,TD3_Q2a2x64_1p_zeros
84,5997.43103070206,420000.0,HalfCheetah-v3,TD3_Q2a2x64_1p_zeros
85,5990.042217642249,425000.0,HalfCheetah-v3,TD3_Q2a2x64_1p_zeros
86,5953.513069499551,430000.0,HalfCheetah-v3,TD3_Q2a2x64_1p_zeros
87,6098.696582931495,435000.0,HalfCheetah-v3,TD3_Q2a2x64_1p_zeros
88,6059.99739006094,440000.0,HalfCheetah-v3,TD3_Q2a2x64_1p_zeros
89,6088.921505727204,445000.0,HalfCheetah-v3,TD3_Q2a2x64_1p_zeros
90,5783.188464454269,450000.0,HalfCheetah-v3,TD3_Q2a2x64_1p_zeros
91,6035.254633352581,455000.0,HalfCheetah-v3,TD3_Q2a2x64_1p_zeros
92,6145.944142432207,460000.0,HalfCheetah-v3,TD3_Q2a2x64_1p_zeros
93,6109.362244740339,465000.0,HalfCheetah-v3,TD3_Q2a2x64_1p_zeros
94,6131.346203602052,470000.0,HalfCheetah-v3,TD3_Q2a2x64_1p_zeros
95,6034.927497564093,475000.0,HalfCheetah-v3,TD3_Q2a2x64_1p_zeros
96,6246.102213244736,480000.0,HalfCheetah-v3,TD3_Q2a2x64_1p_zeros
97,5891.00751511282,485000.0,HalfCheetah-v3,TD3_Q2a2x64_1p_zeros
98,6149.375166306609,490000.0,HalfCheetah-v3,TD3_Q2a2x64_1p_zeros
99,6138.12019121879,495000.0,HalfCheetah-v3,TD3_Q2a2x64_1p_zeros
100,6295.628734362754,500000.0,HalfCheetah-v3,TD3_Q2a2x64_1p_zeros
101,6252.726433328322,505000.0,HalfCheetah-v3,TD3_Q2a2x64_1p_zeros
102,6236.300651082438,510000.0,HalfCheetah-v3,TD3_Q2a2x64_1p_zeros
103,6182.435231285417,515000.0,HalfCheetah-v3,TD3_Q2a2x64_1p_zeros
104,6296.810534519871,520000.0,HalfCheetah-v3,TD3_Q2a2x64_1p_zeros
105,6101.993007890456,525000.0,HalfCheetah-v3,TD3_Q2a2x64_1p_zeros
106,6444.415140327903,530000.0,HalfCheetah-v3,TD3_Q2a2x64_1p_zeros
107,6313.948530101839,535000.0,HalfCheetah-v3,TD3_Q2a2x64_1p_zeros
108,6307.78716618402,540000.0,HalfCheetah-v3,TD3_Q2a2x64_1p_zeros
109,6355.960592729581,545000.0,HalfCheetah-v3,TD3_Q2a2x64_1p_zeros
110,6387.964200794823,550000.0,HalfCheetah-v3,TD3_Q2a2x64_1p_zeros
111,6431.220111054711,555000.0,HalfCheetah-v3,TD3_Q2a2x64_1p_zeros
112,6359.575477284005,560000.0,HalfCheetah-v3,TD3_Q2a2x64_1p_zeros
113,6398.639389979287,565000.0,HalfCheetah-v3,TD3_Q2a2x64_1p_zeros
114,6387.53867660972,570000.0,HalfCheetah-v3,TD3_Q2a2x64_1p_zeros
115,6384.337587404042,575000.0,HalfCheetah-v3,TD3_Q2a2x64_1p_zeros
116,6536.758924851601,580000.0,HalfCheetah-v3,TD3_Q2a2x64_1p_zeros
117,6234.178752749302,585000.0,HalfCheetah-v3,TD3_Q2a2x64_1p_zeros
118,6295.71987905587,590000.0,HalfCheetah-v3,TD3_Q2a2x64_1p_zeros
119,6470.406323557936,595000.0,HalfCheetah-v3,TD3_Q2a2x64_1p_zeros
120,6387.995346571201,600000.0,HalfCheetah-v3,TD3_Q2a2x64_1p_zeros
121,6477.798582986616,605000.0,HalfCheetah-v3,TD3_Q2a2x64_1p_zeros
122,6694.062126526782,610000.0,HalfCheetah-v3,TD3_Q2a2x64_1p_zeros
123,6539.853538009016,615000.0,HalfCheetah-v3,TD3_Q2a2x64_1p_zeros
124,6722.307992004336,620000.0,HalfCheetah-v3,TD3_Q2a2x64_1p_zeros
125,6536.3247927691355,625000.0,HalfCheetah-v3,TD3_Q2a2x64_1p_zeros
126,6645.085471263517,630000.0,HalfCheetah-v3,TD3_Q2a2x64_1p_zeros
127,6743.973134208491,635000.0,HalfCheetah-v3,TD3_Q2a2x64_1p_zeros
128,6648.741831396076,640000.0,HalfCheetah-v3,TD3_Q2a2x64_1p_zeros
129,6415.372651824406,645000.0,HalfCheetah-v3,TD3_Q2a2x64_1p_zeros
130,6729.494494435506,650000.0,HalfCheetah-v3,TD3_Q2a2x64_1p_zeros
131,6391.109406652069,655000.0,HalfCheetah-v3,TD3_Q2a2x64_1p_zeros
132,6398.169995186906,660000.0,HalfCheetah-v3,TD3_Q2a2x64_1p_zeros
133,6595.972743815808,665000.0,HalfCheetah-v3,TD3_Q2a2x64_1p_zeros
134,6538.460451563782,670000.0,HalfCheetah-v3,TD3_Q2a2x64_1p_zeros
135,6656.840674873836,675000.0,HalfCheetah-v3,TD3_Q2a2x64_1p_zeros
136,6582.387795449822,680000.0,HalfCheetah-v3,TD3_Q2a2x64_1p_zeros
137,6708.643926744109,685000.0,HalfCheetah-v3,TD3_Q2a2x64_1p_zeros
138,6767.098834982638,690000.0,HalfCheetah-v3,TD3_Q2a2x64_1p_zeros
139,6643.924315743803,695000.0,HalfCheetah-v3,TD3_Q2a2x64_1p_zeros
140,6720.869572751743,700000.0,HalfCheetah-v3,TD3_Q2a2x64_1p_zeros
141,6663.002719021281,705000.0,HalfCheetah-v3,TD3_Q2a2x64_1p_zeros
142,6703.661963038196,710000.0,HalfCheetah-v3,TD3_Q2a2x64_1p_zeros
143,6605.408459229984,715000.0,HalfCheetah-v3,TD3_Q2a2x64_1p_zeros
144,6655.285961093653,720000.0,HalfCheetah-v3,TD3_Q2a2x64_1p_zeros
145,6648.411489996057,725000.0,HalfCheetah-v3,TD3_Q2a2x64_1p_zeros
146,6857.662426871386,730000.0,HalfCheetah-v3,TD3_Q2a2x64_1p_zeros
147,6449.057735365636,735000.0,HalfCheetah-v3,TD3_Q2a2x64_1p_zeros
148,6711.38356039117,740000.0,HalfCheetah-v3,TD3_Q2a2x64_1p_zeros
149,6820.441411720135,745000.0,HalfCheetah-v3,TD3_Q2a2x64_1p_zeros
150,6393.574912609912,750000.0,HalfCheetah-v3,TD3_Q2a2x64_1p_zeros
151,6713.571115267559,755000.0,HalfCheetah-v3,TD3_Q2a2x64_1p_zeros
152,6790.996021458554,760000.0,HalfCheetah-v3,TD3_Q2a2x64_1p_zeros
153,6788.882702653024,765000.0,HalfCheetah-v3,TD3_Q2a2x64_1p_zeros
154,6602.840630662834,770000.0,HalfCheetah-v3,TD3_Q2a2x64_1p_zeros
155,6477.970080830453,775000.0,HalfCheetah-v3,TD3_Q2a2x64_1p_zeros
156,6898.391430554587,780000.0,HalfCheetah-v3,TD3_Q2a2x64_1p_zeros
157,6704.231132696812,785000.0,HalfCheetah-v3,TD3_Q2a2x64_1p_zeros
158,6738.738496472205,790000.0,HalfCheetah-v3,TD3_Q2a2x64_1p_zeros
159,6878.926065342495,795000.0,HalfCheetah-v3,TD3_Q2a2x64_1p_zeros
160,6860.145438336088,800000.0,HalfCheetah-v3,TD3_Q2a2x64_1p_zeros
161,6889.221183616954,805000.0,HalfCheetah-v3,TD3_Q2a2x64_1p_zeros
162,6757.9417971064,810000.0,HalfCheetah-v3,TD3_Q2a2x64_1p_zeros
163,7110.424722380829,815000.0,HalfCheetah-v3,TD3_Q2a2x64_1p_zeros
164,7076.123911560001,820000.0,HalfCheetah-v3,TD3_Q2a2x64_1p_zeros
165,6978.77682006938,825000.0,HalfCheetah-v3,TD3_Q2a2x64_1p_zeros
166,7041.634909780153,830000.0,HalfCheetah-v3,TD3_Q2a2x64_1p_zeros
167,7065.798823826457,835000.0,HalfCheetah-v3,TD3_Q2a2x64_1p_zeros
168,6998.731521880002,840000.0,HalfCheetah-v3,TD3_Q2a2x64_1p_zeros
169,7065.340218687782,845000.0,HalfCheetah-v3,TD3_Q2a2x64_1p_zeros
170,7039.771208729835,850000.0,HalfCheetah-v3,TD3_Q2a2x64_1p_zeros
171,7211.8090155460595,855000.0,HalfCheetah-v3,TD3_Q2a2x64_1p_zeros
172,7028.429469963742,860000.0,HalfCheetah-v3,TD3_Q2a2x64_1p_zeros
173,7262.1191677293,865000.0,HalfCheetah-v3,TD3_Q2a2x64_1p_zeros
174,7206.290476234547,870000.0,HalfCheetah-v3,TD3_Q2a2x64_1p_zeros
175,7181.826746595708,875000.0,HalfCheetah-v3,TD3_Q2a2x64_1p_zeros
176,7082.632874096331,880000.0,HalfCheetah-v3,TD3_Q2a2x64_1p_zeros
177,7059.467676364491,885000.0,HalfCheetah-v3,TD3_Q2a2x64_1p_zeros
178,7109.3638922992195,890000.0,HalfCheetah-v3,TD3_Q2a2x64_1p_zeros
179,7104.255073232291,895000.0,HalfCheetah-v3,TD3_Q2a2x64_1p_zeros
180,7269.034090759962,900000.0,HalfCheetah-v3,TD3_Q2a2x64_1p_zeros
181,7110.717334824831,905000.0,HalfCheetah-v3,TD3_Q2a2x64_1p_zeros
182,7335.524392457548,910000.0,HalfCheetah-v3,TD3_Q2a2x64_1p_zeros
183,7154.6398229323995,915000.0,HalfCheetah-v3,TD3_Q2a2x64_1p_zeros
184,7150.7334831611415,920000.0,HalfCheetah-v3,TD3_Q2a2x64_1p_zeros
185,7310.3810511867505,925000.0,HalfCheetah-v3,TD3_Q2a2x64_1p_zeros
186,7327.983993097955,930000.0,HalfCheetah-v3,TD3_Q2a2x64_1p_zeros
187,7421.549549799187,935000.0,HalfCheetah-v3,TD3_Q2a2x64_1p_zeros
188,7412.3811711113285,940000.0,HalfCheetah-v3,TD3_Q2a2x64_1p_zeros
189,7540.600180513116,945000.0,HalfCheetah-v3,TD3_Q2a2x64_1p_zeros
190,7369.060889934764,950000.0,HalfCheetah-v3,TD3_Q2a2x64_1p_zeros
191,7268.719986893351,955000.0,HalfCheetah-v3,TD3_Q2a2x64_1p_zeros
192,7154.022893223106,960000.0,HalfCheetah-v3,TD3_Q2a2x64_1p_zeros
193,7304.833521338407,965000.0,HalfCheetah-v3,TD3_Q2a2x64_1p_zeros
194,7165.167198825683,970000.0,HalfCheetah-v3,TD3_Q2a2x64_1p_zeros
195,7741.745277524322,975000.0,HalfCheetah-v3,TD3_Q2a2x64_1p_zeros
196,7590.840528146526,980000.0,HalfCheetah-v3,TD3_Q2a2x64_1p_zeros
197,7225.029260787416,985000.0,HalfCheetah-v3,TD3_Q2a2x64_1p_zeros
198,7609.164903788999,990000.0,HalfCheetah-v3,TD3_Q2a2x64_1p_zeros
199,7570.022091811396,995000.0,HalfCheetah-v3,TD3_Q2a2x64_1p_zeros
200,7522.5426298587845,1000000.0,HalfCheetah-v3,TD3_Q2a2x64_1p_zeros
