index,Average Return,Timesteps,env,algorithm_name
0,-3.472222794449826,0.0,HalfCheetah-v3,TD3_Q2a2x64_1p_zeros
1,-3.1670102374913434,5000.0,HalfCheetah-v3,TD3_Q2a2x64_1p_zeros
2,-2.970898847099948,10000.0,HalfCheetah-v3,TD3_Q2a2x64_1p_zeros
3,-2.8112373138521187,15000.0,HalfCheetah-v3,TD3_Q2a2x64_1p_zeros
4,-3.0059288633969183,20000.0,HalfCheetah-v3,TD3_Q2a2x64_1p_zeros
5,-3.1510992618942764,25000.0,HalfCheetah-v3,TD3_Q2a2x64_1p_zeros
6,-3.1741894565738518,30000.0,HalfCheetah-v3,TD3_Q2a2x64_1p_zeros
7,-3.0229078707628227,35000.0,HalfCheetah-v3,TD3_Q2a2x64_1p_zeros
8,-3.1384384034187756,40000.0,HalfCheetah-v3,TD3_Q2a2x64_1p_zeros
9,-3.0867109575487444,45000.0,HalfCheetah-v3,TD3_Q2a2x64_1p_zeros
10,-592.0631588534026,50000.0,HalfCheetah-v3,TD3_Q2a2x64_1p_zeros
11,-548.8901398807948,55000.0,HalfCheetah-v3,TD3_Q2a2x64_1p_zeros
12,-574.9456285406926,60000.0,HalfCheetah-v3,TD3_Q2a2x64_1p_zeros
13,-561.9468791809918,65000.0,HalfCheetah-v3,TD3_Q2a2x64_1p_zeros
14,-597.4741552673263,70000.0,HalfCheetah-v3,TD3_Q2a2x64_1p_zeros
15,-361.2142571034804,75000.0,HalfCheetah-v3,TD3_Q2a2x64_1p_zeros
16,-374.87608714976716,80000.0,HalfCheetah-v3,TD3_Q2a2x64_1p_zeros
17,-377.2194313766835,85000.0,HalfCheetah-v3,TD3_Q2a2x64_1p_zeros
18,-405.4641474271793,90000.0,HalfCheetah-v3,TD3_Q2a2x64_1p_zeros
19,-374.97499883945045,95000.0,HalfCheetah-v3,TD3_Q2a2x64_1p_zeros
20,-391.9058167296072,100000.0,HalfCheetah-v3,TD3_Q2a2x64_1p_zeros
21,-415.27603945795124,105000.0,HalfCheetah-v3,TD3_Q2a2x64_1p_zeros
22,-427.14596895620906,110000.0,HalfCheetah-v3,TD3_Q2a2x64_1p_zeros
23,-449.1371492987546,115000.0,HalfCheetah-v3,TD3_Q2a2x64_1p_zeros
24,-405.29743961297436,120000.0,HalfCheetah-v3,TD3_Q2a2x64_1p_zeros
25,860.3886748085426,125000.0,HalfCheetah-v3,TD3_Q2a2x64_1p_zeros
26,796.9378178229871,130000.0,HalfCheetah-v3,TD3_Q2a2x64_1p_zeros
27,723.3871754386435,135000.0,HalfCheetah-v3,TD3_Q2a2x64_1p_zeros
28,638.3477146843877,140000.0,HalfCheetah-v3,TD3_Q2a2x64_1p_zeros
29,637.4036075349654,145000.0,HalfCheetah-v3,TD3_Q2a2x64_1p_zeros
30,1349.0936986464424,150000.0,HalfCheetah-v3,TD3_Q2a2x64_1p_zeros
31,1332.5806927203123,155000.0,HalfCheetah-v3,TD3_Q2a2x64_1p_zeros
32,1363.3096342933354,160000.0,HalfCheetah-v3,TD3_Q2a2x64_1p_zeros
33,1321.9204647979618,165000.0,HalfCheetah-v3,TD3_Q2a2x64_1p_zeros
34,1334.342827512089,170000.0,HalfCheetah-v3,TD3_Q2a2x64_1p_zeros
35,1932.7909090316796,175000.0,HalfCheetah-v3,TD3_Q2a2x64_1p_zeros
36,1945.701958127162,180000.0,HalfCheetah-v3,TD3_Q2a2x64_1p_zeros
37,2021.4095417007798,185000.0,HalfCheetah-v3,TD3_Q2a2x64_1p_zeros
38,1913.507016346451,190000.0,HalfCheetah-v3,TD3_Q2a2x64_1p_zeros
39,1985.8022734401598,195000.0,HalfCheetah-v3,TD3_Q2a2x64_1p_zeros
40,1947.567042169654,200000.0,HalfCheetah-v3,TD3_Q2a2x64_1p_zeros
41,1896.0522479604472,205000.0,HalfCheetah-v3,TD3_Q2a2x64_1p_zeros
42,1935.2907208356075,210000.0,HalfCheetah-v3,TD3_Q2a2x64_1p_zeros
43,1923.9191404050475,215000.0,HalfCheetah-v3,TD3_Q2a2x64_1p_zeros
44,1917.7688583007712,220000.0,HalfCheetah-v3,TD3_Q2a2x64_1p_zeros
45,2136.9839596452407,225000.0,HalfCheetah-v3,TD3_Q2a2x64_1p_zeros
46,2265.1492971203324,230000.0,HalfCheetah-v3,TD3_Q2a2x64_1p_zeros
47,2375.9850787068617,235000.0,HalfCheetah-v3,TD3_Q2a2x64_1p_zeros
48,2277.7189090314932,240000.0,HalfCheetah-v3,TD3_Q2a2x64_1p_zeros
49,2314.9859467590118,245000.0,HalfCheetah-v3,TD3_Q2a2x64_1p_zeros
50,3147.1009527372375,250000.0,HalfCheetah-v3,TD3_Q2a2x64_1p_zeros
51,3077.736016743346,255000.0,HalfCheetah-v3,TD3_Q2a2x64_1p_zeros
52,3106.268703579198,260000.0,HalfCheetah-v3,TD3_Q2a2x64_1p_zeros
53,3046.9686418044043,265000.0,HalfCheetah-v3,TD3_Q2a2x64_1p_zeros
54,3013.6311718717307,270000.0,HalfCheetah-v3,TD3_Q2a2x64_1p_zeros
55,3359.2868043055996,275000.0,HalfCheetah-v3,TD3_Q2a2x64_1p_zeros
56,3481.769558627761,280000.0,HalfCheetah-v3,TD3_Q2a2x64_1p_zeros
57,3443.9979444775868,285000.0,HalfCheetah-v3,TD3_Q2a2x64_1p_zeros
58,3490.1412365405836,290000.0,HalfCheetah-v3,TD3_Q2a2x64_1p_zeros
59,3353.7174001901412,295000.0,HalfCheetah-v3,TD3_Q2a2x64_1p_zeros
60,3577.917379422254,300000.0,HalfCheetah-v3,TD3_Q2a2x64_1p_zeros
61,3679.155043589919,305000.0,HalfCheetah-v3,TD3_Q2a2x64_1p_zeros
62,3494.7936176215744,310000.0,HalfCheetah-v3,TD3_Q2a2x64_1p_zeros
63,3447.6492839031525,315000.0,HalfCheetah-v3,TD3_Q2a2x64_1p_zeros
64,3508.337985259939,320000.0,HalfCheetah-v3,TD3_Q2a2x64_1p_zeros
65,3886.2287032025793,325000.0,HalfCheetah-v3,TD3_Q2a2x64_1p_zeros
66,3535.4626883496558,330000.0,HalfCheetah-v3,TD3_Q2a2x64_1p_zeros
67,3759.5882728744414,335000.0,HalfCheetah-v3,TD3_Q2a2x64_1p_zeros
68,3584.045037696805,340000.0,HalfCheetah-v3,TD3_Q2a2x64_1p_zeros
69,3611.9393303637903,345000.0,HalfCheetah-v3,TD3_Q2a2x64_1p_zeros
70,3741.440295064059,350000.0,HalfCheetah-v3,TD3_Q2a2x64_1p_zeros
71,3716.4086318025047,355000.0,HalfCheetah-v3,TD3_Q2a2x64_1p_zeros
72,3705.3408225420526,360000.0,HalfCheetah-v3,TD3_Q2a2x64_1p_zeros
73,3556.8085173457994,365000.0,HalfCheetah-v3,TD3_Q2a2x64_1p_zeros
74,3472.193914451201,370000.0,HalfCheetah-v3,TD3_Q2a2x64_1p_zeros
75,3546.48653247448,375000.0,HalfCheetah-v3,TD3_Q2a2x64_1p_zeros
76,3288.726648058318,380000.0,HalfCheetah-v3,TD3_Q2a2x64_1p_zeros
77,3321.4915566703266,385000.0,HalfCheetah-v3,TD3_Q2a2x64_1p_zeros
78,2455.1844435288617,390000.0,HalfCheetah-v3,TD3_Q2a2x64_1p_zeros
79,2586.72968705742,395000.0,HalfCheetah-v3,TD3_Q2a2x64_1p_zeros
80,3733.455713779889,400000.0,HalfCheetah-v3,TD3_Q2a2x64_1p_zeros
81,3889.6548280233887,405000.0,HalfCheetah-v3,TD3_Q2a2x64_1p_zeros
82,3625.6832472493297,410000.0,HalfCheetah-v3,TD3_Q2a2x64_1p_zeros
83,3159.503893746352,415000.0,HalfCheetah-v3,TD3_Q2a2x64_1p_zeros
84,2909.1806859151293,420000.0,HalfCheetah-v3,TD3_Q2a2x64_1p_zeros
85,3771.1550930411167,425000.0,HalfCheetah-v3,TD3_Q2a2x64_1p_zeros
86,3724.7731452653024,430000.0,HalfCheetah-v3,TD3_Q2a2x64_1p_zeros
87,3630.361762863128,435000.0,HalfCheetah-v3,TD3_Q2a2x64_1p_zeros
88,2669.5940888960954,440000.0,HalfCheetah-v3,TD3_Q2a2x64_1p_zeros
89,3216.482990778749,445000.0,HalfCheetah-v3,TD3_Q2a2x64_1p_zeros
90,3742.957184478878,450000.0,HalfCheetah-v3,TD3_Q2a2x64_1p_zeros
91,3667.0325188578086,455000.0,HalfCheetah-v3,TD3_Q2a2x64_1p_zeros
92,3537.6269023780105,460000.0,HalfCheetah-v3,TD3_Q2a2x64_1p_zeros
93,3490.586902533038,465000.0,HalfCheetah-v3,TD3_Q2a2x64_1p_zeros
94,2609.514149052053,470000.0,HalfCheetah-v3,TD3_Q2a2x64_1p_zeros
95,4023.191469864635,475000.0,HalfCheetah-v3,TD3_Q2a2x64_1p_zeros
96,4029.420333981866,480000.0,HalfCheetah-v3,TD3_Q2a2x64_1p_zeros
97,3874.96511418588,485000.0,HalfCheetah-v3,TD3_Q2a2x64_1p_zeros
98,3859.385977523095,490000.0,HalfCheetah-v3,TD3_Q2a2x64_1p_zeros
99,3423.2766108930978,495000.0,HalfCheetah-v3,TD3_Q2a2x64_1p_zeros
100,4013.7534082512307,500000.0,HalfCheetah-v3,TD3_Q2a2x64_1p_zeros
101,4008.2727771313293,505000.0,HalfCheetah-v3,TD3_Q2a2x64_1p_zeros
102,3914.6650001876833,510000.0,HalfCheetah-v3,TD3_Q2a2x64_1p_zeros
103,3822.398957067996,515000.0,HalfCheetah-v3,TD3_Q2a2x64_1p_zeros
104,3313.1784438882905,520000.0,HalfCheetah-v3,TD3_Q2a2x64_1p_zeros
105,4097.891598861372,525000.0,HalfCheetah-v3,TD3_Q2a2x64_1p_zeros
106,4010.5811652424613,530000.0,HalfCheetah-v3,TD3_Q2a2x64_1p_zeros
107,3902.7409183032587,535000.0,HalfCheetah-v3,TD3_Q2a2x64_1p_zeros
108,3539.5866964301213,540000.0,HalfCheetah-v3,TD3_Q2a2x64_1p_zeros
109,3400.4418246376395,545000.0,HalfCheetah-v3,TD3_Q2a2x64_1p_zeros
110,4285.425499410939,550000.0,HalfCheetah-v3,TD3_Q2a2x64_1p_zeros
111,4227.572751297224,555000.0,HalfCheetah-v3,TD3_Q2a2x64_1p_zeros
112,4066.2089806734753,560000.0,HalfCheetah-v3,TD3_Q2a2x64_1p_zeros
113,3903.8244120952468,565000.0,HalfCheetah-v3,TD3_Q2a2x64_1p_zeros
114,3765.372787259463,570000.0,HalfCheetah-v3,TD3_Q2a2x64_1p_zeros
115,4280.063244980638,575000.0,HalfCheetah-v3,TD3_Q2a2x64_1p_zeros
116,4198.638016072802,580000.0,HalfCheetah-v3,TD3_Q2a2x64_1p_zeros
117,4087.0605163611026,585000.0,HalfCheetah-v3,TD3_Q2a2x64_1p_zeros
118,3872.5710047669854,590000.0,HalfCheetah-v3,TD3_Q2a2x64_1p_zeros
119,3751.489124007302,595000.0,HalfCheetah-v3,TD3_Q2a2x64_1p_zeros
120,4333.597330798011,600000.0,HalfCheetah-v3,TD3_Q2a2x64_1p_zeros
121,4304.431709986548,605000.0,HalfCheetah-v3,TD3_Q2a2x64_1p_zeros
122,4152.04992061019,610000.0,HalfCheetah-v3,TD3_Q2a2x64_1p_zeros
123,3944.594131228087,615000.0,HalfCheetah-v3,TD3_Q2a2x64_1p_zeros
124,3806.1927343700386,620000.0,HalfCheetah-v3,TD3_Q2a2x64_1p_zeros
125,4406.662382086793,625000.0,HalfCheetah-v3,TD3_Q2a2x64_1p_zeros
126,4321.908413780044,630000.0,HalfCheetah-v3,TD3_Q2a2x64_1p_zeros
127,4007.280668538742,635000.0,HalfCheetah-v3,TD3_Q2a2x64_1p_zeros
128,3786.581830254277,640000.0,HalfCheetah-v3,TD3_Q2a2x64_1p_zeros
129,3769.979991953364,645000.0,HalfCheetah-v3,TD3_Q2a2x64_1p_zeros
130,4346.571384800129,650000.0,HalfCheetah-v3,TD3_Q2a2x64_1p_zeros
131,4260.147158274712,655000.0,HalfCheetah-v3,TD3_Q2a2x64_1p_zeros
132,4163.694379563048,660000.0,HalfCheetah-v3,TD3_Q2a2x64_1p_zeros
133,3950.8948716256878,665000.0,HalfCheetah-v3,TD3_Q2a2x64_1p_zeros
134,3708.049876725461,670000.0,HalfCheetah-v3,TD3_Q2a2x64_1p_zeros
135,4482.360070319273,675000.0,HalfCheetah-v3,TD3_Q2a2x64_1p_zeros
136,4361.39488492888,680000.0,HalfCheetah-v3,TD3_Q2a2x64_1p_zeros
137,4240.407370261959,685000.0,HalfCheetah-v3,TD3_Q2a2x64_1p_zeros
138,3978.7573556974035,690000.0,HalfCheetah-v3,TD3_Q2a2x64_1p_zeros
139,3696.603770469805,695000.0,HalfCheetah-v3,TD3_Q2a2x64_1p_zeros
140,4472.8892417517045,700000.0,HalfCheetah-v3,TD3_Q2a2x64_1p_zeros
141,4385.275337269898,705000.0,HalfCheetah-v3,TD3_Q2a2x64_1p_zeros
142,4257.758478007623,710000.0,HalfCheetah-v3,TD3_Q2a2x64_1p_zeros
143,3974.6926622734695,715000.0,HalfCheetah-v3,TD3_Q2a2x64_1p_zeros
144,3798.337913936033,720000.0,HalfCheetah-v3,TD3_Q2a2x64_1p_zeros
145,4592.59790652424,725000.0,HalfCheetah-v3,TD3_Q2a2x64_1p_zeros
146,4436.307417394781,730000.0,HalfCheetah-v3,TD3_Q2a2x64_1p_zeros
147,4373.106200092757,735000.0,HalfCheetah-v3,TD3_Q2a2x64_1p_zeros
148,4039.4655133112983,740000.0,HalfCheetah-v3,TD3_Q2a2x64_1p_zeros
149,3758.4730522191376,745000.0,HalfCheetah-v3,TD3_Q2a2x64_1p_zeros
150,4341.576394002583,750000.0,HalfCheetah-v3,TD3_Q2a2x64_1p_zeros
151,4319.823557554211,755000.0,HalfCheetah-v3,TD3_Q2a2x64_1p_zeros
152,4154.942999606796,760000.0,HalfCheetah-v3,TD3_Q2a2x64_1p_zeros
153,3871.3681658804417,765000.0,HalfCheetah-v3,TD3_Q2a2x64_1p_zeros
154,3354.616862968476,770000.0,HalfCheetah-v3,TD3_Q2a2x64_1p_zeros
155,4557.596956802912,775000.0,HalfCheetah-v3,TD3_Q2a2x64_1p_zeros
156,4414.54831124046,780000.0,HalfCheetah-v3,TD3_Q2a2x64_1p_zeros
157,4207.9880857452745,785000.0,HalfCheetah-v3,TD3_Q2a2x64_1p_zeros
158,3970.6291211024422,790000.0,HalfCheetah-v3,TD3_Q2a2x64_1p_zeros
159,3638.9984511095763,795000.0,HalfCheetah-v3,TD3_Q2a2x64_1p_zeros
160,4760.481183511609,800000.0,HalfCheetah-v3,TD3_Q2a2x64_1p_zeros
161,4581.6171017850265,805000.0,HalfCheetah-v3,TD3_Q2a2x64_1p_zeros
162,4311.6427308367,810000.0,HalfCheetah-v3,TD3_Q2a2x64_1p_zeros
163,4042.5955177396327,815000.0,HalfCheetah-v3,TD3_Q2a2x64_1p_zeros
164,3363.438265434225,820000.0,HalfCheetah-v3,TD3_Q2a2x64_1p_zeros
165,4746.641108196594,825000.0,HalfCheetah-v3,TD3_Q2a2x64_1p_zeros
166,4441.043811619033,830000.0,HalfCheetah-v3,TD3_Q2a2x64_1p_zeros
167,4128.324884472635,835000.0,HalfCheetah-v3,TD3_Q2a2x64_1p_zeros
168,3930.265878763531,840000.0,HalfCheetah-v3,TD3_Q2a2x64_1p_zeros
169,3660.759951964188,845000.0,HalfCheetah-v3,TD3_Q2a2x64_1p_zeros
170,4534.993113414849,850000.0,HalfCheetah-v3,TD3_Q2a2x64_1p_zeros
171,4417.626679601135,855000.0,HalfCheetah-v3,TD3_Q2a2x64_1p_zeros
172,4207.774630024126,860000.0,HalfCheetah-v3,TD3_Q2a2x64_1p_zeros
173,3759.8019781565818,865000.0,HalfCheetah-v3,TD3_Q2a2x64_1p_zeros
174,3798.3875906920803,870000.0,HalfCheetah-v3,TD3_Q2a2x64_1p_zeros
175,4847.4061631287095,875000.0,HalfCheetah-v3,TD3_Q2a2x64_1p_zeros
176,4676.908731900145,880000.0,HalfCheetah-v3,TD3_Q2a2x64_1p_zeros
177,4419.876344499857,885000.0,HalfCheetah-v3,TD3_Q2a2x64_1p_zeros
178,4115.3110201989675,890000.0,HalfCheetah-v3,TD3_Q2a2x64_1p_zeros
179,3866.9604928320705,895000.0,HalfCheetah-v3,TD3_Q2a2x64_1p_zeros
180,4876.256480964749,900000.0,HalfCheetah-v3,TD3_Q2a2x64_1p_zeros
181,4567.242572515279,905000.0,HalfCheetah-v3,TD3_Q2a2x64_1p_zeros
182,4201.036278634661,910000.0,HalfCheetah-v3,TD3_Q2a2x64_1p_zeros
183,3956.741584540285,915000.0,HalfCheetah-v3,TD3_Q2a2x64_1p_zeros
184,2777.2811381495935,920000.0,HalfCheetah-v3,TD3_Q2a2x64_1p_zeros
185,4929.742884349935,925000.0,HalfCheetah-v3,TD3_Q2a2x64_1p_zeros
186,4617.740147932766,930000.0,HalfCheetah-v3,TD3_Q2a2x64_1p_zeros
187,4390.760193792822,935000.0,HalfCheetah-v3,TD3_Q2a2x64_1p_zeros
188,3730.902729678979,940000.0,HalfCheetah-v3,TD3_Q2a2x64_1p_zeros
189,3096.3862253407233,945000.0,HalfCheetah-v3,TD3_Q2a2x64_1p_zeros
190,4866.997538305365,950000.0,HalfCheetah-v3,TD3_Q2a2x64_1p_zeros
191,4633.789271592279,955000.0,HalfCheetah-v3,TD3_Q2a2x64_1p_zeros
192,4426.726386975359,960000.0,HalfCheetah-v3,TD3_Q2a2x64_1p_zeros
193,4113.163672698396,965000.0,HalfCheetah-v3,TD3_Q2a2x64_1p_zeros
194,3731.942723049723,970000.0,HalfCheetah-v3,TD3_Q2a2x64_1p_zeros
195,4919.874191796808,975000.0,HalfCheetah-v3,TD3_Q2a2x64_1p_zeros
196,4703.825489837226,980000.0,HalfCheetah-v3,TD3_Q2a2x64_1p_zeros
197,4378.258414891931,985000.0,HalfCheetah-v3,TD3_Q2a2x64_1p_zeros
198,4112.791385567209,990000.0,HalfCheetah-v3,TD3_Q2a2x64_1p_zeros
199,3929.7293812382313,995000.0,HalfCheetah-v3,TD3_Q2a2x64_1p_zeros
200,4978.32927935082,1000000.0,HalfCheetah-v3,TD3_Q2a2x64_1p_zeros
201,4739.906874369389,1005000.0,HalfCheetah-v3,TD3_Q2a2x64_1p_zeros
202,4387.537886204236,1010000.0,HalfCheetah-v3,TD3_Q2a2x64_1p_zeros
203,4024.1713548422813,1015000.0,HalfCheetah-v3,TD3_Q2a2x64_1p_zeros
204,3203.022790686988,1020000.0,HalfCheetah-v3,TD3_Q2a2x64_1p_zeros
205,4820.5362727298725,1025000.0,HalfCheetah-v3,TD3_Q2a2x64_1p_zeros
206,4648.312624238002,1030000.0,HalfCheetah-v3,TD3_Q2a2x64_1p_zeros
207,4360.555479578304,1035000.0,HalfCheetah-v3,TD3_Q2a2x64_1p_zeros
208,3722.884940225814,1040000.0,HalfCheetah-v3,TD3_Q2a2x64_1p_zeros
209,3710.1629271612946,1045000.0,HalfCheetah-v3,TD3_Q2a2x64_1p_zeros
210,4898.999872018288,1050000.0,HalfCheetah-v3,TD3_Q2a2x64_1p_zeros
211,4694.3349069243295,1055000.0,HalfCheetah-v3,TD3_Q2a2x64_1p_zeros
212,4421.546794480155,1060000.0,HalfCheetah-v3,TD3_Q2a2x64_1p_zeros
213,4117.995626254558,1065000.0,HalfCheetah-v3,TD3_Q2a2x64_1p_zeros
214,3783.9227391398003,1070000.0,HalfCheetah-v3,TD3_Q2a2x64_1p_zeros
215,4982.391121166629,1075000.0,HalfCheetah-v3,TD3_Q2a2x64_1p_zeros
216,4724.73807311765,1080000.0,HalfCheetah-v3,TD3_Q2a2x64_1p_zeros
217,4433.623200660951,1085000.0,HalfCheetah-v3,TD3_Q2a2x64_1p_zeros
218,4067.5421210785316,1090000.0,HalfCheetah-v3,TD3_Q2a2x64_1p_zeros
219,3437.2136241411654,1095000.0,HalfCheetah-v3,TD3_Q2a2x64_1p_zeros
220,5064.770753493021,1100000.0,HalfCheetah-v3,TD3_Q2a2x64_1p_zeros
221,4738.046508264148,1105000.0,HalfCheetah-v3,TD3_Q2a2x64_1p_zeros
222,4505.412841904867,1110000.0,HalfCheetah-v3,TD3_Q2a2x64_1p_zeros
223,4206.423109642601,1115000.0,HalfCheetah-v3,TD3_Q2a2x64_1p_zeros
224,3838.461845748113,1120000.0,HalfCheetah-v3,TD3_Q2a2x64_1p_zeros
225,4957.746979777792,1125000.0,HalfCheetah-v3,TD3_Q2a2x64_1p_zeros
226,4735.593193883784,1130000.0,HalfCheetah-v3,TD3_Q2a2x64_1p_zeros
227,4450.008663122137,1135000.0,HalfCheetah-v3,TD3_Q2a2x64_1p_zeros
228,4150.305692059271,1140000.0,HalfCheetah-v3,TD3_Q2a2x64_1p_zeros
229,3684.1063017478127,1145000.0,HalfCheetah-v3,TD3_Q2a2x64_1p_zeros
230,5041.28032352196,1150000.0,HalfCheetah-v3,TD3_Q2a2x64_1p_zeros
231,4782.032234934691,1155000.0,HalfCheetah-v3,TD3_Q2a2x64_1p_zeros
232,4461.514914841572,1160000.0,HalfCheetah-v3,TD3_Q2a2x64_1p_zeros
233,4043.3747317660345,1165000.0,HalfCheetah-v3,TD3_Q2a2x64_1p_zeros
234,3786.723126676701,1170000.0,HalfCheetah-v3,TD3_Q2a2x64_1p_zeros
235,5182.738453544445,1175000.0,HalfCheetah-v3,TD3_Q2a2x64_1p_zeros
236,4428.490315455561,1180000.0,HalfCheetah-v3,TD3_Q2a2x64_1p_zeros
237,4413.040625537877,1185000.0,HalfCheetah-v3,TD3_Q2a2x64_1p_zeros
238,3449.295252120254,1190000.0,HalfCheetah-v3,TD3_Q2a2x64_1p_zeros
239,3453.268227580999,1195000.0,HalfCheetah-v3,TD3_Q2a2x64_1p_zeros
240,5101.141633302754,1200000.0,HalfCheetah-v3,TD3_Q2a2x64_1p_zeros
241,4839.037498108416,1205000.0,HalfCheetah-v3,TD3_Q2a2x64_1p_zeros
242,4548.967536852841,1210000.0,HalfCheetah-v3,TD3_Q2a2x64_1p_zeros
243,4163.53108849242,1215000.0,HalfCheetah-v3,TD3_Q2a2x64_1p_zeros
244,3375.9247391676654,1220000.0,HalfCheetah-v3,TD3_Q2a2x64_1p_zeros
245,5170.534411851424,1225000.0,HalfCheetah-v3,TD3_Q2a2x64_1p_zeros
246,4895.187465851401,1230000.0,HalfCheetah-v3,TD3_Q2a2x64_1p_zeros
247,4373.539004468147,1235000.0,HalfCheetah-v3,TD3_Q2a2x64_1p_zeros
248,4252.530037163009,1240000.0,HalfCheetah-v3,TD3_Q2a2x64_1p_zeros
249,3286.4305087807975,1245000.0,HalfCheetah-v3,TD3_Q2a2x64_1p_zeros
250,5216.511672742754,1250000.0,HalfCheetah-v3,TD3_Q2a2x64_1p_zeros
251,4966.698025074407,1255000.0,HalfCheetah-v3,TD3_Q2a2x64_1p_zeros
252,4607.699081190842,1260000.0,HalfCheetah-v3,TD3_Q2a2x64_1p_zeros
253,4280.560664564784,1265000.0,HalfCheetah-v3,TD3_Q2a2x64_1p_zeros
254,3869.3920106690493,1270000.0,HalfCheetah-v3,TD3_Q2a2x64_1p_zeros
255,5213.509580040265,1275000.0,HalfCheetah-v3,TD3_Q2a2x64_1p_zeros
256,4949.396788074153,1280000.0,HalfCheetah-v3,TD3_Q2a2x64_1p_zeros
257,4656.90984332881,1285000.0,HalfCheetah-v3,TD3_Q2a2x64_1p_zeros
258,3957.363220329473,1290000.0,HalfCheetah-v3,TD3_Q2a2x64_1p_zeros
259,3536.2890687529675,1295000.0,HalfCheetah-v3,TD3_Q2a2x64_1p_zeros
260,5217.824180639208,1300000.0,HalfCheetah-v3,TD3_Q2a2x64_1p_zeros
261,4974.129988223703,1305000.0,HalfCheetah-v3,TD3_Q2a2x64_1p_zeros
262,4684.052811959644,1310000.0,HalfCheetah-v3,TD3_Q2a2x64_1p_zeros
263,4304.6609884226455,1315000.0,HalfCheetah-v3,TD3_Q2a2x64_1p_zeros
264,4018.715360558634,1320000.0,HalfCheetah-v3,TD3_Q2a2x64_1p_zeros
265,5231.595812134035,1325000.0,HalfCheetah-v3,TD3_Q2a2x64_1p_zeros
266,5030.759163474426,1330000.0,HalfCheetah-v3,TD3_Q2a2x64_1p_zeros
267,4705.547502280003,1335000.0,HalfCheetah-v3,TD3_Q2a2x64_1p_zeros
268,4389.246313139938,1340000.0,HalfCheetah-v3,TD3_Q2a2x64_1p_zeros
269,4111.104519407045,1345000.0,HalfCheetah-v3,TD3_Q2a2x64_1p_zeros
270,5259.629051825241,1350000.0,HalfCheetah-v3,TD3_Q2a2x64_1p_zeros
271,5065.379911146552,1355000.0,HalfCheetah-v3,TD3_Q2a2x64_1p_zeros
272,4716.7094640536025,1360000.0,HalfCheetah-v3,TD3_Q2a2x64_1p_zeros
273,4308.604753241789,1365000.0,HalfCheetah-v3,TD3_Q2a2x64_1p_zeros
274,3993.9177627127115,1370000.0,HalfCheetah-v3,TD3_Q2a2x64_1p_zeros
275,5261.040690489045,1375000.0,HalfCheetah-v3,TD3_Q2a2x64_1p_zeros
276,4989.208831238529,1380000.0,HalfCheetah-v3,TD3_Q2a2x64_1p_zeros
277,4636.089201509945,1385000.0,HalfCheetah-v3,TD3_Q2a2x64_1p_zeros
278,4227.87699972429,1390000.0,HalfCheetah-v3,TD3_Q2a2x64_1p_zeros
279,3903.2288686306492,1395000.0,HalfCheetah-v3,TD3_Q2a2x64_1p_zeros
280,5213.4740819366925,1400000.0,HalfCheetah-v3,TD3_Q2a2x64_1p_zeros
281,4994.970069067583,1405000.0,HalfCheetah-v3,TD3_Q2a2x64_1p_zeros
282,4558.207034312373,1410000.0,HalfCheetah-v3,TD3_Q2a2x64_1p_zeros
283,3828.8040709803986,1415000.0,HalfCheetah-v3,TD3_Q2a2x64_1p_zeros
284,3644.9804651333297,1420000.0,HalfCheetah-v3,TD3_Q2a2x64_1p_zeros
285,5328.215101163159,1425000.0,HalfCheetah-v3,TD3_Q2a2x64_1p_zeros
286,5053.207548874596,1430000.0,HalfCheetah-v3,TD3_Q2a2x64_1p_zeros
287,4683.990163412948,1435000.0,HalfCheetah-v3,TD3_Q2a2x64_1p_zeros
288,4342.867441364442,1440000.0,HalfCheetah-v3,TD3_Q2a2x64_1p_zeros
289,3970.5554233791418,1445000.0,HalfCheetah-v3,TD3_Q2a2x64_1p_zeros
290,5372.524570897664,1450000.0,HalfCheetah-v3,TD3_Q2a2x64_1p_zeros
291,5089.983838891438,1455000.0,HalfCheetah-v3,TD3_Q2a2x64_1p_zeros
292,4717.829236725686,1460000.0,HalfCheetah-v3,TD3_Q2a2x64_1p_zeros
293,4347.343896319519,1465000.0,HalfCheetah-v3,TD3_Q2a2x64_1p_zeros
294,3780.177436750434,1470000.0,HalfCheetah-v3,TD3_Q2a2x64_1p_zeros
295,5309.313992832975,1475000.0,HalfCheetah-v3,TD3_Q2a2x64_1p_zeros
296,5046.926637011973,1480000.0,HalfCheetah-v3,TD3_Q2a2x64_1p_zeros
297,4279.983036685311,1485000.0,HalfCheetah-v3,TD3_Q2a2x64_1p_zeros
298,4330.657485082061,1490000.0,HalfCheetah-v3,TD3_Q2a2x64_1p_zeros
299,3917.1680291047423,1495000.0,HalfCheetah-v3,TD3_Q2a2x64_1p_zeros
300,5294.957638238257,1500000.0,HalfCheetah-v3,TD3_Q2a2x64_1p_zeros
301,5031.821681477866,1505000.0,HalfCheetah-v3,TD3_Q2a2x64_1p_zeros
302,4345.662793190272,1510000.0,HalfCheetah-v3,TD3_Q2a2x64_1p_zeros
303,3739.3679656812506,1515000.0,HalfCheetah-v3,TD3_Q2a2x64_1p_zeros
304,3935.5942013455206,1520000.0,HalfCheetah-v3,TD3_Q2a2x64_1p_zeros
305,5366.338897536404,1525000.0,HalfCheetah-v3,TD3_Q2a2x64_1p_zeros
306,5030.70494801758,1530000.0,HalfCheetah-v3,TD3_Q2a2x64_1p_zeros
307,4711.154215895311,1535000.0,HalfCheetah-v3,TD3_Q2a2x64_1p_zeros
308,4434.735831517248,1540000.0,HalfCheetah-v3,TD3_Q2a2x64_1p_zeros
309,3946.6045237244603,1545000.0,HalfCheetah-v3,TD3_Q2a2x64_1p_zeros
310,5362.7000178196095,1550000.0,HalfCheetah-v3,TD3_Q2a2x64_1p_zeros
311,5092.99516637867,1555000.0,HalfCheetah-v3,TD3_Q2a2x64_1p_zeros
312,4797.832986184428,1560000.0,HalfCheetah-v3,TD3_Q2a2x64_1p_zeros
313,4229.316850223588,1565000.0,HalfCheetah-v3,TD3_Q2a2x64_1p_zeros
314,3436.238962980723,1570000.0,HalfCheetah-v3,TD3_Q2a2x64_1p_zeros
315,5373.5040538833255,1575000.0,HalfCheetah-v3,TD3_Q2a2x64_1p_zeros
316,5146.044176107114,1580000.0,HalfCheetah-v3,TD3_Q2a2x64_1p_zeros
317,4687.074319958942,1585000.0,HalfCheetah-v3,TD3_Q2a2x64_1p_zeros
318,3977.8637959761495,1590000.0,HalfCheetah-v3,TD3_Q2a2x64_1p_zeros
319,3921.7473422605494,1595000.0,HalfCheetah-v3,TD3_Q2a2x64_1p_zeros
320,5356.825232832526,1600000.0,HalfCheetah-v3,TD3_Q2a2x64_1p_zeros
321,5145.010228933679,1605000.0,HalfCheetah-v3,TD3_Q2a2x64_1p_zeros
322,4490.112702751214,1610000.0,HalfCheetah-v3,TD3_Q2a2x64_1p_zeros
323,4372.121941245535,1615000.0,HalfCheetah-v3,TD3_Q2a2x64_1p_zeros
324,3616.9430278939844,1620000.0,HalfCheetah-v3,TD3_Q2a2x64_1p_zeros
325,5347.757286283721,1625000.0,HalfCheetah-v3,TD3_Q2a2x64_1p_zeros
326,5103.8343029887565,1630000.0,HalfCheetah-v3,TD3_Q2a2x64_1p_zeros
327,4677.223804715688,1635000.0,HalfCheetah-v3,TD3_Q2a2x64_1p_zeros
328,4418.8661712149715,1640000.0,HalfCheetah-v3,TD3_Q2a2x64_1p_zeros
329,3681.4335486972377,1645000.0,HalfCheetah-v3,TD3_Q2a2x64_1p_zeros
330,5370.605039967921,1650000.0,HalfCheetah-v3,TD3_Q2a2x64_1p_zeros
331,5131.73644997802,1655000.0,HalfCheetah-v3,TD3_Q2a2x64_1p_zeros
332,4353.880964295509,1660000.0,HalfCheetah-v3,TD3_Q2a2x64_1p_zeros
333,4094.4848363267038,1665000.0,HalfCheetah-v3,TD3_Q2a2x64_1p_zeros
334,3620.461843474135,1670000.0,HalfCheetah-v3,TD3_Q2a2x64_1p_zeros
335,5463.192893891515,1675000.0,HalfCheetah-v3,TD3_Q2a2x64_1p_zeros
336,5185.004001062351,1680000.0,HalfCheetah-v3,TD3_Q2a2x64_1p_zeros
337,4776.987120621474,1685000.0,HalfCheetah-v3,TD3_Q2a2x64_1p_zeros
338,4083.5286520624672,1690000.0,HalfCheetah-v3,TD3_Q2a2x64_1p_zeros
339,3443.3486151440184,1695000.0,HalfCheetah-v3,TD3_Q2a2x64_1p_zeros
340,5528.524529129797,1700000.0,HalfCheetah-v3,TD3_Q2a2x64_1p_zeros
341,5254.913236745757,1705000.0,HalfCheetah-v3,TD3_Q2a2x64_1p_zeros
342,4811.042882255725,1710000.0,HalfCheetah-v3,TD3_Q2a2x64_1p_zeros
343,4299.348052972582,1715000.0,HalfCheetah-v3,TD3_Q2a2x64_1p_zeros
344,4035.846335513213,1720000.0,HalfCheetah-v3,TD3_Q2a2x64_1p_zeros
345,5563.803355163417,1725000.0,HalfCheetah-v3,TD3_Q2a2x64_1p_zeros
346,5228.630659726355,1730000.0,HalfCheetah-v3,TD3_Q2a2x64_1p_zeros
347,4768.8039491714,1735000.0,HalfCheetah-v3,TD3_Q2a2x64_1p_zeros
348,4108.908770395206,1740000.0,HalfCheetah-v3,TD3_Q2a2x64_1p_zeros
349,3919.1652524152114,1745000.0,HalfCheetah-v3,TD3_Q2a2x64_1p_zeros
350,5539.498100151488,1750000.0,HalfCheetah-v3,TD3_Q2a2x64_1p_zeros
351,5210.975055724573,1755000.0,HalfCheetah-v3,TD3_Q2a2x64_1p_zeros
352,4911.913154443761,1760000.0,HalfCheetah-v3,TD3_Q2a2x64_1p_zeros
353,4427.612402810433,1765000.0,HalfCheetah-v3,TD3_Q2a2x64_1p_zeros
354,4130.428824359912,1770000.0,HalfCheetah-v3,TD3_Q2a2x64_1p_zeros
355,5625.812267598723,1775000.0,HalfCheetah-v3,TD3_Q2a2x64_1p_zeros
356,5329.793084764126,1780000.0,HalfCheetah-v3,TD3_Q2a2x64_1p_zeros
357,4613.4073627564685,1785000.0,HalfCheetah-v3,TD3_Q2a2x64_1p_zeros
358,4457.6750261805455,1790000.0,HalfCheetah-v3,TD3_Q2a2x64_1p_zeros
359,4000.993462199066,1795000.0,HalfCheetah-v3,TD3_Q2a2x64_1p_zeros
360,5620.468054430653,1800000.0,HalfCheetah-v3,TD3_Q2a2x64_1p_zeros
361,5332.664092677284,1805000.0,HalfCheetah-v3,TD3_Q2a2x64_1p_zeros
362,4938.181423255147,1810000.0,HalfCheetah-v3,TD3_Q2a2x64_1p_zeros
363,4362.145058731133,1815000.0,HalfCheetah-v3,TD3_Q2a2x64_1p_zeros
364,3985.276903773418,1820000.0,HalfCheetah-v3,TD3_Q2a2x64_1p_zeros
365,5706.234313290854,1825000.0,HalfCheetah-v3,TD3_Q2a2x64_1p_zeros
366,4726.778573043908,1830000.0,HalfCheetah-v3,TD3_Q2a2x64_1p_zeros
367,4362.423944031625,1835000.0,HalfCheetah-v3,TD3_Q2a2x64_1p_zeros
368,4422.069499605036,1840000.0,HalfCheetah-v3,TD3_Q2a2x64_1p_zeros
369,3758.3488228422125,1845000.0,HalfCheetah-v3,TD3_Q2a2x64_1p_zeros
370,5579.802028256839,1850000.0,HalfCheetah-v3,TD3_Q2a2x64_1p_zeros
371,5337.901355879855,1855000.0,HalfCheetah-v3,TD3_Q2a2x64_1p_zeros
372,4871.816829087412,1860000.0,HalfCheetah-v3,TD3_Q2a2x64_1p_zeros
373,4551.862465456104,1865000.0,HalfCheetah-v3,TD3_Q2a2x64_1p_zeros
374,3922.5636222271196,1870000.0,HalfCheetah-v3,TD3_Q2a2x64_1p_zeros
375,5660.132679393807,1875000.0,HalfCheetah-v3,TD3_Q2a2x64_1p_zeros
376,5352.538286670122,1880000.0,HalfCheetah-v3,TD3_Q2a2x64_1p_zeros
377,4927.870863351862,1885000.0,HalfCheetah-v3,TD3_Q2a2x64_1p_zeros
378,4441.569570629321,1890000.0,HalfCheetah-v3,TD3_Q2a2x64_1p_zeros
379,3834.889010977787,1895000.0,HalfCheetah-v3,TD3_Q2a2x64_1p_zeros
380,5686.046811084619,1900000.0,HalfCheetah-v3,TD3_Q2a2x64_1p_zeros
381,5353.090565581699,1905000.0,HalfCheetah-v3,TD3_Q2a2x64_1p_zeros
382,4843.236031518487,1910000.0,HalfCheetah-v3,TD3_Q2a2x64_1p_zeros
383,4168.633846115865,1915000.0,HalfCheetah-v3,TD3_Q2a2x64_1p_zeros
384,3426.947144221011,1920000.0,HalfCheetah-v3,TD3_Q2a2x64_1p_zeros
385,5688.150268086442,1925000.0,HalfCheetah-v3,TD3_Q2a2x64_1p_zeros
386,5346.256111701615,1930000.0,HalfCheetah-v3,TD3_Q2a2x64_1p_zeros
387,4912.001889961211,1935000.0,HalfCheetah-v3,TD3_Q2a2x64_1p_zeros
388,4369.331448431992,1940000.0,HalfCheetah-v3,TD3_Q2a2x64_1p_zeros
389,4052.1349200219315,1945000.0,HalfCheetah-v3,TD3_Q2a2x64_1p_zeros
390,5678.834486668425,1950000.0,HalfCheetah-v3,TD3_Q2a2x64_1p_zeros
391,5299.213080937874,1955000.0,HalfCheetah-v3,TD3_Q2a2x64_1p_zeros
392,4966.799786420215,1960000.0,HalfCheetah-v3,TD3_Q2a2x64_1p_zeros
393,4436.423990115141,1965000.0,HalfCheetah-v3,TD3_Q2a2x64_1p_zeros
394,4060.829458662377,1970000.0,HalfCheetah-v3,TD3_Q2a2x64_1p_zeros
395,5645.646945379211,1975000.0,HalfCheetah-v3,TD3_Q2a2x64_1p_zeros
396,5292.443748061971,1980000.0,HalfCheetah-v3,TD3_Q2a2x64_1p_zeros
397,4839.453279096286,1985000.0,HalfCheetah-v3,TD3_Q2a2x64_1p_zeros
398,4438.185793262359,1990000.0,HalfCheetah-v3,TD3_Q2a2x64_1p_zeros
399,3993.9981388834394,1995000.0,HalfCheetah-v3,TD3_Q2a2x64_1p_zeros
400,5820.4560490512795,2000000.0,HalfCheetah-v3,TD3_Q2a2x64_1p_zeros
401,5441.186572762659,2005000.0,HalfCheetah-v3,TD3_Q2a2x64_1p_zeros
402,4965.725716564578,2010000.0,HalfCheetah-v3,TD3_Q2a2x64_1p_zeros
403,4081.2040172156076,2015000.0,HalfCheetah-v3,TD3_Q2a2x64_1p_zeros
404,3902.331397331652,2020000.0,HalfCheetah-v3,TD3_Q2a2x64_1p_zeros
405,5781.55770435651,2025000.0,HalfCheetah-v3,TD3_Q2a2x64_1p_zeros
406,5370.795405449946,2030000.0,HalfCheetah-v3,TD3_Q2a2x64_1p_zeros
407,4916.531397914797,2035000.0,HalfCheetah-v3,TD3_Q2a2x64_1p_zeros
408,4531.418752634229,2040000.0,HalfCheetah-v3,TD3_Q2a2x64_1p_zeros
409,3880.783608673356,2045000.0,HalfCheetah-v3,TD3_Q2a2x64_1p_zeros
410,5708.689632415747,2050000.0,HalfCheetah-v3,TD3_Q2a2x64_1p_zeros
411,5352.013400412679,2055000.0,HalfCheetah-v3,TD3_Q2a2x64_1p_zeros
412,4885.504730997519,2060000.0,HalfCheetah-v3,TD3_Q2a2x64_1p_zeros
413,4234.865219926271,2065000.0,HalfCheetah-v3,TD3_Q2a2x64_1p_zeros
414,4009.5319908537444,2070000.0,HalfCheetah-v3,TD3_Q2a2x64_1p_zeros
415,5792.9745114464695,2075000.0,HalfCheetah-v3,TD3_Q2a2x64_1p_zeros
416,5409.715000500919,2080000.0,HalfCheetah-v3,TD3_Q2a2x64_1p_zeros
417,4576.379803276916,2085000.0,HalfCheetah-v3,TD3_Q2a2x64_1p_zeros
418,4164.4797291882005,2090000.0,HalfCheetah-v3,TD3_Q2a2x64_1p_zeros
419,4012.6341966306018,2095000.0,HalfCheetah-v3,TD3_Q2a2x64_1p_zeros
420,5909.928011434717,2100000.0,HalfCheetah-v3,TD3_Q2a2x64_1p_zeros
421,5501.746234871713,2105000.0,HalfCheetah-v3,TD3_Q2a2x64_1p_zeros
422,4460.364790595845,2110000.0,HalfCheetah-v3,TD3_Q2a2x64_1p_zeros
423,4361.913136053952,2115000.0,HalfCheetah-v3,TD3_Q2a2x64_1p_zeros
424,3983.1457646131107,2120000.0,HalfCheetah-v3,TD3_Q2a2x64_1p_zeros
425,5866.579610826458,2125000.0,HalfCheetah-v3,TD3_Q2a2x64_1p_zeros
426,5448.117847548924,2130000.0,HalfCheetah-v3,TD3_Q2a2x64_1p_zeros
427,4704.072408371748,2135000.0,HalfCheetah-v3,TD3_Q2a2x64_1p_zeros
428,4397.068523324652,2140000.0,HalfCheetah-v3,TD3_Q2a2x64_1p_zeros
429,4042.756704045047,2145000.0,HalfCheetah-v3,TD3_Q2a2x64_1p_zeros
430,5837.456983215061,2150000.0,HalfCheetah-v3,TD3_Q2a2x64_1p_zeros
431,5301.472769317057,2155000.0,HalfCheetah-v3,TD3_Q2a2x64_1p_zeros
432,4780.147197717072,2160000.0,HalfCheetah-v3,TD3_Q2a2x64_1p_zeros
433,3934.64527403272,2165000.0,HalfCheetah-v3,TD3_Q2a2x64_1p_zeros
434,3971.1958512450933,2170000.0,HalfCheetah-v3,TD3_Q2a2x64_1p_zeros
435,5912.866467543885,2175000.0,HalfCheetah-v3,TD3_Q2a2x64_1p_zeros
436,5398.149302038345,2180000.0,HalfCheetah-v3,TD3_Q2a2x64_1p_zeros
437,4900.68960319189,2185000.0,HalfCheetah-v3,TD3_Q2a2x64_1p_zeros
438,4423.155398633263,2190000.0,HalfCheetah-v3,TD3_Q2a2x64_1p_zeros
439,3980.664477262811,2195000.0,HalfCheetah-v3,TD3_Q2a2x64_1p_zeros
440,5919.86380786005,2200000.0,HalfCheetah-v3,TD3_Q2a2x64_1p_zeros
441,5462.671391722041,2205000.0,HalfCheetah-v3,TD3_Q2a2x64_1p_zeros
442,4939.556059216326,2210000.0,HalfCheetah-v3,TD3_Q2a2x64_1p_zeros
443,4401.014558722461,2215000.0,HalfCheetah-v3,TD3_Q2a2x64_1p_zeros
444,3967.190538621923,2220000.0,HalfCheetah-v3,TD3_Q2a2x64_1p_zeros
445,5690.691749680046,2225000.0,HalfCheetah-v3,TD3_Q2a2x64_1p_zeros
446,5289.986456565183,2230000.0,HalfCheetah-v3,TD3_Q2a2x64_1p_zeros
447,4837.969336978447,2235000.0,HalfCheetah-v3,TD3_Q2a2x64_1p_zeros
448,4156.250862819725,2240000.0,HalfCheetah-v3,TD3_Q2a2x64_1p_zeros
449,3861.3281241163436,2245000.0,HalfCheetah-v3,TD3_Q2a2x64_1p_zeros
450,5824.927617380242,2250000.0,HalfCheetah-v3,TD3_Q2a2x64_1p_zeros
451,5372.32767045206,2255000.0,HalfCheetah-v3,TD3_Q2a2x64_1p_zeros
452,4895.080391634346,2260000.0,HalfCheetah-v3,TD3_Q2a2x64_1p_zeros
453,4274.030929481739,2265000.0,HalfCheetah-v3,TD3_Q2a2x64_1p_zeros
454,4097.3848028613265,2270000.0,HalfCheetah-v3,TD3_Q2a2x64_1p_zeros
455,5882.557171714367,2275000.0,HalfCheetah-v3,TD3_Q2a2x64_1p_zeros
456,5462.237378654806,2280000.0,HalfCheetah-v3,TD3_Q2a2x64_1p_zeros
457,5014.8856080371515,2285000.0,HalfCheetah-v3,TD3_Q2a2x64_1p_zeros
458,4445.805923198228,2290000.0,HalfCheetah-v3,TD3_Q2a2x64_1p_zeros
459,3965.5097923074,2295000.0,HalfCheetah-v3,TD3_Q2a2x64_1p_zeros
460,5993.819928625154,2300000.0,HalfCheetah-v3,TD3_Q2a2x64_1p_zeros
461,5539.052359421395,2305000.0,HalfCheetah-v3,TD3_Q2a2x64_1p_zeros
462,4819.1270700967525,2310000.0,HalfCheetah-v3,TD3_Q2a2x64_1p_zeros
463,4427.759482201067,2315000.0,HalfCheetah-v3,TD3_Q2a2x64_1p_zeros
464,4081.725033656477,2320000.0,HalfCheetah-v3,TD3_Q2a2x64_1p_zeros
465,5977.786245767876,2325000.0,HalfCheetah-v3,TD3_Q2a2x64_1p_zeros
466,5425.533906314532,2330000.0,HalfCheetah-v3,TD3_Q2a2x64_1p_zeros
467,4603.422661328512,2335000.0,HalfCheetah-v3,TD3_Q2a2x64_1p_zeros
468,4433.593165748667,2340000.0,HalfCheetah-v3,TD3_Q2a2x64_1p_zeros
469,4032.960758646778,2345000.0,HalfCheetah-v3,TD3_Q2a2x64_1p_zeros
470,5889.983822499712,2350000.0,HalfCheetah-v3,TD3_Q2a2x64_1p_zeros
471,5417.440036739765,2355000.0,HalfCheetah-v3,TD3_Q2a2x64_1p_zeros
472,4849.421649891081,2360000.0,HalfCheetah-v3,TD3_Q2a2x64_1p_zeros
473,4361.741320262325,2365000.0,HalfCheetah-v3,TD3_Q2a2x64_1p_zeros
474,3557.041814773524,2370000.0,HalfCheetah-v3,TD3_Q2a2x64_1p_zeros
475,6054.126986186648,2375000.0,HalfCheetah-v3,TD3_Q2a2x64_1p_zeros
476,5515.387870727692,2380000.0,HalfCheetah-v3,TD3_Q2a2x64_1p_zeros
477,4872.205037082499,2385000.0,HalfCheetah-v3,TD3_Q2a2x64_1p_zeros
478,4103.675885864288,2390000.0,HalfCheetah-v3,TD3_Q2a2x64_1p_zeros
479,3958.91980693605,2395000.0,HalfCheetah-v3,TD3_Q2a2x64_1p_zeros
480,5815.7434279427525,2400000.0,HalfCheetah-v3,TD3_Q2a2x64_1p_zeros
481,5522.214847653677,2405000.0,HalfCheetah-v3,TD3_Q2a2x64_1p_zeros
482,4947.869952478149,2410000.0,HalfCheetah-v3,TD3_Q2a2x64_1p_zeros
483,4467.214783890464,2415000.0,HalfCheetah-v3,TD3_Q2a2x64_1p_zeros
484,3379.686359857102,2420000.0,HalfCheetah-v3,TD3_Q2a2x64_1p_zeros
485,5985.654931806681,2425000.0,HalfCheetah-v3,TD3_Q2a2x64_1p_zeros
486,5486.637079653127,2430000.0,HalfCheetah-v3,TD3_Q2a2x64_1p_zeros
487,4576.919890549013,2435000.0,HalfCheetah-v3,TD3_Q2a2x64_1p_zeros
488,4505.125747647804,2440000.0,HalfCheetah-v3,TD3_Q2a2x64_1p_zeros
489,3719.7788698273594,2445000.0,HalfCheetah-v3,TD3_Q2a2x64_1p_zeros
490,5999.746749252175,2450000.0,HalfCheetah-v3,TD3_Q2a2x64_1p_zeros
491,5672.5436369593945,2455000.0,HalfCheetah-v3,TD3_Q2a2x64_1p_zeros
492,4966.415500712512,2460000.0,HalfCheetah-v3,TD3_Q2a2x64_1p_zeros
493,4365.549376895512,2465000.0,HalfCheetah-v3,TD3_Q2a2x64_1p_zeros
494,4084.6944605533376,2470000.0,HalfCheetah-v3,TD3_Q2a2x64_1p_zeros
495,6047.987197675657,2475000.0,HalfCheetah-v3,TD3_Q2a2x64_1p_zeros
496,5278.080702626318,2480000.0,HalfCheetah-v3,TD3_Q2a2x64_1p_zeros
497,4404.074679092245,2485000.0,HalfCheetah-v3,TD3_Q2a2x64_1p_zeros
498,4165.3871670527615,2490000.0,HalfCheetah-v3,TD3_Q2a2x64_1p_zeros
499,3648.533887856701,2495000.0,HalfCheetah-v3,TD3_Q2a2x64_1p_zeros
500,6072.597881586584,2500000.0,HalfCheetah-v3,TD3_Q2a2x64_1p_zeros
501,5500.262175161813,2505000.0,HalfCheetah-v3,TD3_Q2a2x64_1p_zeros
502,4902.826416178404,2510000.0,HalfCheetah-v3,TD3_Q2a2x64_1p_zeros
503,4239.9045241976255,2515000.0,HalfCheetah-v3,TD3_Q2a2x64_1p_zeros
504,3653.4072682947126,2520000.0,HalfCheetah-v3,TD3_Q2a2x64_1p_zeros
505,6018.77389107985,2525000.0,HalfCheetah-v3,TD3_Q2a2x64_1p_zeros
506,5513.398369964236,2530000.0,HalfCheetah-v3,TD3_Q2a2x64_1p_zeros
507,4702.77622719317,2535000.0,HalfCheetah-v3,TD3_Q2a2x64_1p_zeros
508,4227.1442944822775,2540000.0,HalfCheetah-v3,TD3_Q2a2x64_1p_zeros
509,3960.5208719578804,2545000.0,HalfCheetah-v3,TD3_Q2a2x64_1p_zeros
510,5977.677821788277,2550000.0,HalfCheetah-v3,TD3_Q2a2x64_1p_zeros
511,5525.742262267318,2555000.0,HalfCheetah-v3,TD3_Q2a2x64_1p_zeros
512,4874.907388167665,2560000.0,HalfCheetah-v3,TD3_Q2a2x64_1p_zeros
513,3757.5672667529716,2565000.0,HalfCheetah-v3,TD3_Q2a2x64_1p_zeros
514,3856.993081476332,2570000.0,HalfCheetah-v3,TD3_Q2a2x64_1p_zeros
515,6071.273018993106,2575000.0,HalfCheetah-v3,TD3_Q2a2x64_1p_zeros
516,5630.676099626609,2580000.0,HalfCheetah-v3,TD3_Q2a2x64_1p_zeros
517,5077.063705831177,2585000.0,HalfCheetah-v3,TD3_Q2a2x64_1p_zeros
518,3990.9000064411666,2590000.0,HalfCheetah-v3,TD3_Q2a2x64_1p_zeros
519,4090.135146792492,2595000.0,HalfCheetah-v3,TD3_Q2a2x64_1p_zeros
520,5973.04560066335,2600000.0,HalfCheetah-v3,TD3_Q2a2x64_1p_zeros
521,5536.653217109701,2605000.0,HalfCheetah-v3,TD3_Q2a2x64_1p_zeros
522,5085.730695309061,2610000.0,HalfCheetah-v3,TD3_Q2a2x64_1p_zeros
523,4505.748032533558,2615000.0,HalfCheetah-v3,TD3_Q2a2x64_1p_zeros
524,3850.5272610219267,2620000.0,HalfCheetah-v3,TD3_Q2a2x64_1p_zeros
525,6116.491561492044,2625000.0,HalfCheetah-v3,TD3_Q2a2x64_1p_zeros
526,5611.016994166954,2630000.0,HalfCheetah-v3,TD3_Q2a2x64_1p_zeros
527,5021.206840586574,2635000.0,HalfCheetah-v3,TD3_Q2a2x64_1p_zeros
528,4477.325780094197,2640000.0,HalfCheetah-v3,TD3_Q2a2x64_1p_zeros
529,3846.6924371183704,2645000.0,HalfCheetah-v3,TD3_Q2a2x64_1p_zeros
530,6176.342595426348,2650000.0,HalfCheetah-v3,TD3_Q2a2x64_1p_zeros
531,5634.166639926047,2655000.0,HalfCheetah-v3,TD3_Q2a2x64_1p_zeros
532,5032.094287342998,2660000.0,HalfCheetah-v3,TD3_Q2a2x64_1p_zeros
533,4556.0442954708315,2665000.0,HalfCheetah-v3,TD3_Q2a2x64_1p_zeros
534,3840.50253740584,2670000.0,HalfCheetah-v3,TD3_Q2a2x64_1p_zeros
535,6066.425767795202,2675000.0,HalfCheetah-v3,TD3_Q2a2x64_1p_zeros
536,5331.209481316118,2680000.0,HalfCheetah-v3,TD3_Q2a2x64_1p_zeros
537,4710.110296880188,2685000.0,HalfCheetah-v3,TD3_Q2a2x64_1p_zeros
538,4176.295367930085,2690000.0,HalfCheetah-v3,TD3_Q2a2x64_1p_zeros
539,3435.263032697168,2695000.0,HalfCheetah-v3,TD3_Q2a2x64_1p_zeros
540,5979.764687909204,2700000.0,HalfCheetah-v3,TD3_Q2a2x64_1p_zeros
541,5322.033897794134,2705000.0,HalfCheetah-v3,TD3_Q2a2x64_1p_zeros
542,5004.696481392751,2710000.0,HalfCheetah-v3,TD3_Q2a2x64_1p_zeros
543,4227.04208004314,2715000.0,HalfCheetah-v3,TD3_Q2a2x64_1p_zeros
544,3681.8456977659444,2720000.0,HalfCheetah-v3,TD3_Q2a2x64_1p_zeros
545,6120.377305757889,2725000.0,HalfCheetah-v3,TD3_Q2a2x64_1p_zeros
546,5628.003742671887,2730000.0,HalfCheetah-v3,TD3_Q2a2x64_1p_zeros
547,4929.870354392626,2735000.0,HalfCheetah-v3,TD3_Q2a2x64_1p_zeros
548,4131.400130501639,2740000.0,HalfCheetah-v3,TD3_Q2a2x64_1p_zeros
549,3584.5866394100703,2745000.0,HalfCheetah-v3,TD3_Q2a2x64_1p_zeros
550,6117.948054560803,2750000.0,HalfCheetah-v3,TD3_Q2a2x64_1p_zeros
551,5540.695019015776,2755000.0,HalfCheetah-v3,TD3_Q2a2x64_1p_zeros
552,4821.949605497329,2760000.0,HalfCheetah-v3,TD3_Q2a2x64_1p_zeros
553,4428.827014403469,2765000.0,HalfCheetah-v3,TD3_Q2a2x64_1p_zeros
554,3603.815630936474,2770000.0,HalfCheetah-v3,TD3_Q2a2x64_1p_zeros
555,6133.996695993262,2775000.0,HalfCheetah-v3,TD3_Q2a2x64_1p_zeros
556,5587.165532324204,2780000.0,HalfCheetah-v3,TD3_Q2a2x64_1p_zeros
557,4555.189346556962,2785000.0,HalfCheetah-v3,TD3_Q2a2x64_1p_zeros
558,4323.955561841843,2790000.0,HalfCheetah-v3,TD3_Q2a2x64_1p_zeros
559,3973.7001688439063,2795000.0,HalfCheetah-v3,TD3_Q2a2x64_1p_zeros
560,6180.418774261676,2800000.0,HalfCheetah-v3,TD3_Q2a2x64_1p_zeros
561,5640.852668071728,2805000.0,HalfCheetah-v3,TD3_Q2a2x64_1p_zeros
562,5037.247654722996,2810000.0,HalfCheetah-v3,TD3_Q2a2x64_1p_zeros
563,4475.087050953322,2815000.0,HalfCheetah-v3,TD3_Q2a2x64_1p_zeros
564,4018.025281203546,2820000.0,HalfCheetah-v3,TD3_Q2a2x64_1p_zeros
565,6168.620764740681,2825000.0,HalfCheetah-v3,TD3_Q2a2x64_1p_zeros
566,5625.4918216904325,2830000.0,HalfCheetah-v3,TD3_Q2a2x64_1p_zeros
567,4824.134026180616,2835000.0,HalfCheetah-v3,TD3_Q2a2x64_1p_zeros
568,4366.159381090977,2840000.0,HalfCheetah-v3,TD3_Q2a2x64_1p_zeros
569,4119.7748767969515,2845000.0,HalfCheetah-v3,TD3_Q2a2x64_1p_zeros
570,6193.901037589568,2850000.0,HalfCheetah-v3,TD3_Q2a2x64_1p_zeros
571,5709.1353688602685,2855000.0,HalfCheetah-v3,TD3_Q2a2x64_1p_zeros
572,5055.129262486215,2860000.0,HalfCheetah-v3,TD3_Q2a2x64_1p_zeros
573,4440.197630303954,2865000.0,HalfCheetah-v3,TD3_Q2a2x64_1p_zeros
574,4074.5385851867118,2870000.0,HalfCheetah-v3,TD3_Q2a2x64_1p_zeros
575,6314.51710712768,2875000.0,HalfCheetah-v3,TD3_Q2a2x64_1p_zeros
576,5766.12994795831,2880000.0,HalfCheetah-v3,TD3_Q2a2x64_1p_zeros
577,5072.3106898784035,2885000.0,HalfCheetah-v3,TD3_Q2a2x64_1p_zeros
578,4531.314088849202,2890000.0,HalfCheetah-v3,TD3_Q2a2x64_1p_zeros
579,4170.950441927352,2895000.0,HalfCheetah-v3,TD3_Q2a2x64_1p_zeros
580,6111.634848658994,2900000.0,HalfCheetah-v3,TD3_Q2a2x64_1p_zeros
581,5641.88819322116,2905000.0,HalfCheetah-v3,TD3_Q2a2x64_1p_zeros
582,5021.277521749747,2910000.0,HalfCheetah-v3,TD3_Q2a2x64_1p_zeros
583,3945.4211661415766,2915000.0,HalfCheetah-v3,TD3_Q2a2x64_1p_zeros
584,3241.1708744798175,2920000.0,HalfCheetah-v3,TD3_Q2a2x64_1p_zeros
585,6135.073645844833,2925000.0,HalfCheetah-v3,TD3_Q2a2x64_1p_zeros
586,5611.311660762023,2930000.0,HalfCheetah-v3,TD3_Q2a2x64_1p_zeros
587,4904.5906488736855,2935000.0,HalfCheetah-v3,TD3_Q2a2x64_1p_zeros
588,4017.9982357761946,2940000.0,HalfCheetah-v3,TD3_Q2a2x64_1p_zeros
589,3566.4246322738027,2945000.0,HalfCheetah-v3,TD3_Q2a2x64_1p_zeros
590,6210.627040399577,2950000.0,HalfCheetah-v3,TD3_Q2a2x64_1p_zeros
591,5739.707825905731,2955000.0,HalfCheetah-v3,TD3_Q2a2x64_1p_zeros
592,5109.231149974051,2960000.0,HalfCheetah-v3,TD3_Q2a2x64_1p_zeros
593,4656.944111368623,2965000.0,HalfCheetah-v3,TD3_Q2a2x64_1p_zeros
594,3706.0118203267725,2970000.0,HalfCheetah-v3,TD3_Q2a2x64_1p_zeros
595,6199.926742497844,2975000.0,HalfCheetah-v3,TD3_Q2a2x64_1p_zeros
596,5751.0884396960555,2980000.0,HalfCheetah-v3,TD3_Q2a2x64_1p_zeros
597,5084.892358287304,2985000.0,HalfCheetah-v3,TD3_Q2a2x64_1p_zeros
598,4422.218732249441,2990000.0,HalfCheetah-v3,TD3_Q2a2x64_1p_zeros
599,3562.4609590740083,2995000.0,HalfCheetah-v3,TD3_Q2a2x64_1p_zeros
600,6182.544232000394,3000000.0,HalfCheetah-v3,TD3_Q2a2x64_1p_zeros
601,5743.833651143845,3005000.0,HalfCheetah-v3,TD3_Q2a2x64_1p_zeros
602,5123.5330080042295,3010000.0,HalfCheetah-v3,TD3_Q2a2x64_1p_zeros
603,4528.512719016906,3015000.0,HalfCheetah-v3,TD3_Q2a2x64_1p_zeros
604,4127.53290203773,3020000.0,HalfCheetah-v3,TD3_Q2a2x64_1p_zeros
605,6297.763371323419,3025000.0,HalfCheetah-v3,TD3_Q2a2x64_1p_zeros
606,5759.580925732538,3030000.0,HalfCheetah-v3,TD3_Q2a2x64_1p_zeros
607,5208.331331391857,3035000.0,HalfCheetah-v3,TD3_Q2a2x64_1p_zeros
608,4679.176503291405,3040000.0,HalfCheetah-v3,TD3_Q2a2x64_1p_zeros
609,4107.930745267665,3045000.0,HalfCheetah-v3,TD3_Q2a2x64_1p_zeros
610,6358.912468374452,3050000.0,HalfCheetah-v3,TD3_Q2a2x64_1p_zeros
611,5719.032267902001,3055000.0,HalfCheetah-v3,TD3_Q2a2x64_1p_zeros
612,5075.981277488538,3060000.0,HalfCheetah-v3,TD3_Q2a2x64_1p_zeros
613,4604.069732066635,3065000.0,HalfCheetah-v3,TD3_Q2a2x64_1p_zeros
614,4088.8877483048223,3070000.0,HalfCheetah-v3,TD3_Q2a2x64_1p_zeros
615,6242.440450414788,3075000.0,HalfCheetah-v3,TD3_Q2a2x64_1p_zeros
616,5716.52839823405,3080000.0,HalfCheetah-v3,TD3_Q2a2x64_1p_zeros
617,5114.762464070543,3085000.0,HalfCheetah-v3,TD3_Q2a2x64_1p_zeros
618,4502.622386672917,3090000.0,HalfCheetah-v3,TD3_Q2a2x64_1p_zeros
619,3107.357907078812,3095000.0,HalfCheetah-v3,TD3_Q2a2x64_1p_zeros
620,6318.476083616903,3100000.0,HalfCheetah-v3,TD3_Q2a2x64_1p_zeros
621,5808.369349867711,3105000.0,HalfCheetah-v3,TD3_Q2a2x64_1p_zeros
622,5270.3357437744835,3110000.0,HalfCheetah-v3,TD3_Q2a2x64_1p_zeros
623,4571.302185689446,3115000.0,HalfCheetah-v3,TD3_Q2a2x64_1p_zeros
624,4191.229676857131,3120000.0,HalfCheetah-v3,TD3_Q2a2x64_1p_zeros
625,6298.870252107759,3125000.0,HalfCheetah-v3,TD3_Q2a2x64_1p_zeros
626,5696.672265027497,3130000.0,HalfCheetah-v3,TD3_Q2a2x64_1p_zeros
627,5109.530648491262,3135000.0,HalfCheetah-v3,TD3_Q2a2x64_1p_zeros
628,4268.948223939494,3140000.0,HalfCheetah-v3,TD3_Q2a2x64_1p_zeros
629,3909.450964467708,3145000.0,HalfCheetah-v3,TD3_Q2a2x64_1p_zeros
630,6424.76344909314,3150000.0,HalfCheetah-v3,TD3_Q2a2x64_1p_zeros
631,5749.586838521274,3155000.0,HalfCheetah-v3,TD3_Q2a2x64_1p_zeros
632,5112.672148685159,3160000.0,HalfCheetah-v3,TD3_Q2a2x64_1p_zeros
633,4327.976424455603,3165000.0,HalfCheetah-v3,TD3_Q2a2x64_1p_zeros
634,4159.459404149371,3170000.0,HalfCheetah-v3,TD3_Q2a2x64_1p_zeros
635,6344.644103647292,3175000.0,HalfCheetah-v3,TD3_Q2a2x64_1p_zeros
636,5768.293665616327,3180000.0,HalfCheetah-v3,TD3_Q2a2x64_1p_zeros
637,5049.461535139151,3185000.0,HalfCheetah-v3,TD3_Q2a2x64_1p_zeros
638,4613.487150996861,3190000.0,HalfCheetah-v3,TD3_Q2a2x64_1p_zeros
639,4040.6911829585297,3195000.0,HalfCheetah-v3,TD3_Q2a2x64_1p_zeros
640,6208.039847761744,3200000.0,HalfCheetah-v3,TD3_Q2a2x64_1p_zeros
641,5841.664872951382,3205000.0,HalfCheetah-v3,TD3_Q2a2x64_1p_zeros
642,5217.8046265566345,3210000.0,HalfCheetah-v3,TD3_Q2a2x64_1p_zeros
643,4626.210977866261,3215000.0,HalfCheetah-v3,TD3_Q2a2x64_1p_zeros
644,4144.952260045683,3220000.0,HalfCheetah-v3,TD3_Q2a2x64_1p_zeros
645,6328.506658330242,3225000.0,HalfCheetah-v3,TD3_Q2a2x64_1p_zeros
646,5773.8547369486205,3230000.0,HalfCheetah-v3,TD3_Q2a2x64_1p_zeros
647,5102.889433059031,3235000.0,HalfCheetah-v3,TD3_Q2a2x64_1p_zeros
648,4256.410617222237,3240000.0,HalfCheetah-v3,TD3_Q2a2x64_1p_zeros
649,4005.9353651524084,3245000.0,HalfCheetah-v3,TD3_Q2a2x64_1p_zeros
650,6079.400017886875,3250000.0,HalfCheetah-v3,TD3_Q2a2x64_1p_zeros
651,5602.099120819196,3255000.0,HalfCheetah-v3,TD3_Q2a2x64_1p_zeros
652,5088.9891602506705,3260000.0,HalfCheetah-v3,TD3_Q2a2x64_1p_zeros
653,4418.998963011405,3265000.0,HalfCheetah-v3,TD3_Q2a2x64_1p_zeros
654,4086.9710660536343,3270000.0,HalfCheetah-v3,TD3_Q2a2x64_1p_zeros
655,6232.347461318304,3275000.0,HalfCheetah-v3,TD3_Q2a2x64_1p_zeros
656,5709.424925410483,3280000.0,HalfCheetah-v3,TD3_Q2a2x64_1p_zeros
657,5011.936980422017,3285000.0,HalfCheetah-v3,TD3_Q2a2x64_1p_zeros
658,4521.026832159141,3290000.0,HalfCheetah-v3,TD3_Q2a2x64_1p_zeros
659,4030.295175510636,3295000.0,HalfCheetah-v3,TD3_Q2a2x64_1p_zeros
660,6340.82162713463,3300000.0,HalfCheetah-v3,TD3_Q2a2x64_1p_zeros
661,5879.500201614347,3305000.0,HalfCheetah-v3,TD3_Q2a2x64_1p_zeros
662,5299.473885982819,3310000.0,HalfCheetah-v3,TD3_Q2a2x64_1p_zeros
663,4650.099733825455,3315000.0,HalfCheetah-v3,TD3_Q2a2x64_1p_zeros
664,4185.289017317898,3320000.0,HalfCheetah-v3,TD3_Q2a2x64_1p_zeros
665,6444.754989786437,3325000.0,HalfCheetah-v3,TD3_Q2a2x64_1p_zeros
666,5861.587203528731,3330000.0,HalfCheetah-v3,TD3_Q2a2x64_1p_zeros
667,5241.212731529692,3335000.0,HalfCheetah-v3,TD3_Q2a2x64_1p_zeros
668,4731.740415946992,3340000.0,HalfCheetah-v3,TD3_Q2a2x64_1p_zeros
669,4004.917741864173,3345000.0,HalfCheetah-v3,TD3_Q2a2x64_1p_zeros
670,6391.349384802679,3350000.0,HalfCheetah-v3,TD3_Q2a2x64_1p_zeros
671,5765.139580197409,3355000.0,HalfCheetah-v3,TD3_Q2a2x64_1p_zeros
672,5168.678295160089,3360000.0,HalfCheetah-v3,TD3_Q2a2x64_1p_zeros
673,4682.135909239534,3365000.0,HalfCheetah-v3,TD3_Q2a2x64_1p_zeros
674,4136.819229003398,3370000.0,HalfCheetah-v3,TD3_Q2a2x64_1p_zeros
675,6272.59595947417,3375000.0,HalfCheetah-v3,TD3_Q2a2x64_1p_zeros
676,5632.082947742992,3380000.0,HalfCheetah-v3,TD3_Q2a2x64_1p_zeros
677,5153.069674259508,3385000.0,HalfCheetah-v3,TD3_Q2a2x64_1p_zeros
678,4573.713389486746,3390000.0,HalfCheetah-v3,TD3_Q2a2x64_1p_zeros
679,4131.098439831364,3395000.0,HalfCheetah-v3,TD3_Q2a2x64_1p_zeros
680,6427.48155977478,3400000.0,HalfCheetah-v3,TD3_Q2a2x64_1p_zeros
681,5876.768013999538,3405000.0,HalfCheetah-v3,TD3_Q2a2x64_1p_zeros
682,5026.902168025392,3410000.0,HalfCheetah-v3,TD3_Q2a2x64_1p_zeros
683,4530.0867438178675,3415000.0,HalfCheetah-v3,TD3_Q2a2x64_1p_zeros
684,3601.639549604807,3420000.0,HalfCheetah-v3,TD3_Q2a2x64_1p_zeros
685,6433.311757805635,3425000.0,HalfCheetah-v3,TD3_Q2a2x64_1p_zeros
686,5819.573016489841,3430000.0,HalfCheetah-v3,TD3_Q2a2x64_1p_zeros
687,5277.542591945089,3435000.0,HalfCheetah-v3,TD3_Q2a2x64_1p_zeros
688,4764.607232047854,3440000.0,HalfCheetah-v3,TD3_Q2a2x64_1p_zeros
689,4098.586774785965,3445000.0,HalfCheetah-v3,TD3_Q2a2x64_1p_zeros
690,6302.704359701272,3450000.0,HalfCheetah-v3,TD3_Q2a2x64_1p_zeros
691,5752.264459410012,3455000.0,HalfCheetah-v3,TD3_Q2a2x64_1p_zeros
692,5200.985460223148,3460000.0,HalfCheetah-v3,TD3_Q2a2x64_1p_zeros
693,4332.905254387056,3465000.0,HalfCheetah-v3,TD3_Q2a2x64_1p_zeros
694,4067.880527291625,3470000.0,HalfCheetah-v3,TD3_Q2a2x64_1p_zeros
695,6468.338537139695,3475000.0,HalfCheetah-v3,TD3_Q2a2x64_1p_zeros
696,5885.563170251447,3480000.0,HalfCheetah-v3,TD3_Q2a2x64_1p_zeros
697,5249.471227783015,3485000.0,HalfCheetah-v3,TD3_Q2a2x64_1p_zeros
698,4766.283259158768,3490000.0,HalfCheetah-v3,TD3_Q2a2x64_1p_zeros
699,4273.883885318342,3495000.0,HalfCheetah-v3,TD3_Q2a2x64_1p_zeros
700,6432.387578033871,3500000.0,HalfCheetah-v3,TD3_Q2a2x64_1p_zeros
701,5826.706972639702,3505000.0,HalfCheetah-v3,TD3_Q2a2x64_1p_zeros
702,5228.861364076772,3510000.0,HalfCheetah-v3,TD3_Q2a2x64_1p_zeros
703,4469.543253307465,3515000.0,HalfCheetah-v3,TD3_Q2a2x64_1p_zeros
704,4126.826355177982,3520000.0,HalfCheetah-v3,TD3_Q2a2x64_1p_zeros
705,6445.449037426101,3525000.0,HalfCheetah-v3,TD3_Q2a2x64_1p_zeros
706,5791.194833930503,3530000.0,HalfCheetah-v3,TD3_Q2a2x64_1p_zeros
707,5206.643709067004,3535000.0,HalfCheetah-v3,TD3_Q2a2x64_1p_zeros
708,4597.500217833727,3540000.0,HalfCheetah-v3,TD3_Q2a2x64_1p_zeros
709,4097.621099800172,3545000.0,HalfCheetah-v3,TD3_Q2a2x64_1p_zeros
710,6458.318226698686,3550000.0,HalfCheetah-v3,TD3_Q2a2x64_1p_zeros
711,5830.558766244504,3555000.0,HalfCheetah-v3,TD3_Q2a2x64_1p_zeros
712,5193.451063220164,3560000.0,HalfCheetah-v3,TD3_Q2a2x64_1p_zeros
713,4548.42469615261,3565000.0,HalfCheetah-v3,TD3_Q2a2x64_1p_zeros
714,4053.760310590592,3570000.0,HalfCheetah-v3,TD3_Q2a2x64_1p_zeros
715,6424.533394332943,3575000.0,HalfCheetah-v3,TD3_Q2a2x64_1p_zeros
716,5873.337155869269,3580000.0,HalfCheetah-v3,TD3_Q2a2x64_1p_zeros
717,5130.478133364197,3585000.0,HalfCheetah-v3,TD3_Q2a2x64_1p_zeros
718,4537.677569326989,3590000.0,HalfCheetah-v3,TD3_Q2a2x64_1p_zeros
719,3825.2911754200663,3595000.0,HalfCheetah-v3,TD3_Q2a2x64_1p_zeros
720,6360.102913523509,3600000.0,HalfCheetah-v3,TD3_Q2a2x64_1p_zeros
721,5810.320087887358,3605000.0,HalfCheetah-v3,TD3_Q2a2x64_1p_zeros
722,5260.0916611684015,3610000.0,HalfCheetah-v3,TD3_Q2a2x64_1p_zeros
723,4584.819474915164,3615000.0,HalfCheetah-v3,TD3_Q2a2x64_1p_zeros
724,4093.852594444077,3620000.0,HalfCheetah-v3,TD3_Q2a2x64_1p_zeros
725,6312.086652229544,3625000.0,HalfCheetah-v3,TD3_Q2a2x64_1p_zeros
726,5797.3554898927705,3630000.0,HalfCheetah-v3,TD3_Q2a2x64_1p_zeros
727,5213.660692469648,3635000.0,HalfCheetah-v3,TD3_Q2a2x64_1p_zeros
728,4542.004206520344,3640000.0,HalfCheetah-v3,TD3_Q2a2x64_1p_zeros
729,4126.695676915021,3645000.0,HalfCheetah-v3,TD3_Q2a2x64_1p_zeros
730,6337.0805383738025,3650000.0,HalfCheetah-v3,TD3_Q2a2x64_1p_zeros
731,5808.646229387412,3655000.0,HalfCheetah-v3,TD3_Q2a2x64_1p_zeros
732,5054.213380113824,3660000.0,HalfCheetah-v3,TD3_Q2a2x64_1p_zeros
733,4539.591000779236,3665000.0,HalfCheetah-v3,TD3_Q2a2x64_1p_zeros
734,3999.554400799088,3670000.0,HalfCheetah-v3,TD3_Q2a2x64_1p_zeros
735,6384.4105804977125,3675000.0,HalfCheetah-v3,TD3_Q2a2x64_1p_zeros
736,5881.1283292258795,3680000.0,HalfCheetah-v3,TD3_Q2a2x64_1p_zeros
737,5247.3593323882,3685000.0,HalfCheetah-v3,TD3_Q2a2x64_1p_zeros
738,4497.901807897982,3690000.0,HalfCheetah-v3,TD3_Q2a2x64_1p_zeros
739,4075.856859253991,3695000.0,HalfCheetah-v3,TD3_Q2a2x64_1p_zeros
740,6545.303386712265,3700000.0,HalfCheetah-v3,TD3_Q2a2x64_1p_zeros
741,5762.184502031589,3705000.0,HalfCheetah-v3,TD3_Q2a2x64_1p_zeros
742,5134.065779417988,3710000.0,HalfCheetah-v3,TD3_Q2a2x64_1p_zeros
743,4575.183941439858,3715000.0,HalfCheetah-v3,TD3_Q2a2x64_1p_zeros
744,3675.2815433453484,3720000.0,HalfCheetah-v3,TD3_Q2a2x64_1p_zeros
745,6111.575998648983,3725000.0,HalfCheetah-v3,TD3_Q2a2x64_1p_zeros
746,5657.214424804469,3730000.0,HalfCheetah-v3,TD3_Q2a2x64_1p_zeros
747,5011.306544055945,3735000.0,HalfCheetah-v3,TD3_Q2a2x64_1p_zeros
748,3869.6943016964906,3740000.0,HalfCheetah-v3,TD3_Q2a2x64_1p_zeros
749,3701.6638885253933,3745000.0,HalfCheetah-v3,TD3_Q2a2x64_1p_zeros
750,6452.1902055984365,3750000.0,HalfCheetah-v3,TD3_Q2a2x64_1p_zeros
751,5826.742910880032,3755000.0,HalfCheetah-v3,TD3_Q2a2x64_1p_zeros
752,5165.108558941154,3760000.0,HalfCheetah-v3,TD3_Q2a2x64_1p_zeros
753,4432.049919907384,3765000.0,HalfCheetah-v3,TD3_Q2a2x64_1p_zeros
754,3680.6645708586975,3770000.0,HalfCheetah-v3,TD3_Q2a2x64_1p_zeros
755,6477.766299003321,3775000.0,HalfCheetah-v3,TD3_Q2a2x64_1p_zeros
756,5889.100711977185,3780000.0,HalfCheetah-v3,TD3_Q2a2x64_1p_zeros
757,5003.23722874134,3785000.0,HalfCheetah-v3,TD3_Q2a2x64_1p_zeros
758,4659.150201862112,3790000.0,HalfCheetah-v3,TD3_Q2a2x64_1p_zeros
759,4147.189165167268,3795000.0,HalfCheetah-v3,TD3_Q2a2x64_1p_zeros
760,6507.214060126977,3800000.0,HalfCheetah-v3,TD3_Q2a2x64_1p_zeros
761,5809.712712718515,3805000.0,HalfCheetah-v3,TD3_Q2a2x64_1p_zeros
762,5181.829056045436,3810000.0,HalfCheetah-v3,TD3_Q2a2x64_1p_zeros
763,4656.8808271125,3815000.0,HalfCheetah-v3,TD3_Q2a2x64_1p_zeros
764,4144.980402966998,3820000.0,HalfCheetah-v3,TD3_Q2a2x64_1p_zeros
765,6469.772574535896,3825000.0,HalfCheetah-v3,TD3_Q2a2x64_1p_zeros
766,5935.365073924804,3830000.0,HalfCheetah-v3,TD3_Q2a2x64_1p_zeros
767,5183.468751510531,3835000.0,HalfCheetah-v3,TD3_Q2a2x64_1p_zeros
768,4623.444392457617,3840000.0,HalfCheetah-v3,TD3_Q2a2x64_1p_zeros
769,4115.503465470733,3845000.0,HalfCheetah-v3,TD3_Q2a2x64_1p_zeros
770,6378.568767903599,3850000.0,HalfCheetah-v3,TD3_Q2a2x64_1p_zeros
771,5675.53878783001,3855000.0,HalfCheetah-v3,TD3_Q2a2x64_1p_zeros
772,5044.2709583425285,3860000.0,HalfCheetah-v3,TD3_Q2a2x64_1p_zeros
773,4493.442418808725,3865000.0,HalfCheetah-v3,TD3_Q2a2x64_1p_zeros
774,3961.202544322406,3870000.0,HalfCheetah-v3,TD3_Q2a2x64_1p_zeros
775,6527.68919817829,3875000.0,HalfCheetah-v3,TD3_Q2a2x64_1p_zeros
776,5787.637251784904,3880000.0,HalfCheetah-v3,TD3_Q2a2x64_1p_zeros
777,5254.823878926434,3885000.0,HalfCheetah-v3,TD3_Q2a2x64_1p_zeros
778,4402.444727303642,3890000.0,HalfCheetah-v3,TD3_Q2a2x64_1p_zeros
779,4128.893422220085,3895000.0,HalfCheetah-v3,TD3_Q2a2x64_1p_zeros
780,6510.32963383984,3900000.0,HalfCheetah-v3,TD3_Q2a2x64_1p_zeros
781,6047.815041355721,3905000.0,HalfCheetah-v3,TD3_Q2a2x64_1p_zeros
782,5222.087975999985,3910000.0,HalfCheetah-v3,TD3_Q2a2x64_1p_zeros
783,4674.549267655568,3915000.0,HalfCheetah-v3,TD3_Q2a2x64_1p_zeros
784,4115.576109638577,3920000.0,HalfCheetah-v3,TD3_Q2a2x64_1p_zeros
785,6490.840908822098,3925000.0,HalfCheetah-v3,TD3_Q2a2x64_1p_zeros
786,5951.120102309718,3930000.0,HalfCheetah-v3,TD3_Q2a2x64_1p_zeros
787,5194.850918013255,3935000.0,HalfCheetah-v3,TD3_Q2a2x64_1p_zeros
788,4594.745870020174,3940000.0,HalfCheetah-v3,TD3_Q2a2x64_1p_zeros
789,4025.9597097149153,3945000.0,HalfCheetah-v3,TD3_Q2a2x64_1p_zeros
790,6505.505416503895,3950000.0,HalfCheetah-v3,TD3_Q2a2x64_1p_zeros
791,5957.637942538268,3955000.0,HalfCheetah-v3,TD3_Q2a2x64_1p_zeros
792,5346.432347908798,3960000.0,HalfCheetah-v3,TD3_Q2a2x64_1p_zeros
793,4722.390159150752,3965000.0,HalfCheetah-v3,TD3_Q2a2x64_1p_zeros
794,4257.9252596478045,3970000.0,HalfCheetah-v3,TD3_Q2a2x64_1p_zeros
795,6641.262890340637,3975000.0,HalfCheetah-v3,TD3_Q2a2x64_1p_zeros
796,5987.947975751457,3980000.0,HalfCheetah-v3,TD3_Q2a2x64_1p_zeros
797,5333.799750874501,3985000.0,HalfCheetah-v3,TD3_Q2a2x64_1p_zeros
798,4375.386171100494,3990000.0,HalfCheetah-v3,TD3_Q2a2x64_1p_zeros
799,3505.152814389169,3995000.0,HalfCheetah-v3,TD3_Q2a2x64_1p_zeros
800,6546.215724736932,4000000.0,HalfCheetah-v3,TD3_Q2a2x64_1p_zeros
801,6016.871551469696,4005000.0,HalfCheetah-v3,TD3_Q2a2x64_1p_zeros
802,5192.933413042397,4010000.0,HalfCheetah-v3,TD3_Q2a2x64_1p_zeros
803,4649.303753803657,4015000.0,HalfCheetah-v3,TD3_Q2a2x64_1p_zeros
804,3746.427413336947,4020000.0,HalfCheetah-v3,TD3_Q2a2x64_1p_zeros
805,6611.670632000883,4025000.0,HalfCheetah-v3,TD3_Q2a2x64_1p_zeros
806,5954.265068099362,4030000.0,HalfCheetah-v3,TD3_Q2a2x64_1p_zeros
807,5294.695455235478,4035000.0,HalfCheetah-v3,TD3_Q2a2x64_1p_zeros
808,4177.826502097376,4040000.0,HalfCheetah-v3,TD3_Q2a2x64_1p_zeros
809,4139.273470726839,4045000.0,HalfCheetah-v3,TD3_Q2a2x64_1p_zeros
810,6672.147079260147,4050000.0,HalfCheetah-v3,TD3_Q2a2x64_1p_zeros
811,5833.532044011265,4055000.0,HalfCheetah-v3,TD3_Q2a2x64_1p_zeros
812,5352.803534806562,4060000.0,HalfCheetah-v3,TD3_Q2a2x64_1p_zeros
813,4307.657149340186,4065000.0,HalfCheetah-v3,TD3_Q2a2x64_1p_zeros
814,3612.8985488878047,4070000.0,HalfCheetah-v3,TD3_Q2a2x64_1p_zeros
815,6626.541052690128,4075000.0,HalfCheetah-v3,TD3_Q2a2x64_1p_zeros
816,6053.390723468566,4080000.0,HalfCheetah-v3,TD3_Q2a2x64_1p_zeros
817,5261.843110054482,4085000.0,HalfCheetah-v3,TD3_Q2a2x64_1p_zeros
818,4720.121372425794,4090000.0,HalfCheetah-v3,TD3_Q2a2x64_1p_zeros
819,4149.34187906546,4095000.0,HalfCheetah-v3,TD3_Q2a2x64_1p_zeros
820,6627.486846939886,4100000.0,HalfCheetah-v3,TD3_Q2a2x64_1p_zeros
821,6067.412998862166,4105000.0,HalfCheetah-v3,TD3_Q2a2x64_1p_zeros
822,5315.95648454473,4110000.0,HalfCheetah-v3,TD3_Q2a2x64_1p_zeros
823,4842.828557205808,4115000.0,HalfCheetah-v3,TD3_Q2a2x64_1p_zeros
824,3907.860018962533,4120000.0,HalfCheetah-v3,TD3_Q2a2x64_1p_zeros
825,6670.218902646629,4125000.0,HalfCheetah-v3,TD3_Q2a2x64_1p_zeros
826,6004.03247129458,4130000.0,HalfCheetah-v3,TD3_Q2a2x64_1p_zeros
827,5384.956190959196,4135000.0,HalfCheetah-v3,TD3_Q2a2x64_1p_zeros
828,4732.472017359398,4140000.0,HalfCheetah-v3,TD3_Q2a2x64_1p_zeros
829,3982.424727501624,4145000.0,HalfCheetah-v3,TD3_Q2a2x64_1p_zeros
830,6747.1444583973325,4150000.0,HalfCheetah-v3,TD3_Q2a2x64_1p_zeros
831,5447.856642551928,4155000.0,HalfCheetah-v3,TD3_Q2a2x64_1p_zeros
832,5418.302883400786,4160000.0,HalfCheetah-v3,TD3_Q2a2x64_1p_zeros
833,4628.100768437138,4165000.0,HalfCheetah-v3,TD3_Q2a2x64_1p_zeros
834,3633.1045282325817,4170000.0,HalfCheetah-v3,TD3_Q2a2x64_1p_zeros
835,6702.9955638985675,4175000.0,HalfCheetah-v3,TD3_Q2a2x64_1p_zeros
836,5976.039238321628,4180000.0,HalfCheetah-v3,TD3_Q2a2x64_1p_zeros
837,5271.064578024005,4185000.0,HalfCheetah-v3,TD3_Q2a2x64_1p_zeros
838,4603.117431051767,4190000.0,HalfCheetah-v3,TD3_Q2a2x64_1p_zeros
839,4005.628849866191,4195000.0,HalfCheetah-v3,TD3_Q2a2x64_1p_zeros
840,6717.486254207166,4200000.0,HalfCheetah-v3,TD3_Q2a2x64_1p_zeros
841,6099.1655437028885,4205000.0,HalfCheetah-v3,TD3_Q2a2x64_1p_zeros
842,5342.586319845408,4210000.0,HalfCheetah-v3,TD3_Q2a2x64_1p_zeros
843,4644.118813641142,4215000.0,HalfCheetah-v3,TD3_Q2a2x64_1p_zeros
844,3772.754501848959,4220000.0,HalfCheetah-v3,TD3_Q2a2x64_1p_zeros
845,6639.604950130904,4225000.0,HalfCheetah-v3,TD3_Q2a2x64_1p_zeros
846,6065.898217084453,4230000.0,HalfCheetah-v3,TD3_Q2a2x64_1p_zeros
847,5393.175295654693,4235000.0,HalfCheetah-v3,TD3_Q2a2x64_1p_zeros
848,4725.863882038511,4240000.0,HalfCheetah-v3,TD3_Q2a2x64_1p_zeros
849,4254.480975286136,4245000.0,HalfCheetah-v3,TD3_Q2a2x64_1p_zeros
850,6804.945007560763,4250000.0,HalfCheetah-v3,TD3_Q2a2x64_1p_zeros
851,6192.789418358967,4255000.0,HalfCheetah-v3,TD3_Q2a2x64_1p_zeros
852,5434.784324807574,4260000.0,HalfCheetah-v3,TD3_Q2a2x64_1p_zeros
853,4839.110480093871,4265000.0,HalfCheetah-v3,TD3_Q2a2x64_1p_zeros
854,3888.6382614421573,4270000.0,HalfCheetah-v3,TD3_Q2a2x64_1p_zeros
855,6704.326286053937,4275000.0,HalfCheetah-v3,TD3_Q2a2x64_1p_zeros
856,6180.3529689753595,4280000.0,HalfCheetah-v3,TD3_Q2a2x64_1p_zeros
857,5334.44686238063,4285000.0,HalfCheetah-v3,TD3_Q2a2x64_1p_zeros
858,4659.082750620566,4290000.0,HalfCheetah-v3,TD3_Q2a2x64_1p_zeros
859,3881.0267028522676,4295000.0,HalfCheetah-v3,TD3_Q2a2x64_1p_zeros
860,6815.97903708696,4300000.0,HalfCheetah-v3,TD3_Q2a2x64_1p_zeros
861,6101.22372716329,4305000.0,HalfCheetah-v3,TD3_Q2a2x64_1p_zeros
862,5311.483266863556,4310000.0,HalfCheetah-v3,TD3_Q2a2x64_1p_zeros
863,4281.079215794578,4315000.0,HalfCheetah-v3,TD3_Q2a2x64_1p_zeros
864,4138.540130058719,4320000.0,HalfCheetah-v3,TD3_Q2a2x64_1p_zeros
865,6804.2349478323795,4325000.0,HalfCheetah-v3,TD3_Q2a2x64_1p_zeros
866,6146.015229919821,4330000.0,HalfCheetah-v3,TD3_Q2a2x64_1p_zeros
867,5375.648498470331,4335000.0,HalfCheetah-v3,TD3_Q2a2x64_1p_zeros
868,4759.499231179252,4340000.0,HalfCheetah-v3,TD3_Q2a2x64_1p_zeros
869,4247.777434746138,4345000.0,HalfCheetah-v3,TD3_Q2a2x64_1p_zeros
870,6806.420970493015,4350000.0,HalfCheetah-v3,TD3_Q2a2x64_1p_zeros
871,6083.78313141903,4355000.0,HalfCheetah-v3,TD3_Q2a2x64_1p_zeros
872,5460.521355074017,4360000.0,HalfCheetah-v3,TD3_Q2a2x64_1p_zeros
873,4738.875427862645,4365000.0,HalfCheetah-v3,TD3_Q2a2x64_1p_zeros
874,4180.816717792259,4370000.0,HalfCheetah-v3,TD3_Q2a2x64_1p_zeros
875,6772.824229629574,4375000.0,HalfCheetah-v3,TD3_Q2a2x64_1p_zeros
876,6166.689651066504,4380000.0,HalfCheetah-v3,TD3_Q2a2x64_1p_zeros
877,5322.462701621036,4385000.0,HalfCheetah-v3,TD3_Q2a2x64_1p_zeros
878,4509.0735035530115,4390000.0,HalfCheetah-v3,TD3_Q2a2x64_1p_zeros
879,4121.788926437995,4395000.0,HalfCheetah-v3,TD3_Q2a2x64_1p_zeros
880,6782.484610690402,4400000.0,HalfCheetah-v3,TD3_Q2a2x64_1p_zeros
881,6101.43674408147,4405000.0,HalfCheetah-v3,TD3_Q2a2x64_1p_zeros
882,5294.725711726909,4410000.0,HalfCheetah-v3,TD3_Q2a2x64_1p_zeros
883,4760.455425233747,4415000.0,HalfCheetah-v3,TD3_Q2a2x64_1p_zeros
884,4243.83631813071,4420000.0,HalfCheetah-v3,TD3_Q2a2x64_1p_zeros
885,6811.80214076587,4425000.0,HalfCheetah-v3,TD3_Q2a2x64_1p_zeros
886,6173.003525575108,4430000.0,HalfCheetah-v3,TD3_Q2a2x64_1p_zeros
887,5464.840313396897,4435000.0,HalfCheetah-v3,TD3_Q2a2x64_1p_zeros
888,4463.418588901426,4440000.0,HalfCheetah-v3,TD3_Q2a2x64_1p_zeros
889,4114.679500241158,4445000.0,HalfCheetah-v3,TD3_Q2a2x64_1p_zeros
890,6733.88197887547,4450000.0,HalfCheetah-v3,TD3_Q2a2x64_1p_zeros
891,6073.802889198384,4455000.0,HalfCheetah-v3,TD3_Q2a2x64_1p_zeros
892,5467.729414656034,4460000.0,HalfCheetah-v3,TD3_Q2a2x64_1p_zeros
893,4212.8993144345195,4465000.0,HalfCheetah-v3,TD3_Q2a2x64_1p_zeros
894,4073.410896976068,4470000.0,HalfCheetah-v3,TD3_Q2a2x64_1p_zeros
895,6852.812178535663,4475000.0,HalfCheetah-v3,TD3_Q2a2x64_1p_zeros
896,6199.222897149399,4480000.0,HalfCheetah-v3,TD3_Q2a2x64_1p_zeros
897,5432.675996110852,4485000.0,HalfCheetah-v3,TD3_Q2a2x64_1p_zeros
898,4592.224269050657,4490000.0,HalfCheetah-v3,TD3_Q2a2x64_1p_zeros
899,4284.07427542566,4495000.0,HalfCheetah-v3,TD3_Q2a2x64_1p_zeros
900,6747.138615346249,4500000.0,HalfCheetah-v3,TD3_Q2a2x64_1p_zeros
901,6107.566634307006,4505000.0,HalfCheetah-v3,TD3_Q2a2x64_1p_zeros
902,5339.0545859279855,4510000.0,HalfCheetah-v3,TD3_Q2a2x64_1p_zeros
903,4583.314301721287,4515000.0,HalfCheetah-v3,TD3_Q2a2x64_1p_zeros
904,4073.705090758956,4520000.0,HalfCheetah-v3,TD3_Q2a2x64_1p_zeros
905,6890.200895505909,4525000.0,HalfCheetah-v3,TD3_Q2a2x64_1p_zeros
906,6289.745315022819,4530000.0,HalfCheetah-v3,TD3_Q2a2x64_1p_zeros
907,5551.927322896357,4535000.0,HalfCheetah-v3,TD3_Q2a2x64_1p_zeros
908,4885.446547848294,4540000.0,HalfCheetah-v3,TD3_Q2a2x64_1p_zeros
909,4237.050091064055,4545000.0,HalfCheetah-v3,TD3_Q2a2x64_1p_zeros
910,6878.976866753354,4550000.0,HalfCheetah-v3,TD3_Q2a2x64_1p_zeros
911,6227.056626018058,4555000.0,HalfCheetah-v3,TD3_Q2a2x64_1p_zeros
912,4964.095367319849,4560000.0,HalfCheetah-v3,TD3_Q2a2x64_1p_zeros
913,4409.865423369717,4565000.0,HalfCheetah-v3,TD3_Q2a2x64_1p_zeros
914,4206.703950411273,4570000.0,HalfCheetah-v3,TD3_Q2a2x64_1p_zeros
915,6841.882664860731,4575000.0,HalfCheetah-v3,TD3_Q2a2x64_1p_zeros
916,6157.162453090954,4580000.0,HalfCheetah-v3,TD3_Q2a2x64_1p_zeros
917,5378.491828483677,4585000.0,HalfCheetah-v3,TD3_Q2a2x64_1p_zeros
918,4836.905527307194,4590000.0,HalfCheetah-v3,TD3_Q2a2x64_1p_zeros
919,4236.35189164741,4595000.0,HalfCheetah-v3,TD3_Q2a2x64_1p_zeros
920,6926.760649938852,4600000.0,HalfCheetah-v3,TD3_Q2a2x64_1p_zeros
921,6313.582586697249,4605000.0,HalfCheetah-v3,TD3_Q2a2x64_1p_zeros
922,5582.836542959223,4610000.0,HalfCheetah-v3,TD3_Q2a2x64_1p_zeros
923,4960.769818986757,4615000.0,HalfCheetah-v3,TD3_Q2a2x64_1p_zeros
924,4252.079459879989,4620000.0,HalfCheetah-v3,TD3_Q2a2x64_1p_zeros
925,6872.026149564913,4625000.0,HalfCheetah-v3,TD3_Q2a2x64_1p_zeros
926,6285.1870769789075,4630000.0,HalfCheetah-v3,TD3_Q2a2x64_1p_zeros
927,5620.979687652735,4635000.0,HalfCheetah-v3,TD3_Q2a2x64_1p_zeros
928,4599.467923676591,4640000.0,HalfCheetah-v3,TD3_Q2a2x64_1p_zeros
929,4356.882709675753,4645000.0,HalfCheetah-v3,TD3_Q2a2x64_1p_zeros
930,6992.424781557359,4650000.0,HalfCheetah-v3,TD3_Q2a2x64_1p_zeros
931,6291.549681395572,4655000.0,HalfCheetah-v3,TD3_Q2a2x64_1p_zeros
932,5491.714271016913,4660000.0,HalfCheetah-v3,TD3_Q2a2x64_1p_zeros
933,4902.0869350514095,4665000.0,HalfCheetah-v3,TD3_Q2a2x64_1p_zeros
934,3887.227624740373,4670000.0,HalfCheetah-v3,TD3_Q2a2x64_1p_zeros
935,6996.316963521278,4675000.0,HalfCheetah-v3,TD3_Q2a2x64_1p_zeros
936,6343.35035922966,4680000.0,HalfCheetah-v3,TD3_Q2a2x64_1p_zeros
937,5305.075635245,4685000.0,HalfCheetah-v3,TD3_Q2a2x64_1p_zeros
938,4844.972055653115,4690000.0,HalfCheetah-v3,TD3_Q2a2x64_1p_zeros
939,4287.857890174973,4695000.0,HalfCheetah-v3,TD3_Q2a2x64_1p_zeros
940,7019.463471404274,4700000.0,HalfCheetah-v3,TD3_Q2a2x64_1p_zeros
941,6277.775822239391,4705000.0,HalfCheetah-v3,TD3_Q2a2x64_1p_zeros
942,5420.428187001614,4710000.0,HalfCheetah-v3,TD3_Q2a2x64_1p_zeros
943,4968.371892257344,4715000.0,HalfCheetah-v3,TD3_Q2a2x64_1p_zeros
944,4229.088695122381,4720000.0,HalfCheetah-v3,TD3_Q2a2x64_1p_zeros
945,7027.0140045336475,4725000.0,HalfCheetah-v3,TD3_Q2a2x64_1p_zeros
946,6354.065724982889,4730000.0,HalfCheetah-v3,TD3_Q2a2x64_1p_zeros
947,5574.9529780287985,4735000.0,HalfCheetah-v3,TD3_Q2a2x64_1p_zeros
948,4905.243801078401,4740000.0,HalfCheetah-v3,TD3_Q2a2x64_1p_zeros
949,4360.472685137228,4745000.0,HalfCheetah-v3,TD3_Q2a2x64_1p_zeros
950,6879.363136098038,4750000.0,HalfCheetah-v3,TD3_Q2a2x64_1p_zeros
951,6212.687987955866,4755000.0,HalfCheetah-v3,TD3_Q2a2x64_1p_zeros
952,5132.814718736793,4760000.0,HalfCheetah-v3,TD3_Q2a2x64_1p_zeros
953,5013.4150338505315,4765000.0,HalfCheetah-v3,TD3_Q2a2x64_1p_zeros
954,4286.141178712847,4770000.0,HalfCheetah-v3,TD3_Q2a2x64_1p_zeros
955,6874.45431761806,4775000.0,HalfCheetah-v3,TD3_Q2a2x64_1p_zeros
956,6282.417023978074,4780000.0,HalfCheetah-v3,TD3_Q2a2x64_1p_zeros
957,5020.708887530576,4785000.0,HalfCheetah-v3,TD3_Q2a2x64_1p_zeros
958,5056.688026319787,4790000.0,HalfCheetah-v3,TD3_Q2a2x64_1p_zeros
959,3901.1824662648746,4795000.0,HalfCheetah-v3,TD3_Q2a2x64_1p_zeros
960,7055.975427200055,4800000.0,HalfCheetah-v3,TD3_Q2a2x64_1p_zeros
961,6374.940513413707,4805000.0,HalfCheetah-v3,TD3_Q2a2x64_1p_zeros
962,5473.778829533457,4810000.0,HalfCheetah-v3,TD3_Q2a2x64_1p_zeros
963,4934.566183112756,4815000.0,HalfCheetah-v3,TD3_Q2a2x64_1p_zeros
964,4262.578503005798,4820000.0,HalfCheetah-v3,TD3_Q2a2x64_1p_zeros
965,6932.903869625344,4825000.0,HalfCheetah-v3,TD3_Q2a2x64_1p_zeros
966,6375.477423413096,4830000.0,HalfCheetah-v3,TD3_Q2a2x64_1p_zeros
967,5692.304075983941,4835000.0,HalfCheetah-v3,TD3_Q2a2x64_1p_zeros
968,4603.099175474164,4840000.0,HalfCheetah-v3,TD3_Q2a2x64_1p_zeros
969,3963.2448839309386,4845000.0,HalfCheetah-v3,TD3_Q2a2x64_1p_zeros
970,7009.084258652159,4850000.0,HalfCheetah-v3,TD3_Q2a2x64_1p_zeros
971,6364.203477036107,4855000.0,HalfCheetah-v3,TD3_Q2a2x64_1p_zeros
972,5566.866598327504,4860000.0,HalfCheetah-v3,TD3_Q2a2x64_1p_zeros
973,4930.794607440839,4865000.0,HalfCheetah-v3,TD3_Q2a2x64_1p_zeros
974,4279.663779723618,4870000.0,HalfCheetah-v3,TD3_Q2a2x64_1p_zeros
975,7106.514463147132,4875000.0,HalfCheetah-v3,TD3_Q2a2x64_1p_zeros
976,6439.083353909032,4880000.0,HalfCheetah-v3,TD3_Q2a2x64_1p_zeros
977,5582.595529366616,4885000.0,HalfCheetah-v3,TD3_Q2a2x64_1p_zeros
978,4871.738942888388,4890000.0,HalfCheetah-v3,TD3_Q2a2x64_1p_zeros
979,4392.895622181659,4895000.0,HalfCheetah-v3,TD3_Q2a2x64_1p_zeros
980,6883.734125079731,4900000.0,HalfCheetah-v3,TD3_Q2a2x64_1p_zeros
981,6304.9208408741,4905000.0,HalfCheetah-v3,TD3_Q2a2x64_1p_zeros
982,5650.359505759454,4910000.0,HalfCheetah-v3,TD3_Q2a2x64_1p_zeros
983,4542.208003442485,4915000.0,HalfCheetah-v3,TD3_Q2a2x64_1p_zeros
984,4318.208830573203,4920000.0,HalfCheetah-v3,TD3_Q2a2x64_1p_zeros
985,7168.777008427115,4925000.0,HalfCheetah-v3,TD3_Q2a2x64_1p_zeros
986,6447.046614625684,4930000.0,HalfCheetah-v3,TD3_Q2a2x64_1p_zeros
987,5686.913635414826,4935000.0,HalfCheetah-v3,TD3_Q2a2x64_1p_zeros
988,4961.618604121295,4940000.0,HalfCheetah-v3,TD3_Q2a2x64_1p_zeros
989,4278.4379701991065,4945000.0,HalfCheetah-v3,TD3_Q2a2x64_1p_zeros
990,7185.3450061587555,4950000.0,HalfCheetah-v3,TD3_Q2a2x64_1p_zeros
991,6435.487432897073,4955000.0,HalfCheetah-v3,TD3_Q2a2x64_1p_zeros
992,5681.670343448281,4960000.0,HalfCheetah-v3,TD3_Q2a2x64_1p_zeros
993,4994.441204717505,4965000.0,HalfCheetah-v3,TD3_Q2a2x64_1p_zeros
994,4357.53428796692,4970000.0,HalfCheetah-v3,TD3_Q2a2x64_1p_zeros
995,7096.875163362881,4975000.0,HalfCheetah-v3,TD3_Q2a2x64_1p_zeros
996,6444.0382833651,4980000.0,HalfCheetah-v3,TD3_Q2a2x64_1p_zeros
997,5650.016089974062,4985000.0,HalfCheetah-v3,TD3_Q2a2x64_1p_zeros
998,4908.995181627917,4990000.0,HalfCheetah-v3,TD3_Q2a2x64_1p_zeros
999,4282.793567927353,4995000.0,HalfCheetah-v3,TD3_Q2a2x64_1p_zeros
