index,Average Return,Timesteps,env,algorithm_name
0,-556.7703667921376,0,HalfCheetah-v3,SAC_Q2a
1,-66.03430941164758,5000,HalfCheetah-v3,SAC_Q2a
2,-401.072037454917,10000,HalfCheetah-v3,SAC_Q2a
3,-274.276060661317,15000,HalfCheetah-v3,SAC_Q2a
4,635.7679182535965,20000,HalfCheetah-v3,SAC_Q2a
5,1203.6481439032311,25000,HalfCheetah-v3,SAC_Q2a
6,2036.3728128742841,30000,HalfCheetah-v3,SAC_Q2a
7,2026.6781460957359,35000,HalfCheetah-v3,SAC_Q2a
8,3144.9140003872067,40000,HalfCheetah-v3,SAC_Q2a
9,2853.6392143327944,45000,HalfCheetah-v3,SAC_Q2a
10,3268.451002519873,50000,HalfCheetah-v3,SAC_Q2a
11,3846.7931356816653,55000,HalfCheetah-v3,SAC_Q2a
12,4196.7356660400255,60000,HalfCheetah-v3,SAC_Q2a
13,4569.672405670703,65000,HalfCheetah-v3,SAC_Q2a
14,4803.131599293808,70000,HalfCheetah-v3,SAC_Q2a
15,4789.708421256102,75000,HalfCheetah-v3,SAC_Q2a
16,4999.478369661162,80000,HalfCheetah-v3,SAC_Q2a
17,4667.498637525741,85000,HalfCheetah-v3,SAC_Q2a
18,4813.353320483612,90000,HalfCheetah-v3,SAC_Q2a
19,5236.926742796216,95000,HalfCheetah-v3,SAC_Q2a
20,5497.7924820334065,100000,HalfCheetah-v3,SAC_Q2a
21,5416.855155458259,105000,HalfCheetah-v3,SAC_Q2a
22,5444.563789946985,110000,HalfCheetah-v3,SAC_Q2a
23,5744.922796508392,115000,HalfCheetah-v3,SAC_Q2a
24,6001.438599861133,120000,HalfCheetah-v3,SAC_Q2a
25,6170.245634110026,125000,HalfCheetah-v3,SAC_Q2a
26,6039.6814292978415,130000,HalfCheetah-v3,SAC_Q2a
27,6263.449506987749,135000,HalfCheetah-v3,SAC_Q2a
28,6312.4467545208945,140000,HalfCheetah-v3,SAC_Q2a
29,6201.851882055538,145000,HalfCheetah-v3,SAC_Q2a
30,6169.959441238612,150000,HalfCheetah-v3,SAC_Q2a
31,6472.124152136817,155000,HalfCheetah-v3,SAC_Q2a
32,6526.26390634118,160000,HalfCheetah-v3,SAC_Q2a
33,6797.03769495971,165000,HalfCheetah-v3,SAC_Q2a
34,6652.636135689248,170000,HalfCheetah-v3,SAC_Q2a
35,6621.070825462511,175000,HalfCheetah-v3,SAC_Q2a
36,6959.117725456311,180000,HalfCheetah-v3,SAC_Q2a
37,6696.6142356835435,185000,HalfCheetah-v3,SAC_Q2a
38,6957.073127979353,190000,HalfCheetah-v3,SAC_Q2a
39,7177.5998952474565,195000,HalfCheetah-v3,SAC_Q2a
40,7078.354928815121,200000,HalfCheetah-v3,SAC_Q2a
41,7220.812324436757,205000,HalfCheetah-v3,SAC_Q2a
42,7390.025829542288,210000,HalfCheetah-v3,SAC_Q2a
43,7546.455190551389,215000,HalfCheetah-v3,SAC_Q2a
44,7544.310628522374,220000,HalfCheetah-v3,SAC_Q2a
45,7641.3425145416795,225000,HalfCheetah-v3,SAC_Q2a
46,7737.589035514473,230000,HalfCheetah-v3,SAC_Q2a
47,7597.305017235945,235000,HalfCheetah-v3,SAC_Q2a
48,8009.2041685890335,240000,HalfCheetah-v3,SAC_Q2a
49,8068.834494532144,245000,HalfCheetah-v3,SAC_Q2a
50,7925.64835821483,250000,HalfCheetah-v3,SAC_Q2a
51,8156.643150645398,255000,HalfCheetah-v3,SAC_Q2a
52,8046.549714069052,260000,HalfCheetah-v3,SAC_Q2a
53,7874.047285876176,265000,HalfCheetah-v3,SAC_Q2a
54,8427.077473590276,270000,HalfCheetah-v3,SAC_Q2a
55,7933.675406598712,275000,HalfCheetah-v3,SAC_Q2a
56,8590.274745522654,280000,HalfCheetah-v3,SAC_Q2a
57,8117.818354911328,285000,HalfCheetah-v3,SAC_Q2a
58,7957.530553107368,290000,HalfCheetah-v3,SAC_Q2a
59,8654.230877543238,295000,HalfCheetah-v3,SAC_Q2a
60,8149.144273331721,300000,HalfCheetah-v3,SAC_Q2a
61,8763.246328469655,305000,HalfCheetah-v3,SAC_Q2a
62,8799.407871625128,310000,HalfCheetah-v3,SAC_Q2a
63,8601.972375171857,315000,HalfCheetah-v3,SAC_Q2a
64,8920.646387102286,320000,HalfCheetah-v3,SAC_Q2a
65,8842.53924452247,325000,HalfCheetah-v3,SAC_Q2a
66,9026.74587698891,330000,HalfCheetah-v3,SAC_Q2a
67,8951.075061050436,335000,HalfCheetah-v3,SAC_Q2a
68,8836.39475224234,340000,HalfCheetah-v3,SAC_Q2a
69,9151.530203665749,345000,HalfCheetah-v3,SAC_Q2a
70,8959.098880107642,350000,HalfCheetah-v3,SAC_Q2a
71,8920.602748393374,355000,HalfCheetah-v3,SAC_Q2a
72,9319.049439973336,360000,HalfCheetah-v3,SAC_Q2a
73,9436.097730996662,365000,HalfCheetah-v3,SAC_Q2a
74,8703.592266784974,370000,HalfCheetah-v3,SAC_Q2a
75,9285.808659206468,375000,HalfCheetah-v3,SAC_Q2a
76,9163.65848338552,380000,HalfCheetah-v3,SAC_Q2a
77,9278.493944501735,385000,HalfCheetah-v3,SAC_Q2a
78,9518.17095006545,390000,HalfCheetah-v3,SAC_Q2a
79,9574.8570435037,395000,HalfCheetah-v3,SAC_Q2a
80,9366.270237543747,400000,HalfCheetah-v3,SAC_Q2a
81,9537.085264094589,405000,HalfCheetah-v3,SAC_Q2a
82,9587.03561394201,410000,HalfCheetah-v3,SAC_Q2a
83,9521.58767476214,415000,HalfCheetah-v3,SAC_Q2a
84,9472.292255491262,420000,HalfCheetah-v3,SAC_Q2a
85,9667.363731025007,425000,HalfCheetah-v3,SAC_Q2a
86,9532.541331607752,430000,HalfCheetah-v3,SAC_Q2a
87,9747.781677970032,435000,HalfCheetah-v3,SAC_Q2a
88,9587.489457195847,440000,HalfCheetah-v3,SAC_Q2a
89,9749.478280840347,445000,HalfCheetah-v3,SAC_Q2a
90,9633.665173400826,450000,HalfCheetah-v3,SAC_Q2a
91,9810.864453450642,455000,HalfCheetah-v3,SAC_Q2a
92,9298.50768972542,460000,HalfCheetah-v3,SAC_Q2a
93,9658.506095866866,465000,HalfCheetah-v3,SAC_Q2a
94,9585.856415741502,470000,HalfCheetah-v3,SAC_Q2a
95,9360.80308528721,475000,HalfCheetah-v3,SAC_Q2a
96,9565.06163314484,480000,HalfCheetah-v3,SAC_Q2a
97,9506.099867782355,485000,HalfCheetah-v3,SAC_Q2a
98,9737.326159491375,490000,HalfCheetah-v3,SAC_Q2a
99,9915.779547486458,495000,HalfCheetah-v3,SAC_Q2a
100,9993.689510624714,500000,HalfCheetah-v3,SAC_Q2a
101,9521.846556452047,505000,HalfCheetah-v3,SAC_Q2a
102,10083.848373603054,510000,HalfCheetah-v3,SAC_Q2a
103,10040.472305895217,515000,HalfCheetah-v3,SAC_Q2a
104,9347.627574250117,520000,HalfCheetah-v3,SAC_Q2a
105,10081.604350709753,525000,HalfCheetah-v3,SAC_Q2a
106,9984.604478483849,530000,HalfCheetah-v3,SAC_Q2a
107,10132.983548798404,535000,HalfCheetah-v3,SAC_Q2a
108,10019.757567040044,540000,HalfCheetah-v3,SAC_Q2a
109,10105.14748336501,545000,HalfCheetah-v3,SAC_Q2a
110,10159.467921435662,550000,HalfCheetah-v3,SAC_Q2a
111,10272.15051784112,555000,HalfCheetah-v3,SAC_Q2a
112,10222.94588139721,560000,HalfCheetah-v3,SAC_Q2a
113,10307.453544769874,565000,HalfCheetah-v3,SAC_Q2a
114,10037.570270356098,570000,HalfCheetah-v3,SAC_Q2a
115,9802.518748593535,575000,HalfCheetah-v3,SAC_Q2a
116,10244.009349953983,580000,HalfCheetah-v3,SAC_Q2a
117,10182.607292449571,585000,HalfCheetah-v3,SAC_Q2a
118,10192.32828136868,590000,HalfCheetah-v3,SAC_Q2a
119,10316.80891708412,595000,HalfCheetah-v3,SAC_Q2a
120,10116.521139681072,600000,HalfCheetah-v3,SAC_Q2a
121,10294.295509096342,605000,HalfCheetah-v3,SAC_Q2a
122,10448.403441923092,610000,HalfCheetah-v3,SAC_Q2a
123,10179.85809955871,615000,HalfCheetah-v3,SAC_Q2a
124,10609.996878335973,620000,HalfCheetah-v3,SAC_Q2a
125,10426.359950764278,625000,HalfCheetah-v3,SAC_Q2a
126,10242.16716509921,630000,HalfCheetah-v3,SAC_Q2a
127,10556.146782649725,635000,HalfCheetah-v3,SAC_Q2a
128,10638.535948800445,640000,HalfCheetah-v3,SAC_Q2a
129,10394.624507710088,645000,HalfCheetah-v3,SAC_Q2a
130,10657.630942650223,650000,HalfCheetah-v3,SAC_Q2a
131,10093.164814309279,655000,HalfCheetah-v3,SAC_Q2a
132,10195.633499864929,660000,HalfCheetah-v3,SAC_Q2a
133,10126.404733296553,665000,HalfCheetah-v3,SAC_Q2a
134,10613.52429639121,670000,HalfCheetah-v3,SAC_Q2a
135,10722.67020259913,675000,HalfCheetah-v3,SAC_Q2a
136,10659.371053825129,680000,HalfCheetah-v3,SAC_Q2a
137,10492.091035235846,685000,HalfCheetah-v3,SAC_Q2a
138,10472.008949124196,690000,HalfCheetah-v3,SAC_Q2a
139,10671.13743336249,695000,HalfCheetah-v3,SAC_Q2a
140,10391.053984693513,700000,HalfCheetah-v3,SAC_Q2a
141,10728.642385580275,705000,HalfCheetah-v3,SAC_Q2a
142,10843.441232548328,710000,HalfCheetah-v3,SAC_Q2a
143,10736.263200735244,715000,HalfCheetah-v3,SAC_Q2a
144,10667.886483713037,720000,HalfCheetah-v3,SAC_Q2a
145,10885.417108469566,725000,HalfCheetah-v3,SAC_Q2a
146,10562.051059400681,730000,HalfCheetah-v3,SAC_Q2a
147,10714.028653921396,735000,HalfCheetah-v3,SAC_Q2a
148,10858.467632286454,740000,HalfCheetah-v3,SAC_Q2a
149,10827.677721156688,745000,HalfCheetah-v3,SAC_Q2a
150,10356.536243149425,750000,HalfCheetah-v3,SAC_Q2a
151,10874.562501869636,755000,HalfCheetah-v3,SAC_Q2a
152,10745.555702908334,760000,HalfCheetah-v3,SAC_Q2a
153,10776.421394313227,765000,HalfCheetah-v3,SAC_Q2a
154,10800.017407449734,770000,HalfCheetah-v3,SAC_Q2a
155,10958.427689746775,775000,HalfCheetah-v3,SAC_Q2a
156,10937.308502707992,780000,HalfCheetah-v3,SAC_Q2a
157,11127.042187800824,785000,HalfCheetah-v3,SAC_Q2a
158,11114.529004412687,790000,HalfCheetah-v3,SAC_Q2a
159,10698.154867482914,795000,HalfCheetah-v3,SAC_Q2a
160,11017.06684282098,800000,HalfCheetah-v3,SAC_Q2a
161,10870.26361796868,805000,HalfCheetah-v3,SAC_Q2a
162,11102.561281399909,810000,HalfCheetah-v3,SAC_Q2a
163,10904.842855702944,815000,HalfCheetah-v3,SAC_Q2a
164,11032.90985650123,820000,HalfCheetah-v3,SAC_Q2a
165,11155.095525454944,825000,HalfCheetah-v3,SAC_Q2a
166,10988.410213810605,830000,HalfCheetah-v3,SAC_Q2a
167,10638.48539167406,835000,HalfCheetah-v3,SAC_Q2a
168,11078.889292177211,840000,HalfCheetah-v3,SAC_Q2a
169,10618.60114702489,845000,HalfCheetah-v3,SAC_Q2a
170,11236.842378049369,850000,HalfCheetah-v3,SAC_Q2a
171,11222.167594391152,855000,HalfCheetah-v3,SAC_Q2a
172,10733.322535155932,860000,HalfCheetah-v3,SAC_Q2a
173,11212.39549872055,865000,HalfCheetah-v3,SAC_Q2a
174,10927.202833703966,870000,HalfCheetah-v3,SAC_Q2a
175,11155.955075049786,875000,HalfCheetah-v3,SAC_Q2a
176,11028.743901300786,880000,HalfCheetah-v3,SAC_Q2a
177,11077.667619104299,885000,HalfCheetah-v3,SAC_Q2a
178,10904.390761205363,890000,HalfCheetah-v3,SAC_Q2a
179,10976.092805180964,895000,HalfCheetah-v3,SAC_Q2a
180,10999.128247057051,900000,HalfCheetah-v3,SAC_Q2a
181,11022.751324488556,905000,HalfCheetah-v3,SAC_Q2a
182,11217.656790577481,910000,HalfCheetah-v3,SAC_Q2a
183,11139.074689226303,915000,HalfCheetah-v3,SAC_Q2a
184,11198.258114972206,920000,HalfCheetah-v3,SAC_Q2a
185,11331.024858278379,925000,HalfCheetah-v3,SAC_Q2a
186,11354.835974361076,930000,HalfCheetah-v3,SAC_Q2a
187,11302.499074892046,935000,HalfCheetah-v3,SAC_Q2a
188,11241.281559264178,940000,HalfCheetah-v3,SAC_Q2a
189,10546.433345264893,945000,HalfCheetah-v3,SAC_Q2a
190,11240.037859595448,950000,HalfCheetah-v3,SAC_Q2a
191,11193.061512142183,955000,HalfCheetah-v3,SAC_Q2a
192,10861.145434802202,960000,HalfCheetah-v3,SAC_Q2a
193,10759.359233593028,965000,HalfCheetah-v3,SAC_Q2a
194,11365.368765240468,970000,HalfCheetah-v3,SAC_Q2a
195,11029.62353683759,975000,HalfCheetah-v3,SAC_Q2a
196,11263.168701865296,980000,HalfCheetah-v3,SAC_Q2a
197,11448.936102005242,985000,HalfCheetah-v3,SAC_Q2a
198,11512.783623104839,990000,HalfCheetah-v3,SAC_Q2a
199,11494.174388665915,995000,HalfCheetah-v3,SAC_Q2a
200,11423.50249010566,1000000,HalfCheetah-v3,SAC_Q2a
