index,Average Return,Timesteps,env,algorithm_name
0,-488.1299964817432,0.0,HalfCheetah-v3,TD3_Q2a1x64_1p
1,-511.0015498870948,5000.0,HalfCheetah-v3,TD3_Q2a1x64_1p
2,-484.1639083099755,10000.0,HalfCheetah-v3,TD3_Q2a1x64_1p
3,-501.21990407676867,15000.0,HalfCheetah-v3,TD3_Q2a1x64_1p
4,-453.020242371182,20000.0,HalfCheetah-v3,TD3_Q2a1x64_1p
5,-485.2327767542336,25000.0,HalfCheetah-v3,TD3_Q2a1x64_1p
6,-511.6877002015673,30000.0,HalfCheetah-v3,TD3_Q2a1x64_1p
7,-487.9436060019715,35000.0,HalfCheetah-v3,TD3_Q2a1x64_1p
8,-486.8569276244551,40000.0,HalfCheetah-v3,TD3_Q2a1x64_1p
9,-486.46082237882035,45000.0,HalfCheetah-v3,TD3_Q2a1x64_1p
10,-648.6150724437155,50000.0,HalfCheetah-v3,TD3_Q2a1x64_1p
11,-582.2059672381622,55000.0,HalfCheetah-v3,TD3_Q2a1x64_1p
12,-609.9342036196817,60000.0,HalfCheetah-v3,TD3_Q2a1x64_1p
13,-534.2288740282239,65000.0,HalfCheetah-v3,TD3_Q2a1x64_1p
14,-551.0960287531096,70000.0,HalfCheetah-v3,TD3_Q2a1x64_1p
15,-504.9660360767472,75000.0,HalfCheetah-v3,TD3_Q2a1x64_1p
16,-469.7881615661704,80000.0,HalfCheetah-v3,TD3_Q2a1x64_1p
17,-484.60759889803523,85000.0,HalfCheetah-v3,TD3_Q2a1x64_1p
18,-424.53859096907456,90000.0,HalfCheetah-v3,TD3_Q2a1x64_1p
19,-409.19507954313667,95000.0,HalfCheetah-v3,TD3_Q2a1x64_1p
20,-249.35772376738038,100000.0,HalfCheetah-v3,TD3_Q2a1x64_1p
21,-229.5559827010944,105000.0,HalfCheetah-v3,TD3_Q2a1x64_1p
22,-190.2874931696045,110000.0,HalfCheetah-v3,TD3_Q2a1x64_1p
23,-215.4438973986715,115000.0,HalfCheetah-v3,TD3_Q2a1x64_1p
24,-162.27945550676998,120000.0,HalfCheetah-v3,TD3_Q2a1x64_1p
25,382.5312910084063,125000.0,HalfCheetah-v3,TD3_Q2a1x64_1p
26,611.908115979301,130000.0,HalfCheetah-v3,TD3_Q2a1x64_1p
27,607.2878425851297,135000.0,HalfCheetah-v3,TD3_Q2a1x64_1p
28,431.3980159171832,140000.0,HalfCheetah-v3,TD3_Q2a1x64_1p
29,628.8633785520796,145000.0,HalfCheetah-v3,TD3_Q2a1x64_1p
30,1135.2076994373804,150000.0,HalfCheetah-v3,TD3_Q2a1x64_1p
31,1080.4338613331804,155000.0,HalfCheetah-v3,TD3_Q2a1x64_1p
32,1044.5806995686962,160000.0,HalfCheetah-v3,TD3_Q2a1x64_1p
33,995.6313620091494,165000.0,HalfCheetah-v3,TD3_Q2a1x64_1p
34,784.9061480727498,170000.0,HalfCheetah-v3,TD3_Q2a1x64_1p
35,2082.1450315444235,175000.0,HalfCheetah-v3,TD3_Q2a1x64_1p
36,1592.7174704226063,180000.0,HalfCheetah-v3,TD3_Q2a1x64_1p
37,1673.131976648412,185000.0,HalfCheetah-v3,TD3_Q2a1x64_1p
38,1668.9248790500642,190000.0,HalfCheetah-v3,TD3_Q2a1x64_1p
39,1346.1229566863947,195000.0,HalfCheetah-v3,TD3_Q2a1x64_1p
40,2343.6912816580907,200000.0,HalfCheetah-v3,TD3_Q2a1x64_1p
41,2073.9127316750423,205000.0,HalfCheetah-v3,TD3_Q2a1x64_1p
42,2154.075965690804,210000.0,HalfCheetah-v3,TD3_Q2a1x64_1p
43,2053.2173585840014,215000.0,HalfCheetah-v3,TD3_Q2a1x64_1p
44,1818.651130236182,220000.0,HalfCheetah-v3,TD3_Q2a1x64_1p
45,1869.502086812446,225000.0,HalfCheetah-v3,TD3_Q2a1x64_1p
46,1954.046858837902,230000.0,HalfCheetah-v3,TD3_Q2a1x64_1p
47,1965.3146580522596,235000.0,HalfCheetah-v3,TD3_Q2a1x64_1p
48,1927.4983731188775,240000.0,HalfCheetah-v3,TD3_Q2a1x64_1p
49,1922.1404391524143,245000.0,HalfCheetah-v3,TD3_Q2a1x64_1p
50,2698.237054014608,250000.0,HalfCheetah-v3,TD3_Q2a1x64_1p
51,2597.546819849562,255000.0,HalfCheetah-v3,TD3_Q2a1x64_1p
52,2571.739648100249,260000.0,HalfCheetah-v3,TD3_Q2a1x64_1p
53,2307.1275511016547,265000.0,HalfCheetah-v3,TD3_Q2a1x64_1p
54,2318.8257592841333,270000.0,HalfCheetah-v3,TD3_Q2a1x64_1p
55,2940.338639325003,275000.0,HalfCheetah-v3,TD3_Q2a1x64_1p
56,2896.8756409805815,280000.0,HalfCheetah-v3,TD3_Q2a1x64_1p
57,2799.6840337580243,285000.0,HalfCheetah-v3,TD3_Q2a1x64_1p
58,2375.1755759134753,290000.0,HalfCheetah-v3,TD3_Q2a1x64_1p
59,2483.8684856884615,295000.0,HalfCheetah-v3,TD3_Q2a1x64_1p
60,3294.1509873735204,300000.0,HalfCheetah-v3,TD3_Q2a1x64_1p
61,3279.9830864379664,305000.0,HalfCheetah-v3,TD3_Q2a1x64_1p
62,3057.69024878865,310000.0,HalfCheetah-v3,TD3_Q2a1x64_1p
63,2647.696231237649,315000.0,HalfCheetah-v3,TD3_Q2a1x64_1p
64,2926.8464831825313,320000.0,HalfCheetah-v3,TD3_Q2a1x64_1p
65,3311.5308388902076,325000.0,HalfCheetah-v3,TD3_Q2a1x64_1p
66,3033.9389758680245,330000.0,HalfCheetah-v3,TD3_Q2a1x64_1p
67,3246.881596092516,335000.0,HalfCheetah-v3,TD3_Q2a1x64_1p
68,3002.709972255475,340000.0,HalfCheetah-v3,TD3_Q2a1x64_1p
69,2680.447807907166,345000.0,HalfCheetah-v3,TD3_Q2a1x64_1p
70,3394.480804816648,350000.0,HalfCheetah-v3,TD3_Q2a1x64_1p
71,2650.7463805600787,355000.0,HalfCheetah-v3,TD3_Q2a1x64_1p
72,2875.859844211055,360000.0,HalfCheetah-v3,TD3_Q2a1x64_1p
73,2478.0682747122023,365000.0,HalfCheetah-v3,TD3_Q2a1x64_1p
74,2202.536837423141,370000.0,HalfCheetah-v3,TD3_Q2a1x64_1p
75,3824.991046868238,375000.0,HalfCheetah-v3,TD3_Q2a1x64_1p
76,3683.5798579153247,380000.0,HalfCheetah-v3,TD3_Q2a1x64_1p
77,3521.8860165221304,385000.0,HalfCheetah-v3,TD3_Q2a1x64_1p
78,3300.4001737732788,390000.0,HalfCheetah-v3,TD3_Q2a1x64_1p
79,3142.2782272459426,395000.0,HalfCheetah-v3,TD3_Q2a1x64_1p
80,3997.160453297455,400000.0,HalfCheetah-v3,TD3_Q2a1x64_1p
81,3806.3188625622183,405000.0,HalfCheetah-v3,TD3_Q2a1x64_1p
82,3570.0445855598955,410000.0,HalfCheetah-v3,TD3_Q2a1x64_1p
83,3231.5631887342743,415000.0,HalfCheetah-v3,TD3_Q2a1x64_1p
84,3190.0275043783627,420000.0,HalfCheetah-v3,TD3_Q2a1x64_1p
85,3779.877993921241,425000.0,HalfCheetah-v3,TD3_Q2a1x64_1p
86,3862.3197303916677,430000.0,HalfCheetah-v3,TD3_Q2a1x64_1p
87,3360.0197139342504,435000.0,HalfCheetah-v3,TD3_Q2a1x64_1p
88,2972.633709755426,440000.0,HalfCheetah-v3,TD3_Q2a1x64_1p
89,3015.58893668873,445000.0,HalfCheetah-v3,TD3_Q2a1x64_1p
90,3481.250721201799,450000.0,HalfCheetah-v3,TD3_Q2a1x64_1p
91,3715.3938749172908,455000.0,HalfCheetah-v3,TD3_Q2a1x64_1p
92,3457.3410721642476,460000.0,HalfCheetah-v3,TD3_Q2a1x64_1p
93,3341.2427451498347,465000.0,HalfCheetah-v3,TD3_Q2a1x64_1p
94,3447.9263649575805,470000.0,HalfCheetah-v3,TD3_Q2a1x64_1p
95,4055.85756528829,475000.0,HalfCheetah-v3,TD3_Q2a1x64_1p
96,3918.251116104282,480000.0,HalfCheetah-v3,TD3_Q2a1x64_1p
97,3704.170259649013,485000.0,HalfCheetah-v3,TD3_Q2a1x64_1p
98,3234.652670180737,490000.0,HalfCheetah-v3,TD3_Q2a1x64_1p
99,3268.4611015332857,495000.0,HalfCheetah-v3,TD3_Q2a1x64_1p
100,3774.6276555528034,500000.0,HalfCheetah-v3,TD3_Q2a1x64_1p
101,3814.1989963939204,505000.0,HalfCheetah-v3,TD3_Q2a1x64_1p
102,3779.1622591365767,510000.0,HalfCheetah-v3,TD3_Q2a1x64_1p
103,3620.9397093653142,515000.0,HalfCheetah-v3,TD3_Q2a1x64_1p
104,3550.161562920149,520000.0,HalfCheetah-v3,TD3_Q2a1x64_1p
105,4186.566421551526,525000.0,HalfCheetah-v3,TD3_Q2a1x64_1p
106,4062.2710516598636,530000.0,HalfCheetah-v3,TD3_Q2a1x64_1p
107,3906.956393947821,535000.0,HalfCheetah-v3,TD3_Q2a1x64_1p
108,3679.8927036254818,540000.0,HalfCheetah-v3,TD3_Q2a1x64_1p
109,3576.2523776869593,545000.0,HalfCheetah-v3,TD3_Q2a1x64_1p
110,3881.726653570113,550000.0,HalfCheetah-v3,TD3_Q2a1x64_1p
111,4009.6730865989607,555000.0,HalfCheetah-v3,TD3_Q2a1x64_1p
112,4083.0532917949595,560000.0,HalfCheetah-v3,TD3_Q2a1x64_1p
113,3438.616805702354,565000.0,HalfCheetah-v3,TD3_Q2a1x64_1p
114,3671.7332591952218,570000.0,HalfCheetah-v3,TD3_Q2a1x64_1p
115,3956.9238150774845,575000.0,HalfCheetah-v3,TD3_Q2a1x64_1p
116,4152.836225116206,580000.0,HalfCheetah-v3,TD3_Q2a1x64_1p
117,4032.417419192233,585000.0,HalfCheetah-v3,TD3_Q2a1x64_1p
118,3808.9252640697173,590000.0,HalfCheetah-v3,TD3_Q2a1x64_1p
119,3689.5955884534633,595000.0,HalfCheetah-v3,TD3_Q2a1x64_1p
120,4381.143602766112,600000.0,HalfCheetah-v3,TD3_Q2a1x64_1p
121,4292.42903137305,605000.0,HalfCheetah-v3,TD3_Q2a1x64_1p
122,4076.9682064974268,610000.0,HalfCheetah-v3,TD3_Q2a1x64_1p
123,3877.7002382421365,615000.0,HalfCheetah-v3,TD3_Q2a1x64_1p
124,3474.91612775143,620000.0,HalfCheetah-v3,TD3_Q2a1x64_1p
125,4463.14718247362,625000.0,HalfCheetah-v3,TD3_Q2a1x64_1p
126,4176.262685565624,630000.0,HalfCheetah-v3,TD3_Q2a1x64_1p
127,4224.154490754496,635000.0,HalfCheetah-v3,TD3_Q2a1x64_1p
128,3976.7678544048736,640000.0,HalfCheetah-v3,TD3_Q2a1x64_1p
129,3766.9381786274207,645000.0,HalfCheetah-v3,TD3_Q2a1x64_1p
130,4028.1845053672396,650000.0,HalfCheetah-v3,TD3_Q2a1x64_1p
131,3983.090427297783,655000.0,HalfCheetah-v3,TD3_Q2a1x64_1p
132,3822.3903086770697,660000.0,HalfCheetah-v3,TD3_Q2a1x64_1p
133,3686.9514093031707,665000.0,HalfCheetah-v3,TD3_Q2a1x64_1p
134,3473.6136073781126,670000.0,HalfCheetah-v3,TD3_Q2a1x64_1p
135,4494.297316772494,675000.0,HalfCheetah-v3,TD3_Q2a1x64_1p
136,4240.542055811939,680000.0,HalfCheetah-v3,TD3_Q2a1x64_1p
137,4187.321158408263,685000.0,HalfCheetah-v3,TD3_Q2a1x64_1p
138,4048.6496394025257,690000.0,HalfCheetah-v3,TD3_Q2a1x64_1p
139,3818.314524930054,695000.0,HalfCheetah-v3,TD3_Q2a1x64_1p
140,4308.7715734323665,700000.0,HalfCheetah-v3,TD3_Q2a1x64_1p
141,4542.526873221412,705000.0,HalfCheetah-v3,TD3_Q2a1x64_1p
142,4308.064935275515,710000.0,HalfCheetah-v3,TD3_Q2a1x64_1p
143,4008.8755585988374,715000.0,HalfCheetah-v3,TD3_Q2a1x64_1p
144,3921.61472282488,720000.0,HalfCheetah-v3,TD3_Q2a1x64_1p
145,4116.206144348934,725000.0,HalfCheetah-v3,TD3_Q2a1x64_1p
146,3882.889194768166,730000.0,HalfCheetah-v3,TD3_Q2a1x64_1p
147,3913.076320944914,735000.0,HalfCheetah-v3,TD3_Q2a1x64_1p
148,3719.743971346662,740000.0,HalfCheetah-v3,TD3_Q2a1x64_1p
149,3550.0138833796323,745000.0,HalfCheetah-v3,TD3_Q2a1x64_1p
150,4021.6627625121646,750000.0,HalfCheetah-v3,TD3_Q2a1x64_1p
151,3581.769790552363,755000.0,HalfCheetah-v3,TD3_Q2a1x64_1p
152,4078.412240318551,760000.0,HalfCheetah-v3,TD3_Q2a1x64_1p
153,3543.3513108235966,765000.0,HalfCheetah-v3,TD3_Q2a1x64_1p
154,3564.820199672789,770000.0,HalfCheetah-v3,TD3_Q2a1x64_1p
155,4754.744261766844,775000.0,HalfCheetah-v3,TD3_Q2a1x64_1p
156,4649.85596669086,780000.0,HalfCheetah-v3,TD3_Q2a1x64_1p
157,4512.982716549291,785000.0,HalfCheetah-v3,TD3_Q2a1x64_1p
158,4206.491810644608,790000.0,HalfCheetah-v3,TD3_Q2a1x64_1p
159,4060.247383971329,795000.0,HalfCheetah-v3,TD3_Q2a1x64_1p
160,4667.481013321403,800000.0,HalfCheetah-v3,TD3_Q2a1x64_1p
161,4623.054234042136,805000.0,HalfCheetah-v3,TD3_Q2a1x64_1p
162,4396.821203620547,810000.0,HalfCheetah-v3,TD3_Q2a1x64_1p
163,4293.092821083838,815000.0,HalfCheetah-v3,TD3_Q2a1x64_1p
164,4025.8127010882686,820000.0,HalfCheetah-v3,TD3_Q2a1x64_1p
165,4813.726802811526,825000.0,HalfCheetah-v3,TD3_Q2a1x64_1p
166,4618.105587698683,830000.0,HalfCheetah-v3,TD3_Q2a1x64_1p
167,4504.652318246872,835000.0,HalfCheetah-v3,TD3_Q2a1x64_1p
168,4197.651330497313,840000.0,HalfCheetah-v3,TD3_Q2a1x64_1p
169,3973.214356969524,845000.0,HalfCheetah-v3,TD3_Q2a1x64_1p
170,4912.741619091046,850000.0,HalfCheetah-v3,TD3_Q2a1x64_1p
171,4716.640252292305,855000.0,HalfCheetah-v3,TD3_Q2a1x64_1p
172,4576.224169890792,860000.0,HalfCheetah-v3,TD3_Q2a1x64_1p
173,4293.443724792445,865000.0,HalfCheetah-v3,TD3_Q2a1x64_1p
174,4033.636927601431,870000.0,HalfCheetah-v3,TD3_Q2a1x64_1p
175,4705.302934411973,875000.0,HalfCheetah-v3,TD3_Q2a1x64_1p
176,4683.772730768784,880000.0,HalfCheetah-v3,TD3_Q2a1x64_1p
177,4415.710609144812,885000.0,HalfCheetah-v3,TD3_Q2a1x64_1p
178,4223.353836529446,890000.0,HalfCheetah-v3,TD3_Q2a1x64_1p
179,4032.0477482208435,895000.0,HalfCheetah-v3,TD3_Q2a1x64_1p
180,4649.436762769643,900000.0,HalfCheetah-v3,TD3_Q2a1x64_1p
181,4624.453997119041,905000.0,HalfCheetah-v3,TD3_Q2a1x64_1p
182,4421.2848391870275,910000.0,HalfCheetah-v3,TD3_Q2a1x64_1p
183,4268.835531340596,915000.0,HalfCheetah-v3,TD3_Q2a1x64_1p
184,4056.743061701207,920000.0,HalfCheetah-v3,TD3_Q2a1x64_1p
185,4310.155256627722,925000.0,HalfCheetah-v3,TD3_Q2a1x64_1p
186,4615.3706378934485,930000.0,HalfCheetah-v3,TD3_Q2a1x64_1p
187,3956.049819800358,935000.0,HalfCheetah-v3,TD3_Q2a1x64_1p
188,3756.163816600012,940000.0,HalfCheetah-v3,TD3_Q2a1x64_1p
189,2549.087547175718,945000.0,HalfCheetah-v3,TD3_Q2a1x64_1p
190,4953.971042559887,950000.0,HalfCheetah-v3,TD3_Q2a1x64_1p
191,4903.474118897135,955000.0,HalfCheetah-v3,TD3_Q2a1x64_1p
192,4644.602095543187,960000.0,HalfCheetah-v3,TD3_Q2a1x64_1p
193,4444.263686630203,965000.0,HalfCheetah-v3,TD3_Q2a1x64_1p
194,4285.139951448948,970000.0,HalfCheetah-v3,TD3_Q2a1x64_1p
195,4849.976672653689,975000.0,HalfCheetah-v3,TD3_Q2a1x64_1p
196,4829.4920651040275,980000.0,HalfCheetah-v3,TD3_Q2a1x64_1p
197,4033.82880535373,985000.0,HalfCheetah-v3,TD3_Q2a1x64_1p
198,4258.575626410635,990000.0,HalfCheetah-v3,TD3_Q2a1x64_1p
199,4204.14057113108,995000.0,HalfCheetah-v3,TD3_Q2a1x64_1p
200,4649.352026532675,1000000.0,HalfCheetah-v3,TD3_Q2a1x64_1p
201,4628.615724259365,1005000.0,HalfCheetah-v3,TD3_Q2a1x64_1p
202,4375.789044717589,1010000.0,HalfCheetah-v3,TD3_Q2a1x64_1p
203,4210.303353220967,1015000.0,HalfCheetah-v3,TD3_Q2a1x64_1p
204,3914.213366255181,1020000.0,HalfCheetah-v3,TD3_Q2a1x64_1p
205,5044.084930411362,1025000.0,HalfCheetah-v3,TD3_Q2a1x64_1p
206,4850.883987642113,1030000.0,HalfCheetah-v3,TD3_Q2a1x64_1p
207,4674.779172214364,1035000.0,HalfCheetah-v3,TD3_Q2a1x64_1p
208,4465.114723147072,1040000.0,HalfCheetah-v3,TD3_Q2a1x64_1p
209,4270.202180909272,1045000.0,HalfCheetah-v3,TD3_Q2a1x64_1p
210,5039.502156031167,1050000.0,HalfCheetah-v3,TD3_Q2a1x64_1p
211,4870.316875387767,1055000.0,HalfCheetah-v3,TD3_Q2a1x64_1p
212,4757.021530812082,1060000.0,HalfCheetah-v3,TD3_Q2a1x64_1p
213,4399.522524652605,1065000.0,HalfCheetah-v3,TD3_Q2a1x64_1p
214,4200.839576523948,1070000.0,HalfCheetah-v3,TD3_Q2a1x64_1p
215,5107.015938178552,1075000.0,HalfCheetah-v3,TD3_Q2a1x64_1p
216,5005.647808652215,1080000.0,HalfCheetah-v3,TD3_Q2a1x64_1p
217,4789.833640293977,1085000.0,HalfCheetah-v3,TD3_Q2a1x64_1p
218,4524.765308917761,1090000.0,HalfCheetah-v3,TD3_Q2a1x64_1p
219,4308.048125217283,1095000.0,HalfCheetah-v3,TD3_Q2a1x64_1p
220,5134.471821561036,1100000.0,HalfCheetah-v3,TD3_Q2a1x64_1p
221,4962.462332303465,1105000.0,HalfCheetah-v3,TD3_Q2a1x64_1p
222,4713.470487805662,1110000.0,HalfCheetah-v3,TD3_Q2a1x64_1p
223,4547.321777175213,1115000.0,HalfCheetah-v3,TD3_Q2a1x64_1p
224,4309.37102967108,1120000.0,HalfCheetah-v3,TD3_Q2a1x64_1p
225,5098.008257287546,1125000.0,HalfCheetah-v3,TD3_Q2a1x64_1p
226,4889.971469766267,1130000.0,HalfCheetah-v3,TD3_Q2a1x64_1p
227,4674.603485431625,1135000.0,HalfCheetah-v3,TD3_Q2a1x64_1p
228,4453.595248696788,1140000.0,HalfCheetah-v3,TD3_Q2a1x64_1p
229,4181.490370798348,1145000.0,HalfCheetah-v3,TD3_Q2a1x64_1p
230,5175.837196521151,1150000.0,HalfCheetah-v3,TD3_Q2a1x64_1p
231,4977.476692713428,1155000.0,HalfCheetah-v3,TD3_Q2a1x64_1p
232,4791.501399380191,1160000.0,HalfCheetah-v3,TD3_Q2a1x64_1p
233,4537.559649377352,1165000.0,HalfCheetah-v3,TD3_Q2a1x64_1p
234,4244.2097682839185,1170000.0,HalfCheetah-v3,TD3_Q2a1x64_1p
235,5261.636004550321,1175000.0,HalfCheetah-v3,TD3_Q2a1x64_1p
236,5124.063938213374,1180000.0,HalfCheetah-v3,TD3_Q2a1x64_1p
237,4907.4307775299885,1185000.0,HalfCheetah-v3,TD3_Q2a1x64_1p
238,4594.006132085916,1190000.0,HalfCheetah-v3,TD3_Q2a1x64_1p
239,4354.737482956101,1195000.0,HalfCheetah-v3,TD3_Q2a1x64_1p
240,5143.354031132259,1200000.0,HalfCheetah-v3,TD3_Q2a1x64_1p
241,5032.52495334884,1205000.0,HalfCheetah-v3,TD3_Q2a1x64_1p
242,4781.8254432841395,1210000.0,HalfCheetah-v3,TD3_Q2a1x64_1p
243,4550.797775723182,1215000.0,HalfCheetah-v3,TD3_Q2a1x64_1p
244,4334.3345587272015,1220000.0,HalfCheetah-v3,TD3_Q2a1x64_1p
245,5277.319337771142,1225000.0,HalfCheetah-v3,TD3_Q2a1x64_1p
246,5150.7570114698,1230000.0,HalfCheetah-v3,TD3_Q2a1x64_1p
247,4907.319621150207,1235000.0,HalfCheetah-v3,TD3_Q2a1x64_1p
248,4221.21975633335,1240000.0,HalfCheetah-v3,TD3_Q2a1x64_1p
249,4368.275955147972,1245000.0,HalfCheetah-v3,TD3_Q2a1x64_1p
250,5468.036992165144,1250000.0,HalfCheetah-v3,TD3_Q2a1x64_1p
251,5198.483977539405,1255000.0,HalfCheetah-v3,TD3_Q2a1x64_1p
252,4947.725951827122,1260000.0,HalfCheetah-v3,TD3_Q2a1x64_1p
253,4676.951881290739,1265000.0,HalfCheetah-v3,TD3_Q2a1x64_1p
254,4349.997534404712,1270000.0,HalfCheetah-v3,TD3_Q2a1x64_1p
255,5355.866132077835,1275000.0,HalfCheetah-v3,TD3_Q2a1x64_1p
256,5126.363403336888,1280000.0,HalfCheetah-v3,TD3_Q2a1x64_1p
257,4876.776862843218,1285000.0,HalfCheetah-v3,TD3_Q2a1x64_1p
258,4608.965304600724,1290000.0,HalfCheetah-v3,TD3_Q2a1x64_1p
259,4312.037597632996,1295000.0,HalfCheetah-v3,TD3_Q2a1x64_1p
260,5279.532001817639,1300000.0,HalfCheetah-v3,TD3_Q2a1x64_1p
261,5079.158653121637,1305000.0,HalfCheetah-v3,TD3_Q2a1x64_1p
262,4777.2989936027425,1310000.0,HalfCheetah-v3,TD3_Q2a1x64_1p
263,4582.598047508585,1315000.0,HalfCheetah-v3,TD3_Q2a1x64_1p
264,4311.744519136894,1320000.0,HalfCheetah-v3,TD3_Q2a1x64_1p
265,5493.031574469758,1325000.0,HalfCheetah-v3,TD3_Q2a1x64_1p
266,5226.655942558142,1330000.0,HalfCheetah-v3,TD3_Q2a1x64_1p
267,4945.677807848029,1335000.0,HalfCheetah-v3,TD3_Q2a1x64_1p
268,4615.332660938536,1340000.0,HalfCheetah-v3,TD3_Q2a1x64_1p
269,4383.055926524564,1345000.0,HalfCheetah-v3,TD3_Q2a1x64_1p
270,5377.931632986276,1350000.0,HalfCheetah-v3,TD3_Q2a1x64_1p
271,5130.962179734918,1355000.0,HalfCheetah-v3,TD3_Q2a1x64_1p
272,4925.569740509454,1360000.0,HalfCheetah-v3,TD3_Q2a1x64_1p
273,4611.34874254166,1365000.0,HalfCheetah-v3,TD3_Q2a1x64_1p
274,4364.394317948873,1370000.0,HalfCheetah-v3,TD3_Q2a1x64_1p
275,5430.326082388444,1375000.0,HalfCheetah-v3,TD3_Q2a1x64_1p
276,5250.301030089382,1380000.0,HalfCheetah-v3,TD3_Q2a1x64_1p
277,4969.387971869282,1385000.0,HalfCheetah-v3,TD3_Q2a1x64_1p
278,4674.84763626724,1390000.0,HalfCheetah-v3,TD3_Q2a1x64_1p
279,4476.614171990242,1395000.0,HalfCheetah-v3,TD3_Q2a1x64_1p
280,5401.055606118858,1400000.0,HalfCheetah-v3,TD3_Q2a1x64_1p
281,5235.540408312443,1405000.0,HalfCheetah-v3,TD3_Q2a1x64_1p
282,4990.877303133717,1410000.0,HalfCheetah-v3,TD3_Q2a1x64_1p
283,4678.7522707346525,1415000.0,HalfCheetah-v3,TD3_Q2a1x64_1p
284,4465.786287531199,1420000.0,HalfCheetah-v3,TD3_Q2a1x64_1p
285,5555.1301223726205,1425000.0,HalfCheetah-v3,TD3_Q2a1x64_1p
286,5332.541017167914,1430000.0,HalfCheetah-v3,TD3_Q2a1x64_1p
287,5069.576915727308,1435000.0,HalfCheetah-v3,TD3_Q2a1x64_1p
288,4709.096371201625,1440000.0,HalfCheetah-v3,TD3_Q2a1x64_1p
289,4459.238152984525,1445000.0,HalfCheetah-v3,TD3_Q2a1x64_1p
290,5409.081777560676,1450000.0,HalfCheetah-v3,TD3_Q2a1x64_1p
291,5156.623151379807,1455000.0,HalfCheetah-v3,TD3_Q2a1x64_1p
292,4949.717680552936,1460000.0,HalfCheetah-v3,TD3_Q2a1x64_1p
293,4591.570515098703,1465000.0,HalfCheetah-v3,TD3_Q2a1x64_1p
294,4386.257913334592,1470000.0,HalfCheetah-v3,TD3_Q2a1x64_1p
295,5424.908509354849,1475000.0,HalfCheetah-v3,TD3_Q2a1x64_1p
296,5275.432301782722,1480000.0,HalfCheetah-v3,TD3_Q2a1x64_1p
297,5014.2796168808,1485000.0,HalfCheetah-v3,TD3_Q2a1x64_1p
298,4694.404993176207,1490000.0,HalfCheetah-v3,TD3_Q2a1x64_1p
299,4475.2590781504405,1495000.0,HalfCheetah-v3,TD3_Q2a1x64_1p
300,5520.762065474617,1500000.0,HalfCheetah-v3,TD3_Q2a1x64_1p
301,5343.967070840948,1505000.0,HalfCheetah-v3,TD3_Q2a1x64_1p
302,5065.1901854746375,1510000.0,HalfCheetah-v3,TD3_Q2a1x64_1p
303,4763.187916808096,1515000.0,HalfCheetah-v3,TD3_Q2a1x64_1p
304,4465.200718978254,1520000.0,HalfCheetah-v3,TD3_Q2a1x64_1p
305,5544.3576203861185,1525000.0,HalfCheetah-v3,TD3_Q2a1x64_1p
306,5365.327371940073,1530000.0,HalfCheetah-v3,TD3_Q2a1x64_1p
307,5082.0812050117975,1535000.0,HalfCheetah-v3,TD3_Q2a1x64_1p
308,4778.317148469523,1540000.0,HalfCheetah-v3,TD3_Q2a1x64_1p
309,4486.64880260953,1545000.0,HalfCheetah-v3,TD3_Q2a1x64_1p
310,5597.471599364238,1550000.0,HalfCheetah-v3,TD3_Q2a1x64_1p
311,5332.898613945663,1555000.0,HalfCheetah-v3,TD3_Q2a1x64_1p
312,5064.725227545717,1560000.0,HalfCheetah-v3,TD3_Q2a1x64_1p
313,4779.2974342571,1565000.0,HalfCheetah-v3,TD3_Q2a1x64_1p
314,4509.646692634412,1570000.0,HalfCheetah-v3,TD3_Q2a1x64_1p
315,5642.523855515754,1575000.0,HalfCheetah-v3,TD3_Q2a1x64_1p
316,5399.886616650517,1580000.0,HalfCheetah-v3,TD3_Q2a1x64_1p
317,5144.819522451155,1585000.0,HalfCheetah-v3,TD3_Q2a1x64_1p
318,4780.041059060843,1590000.0,HalfCheetah-v3,TD3_Q2a1x64_1p
319,4535.403484283844,1595000.0,HalfCheetah-v3,TD3_Q2a1x64_1p
320,5306.40518428297,1600000.0,HalfCheetah-v3,TD3_Q2a1x64_1p
321,5063.286642160562,1605000.0,HalfCheetah-v3,TD3_Q2a1x64_1p
322,4812.028105968848,1610000.0,HalfCheetah-v3,TD3_Q2a1x64_1p
323,4493.975995075731,1615000.0,HalfCheetah-v3,TD3_Q2a1x64_1p
324,4377.943531765892,1620000.0,HalfCheetah-v3,TD3_Q2a1x64_1p
325,5503.701194218809,1625000.0,HalfCheetah-v3,TD3_Q2a1x64_1p
326,5347.5562351713215,1630000.0,HalfCheetah-v3,TD3_Q2a1x64_1p
327,5058.185945692355,1635000.0,HalfCheetah-v3,TD3_Q2a1x64_1p
328,4759.131037947801,1640000.0,HalfCheetah-v3,TD3_Q2a1x64_1p
329,4476.608420903367,1645000.0,HalfCheetah-v3,TD3_Q2a1x64_1p
330,5667.004465616252,1650000.0,HalfCheetah-v3,TD3_Q2a1x64_1p
331,5409.904747239159,1655000.0,HalfCheetah-v3,TD3_Q2a1x64_1p
332,5025.483534638946,1660000.0,HalfCheetah-v3,TD3_Q2a1x64_1p
333,4806.855959576225,1665000.0,HalfCheetah-v3,TD3_Q2a1x64_1p
334,4509.359733827956,1670000.0,HalfCheetah-v3,TD3_Q2a1x64_1p
335,5326.814570390169,1675000.0,HalfCheetah-v3,TD3_Q2a1x64_1p
336,5208.290268236595,1680000.0,HalfCheetah-v3,TD3_Q2a1x64_1p
337,4997.042883801072,1685000.0,HalfCheetah-v3,TD3_Q2a1x64_1p
338,4720.671401067756,1690000.0,HalfCheetah-v3,TD3_Q2a1x64_1p
339,4420.375622256213,1695000.0,HalfCheetah-v3,TD3_Q2a1x64_1p
340,5762.093887770256,1700000.0,HalfCheetah-v3,TD3_Q2a1x64_1p
341,5539.96533461023,1705000.0,HalfCheetah-v3,TD3_Q2a1x64_1p
342,5173.833661449271,1710000.0,HalfCheetah-v3,TD3_Q2a1x64_1p
343,4877.039172569124,1715000.0,HalfCheetah-v3,TD3_Q2a1x64_1p
344,4519.6809558882915,1720000.0,HalfCheetah-v3,TD3_Q2a1x64_1p
345,5642.984227184511,1725000.0,HalfCheetah-v3,TD3_Q2a1x64_1p
346,5428.58553496079,1730000.0,HalfCheetah-v3,TD3_Q2a1x64_1p
347,5126.369150838192,1735000.0,HalfCheetah-v3,TD3_Q2a1x64_1p
348,4806.718382347617,1740000.0,HalfCheetah-v3,TD3_Q2a1x64_1p
349,4455.884354504397,1745000.0,HalfCheetah-v3,TD3_Q2a1x64_1p
350,5797.708413239082,1750000.0,HalfCheetah-v3,TD3_Q2a1x64_1p
351,5498.086010573693,1755000.0,HalfCheetah-v3,TD3_Q2a1x64_1p
352,5217.603441860268,1760000.0,HalfCheetah-v3,TD3_Q2a1x64_1p
353,4835.480092986678,1765000.0,HalfCheetah-v3,TD3_Q2a1x64_1p
354,4523.037812729866,1770000.0,HalfCheetah-v3,TD3_Q2a1x64_1p
355,5763.501104089066,1775000.0,HalfCheetah-v3,TD3_Q2a1x64_1p
356,5481.439728581309,1780000.0,HalfCheetah-v3,TD3_Q2a1x64_1p
357,5173.311258040349,1785000.0,HalfCheetah-v3,TD3_Q2a1x64_1p
358,4843.184926178147,1790000.0,HalfCheetah-v3,TD3_Q2a1x64_1p
359,4596.447561238769,1795000.0,HalfCheetah-v3,TD3_Q2a1x64_1p
360,5671.246946794639,1800000.0,HalfCheetah-v3,TD3_Q2a1x64_1p
361,5370.230409912316,1805000.0,HalfCheetah-v3,TD3_Q2a1x64_1p
362,5098.030559739711,1810000.0,HalfCheetah-v3,TD3_Q2a1x64_1p
363,4838.461250776603,1815000.0,HalfCheetah-v3,TD3_Q2a1x64_1p
364,4475.296166185921,1820000.0,HalfCheetah-v3,TD3_Q2a1x64_1p
365,5796.463736983116,1825000.0,HalfCheetah-v3,TD3_Q2a1x64_1p
366,5584.8057087630605,1830000.0,HalfCheetah-v3,TD3_Q2a1x64_1p
367,5273.381875881383,1835000.0,HalfCheetah-v3,TD3_Q2a1x64_1p
368,4852.18804438328,1840000.0,HalfCheetah-v3,TD3_Q2a1x64_1p
369,4631.831303162739,1845000.0,HalfCheetah-v3,TD3_Q2a1x64_1p
370,5771.350581313558,1850000.0,HalfCheetah-v3,TD3_Q2a1x64_1p
371,5535.197059444346,1855000.0,HalfCheetah-v3,TD3_Q2a1x64_1p
372,5221.241344287408,1860000.0,HalfCheetah-v3,TD3_Q2a1x64_1p
373,4879.907053548295,1865000.0,HalfCheetah-v3,TD3_Q2a1x64_1p
374,4572.244284204327,1870000.0,HalfCheetah-v3,TD3_Q2a1x64_1p
375,5624.132297281273,1875000.0,HalfCheetah-v3,TD3_Q2a1x64_1p
376,5395.849761998704,1880000.0,HalfCheetah-v3,TD3_Q2a1x64_1p
377,5121.351418845956,1885000.0,HalfCheetah-v3,TD3_Q2a1x64_1p
378,4899.40299679781,1890000.0,HalfCheetah-v3,TD3_Q2a1x64_1p
379,4576.124372040498,1895000.0,HalfCheetah-v3,TD3_Q2a1x64_1p
380,5918.046200016208,1900000.0,HalfCheetah-v3,TD3_Q2a1x64_1p
381,5599.213543812262,1905000.0,HalfCheetah-v3,TD3_Q2a1x64_1p
382,5284.945655449419,1910000.0,HalfCheetah-v3,TD3_Q2a1x64_1p
383,4906.743373019253,1915000.0,HalfCheetah-v3,TD3_Q2a1x64_1p
384,4604.0790495742785,1920000.0,HalfCheetah-v3,TD3_Q2a1x64_1p
385,5760.678041326455,1925000.0,HalfCheetah-v3,TD3_Q2a1x64_1p
386,5528.13607473716,1930000.0,HalfCheetah-v3,TD3_Q2a1x64_1p
387,5263.876449796784,1935000.0,HalfCheetah-v3,TD3_Q2a1x64_1p
388,4898.754675034357,1940000.0,HalfCheetah-v3,TD3_Q2a1x64_1p
389,4645.761943388652,1945000.0,HalfCheetah-v3,TD3_Q2a1x64_1p
390,5888.880542105885,1950000.0,HalfCheetah-v3,TD3_Q2a1x64_1p
391,5700.704773785474,1955000.0,HalfCheetah-v3,TD3_Q2a1x64_1p
392,5308.219743679112,1960000.0,HalfCheetah-v3,TD3_Q2a1x64_1p
393,4930.711398487939,1965000.0,HalfCheetah-v3,TD3_Q2a1x64_1p
394,4670.821071595456,1970000.0,HalfCheetah-v3,TD3_Q2a1x64_1p
395,5862.473666599774,1975000.0,HalfCheetah-v3,TD3_Q2a1x64_1p
396,5606.630810170119,1980000.0,HalfCheetah-v3,TD3_Q2a1x64_1p
397,5265.596750700774,1985000.0,HalfCheetah-v3,TD3_Q2a1x64_1p
398,4926.886392482885,1990000.0,HalfCheetah-v3,TD3_Q2a1x64_1p
399,4570.196002578748,1995000.0,HalfCheetah-v3,TD3_Q2a1x64_1p
400,5906.820257959966,2000000.0,HalfCheetah-v3,TD3_Q2a1x64_1p
401,5645.245114072122,2005000.0,HalfCheetah-v3,TD3_Q2a1x64_1p
402,5297.368842530066,2010000.0,HalfCheetah-v3,TD3_Q2a1x64_1p
403,4904.639479961252,2015000.0,HalfCheetah-v3,TD3_Q2a1x64_1p
404,4696.310546268971,2020000.0,HalfCheetah-v3,TD3_Q2a1x64_1p
405,5915.30359563136,2025000.0,HalfCheetah-v3,TD3_Q2a1x64_1p
406,5653.8026566508715,2030000.0,HalfCheetah-v3,TD3_Q2a1x64_1p
407,5285.497904530037,2035000.0,HalfCheetah-v3,TD3_Q2a1x64_1p
408,4920.037493567928,2040000.0,HalfCheetah-v3,TD3_Q2a1x64_1p
409,4603.260890563573,2045000.0,HalfCheetah-v3,TD3_Q2a1x64_1p
410,5966.18755640042,2050000.0,HalfCheetah-v3,TD3_Q2a1x64_1p
411,5668.422766982795,2055000.0,HalfCheetah-v3,TD3_Q2a1x64_1p
412,5326.135092401548,2060000.0,HalfCheetah-v3,TD3_Q2a1x64_1p
413,5025.407381504692,2065000.0,HalfCheetah-v3,TD3_Q2a1x64_1p
414,4696.326851927572,2070000.0,HalfCheetah-v3,TD3_Q2a1x64_1p
415,5965.775630019429,2075000.0,HalfCheetah-v3,TD3_Q2a1x64_1p
416,5678.15900509515,2080000.0,HalfCheetah-v3,TD3_Q2a1x64_1p
417,5373.856551219588,2085000.0,HalfCheetah-v3,TD3_Q2a1x64_1p
418,5029.938287491068,2090000.0,HalfCheetah-v3,TD3_Q2a1x64_1p
419,4768.951411807817,2095000.0,HalfCheetah-v3,TD3_Q2a1x64_1p
420,5955.119909271614,2100000.0,HalfCheetah-v3,TD3_Q2a1x64_1p
421,5669.059941939782,2105000.0,HalfCheetah-v3,TD3_Q2a1x64_1p
422,5331.712532385832,2110000.0,HalfCheetah-v3,TD3_Q2a1x64_1p
423,5032.279274749248,2115000.0,HalfCheetah-v3,TD3_Q2a1x64_1p
424,4718.476349454035,2120000.0,HalfCheetah-v3,TD3_Q2a1x64_1p
425,5602.483591143729,2125000.0,HalfCheetah-v3,TD3_Q2a1x64_1p
426,5605.148936867745,2130000.0,HalfCheetah-v3,TD3_Q2a1x64_1p
427,5290.459987999556,2135000.0,HalfCheetah-v3,TD3_Q2a1x64_1p
428,4969.920234773203,2140000.0,HalfCheetah-v3,TD3_Q2a1x64_1p
429,4585.061138692948,2145000.0,HalfCheetah-v3,TD3_Q2a1x64_1p
430,5915.923745556613,2150000.0,HalfCheetah-v3,TD3_Q2a1x64_1p
431,5719.5421362345405,2155000.0,HalfCheetah-v3,TD3_Q2a1x64_1p
432,5361.630177253623,2160000.0,HalfCheetah-v3,TD3_Q2a1x64_1p
433,4943.3259326325115,2165000.0,HalfCheetah-v3,TD3_Q2a1x64_1p
434,4711.416416143187,2170000.0,HalfCheetah-v3,TD3_Q2a1x64_1p
435,5945.115443143595,2175000.0,HalfCheetah-v3,TD3_Q2a1x64_1p
436,5683.454528096505,2180000.0,HalfCheetah-v3,TD3_Q2a1x64_1p
437,5359.457479316637,2185000.0,HalfCheetah-v3,TD3_Q2a1x64_1p
438,5039.382805932282,2190000.0,HalfCheetah-v3,TD3_Q2a1x64_1p
439,4759.98693290571,2195000.0,HalfCheetah-v3,TD3_Q2a1x64_1p
440,6009.233343693826,2200000.0,HalfCheetah-v3,TD3_Q2a1x64_1p
441,5672.944218087226,2205000.0,HalfCheetah-v3,TD3_Q2a1x64_1p
442,5376.906598563469,2210000.0,HalfCheetah-v3,TD3_Q2a1x64_1p
443,5092.775273060337,2215000.0,HalfCheetah-v3,TD3_Q2a1x64_1p
444,4728.882755864773,2220000.0,HalfCheetah-v3,TD3_Q2a1x64_1p
445,6033.872228219572,2225000.0,HalfCheetah-v3,TD3_Q2a1x64_1p
446,5739.99296478812,2230000.0,HalfCheetah-v3,TD3_Q2a1x64_1p
447,5454.4663988274315,2235000.0,HalfCheetah-v3,TD3_Q2a1x64_1p
448,5117.214949635937,2240000.0,HalfCheetah-v3,TD3_Q2a1x64_1p
449,4846.265621609973,2245000.0,HalfCheetah-v3,TD3_Q2a1x64_1p
450,5902.366139380481,2250000.0,HalfCheetah-v3,TD3_Q2a1x64_1p
451,5618.50474598168,2255000.0,HalfCheetah-v3,TD3_Q2a1x64_1p
452,5331.368458704428,2260000.0,HalfCheetah-v3,TD3_Q2a1x64_1p
453,4997.066766529091,2265000.0,HalfCheetah-v3,TD3_Q2a1x64_1p
454,4670.382100959315,2270000.0,HalfCheetah-v3,TD3_Q2a1x64_1p
455,6098.731649695243,2275000.0,HalfCheetah-v3,TD3_Q2a1x64_1p
456,5833.786636023539,2280000.0,HalfCheetah-v3,TD3_Q2a1x64_1p
457,5462.972628165691,2285000.0,HalfCheetah-v3,TD3_Q2a1x64_1p
458,5193.5051080335,2290000.0,HalfCheetah-v3,TD3_Q2a1x64_1p
459,4796.477620575442,2295000.0,HalfCheetah-v3,TD3_Q2a1x64_1p
460,5883.580526317126,2300000.0,HalfCheetah-v3,TD3_Q2a1x64_1p
461,5675.162506049184,2305000.0,HalfCheetah-v3,TD3_Q2a1x64_1p
462,5313.989626646824,2310000.0,HalfCheetah-v3,TD3_Q2a1x64_1p
463,4969.332193743108,2315000.0,HalfCheetah-v3,TD3_Q2a1x64_1p
464,4753.670972558258,2320000.0,HalfCheetah-v3,TD3_Q2a1x64_1p
465,6013.879050063977,2325000.0,HalfCheetah-v3,TD3_Q2a1x64_1p
466,5794.223362311217,2330000.0,HalfCheetah-v3,TD3_Q2a1x64_1p
467,5467.112877282627,2335000.0,HalfCheetah-v3,TD3_Q2a1x64_1p
468,5103.573056516429,2340000.0,HalfCheetah-v3,TD3_Q2a1x64_1p
469,4810.274776329306,2345000.0,HalfCheetah-v3,TD3_Q2a1x64_1p
470,5967.448311300034,2350000.0,HalfCheetah-v3,TD3_Q2a1x64_1p
471,5684.862216510534,2355000.0,HalfCheetah-v3,TD3_Q2a1x64_1p
472,5437.342297420764,2360000.0,HalfCheetah-v3,TD3_Q2a1x64_1p
473,5154.7394676122085,2365000.0,HalfCheetah-v3,TD3_Q2a1x64_1p
474,4830.589248830771,2370000.0,HalfCheetah-v3,TD3_Q2a1x64_1p
475,5988.572475069203,2375000.0,HalfCheetah-v3,TD3_Q2a1x64_1p
476,5691.620482040243,2380000.0,HalfCheetah-v3,TD3_Q2a1x64_1p
477,5319.818597062699,2385000.0,HalfCheetah-v3,TD3_Q2a1x64_1p
478,4944.55304567567,2390000.0,HalfCheetah-v3,TD3_Q2a1x64_1p
479,4633.169647449874,2395000.0,HalfCheetah-v3,TD3_Q2a1x64_1p
480,5943.769843057035,2400000.0,HalfCheetah-v3,TD3_Q2a1x64_1p
481,5759.147942780405,2405000.0,HalfCheetah-v3,TD3_Q2a1x64_1p
482,5419.595140186713,2410000.0,HalfCheetah-v3,TD3_Q2a1x64_1p
483,5111.8240589982215,2415000.0,HalfCheetah-v3,TD3_Q2a1x64_1p
484,4823.756564325129,2420000.0,HalfCheetah-v3,TD3_Q2a1x64_1p
485,6013.67382164057,2425000.0,HalfCheetah-v3,TD3_Q2a1x64_1p
486,5795.280295059281,2430000.0,HalfCheetah-v3,TD3_Q2a1x64_1p
487,5397.590067754258,2435000.0,HalfCheetah-v3,TD3_Q2a1x64_1p
488,5042.7659404733,2440000.0,HalfCheetah-v3,TD3_Q2a1x64_1p
489,4826.325577626629,2445000.0,HalfCheetah-v3,TD3_Q2a1x64_1p
490,6036.220530508357,2450000.0,HalfCheetah-v3,TD3_Q2a1x64_1p
491,5768.733096727499,2455000.0,HalfCheetah-v3,TD3_Q2a1x64_1p
492,5526.4149691881075,2460000.0,HalfCheetah-v3,TD3_Q2a1x64_1p
493,5131.007029959382,2465000.0,HalfCheetah-v3,TD3_Q2a1x64_1p
494,4888.262216893165,2470000.0,HalfCheetah-v3,TD3_Q2a1x64_1p
495,6171.823075116512,2475000.0,HalfCheetah-v3,TD3_Q2a1x64_1p
496,5853.542133359475,2480000.0,HalfCheetah-v3,TD3_Q2a1x64_1p
497,5534.878136605543,2485000.0,HalfCheetah-v3,TD3_Q2a1x64_1p
498,5161.334410722932,2490000.0,HalfCheetah-v3,TD3_Q2a1x64_1p
499,4845.880474163459,2495000.0,HalfCheetah-v3,TD3_Q2a1x64_1p
500,6112.405352008027,2500000.0,HalfCheetah-v3,TD3_Q2a1x64_1p
501,5888.596175049946,2505000.0,HalfCheetah-v3,TD3_Q2a1x64_1p
502,5562.86570519646,2510000.0,HalfCheetah-v3,TD3_Q2a1x64_1p
503,5181.7947844441305,2515000.0,HalfCheetah-v3,TD3_Q2a1x64_1p
504,4902.107884646795,2520000.0,HalfCheetah-v3,TD3_Q2a1x64_1p
505,6155.564164901898,2525000.0,HalfCheetah-v3,TD3_Q2a1x64_1p
506,5886.693424248879,2530000.0,HalfCheetah-v3,TD3_Q2a1x64_1p
507,5542.726484435111,2535000.0,HalfCheetah-v3,TD3_Q2a1x64_1p
508,5133.177796722043,2540000.0,HalfCheetah-v3,TD3_Q2a1x64_1p
509,4792.272640352775,2545000.0,HalfCheetah-v3,TD3_Q2a1x64_1p
510,6088.221560794478,2550000.0,HalfCheetah-v3,TD3_Q2a1x64_1p
511,5920.471282096718,2555000.0,HalfCheetah-v3,TD3_Q2a1x64_1p
512,5561.890680490867,2560000.0,HalfCheetah-v3,TD3_Q2a1x64_1p
513,5149.283860829892,2565000.0,HalfCheetah-v3,TD3_Q2a1x64_1p
514,4941.828445492386,2570000.0,HalfCheetah-v3,TD3_Q2a1x64_1p
515,6078.05453792661,2575000.0,HalfCheetah-v3,TD3_Q2a1x64_1p
516,5805.795340475638,2580000.0,HalfCheetah-v3,TD3_Q2a1x64_1p
517,5522.574032518166,2585000.0,HalfCheetah-v3,TD3_Q2a1x64_1p
518,5174.358399513474,2590000.0,HalfCheetah-v3,TD3_Q2a1x64_1p
519,4826.673361814876,2595000.0,HalfCheetah-v3,TD3_Q2a1x64_1p
520,6079.231893229762,2600000.0,HalfCheetah-v3,TD3_Q2a1x64_1p
521,5807.745197194996,2605000.0,HalfCheetah-v3,TD3_Q2a1x64_1p
522,5444.610927165407,2610000.0,HalfCheetah-v3,TD3_Q2a1x64_1p
523,5192.7905182414515,2615000.0,HalfCheetah-v3,TD3_Q2a1x64_1p
524,4885.847129895423,2620000.0,HalfCheetah-v3,TD3_Q2a1x64_1p
525,6152.291847121753,2625000.0,HalfCheetah-v3,TD3_Q2a1x64_1p
526,5950.430621061217,2630000.0,HalfCheetah-v3,TD3_Q2a1x64_1p
527,5575.10407528677,2635000.0,HalfCheetah-v3,TD3_Q2a1x64_1p
528,5259.951302948387,2640000.0,HalfCheetah-v3,TD3_Q2a1x64_1p
529,4949.705328378567,2645000.0,HalfCheetah-v3,TD3_Q2a1x64_1p
530,6205.171794154395,2650000.0,HalfCheetah-v3,TD3_Q2a1x64_1p
531,5963.062288736147,2655000.0,HalfCheetah-v3,TD3_Q2a1x64_1p
532,5643.683209422297,2660000.0,HalfCheetah-v3,TD3_Q2a1x64_1p
533,5177.786639776898,2665000.0,HalfCheetah-v3,TD3_Q2a1x64_1p
534,4874.096133756088,2670000.0,HalfCheetah-v3,TD3_Q2a1x64_1p
535,6279.885385524738,2675000.0,HalfCheetah-v3,TD3_Q2a1x64_1p
536,6026.300698674121,2680000.0,HalfCheetah-v3,TD3_Q2a1x64_1p
537,5663.325915096775,2685000.0,HalfCheetah-v3,TD3_Q2a1x64_1p
538,5277.837053071663,2690000.0,HalfCheetah-v3,TD3_Q2a1x64_1p
539,4953.781519231145,2695000.0,HalfCheetah-v3,TD3_Q2a1x64_1p
540,6259.23638661898,2700000.0,HalfCheetah-v3,TD3_Q2a1x64_1p
541,5974.189480761116,2705000.0,HalfCheetah-v3,TD3_Q2a1x64_1p
542,5654.442338463048,2710000.0,HalfCheetah-v3,TD3_Q2a1x64_1p
543,5271.533772699226,2715000.0,HalfCheetah-v3,TD3_Q2a1x64_1p
544,4976.554236299324,2720000.0,HalfCheetah-v3,TD3_Q2a1x64_1p
545,6317.92735047443,2725000.0,HalfCheetah-v3,TD3_Q2a1x64_1p
546,6054.1834396669055,2730000.0,HalfCheetah-v3,TD3_Q2a1x64_1p
547,5717.5957004750435,2735000.0,HalfCheetah-v3,TD3_Q2a1x64_1p
548,5285.142788688192,2740000.0,HalfCheetah-v3,TD3_Q2a1x64_1p
549,4973.878996953901,2745000.0,HalfCheetah-v3,TD3_Q2a1x64_1p
550,6082.168734827295,2750000.0,HalfCheetah-v3,TD3_Q2a1x64_1p
551,5863.969767047457,2755000.0,HalfCheetah-v3,TD3_Q2a1x64_1p
552,5568.410902841999,2760000.0,HalfCheetah-v3,TD3_Q2a1x64_1p
553,5255.937081683411,2765000.0,HalfCheetah-v3,TD3_Q2a1x64_1p
554,4810.050510520643,2770000.0,HalfCheetah-v3,TD3_Q2a1x64_1p
555,6172.05123979228,2775000.0,HalfCheetah-v3,TD3_Q2a1x64_1p
556,5919.272433726873,2780000.0,HalfCheetah-v3,TD3_Q2a1x64_1p
557,5616.127386218984,2785000.0,HalfCheetah-v3,TD3_Q2a1x64_1p
558,5316.846500427975,2790000.0,HalfCheetah-v3,TD3_Q2a1x64_1p
559,4939.450223174428,2795000.0,HalfCheetah-v3,TD3_Q2a1x64_1p
560,6317.299159102627,2800000.0,HalfCheetah-v3,TD3_Q2a1x64_1p
561,6030.76227219001,2805000.0,HalfCheetah-v3,TD3_Q2a1x64_1p
562,5716.241666319541,2810000.0,HalfCheetah-v3,TD3_Q2a1x64_1p
563,5339.0332720893,2815000.0,HalfCheetah-v3,TD3_Q2a1x64_1p
564,5038.07358924204,2820000.0,HalfCheetah-v3,TD3_Q2a1x64_1p
565,6329.6614961126315,2825000.0,HalfCheetah-v3,TD3_Q2a1x64_1p
566,5998.790087603937,2830000.0,HalfCheetah-v3,TD3_Q2a1x64_1p
567,5753.968245315105,2835000.0,HalfCheetah-v3,TD3_Q2a1x64_1p
568,5336.354246857371,2840000.0,HalfCheetah-v3,TD3_Q2a1x64_1p
569,5040.834812919725,2845000.0,HalfCheetah-v3,TD3_Q2a1x64_1p
570,6324.917597445607,2850000.0,HalfCheetah-v3,TD3_Q2a1x64_1p
571,6066.812593254479,2855000.0,HalfCheetah-v3,TD3_Q2a1x64_1p
572,5717.841518320663,2860000.0,HalfCheetah-v3,TD3_Q2a1x64_1p
573,5416.7286909093145,2865000.0,HalfCheetah-v3,TD3_Q2a1x64_1p
574,5078.654077375121,2870000.0,HalfCheetah-v3,TD3_Q2a1x64_1p
575,6261.892878398206,2875000.0,HalfCheetah-v3,TD3_Q2a1x64_1p
576,6078.6630057322,2880000.0,HalfCheetah-v3,TD3_Q2a1x64_1p
577,5679.686017683267,2885000.0,HalfCheetah-v3,TD3_Q2a1x64_1p
578,5374.927859843553,2890000.0,HalfCheetah-v3,TD3_Q2a1x64_1p
579,4982.874745501531,2895000.0,HalfCheetah-v3,TD3_Q2a1x64_1p
580,6411.338292650061,2900000.0,HalfCheetah-v3,TD3_Q2a1x64_1p
581,6144.6596407589395,2905000.0,HalfCheetah-v3,TD3_Q2a1x64_1p
582,5766.011384929139,2910000.0,HalfCheetah-v3,TD3_Q2a1x64_1p
583,5343.6266925896025,2915000.0,HalfCheetah-v3,TD3_Q2a1x64_1p
584,5020.620828712936,2920000.0,HalfCheetah-v3,TD3_Q2a1x64_1p
585,6420.141633381677,2925000.0,HalfCheetah-v3,TD3_Q2a1x64_1p
586,6107.053873776703,2930000.0,HalfCheetah-v3,TD3_Q2a1x64_1p
587,5777.2551206889875,2935000.0,HalfCheetah-v3,TD3_Q2a1x64_1p
588,5355.992743666489,2940000.0,HalfCheetah-v3,TD3_Q2a1x64_1p
589,5073.183910009358,2945000.0,HalfCheetah-v3,TD3_Q2a1x64_1p
590,6272.178444841857,2950000.0,HalfCheetah-v3,TD3_Q2a1x64_1p
591,6030.391269585582,2955000.0,HalfCheetah-v3,TD3_Q2a1x64_1p
592,5696.923885031915,2960000.0,HalfCheetah-v3,TD3_Q2a1x64_1p
593,5413.30782739942,2965000.0,HalfCheetah-v3,TD3_Q2a1x64_1p
594,5067.069216002684,2970000.0,HalfCheetah-v3,TD3_Q2a1x64_1p
595,6408.33911085264,2975000.0,HalfCheetah-v3,TD3_Q2a1x64_1p
596,6103.341647630696,2980000.0,HalfCheetah-v3,TD3_Q2a1x64_1p
597,5783.035234794208,2985000.0,HalfCheetah-v3,TD3_Q2a1x64_1p
598,5472.085049373412,2990000.0,HalfCheetah-v3,TD3_Q2a1x64_1p
599,5123.743811705358,2995000.0,HalfCheetah-v3,TD3_Q2a1x64_1p
600,6337.425426858468,3000000.0,HalfCheetah-v3,TD3_Q2a1x64_1p
601,6069.248078370539,3005000.0,HalfCheetah-v3,TD3_Q2a1x64_1p
602,5695.285969131525,3010000.0,HalfCheetah-v3,TD3_Q2a1x64_1p
603,5396.597979372886,3015000.0,HalfCheetah-v3,TD3_Q2a1x64_1p
604,5077.535092407763,3020000.0,HalfCheetah-v3,TD3_Q2a1x64_1p
605,6352.476048148821,3025000.0,HalfCheetah-v3,TD3_Q2a1x64_1p
606,6119.037422892006,3030000.0,HalfCheetah-v3,TD3_Q2a1x64_1p
607,5702.722427437187,3035000.0,HalfCheetah-v3,TD3_Q2a1x64_1p
608,5397.528172625246,3040000.0,HalfCheetah-v3,TD3_Q2a1x64_1p
609,5097.615620995325,3045000.0,HalfCheetah-v3,TD3_Q2a1x64_1p
610,6462.714975171222,3050000.0,HalfCheetah-v3,TD3_Q2a1x64_1p
611,6220.548900423537,3055000.0,HalfCheetah-v3,TD3_Q2a1x64_1p
612,5830.521418211925,3060000.0,HalfCheetah-v3,TD3_Q2a1x64_1p
613,5478.693731686386,3065000.0,HalfCheetah-v3,TD3_Q2a1x64_1p
614,5140.083858462528,3070000.0,HalfCheetah-v3,TD3_Q2a1x64_1p
615,6359.944845410839,3075000.0,HalfCheetah-v3,TD3_Q2a1x64_1p
616,6123.2677047347715,3080000.0,HalfCheetah-v3,TD3_Q2a1x64_1p
617,5806.106010944708,3085000.0,HalfCheetah-v3,TD3_Q2a1x64_1p
618,5460.098542353619,3090000.0,HalfCheetah-v3,TD3_Q2a1x64_1p
619,5101.536743740585,3095000.0,HalfCheetah-v3,TD3_Q2a1x64_1p
620,6343.25548170621,3100000.0,HalfCheetah-v3,TD3_Q2a1x64_1p
621,6052.844448399819,3105000.0,HalfCheetah-v3,TD3_Q2a1x64_1p
622,5677.700500748303,3110000.0,HalfCheetah-v3,TD3_Q2a1x64_1p
623,5285.735712617762,3115000.0,HalfCheetah-v3,TD3_Q2a1x64_1p
624,4954.850803082387,3120000.0,HalfCheetah-v3,TD3_Q2a1x64_1p
625,6401.8377594104,3125000.0,HalfCheetah-v3,TD3_Q2a1x64_1p
626,6153.834210616946,3130000.0,HalfCheetah-v3,TD3_Q2a1x64_1p
627,5834.183100058839,3135000.0,HalfCheetah-v3,TD3_Q2a1x64_1p
628,5477.800173754871,3140000.0,HalfCheetah-v3,TD3_Q2a1x64_1p
629,5138.114058489195,3145000.0,HalfCheetah-v3,TD3_Q2a1x64_1p
630,6463.022649911598,3150000.0,HalfCheetah-v3,TD3_Q2a1x64_1p
631,6196.01751595166,3155000.0,HalfCheetah-v3,TD3_Q2a1x64_1p
632,5869.1906987799675,3160000.0,HalfCheetah-v3,TD3_Q2a1x64_1p
633,5460.029021130838,3165000.0,HalfCheetah-v3,TD3_Q2a1x64_1p
634,5065.498362051485,3170000.0,HalfCheetah-v3,TD3_Q2a1x64_1p
635,6305.8504938083815,3175000.0,HalfCheetah-v3,TD3_Q2a1x64_1p
636,6078.133863303197,3180000.0,HalfCheetah-v3,TD3_Q2a1x64_1p
637,5756.017296318993,3185000.0,HalfCheetah-v3,TD3_Q2a1x64_1p
638,5409.8758219240935,3190000.0,HalfCheetah-v3,TD3_Q2a1x64_1p
639,5003.800750200606,3195000.0,HalfCheetah-v3,TD3_Q2a1x64_1p
640,6434.921383278912,3200000.0,HalfCheetah-v3,TD3_Q2a1x64_1p
641,6095.22357779124,3205000.0,HalfCheetah-v3,TD3_Q2a1x64_1p
642,5771.90590571076,3210000.0,HalfCheetah-v3,TD3_Q2a1x64_1p
643,5393.009618756094,3215000.0,HalfCheetah-v3,TD3_Q2a1x64_1p
644,5059.654951060685,3220000.0,HalfCheetah-v3,TD3_Q2a1x64_1p
645,6352.538030900967,3225000.0,HalfCheetah-v3,TD3_Q2a1x64_1p
646,6080.125313847584,3230000.0,HalfCheetah-v3,TD3_Q2a1x64_1p
647,5753.392914611015,3235000.0,HalfCheetah-v3,TD3_Q2a1x64_1p
648,5393.40357689441,3240000.0,HalfCheetah-v3,TD3_Q2a1x64_1p
649,5075.983873057142,3245000.0,HalfCheetah-v3,TD3_Q2a1x64_1p
650,6470.48341434735,3250000.0,HalfCheetah-v3,TD3_Q2a1x64_1p
651,6192.069982395559,3255000.0,HalfCheetah-v3,TD3_Q2a1x64_1p
652,5907.778988635857,3260000.0,HalfCheetah-v3,TD3_Q2a1x64_1p
653,5493.161372585178,3265000.0,HalfCheetah-v3,TD3_Q2a1x64_1p
654,5131.748859669778,3270000.0,HalfCheetah-v3,TD3_Q2a1x64_1p
655,6453.546351210494,3275000.0,HalfCheetah-v3,TD3_Q2a1x64_1p
656,6197.79983811697,3280000.0,HalfCheetah-v3,TD3_Q2a1x64_1p
657,5840.240301500477,3285000.0,HalfCheetah-v3,TD3_Q2a1x64_1p
658,5480.370928731368,3290000.0,HalfCheetah-v3,TD3_Q2a1x64_1p
659,5068.907344610651,3295000.0,HalfCheetah-v3,TD3_Q2a1x64_1p
660,6497.7105008067065,3300000.0,HalfCheetah-v3,TD3_Q2a1x64_1p
661,6231.795982268532,3305000.0,HalfCheetah-v3,TD3_Q2a1x64_1p
662,5858.6882799434225,3310000.0,HalfCheetah-v3,TD3_Q2a1x64_1p
663,5518.322324631853,3315000.0,HalfCheetah-v3,TD3_Q2a1x64_1p
664,5192.39714656795,3320000.0,HalfCheetah-v3,TD3_Q2a1x64_1p
665,6471.484968785956,3325000.0,HalfCheetah-v3,TD3_Q2a1x64_1p
666,6217.0256418121735,3330000.0,HalfCheetah-v3,TD3_Q2a1x64_1p
667,5898.1375552990075,3335000.0,HalfCheetah-v3,TD3_Q2a1x64_1p
668,5528.763096679579,3340000.0,HalfCheetah-v3,TD3_Q2a1x64_1p
669,5205.7473235738125,3345000.0,HalfCheetah-v3,TD3_Q2a1x64_1p
670,6406.90717637073,3350000.0,HalfCheetah-v3,TD3_Q2a1x64_1p
671,6192.401900954187,3355000.0,HalfCheetah-v3,TD3_Q2a1x64_1p
672,5908.504046105047,3360000.0,HalfCheetah-v3,TD3_Q2a1x64_1p
673,5531.566133121656,3365000.0,HalfCheetah-v3,TD3_Q2a1x64_1p
674,5133.6360474447465,3370000.0,HalfCheetah-v3,TD3_Q2a1x64_1p
675,6387.104764736051,3375000.0,HalfCheetah-v3,TD3_Q2a1x64_1p
676,6104.5249068582,3380000.0,HalfCheetah-v3,TD3_Q2a1x64_1p
677,5817.544718177165,3385000.0,HalfCheetah-v3,TD3_Q2a1x64_1p
678,5493.898664785569,3390000.0,HalfCheetah-v3,TD3_Q2a1x64_1p
679,5130.730294026481,3395000.0,HalfCheetah-v3,TD3_Q2a1x64_1p
680,6445.00943294267,3400000.0,HalfCheetah-v3,TD3_Q2a1x64_1p
681,6221.74585952433,3405000.0,HalfCheetah-v3,TD3_Q2a1x64_1p
682,5894.9415809987995,3410000.0,HalfCheetah-v3,TD3_Q2a1x64_1p
683,5539.556403186156,3415000.0,HalfCheetah-v3,TD3_Q2a1x64_1p
684,5126.706311388318,3420000.0,HalfCheetah-v3,TD3_Q2a1x64_1p
685,6504.580426707429,3425000.0,HalfCheetah-v3,TD3_Q2a1x64_1p
686,6203.854857017508,3430000.0,HalfCheetah-v3,TD3_Q2a1x64_1p
687,5945.240103874296,3435000.0,HalfCheetah-v3,TD3_Q2a1x64_1p
688,5500.274477637961,3440000.0,HalfCheetah-v3,TD3_Q2a1x64_1p
689,5231.53172372697,3445000.0,HalfCheetah-v3,TD3_Q2a1x64_1p
690,6513.2742726063525,3450000.0,HalfCheetah-v3,TD3_Q2a1x64_1p
691,6298.954842481887,3455000.0,HalfCheetah-v3,TD3_Q2a1x64_1p
692,5907.983390182199,3460000.0,HalfCheetah-v3,TD3_Q2a1x64_1p
693,5505.683744621392,3465000.0,HalfCheetah-v3,TD3_Q2a1x64_1p
694,5189.818440242436,3470000.0,HalfCheetah-v3,TD3_Q2a1x64_1p
695,6430.5251141249755,3475000.0,HalfCheetah-v3,TD3_Q2a1x64_1p
696,6165.076410664866,3480000.0,HalfCheetah-v3,TD3_Q2a1x64_1p
697,5875.256180286181,3485000.0,HalfCheetah-v3,TD3_Q2a1x64_1p
698,5568.003925723767,3490000.0,HalfCheetah-v3,TD3_Q2a1x64_1p
699,5211.01344578894,3495000.0,HalfCheetah-v3,TD3_Q2a1x64_1p
700,6514.895673306784,3500000.0,HalfCheetah-v3,TD3_Q2a1x64_1p
701,6224.975334766249,3505000.0,HalfCheetah-v3,TD3_Q2a1x64_1p
702,5912.304396702373,3510000.0,HalfCheetah-v3,TD3_Q2a1x64_1p
703,5553.990271892088,3515000.0,HalfCheetah-v3,TD3_Q2a1x64_1p
704,5157.593567884109,3520000.0,HalfCheetah-v3,TD3_Q2a1x64_1p
705,6513.2632861049115,3525000.0,HalfCheetah-v3,TD3_Q2a1x64_1p
706,6297.9922976000535,3530000.0,HalfCheetah-v3,TD3_Q2a1x64_1p
707,5915.702472956084,3535000.0,HalfCheetah-v3,TD3_Q2a1x64_1p
708,5588.959446718366,3540000.0,HalfCheetah-v3,TD3_Q2a1x64_1p
709,5234.228096889778,3545000.0,HalfCheetah-v3,TD3_Q2a1x64_1p
710,6467.880574379746,3550000.0,HalfCheetah-v3,TD3_Q2a1x64_1p
711,6221.610456634431,3555000.0,HalfCheetah-v3,TD3_Q2a1x64_1p
712,5876.790003172178,3560000.0,HalfCheetah-v3,TD3_Q2a1x64_1p
713,5574.982475616263,3565000.0,HalfCheetah-v3,TD3_Q2a1x64_1p
714,5167.0997495931,3570000.0,HalfCheetah-v3,TD3_Q2a1x64_1p
715,6565.540778222271,3575000.0,HalfCheetah-v3,TD3_Q2a1x64_1p
716,6288.314414756091,3580000.0,HalfCheetah-v3,TD3_Q2a1x64_1p
717,5918.027349166125,3585000.0,HalfCheetah-v3,TD3_Q2a1x64_1p
718,5545.409899907047,3590000.0,HalfCheetah-v3,TD3_Q2a1x64_1p
719,5175.557836089762,3595000.0,HalfCheetah-v3,TD3_Q2a1x64_1p
720,6471.668229945251,3600000.0,HalfCheetah-v3,TD3_Q2a1x64_1p
721,6266.05994466186,3605000.0,HalfCheetah-v3,TD3_Q2a1x64_1p
722,5906.247827341926,3610000.0,HalfCheetah-v3,TD3_Q2a1x64_1p
723,5525.79578619836,3615000.0,HalfCheetah-v3,TD3_Q2a1x64_1p
724,5102.387629309348,3620000.0,HalfCheetah-v3,TD3_Q2a1x64_1p
725,6618.021625149944,3625000.0,HalfCheetah-v3,TD3_Q2a1x64_1p
726,6283.266682011566,3630000.0,HalfCheetah-v3,TD3_Q2a1x64_1p
727,5910.611293088441,3635000.0,HalfCheetah-v3,TD3_Q2a1x64_1p
728,5524.393317192522,3640000.0,HalfCheetah-v3,TD3_Q2a1x64_1p
729,5214.700579145376,3645000.0,HalfCheetah-v3,TD3_Q2a1x64_1p
730,6492.434111446453,3650000.0,HalfCheetah-v3,TD3_Q2a1x64_1p
731,6214.116536022687,3655000.0,HalfCheetah-v3,TD3_Q2a1x64_1p
732,5888.088064374044,3660000.0,HalfCheetah-v3,TD3_Q2a1x64_1p
733,5536.682021740132,3665000.0,HalfCheetah-v3,TD3_Q2a1x64_1p
734,5181.742888985363,3670000.0,HalfCheetah-v3,TD3_Q2a1x64_1p
735,6397.849792914965,3675000.0,HalfCheetah-v3,TD3_Q2a1x64_1p
736,6255.017994336927,3680000.0,HalfCheetah-v3,TD3_Q2a1x64_1p
737,5926.234298314866,3685000.0,HalfCheetah-v3,TD3_Q2a1x64_1p
738,5548.557574771683,3690000.0,HalfCheetah-v3,TD3_Q2a1x64_1p
739,5201.376132213728,3695000.0,HalfCheetah-v3,TD3_Q2a1x64_1p
740,6552.637805525787,3700000.0,HalfCheetah-v3,TD3_Q2a1x64_1p
741,6352.190042418747,3705000.0,HalfCheetah-v3,TD3_Q2a1x64_1p
742,6039.147303252285,3710000.0,HalfCheetah-v3,TD3_Q2a1x64_1p
743,5601.44582294471,3715000.0,HalfCheetah-v3,TD3_Q2a1x64_1p
744,5280.9380177997655,3720000.0,HalfCheetah-v3,TD3_Q2a1x64_1p
745,6458.225280647942,3725000.0,HalfCheetah-v3,TD3_Q2a1x64_1p
746,6235.926882569146,3730000.0,HalfCheetah-v3,TD3_Q2a1x64_1p
747,5973.849590213227,3735000.0,HalfCheetah-v3,TD3_Q2a1x64_1p
748,5593.670756861697,3740000.0,HalfCheetah-v3,TD3_Q2a1x64_1p
749,5241.622837690842,3745000.0,HalfCheetah-v3,TD3_Q2a1x64_1p
750,6566.587905279889,3750000.0,HalfCheetah-v3,TD3_Q2a1x64_1p
751,6267.425200304346,3755000.0,HalfCheetah-v3,TD3_Q2a1x64_1p
752,5927.597388972965,3760000.0,HalfCheetah-v3,TD3_Q2a1x64_1p
753,5549.604599535122,3765000.0,HalfCheetah-v3,TD3_Q2a1x64_1p
754,5288.611727591006,3770000.0,HalfCheetah-v3,TD3_Q2a1x64_1p
755,6706.595608098937,3775000.0,HalfCheetah-v3,TD3_Q2a1x64_1p
756,6360.047435430294,3780000.0,HalfCheetah-v3,TD3_Q2a1x64_1p
757,6059.222515307598,3785000.0,HalfCheetah-v3,TD3_Q2a1x64_1p
758,5671.761471680765,3790000.0,HalfCheetah-v3,TD3_Q2a1x64_1p
759,5354.1076049901185,3795000.0,HalfCheetah-v3,TD3_Q2a1x64_1p
760,6506.3277597132255,3800000.0,HalfCheetah-v3,TD3_Q2a1x64_1p
761,6288.036443947733,3805000.0,HalfCheetah-v3,TD3_Q2a1x64_1p
762,5989.7570042075295,3810000.0,HalfCheetah-v3,TD3_Q2a1x64_1p
763,5606.462690417413,3815000.0,HalfCheetah-v3,TD3_Q2a1x64_1p
764,5234.4546810667725,3820000.0,HalfCheetah-v3,TD3_Q2a1x64_1p
765,6493.604300606753,3825000.0,HalfCheetah-v3,TD3_Q2a1x64_1p
766,6236.72568154914,3830000.0,HalfCheetah-v3,TD3_Q2a1x64_1p
767,5922.784649321899,3835000.0,HalfCheetah-v3,TD3_Q2a1x64_1p
768,5530.807387913651,3840000.0,HalfCheetah-v3,TD3_Q2a1x64_1p
769,5230.863295300523,3845000.0,HalfCheetah-v3,TD3_Q2a1x64_1p
770,6456.555010752099,3850000.0,HalfCheetah-v3,TD3_Q2a1x64_1p
771,6193.520529600377,3855000.0,HalfCheetah-v3,TD3_Q2a1x64_1p
772,5862.881495804159,3860000.0,HalfCheetah-v3,TD3_Q2a1x64_1p
773,5603.9301368111865,3865000.0,HalfCheetah-v3,TD3_Q2a1x64_1p
774,5200.91848633568,3870000.0,HalfCheetah-v3,TD3_Q2a1x64_1p
775,6559.834153359123,3875000.0,HalfCheetah-v3,TD3_Q2a1x64_1p
776,6337.407233610762,3880000.0,HalfCheetah-v3,TD3_Q2a1x64_1p
777,6010.652106303922,3885000.0,HalfCheetah-v3,TD3_Q2a1x64_1p
778,5702.007437926889,3890000.0,HalfCheetah-v3,TD3_Q2a1x64_1p
779,5251.297025954464,3895000.0,HalfCheetah-v3,TD3_Q2a1x64_1p
780,6472.385355552209,3900000.0,HalfCheetah-v3,TD3_Q2a1x64_1p
781,6313.654470707706,3905000.0,HalfCheetah-v3,TD3_Q2a1x64_1p
782,5985.892449784176,3910000.0,HalfCheetah-v3,TD3_Q2a1x64_1p
783,5640.110552987537,3915000.0,HalfCheetah-v3,TD3_Q2a1x64_1p
784,5310.574371242699,3920000.0,HalfCheetah-v3,TD3_Q2a1x64_1p
785,6664.894676499185,3925000.0,HalfCheetah-v3,TD3_Q2a1x64_1p
786,6427.078606385013,3930000.0,HalfCheetah-v3,TD3_Q2a1x64_1p
787,6066.123665937323,3935000.0,HalfCheetah-v3,TD3_Q2a1x64_1p
788,5702.974034728737,3940000.0,HalfCheetah-v3,TD3_Q2a1x64_1p
789,5301.864968710304,3945000.0,HalfCheetah-v3,TD3_Q2a1x64_1p
790,6605.490209872866,3950000.0,HalfCheetah-v3,TD3_Q2a1x64_1p
791,6314.64317929595,3955000.0,HalfCheetah-v3,TD3_Q2a1x64_1p
792,6067.139687119524,3960000.0,HalfCheetah-v3,TD3_Q2a1x64_1p
793,5629.612137121991,3965000.0,HalfCheetah-v3,TD3_Q2a1x64_1p
794,5243.872638580071,3970000.0,HalfCheetah-v3,TD3_Q2a1x64_1p
795,6500.809003878412,3975000.0,HalfCheetah-v3,TD3_Q2a1x64_1p
796,6249.760058713905,3980000.0,HalfCheetah-v3,TD3_Q2a1x64_1p
797,5990.435520088247,3985000.0,HalfCheetah-v3,TD3_Q2a1x64_1p
798,5617.143241070375,3990000.0,HalfCheetah-v3,TD3_Q2a1x64_1p
799,5231.801812168478,3995000.0,HalfCheetah-v3,TD3_Q2a1x64_1p
800,6586.644924672774,4000000.0,HalfCheetah-v3,TD3_Q2a1x64_1p
801,6349.1426316214865,4005000.0,HalfCheetah-v3,TD3_Q2a1x64_1p
802,6026.580960711159,4010000.0,HalfCheetah-v3,TD3_Q2a1x64_1p
803,5647.885758769623,4015000.0,HalfCheetah-v3,TD3_Q2a1x64_1p
804,5307.463432234597,4020000.0,HalfCheetah-v3,TD3_Q2a1x64_1p
805,6653.123117921226,4025000.0,HalfCheetah-v3,TD3_Q2a1x64_1p
806,6381.7665961169805,4030000.0,HalfCheetah-v3,TD3_Q2a1x64_1p
807,6068.012227196459,4035000.0,HalfCheetah-v3,TD3_Q2a1x64_1p
808,5688.924378080885,4040000.0,HalfCheetah-v3,TD3_Q2a1x64_1p
809,5369.389855066437,4045000.0,HalfCheetah-v3,TD3_Q2a1x64_1p
810,6616.2269811481765,4050000.0,HalfCheetah-v3,TD3_Q2a1x64_1p
811,6379.6909932615545,4055000.0,HalfCheetah-v3,TD3_Q2a1x64_1p
812,6069.6165523116315,4060000.0,HalfCheetah-v3,TD3_Q2a1x64_1p
813,5654.941527620953,4065000.0,HalfCheetah-v3,TD3_Q2a1x64_1p
814,5330.159043270799,4070000.0,HalfCheetah-v3,TD3_Q2a1x64_1p
815,6682.921104508578,4075000.0,HalfCheetah-v3,TD3_Q2a1x64_1p
816,6383.060077576887,4080000.0,HalfCheetah-v3,TD3_Q2a1x64_1p
817,6102.890153275635,4085000.0,HalfCheetah-v3,TD3_Q2a1x64_1p
818,5653.929947081026,4090000.0,HalfCheetah-v3,TD3_Q2a1x64_1p
819,5298.099860541412,4095000.0,HalfCheetah-v3,TD3_Q2a1x64_1p
820,6575.119459787745,4100000.0,HalfCheetah-v3,TD3_Q2a1x64_1p
821,6310.767010974323,4105000.0,HalfCheetah-v3,TD3_Q2a1x64_1p
822,5995.734463315891,4110000.0,HalfCheetah-v3,TD3_Q2a1x64_1p
823,5596.950719605238,4115000.0,HalfCheetah-v3,TD3_Q2a1x64_1p
824,5205.522984116801,4120000.0,HalfCheetah-v3,TD3_Q2a1x64_1p
825,6573.275115848301,4125000.0,HalfCheetah-v3,TD3_Q2a1x64_1p
826,6315.95539591893,4130000.0,HalfCheetah-v3,TD3_Q2a1x64_1p
827,6017.60712217667,4135000.0,HalfCheetah-v3,TD3_Q2a1x64_1p
828,5693.1721299291185,4140000.0,HalfCheetah-v3,TD3_Q2a1x64_1p
829,5290.074623429852,4145000.0,HalfCheetah-v3,TD3_Q2a1x64_1p
830,6624.712524097854,4150000.0,HalfCheetah-v3,TD3_Q2a1x64_1p
831,6355.790292270573,4155000.0,HalfCheetah-v3,TD3_Q2a1x64_1p
832,6034.649299824137,4160000.0,HalfCheetah-v3,TD3_Q2a1x64_1p
833,5711.367996309428,4165000.0,HalfCheetah-v3,TD3_Q2a1x64_1p
834,5294.4262168123205,4170000.0,HalfCheetah-v3,TD3_Q2a1x64_1p
835,6743.221623569191,4175000.0,HalfCheetah-v3,TD3_Q2a1x64_1p
836,6486.036813895186,4180000.0,HalfCheetah-v3,TD3_Q2a1x64_1p
837,6081.672527009243,4185000.0,HalfCheetah-v3,TD3_Q2a1x64_1p
838,5712.66544251847,4190000.0,HalfCheetah-v3,TD3_Q2a1x64_1p
839,5384.737911410298,4195000.0,HalfCheetah-v3,TD3_Q2a1x64_1p
840,6627.136781872568,4200000.0,HalfCheetah-v3,TD3_Q2a1x64_1p
841,6366.687063734002,4205000.0,HalfCheetah-v3,TD3_Q2a1x64_1p
842,6067.534441005889,4210000.0,HalfCheetah-v3,TD3_Q2a1x64_1p
843,5698.663654424655,4215000.0,HalfCheetah-v3,TD3_Q2a1x64_1p
844,5352.467850395844,4220000.0,HalfCheetah-v3,TD3_Q2a1x64_1p
845,6564.899259544666,4225000.0,HalfCheetah-v3,TD3_Q2a1x64_1p
846,6362.683891479863,4230000.0,HalfCheetah-v3,TD3_Q2a1x64_1p
847,5999.497868967827,4235000.0,HalfCheetah-v3,TD3_Q2a1x64_1p
848,5676.255061761395,4240000.0,HalfCheetah-v3,TD3_Q2a1x64_1p
849,5265.229638942188,4245000.0,HalfCheetah-v3,TD3_Q2a1x64_1p
850,6745.411143788986,4250000.0,HalfCheetah-v3,TD3_Q2a1x64_1p
851,6390.30173188428,4255000.0,HalfCheetah-v3,TD3_Q2a1x64_1p
852,6027.941041231243,4260000.0,HalfCheetah-v3,TD3_Q2a1x64_1p
853,5634.237046279641,4265000.0,HalfCheetah-v3,TD3_Q2a1x64_1p
854,5261.370494713671,4270000.0,HalfCheetah-v3,TD3_Q2a1x64_1p
855,6417.071558273468,4275000.0,HalfCheetah-v3,TD3_Q2a1x64_1p
856,6262.67644992006,4280000.0,HalfCheetah-v3,TD3_Q2a1x64_1p
857,5930.734049796239,4285000.0,HalfCheetah-v3,TD3_Q2a1x64_1p
858,5631.958794076076,4290000.0,HalfCheetah-v3,TD3_Q2a1x64_1p
859,5232.56183724236,4295000.0,HalfCheetah-v3,TD3_Q2a1x64_1p
860,6576.224882485978,4300000.0,HalfCheetah-v3,TD3_Q2a1x64_1p
861,6329.7713492779385,4305000.0,HalfCheetah-v3,TD3_Q2a1x64_1p
862,6051.602590468302,4310000.0,HalfCheetah-v3,TD3_Q2a1x64_1p
863,5733.801866799826,4315000.0,HalfCheetah-v3,TD3_Q2a1x64_1p
864,5359.298060581774,4320000.0,HalfCheetah-v3,TD3_Q2a1x64_1p
865,6711.438740378691,4325000.0,HalfCheetah-v3,TD3_Q2a1x64_1p
866,6435.873697513181,4330000.0,HalfCheetah-v3,TD3_Q2a1x64_1p
867,6172.10070176312,4335000.0,HalfCheetah-v3,TD3_Q2a1x64_1p
868,5774.767676605112,4340000.0,HalfCheetah-v3,TD3_Q2a1x64_1p
869,5399.807804591635,4345000.0,HalfCheetah-v3,TD3_Q2a1x64_1p
870,6650.827127019523,4350000.0,HalfCheetah-v3,TD3_Q2a1x64_1p
871,6407.926705067757,4355000.0,HalfCheetah-v3,TD3_Q2a1x64_1p
872,6054.851480865242,4360000.0,HalfCheetah-v3,TD3_Q2a1x64_1p
873,5714.77023401559,4365000.0,HalfCheetah-v3,TD3_Q2a1x64_1p
874,5309.900738373441,4370000.0,HalfCheetah-v3,TD3_Q2a1x64_1p
875,6659.278374773229,4375000.0,HalfCheetah-v3,TD3_Q2a1x64_1p
876,6436.991441990909,4380000.0,HalfCheetah-v3,TD3_Q2a1x64_1p
877,6050.053269667998,4385000.0,HalfCheetah-v3,TD3_Q2a1x64_1p
878,5759.258990438299,4390000.0,HalfCheetah-v3,TD3_Q2a1x64_1p
879,5324.425163539171,4395000.0,HalfCheetah-v3,TD3_Q2a1x64_1p
880,6707.268603084481,4400000.0,HalfCheetah-v3,TD3_Q2a1x64_1p
881,6487.755609274269,4405000.0,HalfCheetah-v3,TD3_Q2a1x64_1p
882,6181.869072280502,4410000.0,HalfCheetah-v3,TD3_Q2a1x64_1p
883,5776.141967267388,4415000.0,HalfCheetah-v3,TD3_Q2a1x64_1p
884,5454.0839104110455,4420000.0,HalfCheetah-v3,TD3_Q2a1x64_1p
885,6574.0016896624,4425000.0,HalfCheetah-v3,TD3_Q2a1x64_1p
886,6381.214626084684,4430000.0,HalfCheetah-v3,TD3_Q2a1x64_1p
887,5993.04844140264,4435000.0,HalfCheetah-v3,TD3_Q2a1x64_1p
888,5740.931460989493,4440000.0,HalfCheetah-v3,TD3_Q2a1x64_1p
889,5340.122419271795,4445000.0,HalfCheetah-v3,TD3_Q2a1x64_1p
890,6700.670006443889,4450000.0,HalfCheetah-v3,TD3_Q2a1x64_1p
891,6454.015131673382,4455000.0,HalfCheetah-v3,TD3_Q2a1x64_1p
892,6075.89065057277,4460000.0,HalfCheetah-v3,TD3_Q2a1x64_1p
893,5650.348258763615,4465000.0,HalfCheetah-v3,TD3_Q2a1x64_1p
894,5398.591029292448,4470000.0,HalfCheetah-v3,TD3_Q2a1x64_1p
895,6714.560043849915,4475000.0,HalfCheetah-v3,TD3_Q2a1x64_1p
896,6428.668597831606,4480000.0,HalfCheetah-v3,TD3_Q2a1x64_1p
897,6047.316738379528,4485000.0,HalfCheetah-v3,TD3_Q2a1x64_1p
898,5737.443236280338,4490000.0,HalfCheetah-v3,TD3_Q2a1x64_1p
899,5259.498532569752,4495000.0,HalfCheetah-v3,TD3_Q2a1x64_1p
900,6748.214123413627,4500000.0,HalfCheetah-v3,TD3_Q2a1x64_1p
901,6444.181358141884,4505000.0,HalfCheetah-v3,TD3_Q2a1x64_1p
902,6168.723624536954,4510000.0,HalfCheetah-v3,TD3_Q2a1x64_1p
903,5769.242724648336,4515000.0,HalfCheetah-v3,TD3_Q2a1x64_1p
904,5423.2671777887945,4520000.0,HalfCheetah-v3,TD3_Q2a1x64_1p
905,6579.083502038024,4525000.0,HalfCheetah-v3,TD3_Q2a1x64_1p
906,6362.200176219529,4530000.0,HalfCheetah-v3,TD3_Q2a1x64_1p
907,6078.5813106256055,4535000.0,HalfCheetah-v3,TD3_Q2a1x64_1p
908,5723.521595635923,4540000.0,HalfCheetah-v3,TD3_Q2a1x64_1p
909,5475.651242704302,4545000.0,HalfCheetah-v3,TD3_Q2a1x64_1p
910,6760.766427095376,4550000.0,HalfCheetah-v3,TD3_Q2a1x64_1p
911,6477.736417894586,4555000.0,HalfCheetah-v3,TD3_Q2a1x64_1p
912,6180.244545128177,4560000.0,HalfCheetah-v3,TD3_Q2a1x64_1p
913,5753.622581673067,4565000.0,HalfCheetah-v3,TD3_Q2a1x64_1p
914,5380.638178739951,4570000.0,HalfCheetah-v3,TD3_Q2a1x64_1p
915,6565.036416337041,4575000.0,HalfCheetah-v3,TD3_Q2a1x64_1p
916,6338.378020600887,4580000.0,HalfCheetah-v3,TD3_Q2a1x64_1p
917,6092.9924812476165,4585000.0,HalfCheetah-v3,TD3_Q2a1x64_1p
918,5719.463343477567,4590000.0,HalfCheetah-v3,TD3_Q2a1x64_1p
919,5363.1788998053225,4595000.0,HalfCheetah-v3,TD3_Q2a1x64_1p
920,6763.937927181675,4600000.0,HalfCheetah-v3,TD3_Q2a1x64_1p
921,6521.001694069054,4605000.0,HalfCheetah-v3,TD3_Q2a1x64_1p
922,6149.805536024864,4610000.0,HalfCheetah-v3,TD3_Q2a1x64_1p
923,5837.735393109941,4615000.0,HalfCheetah-v3,TD3_Q2a1x64_1p
924,5494.205504353684,4620000.0,HalfCheetah-v3,TD3_Q2a1x64_1p
925,6796.5230075101845,4625000.0,HalfCheetah-v3,TD3_Q2a1x64_1p
926,6530.863118613974,4630000.0,HalfCheetah-v3,TD3_Q2a1x64_1p
927,6122.706952522362,4635000.0,HalfCheetah-v3,TD3_Q2a1x64_1p
928,5679.294503410927,4640000.0,HalfCheetah-v3,TD3_Q2a1x64_1p
929,5391.878985625109,4645000.0,HalfCheetah-v3,TD3_Q2a1x64_1p
930,6693.054728713289,4650000.0,HalfCheetah-v3,TD3_Q2a1x64_1p
931,6482.683665088605,4655000.0,HalfCheetah-v3,TD3_Q2a1x64_1p
932,6097.10432485179,4660000.0,HalfCheetah-v3,TD3_Q2a1x64_1p
933,5800.381355621127,4665000.0,HalfCheetah-v3,TD3_Q2a1x64_1p
934,5379.800880399928,4670000.0,HalfCheetah-v3,TD3_Q2a1x64_1p
935,6546.118139222171,4675000.0,HalfCheetah-v3,TD3_Q2a1x64_1p
936,6370.782012544217,4680000.0,HalfCheetah-v3,TD3_Q2a1x64_1p
937,6070.153334266184,4685000.0,HalfCheetah-v3,TD3_Q2a1x64_1p
938,5684.992966281369,4690000.0,HalfCheetah-v3,TD3_Q2a1x64_1p
939,5422.225241786823,4695000.0,HalfCheetah-v3,TD3_Q2a1x64_1p
940,6840.458088002512,4700000.0,HalfCheetah-v3,TD3_Q2a1x64_1p
941,6521.368509415452,4705000.0,HalfCheetah-v3,TD3_Q2a1x64_1p
942,6140.426408025278,4710000.0,HalfCheetah-v3,TD3_Q2a1x64_1p
943,5826.70168621353,4715000.0,HalfCheetah-v3,TD3_Q2a1x64_1p
944,5395.725355180211,4720000.0,HalfCheetah-v3,TD3_Q2a1x64_1p
945,6800.649273050622,4725000.0,HalfCheetah-v3,TD3_Q2a1x64_1p
946,6584.356978933103,4730000.0,HalfCheetah-v3,TD3_Q2a1x64_1p
947,6202.324169214537,4735000.0,HalfCheetah-v3,TD3_Q2a1x64_1p
948,5765.700543280983,4740000.0,HalfCheetah-v3,TD3_Q2a1x64_1p
949,5451.030990975696,4745000.0,HalfCheetah-v3,TD3_Q2a1x64_1p
950,6796.399666090721,4750000.0,HalfCheetah-v3,TD3_Q2a1x64_1p
951,6560.681027917004,4755000.0,HalfCheetah-v3,TD3_Q2a1x64_1p
952,6105.123569848542,4760000.0,HalfCheetah-v3,TD3_Q2a1x64_1p
953,5724.435570437537,4765000.0,HalfCheetah-v3,TD3_Q2a1x64_1p
954,5437.341646476453,4770000.0,HalfCheetah-v3,TD3_Q2a1x64_1p
955,6770.274765124546,4775000.0,HalfCheetah-v3,TD3_Q2a1x64_1p
956,6524.577560537788,4780000.0,HalfCheetah-v3,TD3_Q2a1x64_1p
957,6229.8704960385185,4785000.0,HalfCheetah-v3,TD3_Q2a1x64_1p
958,5804.511203722853,4790000.0,HalfCheetah-v3,TD3_Q2a1x64_1p
959,5467.078174761588,4795000.0,HalfCheetah-v3,TD3_Q2a1x64_1p
960,6885.986237511666,4800000.0,HalfCheetah-v3,TD3_Q2a1x64_1p
961,6593.890179731539,4805000.0,HalfCheetah-v3,TD3_Q2a1x64_1p
962,6203.760171420498,4810000.0,HalfCheetah-v3,TD3_Q2a1x64_1p
963,5767.32792884828,4815000.0,HalfCheetah-v3,TD3_Q2a1x64_1p
964,5424.505599409925,4820000.0,HalfCheetah-v3,TD3_Q2a1x64_1p
965,6788.668141291125,4825000.0,HalfCheetah-v3,TD3_Q2a1x64_1p
966,6526.366755088751,4830000.0,HalfCheetah-v3,TD3_Q2a1x64_1p
967,6164.534459176708,4835000.0,HalfCheetah-v3,TD3_Q2a1x64_1p
968,5813.384513819309,4840000.0,HalfCheetah-v3,TD3_Q2a1x64_1p
969,5347.500513968365,4845000.0,HalfCheetah-v3,TD3_Q2a1x64_1p
970,6896.774408095842,4850000.0,HalfCheetah-v3,TD3_Q2a1x64_1p
971,6610.321451222151,4855000.0,HalfCheetah-v3,TD3_Q2a1x64_1p
972,6228.205510991834,4860000.0,HalfCheetah-v3,TD3_Q2a1x64_1p
973,5874.219499810102,4865000.0,HalfCheetah-v3,TD3_Q2a1x64_1p
974,5447.428173372238,4870000.0,HalfCheetah-v3,TD3_Q2a1x64_1p
975,6905.290698382681,4875000.0,HalfCheetah-v3,TD3_Q2a1x64_1p
976,6540.037102665963,4880000.0,HalfCheetah-v3,TD3_Q2a1x64_1p
977,6128.2152029902545,4885000.0,HalfCheetah-v3,TD3_Q2a1x64_1p
978,5762.390443679963,4890000.0,HalfCheetah-v3,TD3_Q2a1x64_1p
979,5428.416536315612,4895000.0,HalfCheetah-v3,TD3_Q2a1x64_1p
980,6770.329938085444,4900000.0,HalfCheetah-v3,TD3_Q2a1x64_1p
981,6535.3730837573985,4905000.0,HalfCheetah-v3,TD3_Q2a1x64_1p
982,6177.393053198112,4910000.0,HalfCheetah-v3,TD3_Q2a1x64_1p
983,5817.200892588841,4915000.0,HalfCheetah-v3,TD3_Q2a1x64_1p
984,5469.634583510608,4920000.0,HalfCheetah-v3,TD3_Q2a1x64_1p
985,6755.425940183617,4925000.0,HalfCheetah-v3,TD3_Q2a1x64_1p
986,6504.605223316214,4930000.0,HalfCheetah-v3,TD3_Q2a1x64_1p
987,6209.633305984597,4935000.0,HalfCheetah-v3,TD3_Q2a1x64_1p
988,5805.290705950732,4940000.0,HalfCheetah-v3,TD3_Q2a1x64_1p
989,5514.737241297083,4945000.0,HalfCheetah-v3,TD3_Q2a1x64_1p
990,6883.643160308648,4950000.0,HalfCheetah-v3,TD3_Q2a1x64_1p
991,6586.906937975337,4955000.0,HalfCheetah-v3,TD3_Q2a1x64_1p
992,6190.5869689880265,4960000.0,HalfCheetah-v3,TD3_Q2a1x64_1p
993,5841.853467684023,4965000.0,HalfCheetah-v3,TD3_Q2a1x64_1p
994,5424.362336348038,4970000.0,HalfCheetah-v3,TD3_Q2a1x64_1p
995,6848.796287293146,4975000.0,HalfCheetah-v3,TD3_Q2a1x64_1p
996,6600.72804394963,4980000.0,HalfCheetah-v3,TD3_Q2a1x64_1p
997,6208.0871266797785,4985000.0,HalfCheetah-v3,TD3_Q2a1x64_1p
998,5828.885203642015,4990000.0,HalfCheetah-v3,TD3_Q2a1x64_1p
999,5442.650577271331,4995000.0,HalfCheetah-v3,TD3_Q2a1x64_1p
