index,Average Return,Timesteps,env,algorithm_name
0,-488.874681979076,0.0,HalfCheetah-v3,TD3_Q2a1x64_1p
1,-495.0575147656872,5000.0,HalfCheetah-v3,TD3_Q2a1x64_1p
2,-535.9360093593858,10000.0,HalfCheetah-v3,TD3_Q2a1x64_1p
3,-672.3485161945862,15000.0,HalfCheetah-v3,TD3_Q2a1x64_1p
4,-530.2343349506377,20000.0,HalfCheetah-v3,TD3_Q2a1x64_1p
5,-264.84964896216366,25000.0,HalfCheetah-v3,TD3_Q2a1x64_1p
6,302.0209619359979,30000.0,HalfCheetah-v3,TD3_Q2a1x64_1p
7,1069.8866344855653,35000.0,HalfCheetah-v3,TD3_Q2a1x64_1p
8,1915.6956602058078,40000.0,HalfCheetah-v3,TD3_Q2a1x64_1p
9,2036.867982153172,45000.0,HalfCheetah-v3,TD3_Q2a1x64_1p
10,1951.7987104041295,50000.0,HalfCheetah-v3,TD3_Q2a1x64_1p
11,2659.937925033616,55000.0,HalfCheetah-v3,TD3_Q2a1x64_1p
12,2764.536358852717,60000.0,HalfCheetah-v3,TD3_Q2a1x64_1p
13,2967.7898982772113,65000.0,HalfCheetah-v3,TD3_Q2a1x64_1p
14,3308.6236034499534,70000.0,HalfCheetah-v3,TD3_Q2a1x64_1p
15,3490.552478477838,75000.0,HalfCheetah-v3,TD3_Q2a1x64_1p
16,3999.8971120174924,80000.0,HalfCheetah-v3,TD3_Q2a1x64_1p
17,4085.4684940677844,85000.0,HalfCheetah-v3,TD3_Q2a1x64_1p
18,4131.13191482353,90000.0,HalfCheetah-v3,TD3_Q2a1x64_1p
19,3667.3121931839137,95000.0,HalfCheetah-v3,TD3_Q2a1x64_1p
20,4001.9116396314166,100000.0,HalfCheetah-v3,TD3_Q2a1x64_1p
21,3868.6352035196264,105000.0,HalfCheetah-v3,TD3_Q2a1x64_1p
22,4163.116019029857,110000.0,HalfCheetah-v3,TD3_Q2a1x64_1p
23,3990.9223594531004,115000.0,HalfCheetah-v3,TD3_Q2a1x64_1p
24,4223.369476825325,120000.0,HalfCheetah-v3,TD3_Q2a1x64_1p
25,4379.883069521373,125000.0,HalfCheetah-v3,TD3_Q2a1x64_1p
26,4489.902098571789,130000.0,HalfCheetah-v3,TD3_Q2a1x64_1p
27,4111.491402608068,135000.0,HalfCheetah-v3,TD3_Q2a1x64_1p
28,4605.952773981725,140000.0,HalfCheetah-v3,TD3_Q2a1x64_1p
29,4522.496538336914,145000.0,HalfCheetah-v3,TD3_Q2a1x64_1p
30,4241.829016682232,150000.0,HalfCheetah-v3,TD3_Q2a1x64_1p
31,4107.550532535447,155000.0,HalfCheetah-v3,TD3_Q2a1x64_1p
32,4375.566005941348,160000.0,HalfCheetah-v3,TD3_Q2a1x64_1p
33,4722.707621563318,165000.0,HalfCheetah-v3,TD3_Q2a1x64_1p
34,4902.448712802835,170000.0,HalfCheetah-v3,TD3_Q2a1x64_1p
35,4816.216411183841,175000.0,HalfCheetah-v3,TD3_Q2a1x64_1p
36,4791.604992032601,180000.0,HalfCheetah-v3,TD3_Q2a1x64_1p
37,4664.468297950765,185000.0,HalfCheetah-v3,TD3_Q2a1x64_1p
38,4592.665518704534,190000.0,HalfCheetah-v3,TD3_Q2a1x64_1p
39,4969.548451359617,195000.0,HalfCheetah-v3,TD3_Q2a1x64_1p
40,4933.424721861349,200000.0,HalfCheetah-v3,TD3_Q2a1x64_1p
41,4890.227023623458,205000.0,HalfCheetah-v3,TD3_Q2a1x64_1p
42,5164.08720070251,210000.0,HalfCheetah-v3,TD3_Q2a1x64_1p
43,5022.115659298774,215000.0,HalfCheetah-v3,TD3_Q2a1x64_1p
44,5109.601224083002,220000.0,HalfCheetah-v3,TD3_Q2a1x64_1p
45,5181.9229677378735,225000.0,HalfCheetah-v3,TD3_Q2a1x64_1p
46,5127.01656270186,230000.0,HalfCheetah-v3,TD3_Q2a1x64_1p
47,4860.993119087865,235000.0,HalfCheetah-v3,TD3_Q2a1x64_1p
48,5300.604305269078,240000.0,HalfCheetah-v3,TD3_Q2a1x64_1p
49,5179.853852935963,245000.0,HalfCheetah-v3,TD3_Q2a1x64_1p
50,5361.596185003911,250000.0,HalfCheetah-v3,TD3_Q2a1x64_1p
51,5490.444443323441,255000.0,HalfCheetah-v3,TD3_Q2a1x64_1p
52,5422.918753299244,260000.0,HalfCheetah-v3,TD3_Q2a1x64_1p
53,5483.265740644207,265000.0,HalfCheetah-v3,TD3_Q2a1x64_1p
54,5641.189652851243,270000.0,HalfCheetah-v3,TD3_Q2a1x64_1p
55,5425.536714414141,275000.0,HalfCheetah-v3,TD3_Q2a1x64_1p
56,5489.278125548037,280000.0,HalfCheetah-v3,TD3_Q2a1x64_1p
57,5554.508284170375,285000.0,HalfCheetah-v3,TD3_Q2a1x64_1p
58,5601.485656376344,290000.0,HalfCheetah-v3,TD3_Q2a1x64_1p
59,5519.139150899028,295000.0,HalfCheetah-v3,TD3_Q2a1x64_1p
60,5657.1044480109085,300000.0,HalfCheetah-v3,TD3_Q2a1x64_1p
61,5619.269158898817,305000.0,HalfCheetah-v3,TD3_Q2a1x64_1p
62,5704.312521375172,310000.0,HalfCheetah-v3,TD3_Q2a1x64_1p
63,5640.8500386310925,315000.0,HalfCheetah-v3,TD3_Q2a1x64_1p
64,5765.891213603563,320000.0,HalfCheetah-v3,TD3_Q2a1x64_1p
65,5467.963863794139,325000.0,HalfCheetah-v3,TD3_Q2a1x64_1p
66,5665.861221716588,330000.0,HalfCheetah-v3,TD3_Q2a1x64_1p
67,5799.274599846861,335000.0,HalfCheetah-v3,TD3_Q2a1x64_1p
68,5479.062373240698,340000.0,HalfCheetah-v3,TD3_Q2a1x64_1p
69,5875.146253813717,345000.0,HalfCheetah-v3,TD3_Q2a1x64_1p
70,5828.659222123039,350000.0,HalfCheetah-v3,TD3_Q2a1x64_1p
71,5956.806646510036,355000.0,HalfCheetah-v3,TD3_Q2a1x64_1p
72,5867.162958428942,360000.0,HalfCheetah-v3,TD3_Q2a1x64_1p
73,5883.579898429036,365000.0,HalfCheetah-v3,TD3_Q2a1x64_1p
74,6014.815860771179,370000.0,HalfCheetah-v3,TD3_Q2a1x64_1p
75,5978.752852107779,375000.0,HalfCheetah-v3,TD3_Q2a1x64_1p
76,5657.259835871233,380000.0,HalfCheetah-v3,TD3_Q2a1x64_1p
77,6105.610373569166,385000.0,HalfCheetah-v3,TD3_Q2a1x64_1p
78,5880.959861366819,390000.0,HalfCheetah-v3,TD3_Q2a1x64_1p
79,6061.206969558138,395000.0,HalfCheetah-v3,TD3_Q2a1x64_1p
80,5989.221088924713,400000.0,HalfCheetah-v3,TD3_Q2a1x64_1p
81,6084.606787350027,405000.0,HalfCheetah-v3,TD3_Q2a1x64_1p
82,6081.763968031596,410000.0,HalfCheetah-v3,TD3_Q2a1x64_1p
83,6116.435987062062,415000.0,HalfCheetah-v3,TD3_Q2a1x64_1p
84,6073.475497657457,420000.0,HalfCheetah-v3,TD3_Q2a1x64_1p
85,6111.960299036088,425000.0,HalfCheetah-v3,TD3_Q2a1x64_1p
86,5965.9256151778,430000.0,HalfCheetah-v3,TD3_Q2a1x64_1p
87,6021.605772850615,435000.0,HalfCheetah-v3,TD3_Q2a1x64_1p
88,6090.356114334223,440000.0,HalfCheetah-v3,TD3_Q2a1x64_1p
89,6129.352006646181,445000.0,HalfCheetah-v3,TD3_Q2a1x64_1p
90,6116.823124140932,450000.0,HalfCheetah-v3,TD3_Q2a1x64_1p
91,6043.825342762389,455000.0,HalfCheetah-v3,TD3_Q2a1x64_1p
92,6213.3951405554035,460000.0,HalfCheetah-v3,TD3_Q2a1x64_1p
93,5956.9349207086325,465000.0,HalfCheetah-v3,TD3_Q2a1x64_1p
94,6181.573011101274,470000.0,HalfCheetah-v3,TD3_Q2a1x64_1p
95,6094.694569715457,475000.0,HalfCheetah-v3,TD3_Q2a1x64_1p
96,6139.876633345119,480000.0,HalfCheetah-v3,TD3_Q2a1x64_1p
97,6181.211029034147,485000.0,HalfCheetah-v3,TD3_Q2a1x64_1p
98,6186.345734754345,490000.0,HalfCheetah-v3,TD3_Q2a1x64_1p
99,6139.005332614133,495000.0,HalfCheetah-v3,TD3_Q2a1x64_1p
100,6339.5592224400825,500000.0,HalfCheetah-v3,TD3_Q2a1x64_1p
101,6224.202966541364,505000.0,HalfCheetah-v3,TD3_Q2a1x64_1p
102,6272.103645200683,510000.0,HalfCheetah-v3,TD3_Q2a1x64_1p
103,6239.922946647896,515000.0,HalfCheetah-v3,TD3_Q2a1x64_1p
104,6196.659275133635,520000.0,HalfCheetah-v3,TD3_Q2a1x64_1p
105,6201.059482020806,525000.0,HalfCheetah-v3,TD3_Q2a1x64_1p
106,6278.579610242848,530000.0,HalfCheetah-v3,TD3_Q2a1x64_1p
107,6351.337410877485,535000.0,HalfCheetah-v3,TD3_Q2a1x64_1p
108,6448.586452927708,540000.0,HalfCheetah-v3,TD3_Q2a1x64_1p
109,6352.6578058959985,545000.0,HalfCheetah-v3,TD3_Q2a1x64_1p
110,6473.917056926913,550000.0,HalfCheetah-v3,TD3_Q2a1x64_1p
111,6180.441581914746,555000.0,HalfCheetah-v3,TD3_Q2a1x64_1p
112,6336.676781166279,560000.0,HalfCheetah-v3,TD3_Q2a1x64_1p
113,6460.429882528801,565000.0,HalfCheetah-v3,TD3_Q2a1x64_1p
114,6455.683585543898,570000.0,HalfCheetah-v3,TD3_Q2a1x64_1p
115,6470.899793143065,575000.0,HalfCheetah-v3,TD3_Q2a1x64_1p
116,6365.05104373454,580000.0,HalfCheetah-v3,TD3_Q2a1x64_1p
117,6585.13382342427,585000.0,HalfCheetah-v3,TD3_Q2a1x64_1p
118,6556.915074503711,590000.0,HalfCheetah-v3,TD3_Q2a1x64_1p
119,6411.778372281187,595000.0,HalfCheetah-v3,TD3_Q2a1x64_1p
120,6549.152182373631,600000.0,HalfCheetah-v3,TD3_Q2a1x64_1p
121,6480.013745862549,605000.0,HalfCheetah-v3,TD3_Q2a1x64_1p
122,6403.576146996908,610000.0,HalfCheetah-v3,TD3_Q2a1x64_1p
123,6567.937491389739,615000.0,HalfCheetah-v3,TD3_Q2a1x64_1p
124,6541.80610866529,620000.0,HalfCheetah-v3,TD3_Q2a1x64_1p
125,6434.571896158379,625000.0,HalfCheetah-v3,TD3_Q2a1x64_1p
126,6612.637817524902,630000.0,HalfCheetah-v3,TD3_Q2a1x64_1p
127,6623.09952664459,635000.0,HalfCheetah-v3,TD3_Q2a1x64_1p
128,6429.540428530305,640000.0,HalfCheetah-v3,TD3_Q2a1x64_1p
129,6562.08750190791,645000.0,HalfCheetah-v3,TD3_Q2a1x64_1p
130,6515.818669522457,650000.0,HalfCheetah-v3,TD3_Q2a1x64_1p
131,6606.622436098311,655000.0,HalfCheetah-v3,TD3_Q2a1x64_1p
132,6581.667760860864,660000.0,HalfCheetah-v3,TD3_Q2a1x64_1p
133,6710.676629572566,665000.0,HalfCheetah-v3,TD3_Q2a1x64_1p
134,6605.754546844635,670000.0,HalfCheetah-v3,TD3_Q2a1x64_1p
135,6543.777161801567,675000.0,HalfCheetah-v3,TD3_Q2a1x64_1p
136,6508.42453455238,680000.0,HalfCheetah-v3,TD3_Q2a1x64_1p
137,6566.514189936313,685000.0,HalfCheetah-v3,TD3_Q2a1x64_1p
138,6686.801583258808,690000.0,HalfCheetah-v3,TD3_Q2a1x64_1p
139,6650.078806357298,695000.0,HalfCheetah-v3,TD3_Q2a1x64_1p
140,6609.834604011479,700000.0,HalfCheetah-v3,TD3_Q2a1x64_1p
141,6644.062213345797,705000.0,HalfCheetah-v3,TD3_Q2a1x64_1p
142,6707.31800688004,710000.0,HalfCheetah-v3,TD3_Q2a1x64_1p
143,6596.001255588164,715000.0,HalfCheetah-v3,TD3_Q2a1x64_1p
144,6646.28178782125,720000.0,HalfCheetah-v3,TD3_Q2a1x64_1p
145,6631.474428539918,725000.0,HalfCheetah-v3,TD3_Q2a1x64_1p
146,6747.350789396327,730000.0,HalfCheetah-v3,TD3_Q2a1x64_1p
147,6593.773378687974,735000.0,HalfCheetah-v3,TD3_Q2a1x64_1p
148,6629.482468887501,740000.0,HalfCheetah-v3,TD3_Q2a1x64_1p
149,6704.349655526309,745000.0,HalfCheetah-v3,TD3_Q2a1x64_1p
150,6631.899375247146,750000.0,HalfCheetah-v3,TD3_Q2a1x64_1p
151,6705.21970623185,755000.0,HalfCheetah-v3,TD3_Q2a1x64_1p
152,6850.338107958645,760000.0,HalfCheetah-v3,TD3_Q2a1x64_1p
153,6650.837311559718,765000.0,HalfCheetah-v3,TD3_Q2a1x64_1p
154,6656.744740192495,770000.0,HalfCheetah-v3,TD3_Q2a1x64_1p
155,6584.624573753329,775000.0,HalfCheetah-v3,TD3_Q2a1x64_1p
156,6661.138638607236,780000.0,HalfCheetah-v3,TD3_Q2a1x64_1p
157,6670.508754902298,785000.0,HalfCheetah-v3,TD3_Q2a1x64_1p
158,6857.069580843247,790000.0,HalfCheetah-v3,TD3_Q2a1x64_1p
159,6786.762809015653,795000.0,HalfCheetah-v3,TD3_Q2a1x64_1p
160,6617.654322228387,800000.0,HalfCheetah-v3,TD3_Q2a1x64_1p
161,6778.789178719982,805000.0,HalfCheetah-v3,TD3_Q2a1x64_1p
162,6816.669311950891,810000.0,HalfCheetah-v3,TD3_Q2a1x64_1p
163,6783.503751229432,815000.0,HalfCheetah-v3,TD3_Q2a1x64_1p
164,6846.742145131294,820000.0,HalfCheetah-v3,TD3_Q2a1x64_1p
165,6765.896882189309,825000.0,HalfCheetah-v3,TD3_Q2a1x64_1p
166,6693.667011769059,830000.0,HalfCheetah-v3,TD3_Q2a1x64_1p
167,6790.872256796218,835000.0,HalfCheetah-v3,TD3_Q2a1x64_1p
168,6887.359372037888,840000.0,HalfCheetah-v3,TD3_Q2a1x64_1p
169,6755.556406252275,845000.0,HalfCheetah-v3,TD3_Q2a1x64_1p
170,6754.17812958409,850000.0,HalfCheetah-v3,TD3_Q2a1x64_1p
171,6883.993401544283,855000.0,HalfCheetah-v3,TD3_Q2a1x64_1p
172,6603.113826026602,860000.0,HalfCheetah-v3,TD3_Q2a1x64_1p
173,6748.812293989251,865000.0,HalfCheetah-v3,TD3_Q2a1x64_1p
174,6882.26024640662,870000.0,HalfCheetah-v3,TD3_Q2a1x64_1p
175,6791.685536986163,875000.0,HalfCheetah-v3,TD3_Q2a1x64_1p
176,6883.362510361944,880000.0,HalfCheetah-v3,TD3_Q2a1x64_1p
177,6889.035985828319,885000.0,HalfCheetah-v3,TD3_Q2a1x64_1p
178,6788.242299865534,890000.0,HalfCheetah-v3,TD3_Q2a1x64_1p
179,6857.097497813888,895000.0,HalfCheetah-v3,TD3_Q2a1x64_1p
180,6924.891383148672,900000.0,HalfCheetah-v3,TD3_Q2a1x64_1p
181,6939.792877797367,905000.0,HalfCheetah-v3,TD3_Q2a1x64_1p
182,6728.53795549436,910000.0,HalfCheetah-v3,TD3_Q2a1x64_1p
183,6941.876643498623,915000.0,HalfCheetah-v3,TD3_Q2a1x64_1p
184,6686.60133966962,920000.0,HalfCheetah-v3,TD3_Q2a1x64_1p
185,6899.078775629258,925000.0,HalfCheetah-v3,TD3_Q2a1x64_1p
186,6919.879837278524,930000.0,HalfCheetah-v3,TD3_Q2a1x64_1p
187,6876.387156392724,935000.0,HalfCheetah-v3,TD3_Q2a1x64_1p
188,6730.391240691892,940000.0,HalfCheetah-v3,TD3_Q2a1x64_1p
189,7019.393887790764,945000.0,HalfCheetah-v3,TD3_Q2a1x64_1p
190,7048.134868713915,950000.0,HalfCheetah-v3,TD3_Q2a1x64_1p
191,6940.445997154408,955000.0,HalfCheetah-v3,TD3_Q2a1x64_1p
192,6955.619858952186,960000.0,HalfCheetah-v3,TD3_Q2a1x64_1p
193,7078.6498507583165,965000.0,HalfCheetah-v3,TD3_Q2a1x64_1p
194,6915.652432021355,970000.0,HalfCheetah-v3,TD3_Q2a1x64_1p
195,7045.661253926524,975000.0,HalfCheetah-v3,TD3_Q2a1x64_1p
196,7091.24967843426,980000.0,HalfCheetah-v3,TD3_Q2a1x64_1p
197,6910.009571325933,985000.0,HalfCheetah-v3,TD3_Q2a1x64_1p
198,6760.047210107489,990000.0,HalfCheetah-v3,TD3_Q2a1x64_1p
199,7073.160049365329,995000.0,HalfCheetah-v3,TD3_Q2a1x64_1p
200,6973.155314081792,1000000.0,HalfCheetah-v3,TD3_Q2a1x64_1p
