index,Average Return,Timesteps,env,algorithm_name
0,-197.56383456968558,0,HalfCheetah-v3,SAC_Q2a
1,-110.83847548232261,5000,HalfCheetah-v3,SAC_Q2a
2,-441.8176169604223,10000,HalfCheetah-v3,SAC_Q2a
3,-430.94773565011945,15000,HalfCheetah-v3,SAC_Q2a
4,-286.9464143383285,20000,HalfCheetah-v3,SAC_Q2a
5,713.9752866809425,25000,HalfCheetah-v3,SAC_Q2a
6,1345.502017596717,30000,HalfCheetah-v3,SAC_Q2a
7,1707.2861852904116,35000,HalfCheetah-v3,SAC_Q2a
8,2376.467689670734,40000,HalfCheetah-v3,SAC_Q2a
9,2727.8915542050017,45000,HalfCheetah-v3,SAC_Q2a
10,3177.915930782372,50000,HalfCheetah-v3,SAC_Q2a
11,3399.618793551522,55000,HalfCheetah-v3,SAC_Q2a
12,3952.111745775902,60000,HalfCheetah-v3,SAC_Q2a
13,3901.7144444607015,65000,HalfCheetah-v3,SAC_Q2a
14,4460.648757784734,70000,HalfCheetah-v3,SAC_Q2a
15,4798.114369438441,75000,HalfCheetah-v3,SAC_Q2a
16,3846.9132782018946,80000,HalfCheetah-v3,SAC_Q2a
17,4998.979480228594,85000,HalfCheetah-v3,SAC_Q2a
18,4325.428828146716,90000,HalfCheetah-v3,SAC_Q2a
19,4781.314262200568,95000,HalfCheetah-v3,SAC_Q2a
20,5254.907028497849,100000,HalfCheetah-v3,SAC_Q2a
21,5067.464634623049,105000,HalfCheetah-v3,SAC_Q2a
22,5403.208219846761,110000,HalfCheetah-v3,SAC_Q2a
23,5386.037466434766,115000,HalfCheetah-v3,SAC_Q2a
24,5404.660136397378,120000,HalfCheetah-v3,SAC_Q2a
25,5559.555529865712,125000,HalfCheetah-v3,SAC_Q2a
26,5533.235557686482,130000,HalfCheetah-v3,SAC_Q2a
27,5857.8803721576605,135000,HalfCheetah-v3,SAC_Q2a
28,6002.491357888282,140000,HalfCheetah-v3,SAC_Q2a
29,5889.544915743483,145000,HalfCheetah-v3,SAC_Q2a
30,6104.254515060811,150000,HalfCheetah-v3,SAC_Q2a
31,6102.60742807466,155000,HalfCheetah-v3,SAC_Q2a
32,6286.177550754261,160000,HalfCheetah-v3,SAC_Q2a
33,6239.376257068989,165000,HalfCheetah-v3,SAC_Q2a
34,6178.343881947602,170000,HalfCheetah-v3,SAC_Q2a
35,6284.869170871297,175000,HalfCheetah-v3,SAC_Q2a
36,6498.993849712993,180000,HalfCheetah-v3,SAC_Q2a
37,6442.2566860919815,185000,HalfCheetah-v3,SAC_Q2a
38,5550.2091347216065,190000,HalfCheetah-v3,SAC_Q2a
39,6604.428460590057,195000,HalfCheetah-v3,SAC_Q2a
40,6707.358932058296,200000,HalfCheetah-v3,SAC_Q2a
41,6744.202589430798,205000,HalfCheetah-v3,SAC_Q2a
42,6433.4357948627985,210000,HalfCheetah-v3,SAC_Q2a
43,6891.623760673324,215000,HalfCheetah-v3,SAC_Q2a
44,6855.67321211369,220000,HalfCheetah-v3,SAC_Q2a
45,6877.755717373538,225000,HalfCheetah-v3,SAC_Q2a
46,6349.810337859139,230000,HalfCheetah-v3,SAC_Q2a
47,6972.658182017893,235000,HalfCheetah-v3,SAC_Q2a
48,6975.520293046609,240000,HalfCheetah-v3,SAC_Q2a
49,7061.704734891292,245000,HalfCheetah-v3,SAC_Q2a
50,7167.098313724242,250000,HalfCheetah-v3,SAC_Q2a
51,6408.175812835358,255000,HalfCheetah-v3,SAC_Q2a
52,7257.954397079548,260000,HalfCheetah-v3,SAC_Q2a
53,7061.455257369043,265000,HalfCheetah-v3,SAC_Q2a
54,7133.039587754332,270000,HalfCheetah-v3,SAC_Q2a
55,7204.603939536157,275000,HalfCheetah-v3,SAC_Q2a
56,7247.506640231399,280000,HalfCheetah-v3,SAC_Q2a
57,7272.769981012617,285000,HalfCheetah-v3,SAC_Q2a
58,7335.557273284896,290000,HalfCheetah-v3,SAC_Q2a
59,7568.876274405309,295000,HalfCheetah-v3,SAC_Q2a
60,7344.894610340509,300000,HalfCheetah-v3,SAC_Q2a
61,7047.462431024927,305000,HalfCheetah-v3,SAC_Q2a
62,7828.472684621777,310000,HalfCheetah-v3,SAC_Q2a
63,7428.435295071463,315000,HalfCheetah-v3,SAC_Q2a
64,7703.485062140369,320000,HalfCheetah-v3,SAC_Q2a
65,7762.941955733078,325000,HalfCheetah-v3,SAC_Q2a
66,7876.558987395225,330000,HalfCheetah-v3,SAC_Q2a
67,7751.165505029419,335000,HalfCheetah-v3,SAC_Q2a
68,7707.229536014633,340000,HalfCheetah-v3,SAC_Q2a
69,7855.701283898893,345000,HalfCheetah-v3,SAC_Q2a
70,7985.112156377327,350000,HalfCheetah-v3,SAC_Q2a
71,7869.549077231051,355000,HalfCheetah-v3,SAC_Q2a
72,7897.715801362919,360000,HalfCheetah-v3,SAC_Q2a
73,8006.367628253605,365000,HalfCheetah-v3,SAC_Q2a
74,7767.005110833348,370000,HalfCheetah-v3,SAC_Q2a
75,8078.190174356692,375000,HalfCheetah-v3,SAC_Q2a
76,8121.223645437912,380000,HalfCheetah-v3,SAC_Q2a
77,7918.65931250975,385000,HalfCheetah-v3,SAC_Q2a
78,8113.123646591548,390000,HalfCheetah-v3,SAC_Q2a
79,8219.945862016257,395000,HalfCheetah-v3,SAC_Q2a
80,7880.714523364751,400000,HalfCheetah-v3,SAC_Q2a
81,8079.724092197442,405000,HalfCheetah-v3,SAC_Q2a
82,8255.215977980455,410000,HalfCheetah-v3,SAC_Q2a
83,8297.456052988633,415000,HalfCheetah-v3,SAC_Q2a
84,8355.424848038094,420000,HalfCheetah-v3,SAC_Q2a
85,8361.671298174728,425000,HalfCheetah-v3,SAC_Q2a
86,8423.805941897052,430000,HalfCheetah-v3,SAC_Q2a
87,8456.041341353866,435000,HalfCheetah-v3,SAC_Q2a
88,8321.049193290686,440000,HalfCheetah-v3,SAC_Q2a
89,8251.572789677968,445000,HalfCheetah-v3,SAC_Q2a
90,8547.463493581441,450000,HalfCheetah-v3,SAC_Q2a
91,7756.785347662895,455000,HalfCheetah-v3,SAC_Q2a
92,8427.724221648325,460000,HalfCheetah-v3,SAC_Q2a
93,8587.231527166701,465000,HalfCheetah-v3,SAC_Q2a
94,8638.989688261016,470000,HalfCheetah-v3,SAC_Q2a
95,8653.943603953476,475000,HalfCheetah-v3,SAC_Q2a
96,8416.015087288655,480000,HalfCheetah-v3,SAC_Q2a
97,8517.107334503355,485000,HalfCheetah-v3,SAC_Q2a
98,8653.411256446892,490000,HalfCheetah-v3,SAC_Q2a
99,8594.798795296942,495000,HalfCheetah-v3,SAC_Q2a
100,8735.517306248454,500000,HalfCheetah-v3,SAC_Q2a
101,8687.644024028428,505000,HalfCheetah-v3,SAC_Q2a
102,8745.038615500756,510000,HalfCheetah-v3,SAC_Q2a
103,8851.961146787802,515000,HalfCheetah-v3,SAC_Q2a
104,8575.37272850001,520000,HalfCheetah-v3,SAC_Q2a
105,9004.631861276679,525000,HalfCheetah-v3,SAC_Q2a
106,8976.455792409042,530000,HalfCheetah-v3,SAC_Q2a
107,8947.137846507278,535000,HalfCheetah-v3,SAC_Q2a
108,8934.378810536535,540000,HalfCheetah-v3,SAC_Q2a
109,8773.921610288824,545000,HalfCheetah-v3,SAC_Q2a
110,8987.495794989383,550000,HalfCheetah-v3,SAC_Q2a
111,8904.415531062336,555000,HalfCheetah-v3,SAC_Q2a
112,9182.813565320545,560000,HalfCheetah-v3,SAC_Q2a
113,8690.411095832425,565000,HalfCheetah-v3,SAC_Q2a
114,8979.981922579247,570000,HalfCheetah-v3,SAC_Q2a
115,8933.298564551751,575000,HalfCheetah-v3,SAC_Q2a
116,9309.806117313088,580000,HalfCheetah-v3,SAC_Q2a
117,9224.693376682077,585000,HalfCheetah-v3,SAC_Q2a
118,9137.277731046934,590000,HalfCheetah-v3,SAC_Q2a
119,9294.183679870064,595000,HalfCheetah-v3,SAC_Q2a
120,9176.592573532109,600000,HalfCheetah-v3,SAC_Q2a
121,8807.707622396305,605000,HalfCheetah-v3,SAC_Q2a
122,9220.160454798384,610000,HalfCheetah-v3,SAC_Q2a
123,9110.319299312918,615000,HalfCheetah-v3,SAC_Q2a
124,9156.869838908506,620000,HalfCheetah-v3,SAC_Q2a
125,9209.076235546725,625000,HalfCheetah-v3,SAC_Q2a
126,9355.060185581473,630000,HalfCheetah-v3,SAC_Q2a
127,8965.103670621298,635000,HalfCheetah-v3,SAC_Q2a
128,8631.692782596994,640000,HalfCheetah-v3,SAC_Q2a
129,8681.2710181129,645000,HalfCheetah-v3,SAC_Q2a
130,9462.752535013838,650000,HalfCheetah-v3,SAC_Q2a
131,9663.369391333144,655000,HalfCheetah-v3,SAC_Q2a
132,9179.711260299326,660000,HalfCheetah-v3,SAC_Q2a
133,9696.278528692348,665000,HalfCheetah-v3,SAC_Q2a
134,9261.336929108664,670000,HalfCheetah-v3,SAC_Q2a
135,9381.461791651931,675000,HalfCheetah-v3,SAC_Q2a
