index,Average Return,Timesteps,env,algorithm_name
0,-622.1650311490672,0,HalfCheetah-v3,SAC_Q2a
1,-3.497765862116714,5000,HalfCheetah-v3,SAC_Q2a
2,-289.7679851839028,10000,HalfCheetah-v3,SAC_Q2a
3,-179.01345757077092,15000,HalfCheetah-v3,SAC_Q2a
4,236.15989967167417,20000,HalfCheetah-v3,SAC_Q2a
5,1009.8477900929571,25000,HalfCheetah-v3,SAC_Q2a
6,1833.048459147643,30000,HalfCheetah-v3,SAC_Q2a
7,2783.769902483066,35000,HalfCheetah-v3,SAC_Q2a
8,3096.469443239026,40000,HalfCheetah-v3,SAC_Q2a
9,2753.1899421258504,45000,HalfCheetah-v3,SAC_Q2a
10,4294.982524557702,50000,HalfCheetah-v3,SAC_Q2a
11,4496.2809109592745,55000,HalfCheetah-v3,SAC_Q2a
12,4596.896749427842,60000,HalfCheetah-v3,SAC_Q2a
13,4753.88463260178,65000,HalfCheetah-v3,SAC_Q2a
14,5052.730783924819,70000,HalfCheetah-v3,SAC_Q2a
15,5157.044615949907,75000,HalfCheetah-v3,SAC_Q2a
16,5496.968147420336,80000,HalfCheetah-v3,SAC_Q2a
17,5362.576734150989,85000,HalfCheetah-v3,SAC_Q2a
18,5667.831090289018,90000,HalfCheetah-v3,SAC_Q2a
19,5824.48194333355,95000,HalfCheetah-v3,SAC_Q2a
20,6006.019795654901,100000,HalfCheetah-v3,SAC_Q2a
21,5237.340627366642,105000,HalfCheetah-v3,SAC_Q2a
22,6403.111562862042,110000,HalfCheetah-v3,SAC_Q2a
23,6566.701225196606,115000,HalfCheetah-v3,SAC_Q2a
24,6530.891100335329,120000,HalfCheetah-v3,SAC_Q2a
25,6539.2133124926395,125000,HalfCheetah-v3,SAC_Q2a
26,6568.211592203545,130000,HalfCheetah-v3,SAC_Q2a
27,6928.813705360604,135000,HalfCheetah-v3,SAC_Q2a
28,6748.5964793694,140000,HalfCheetah-v3,SAC_Q2a
29,6916.897656948478,145000,HalfCheetah-v3,SAC_Q2a
30,6942.041600392005,150000,HalfCheetah-v3,SAC_Q2a
31,7001.248355405669,155000,HalfCheetah-v3,SAC_Q2a
32,7009.814771812856,160000,HalfCheetah-v3,SAC_Q2a
33,7283.279740721414,165000,HalfCheetah-v3,SAC_Q2a
34,7327.098591483647,170000,HalfCheetah-v3,SAC_Q2a
35,7477.542094550168,175000,HalfCheetah-v3,SAC_Q2a
36,7399.057942174853,180000,HalfCheetah-v3,SAC_Q2a
37,7487.290580389592,185000,HalfCheetah-v3,SAC_Q2a
38,7473.42906443175,190000,HalfCheetah-v3,SAC_Q2a
39,7497.079822755177,195000,HalfCheetah-v3,SAC_Q2a
40,7307.674858893687,200000,HalfCheetah-v3,SAC_Q2a
41,7485.679225053461,205000,HalfCheetah-v3,SAC_Q2a
42,7607.408338145525,210000,HalfCheetah-v3,SAC_Q2a
43,7636.170449610427,215000,HalfCheetah-v3,SAC_Q2a
44,7715.432916953631,220000,HalfCheetah-v3,SAC_Q2a
45,7562.256587738108,225000,HalfCheetah-v3,SAC_Q2a
46,7722.887053479395,230000,HalfCheetah-v3,SAC_Q2a
47,7649.684638549808,235000,HalfCheetah-v3,SAC_Q2a
48,7774.915667733435,240000,HalfCheetah-v3,SAC_Q2a
49,7885.235064753532,245000,HalfCheetah-v3,SAC_Q2a
50,7826.898663044814,250000,HalfCheetah-v3,SAC_Q2a
51,7874.115837206729,255000,HalfCheetah-v3,SAC_Q2a
52,7797.115377870886,260000,HalfCheetah-v3,SAC_Q2a
53,8020.873109816396,265000,HalfCheetah-v3,SAC_Q2a
54,8024.165536107585,270000,HalfCheetah-v3,SAC_Q2a
55,7914.552857691723,275000,HalfCheetah-v3,SAC_Q2a
56,8063.33133164738,280000,HalfCheetah-v3,SAC_Q2a
57,8017.716578851087,285000,HalfCheetah-v3,SAC_Q2a
58,8161.047418017089,290000,HalfCheetah-v3,SAC_Q2a
59,8140.97821661576,295000,HalfCheetah-v3,SAC_Q2a
60,8192.857832454107,300000,HalfCheetah-v3,SAC_Q2a
61,8235.595778757774,305000,HalfCheetah-v3,SAC_Q2a
62,8180.567769799303,310000,HalfCheetah-v3,SAC_Q2a
63,8235.78254195502,315000,HalfCheetah-v3,SAC_Q2a
64,8433.777982414367,320000,HalfCheetah-v3,SAC_Q2a
65,8167.127111916414,325000,HalfCheetah-v3,SAC_Q2a
66,7758.072309065215,330000,HalfCheetah-v3,SAC_Q2a
67,8358.882702201485,335000,HalfCheetah-v3,SAC_Q2a
68,8539.273556254873,340000,HalfCheetah-v3,SAC_Q2a
69,8091.921364830401,345000,HalfCheetah-v3,SAC_Q2a
70,8481.139640176578,350000,HalfCheetah-v3,SAC_Q2a
71,8445.465261641182,355000,HalfCheetah-v3,SAC_Q2a
72,8296.634013407072,360000,HalfCheetah-v3,SAC_Q2a
73,8424.078150370386,365000,HalfCheetah-v3,SAC_Q2a
74,8374.309474846426,370000,HalfCheetah-v3,SAC_Q2a
75,8290.671610814463,375000,HalfCheetah-v3,SAC_Q2a
76,8559.605029448812,380000,HalfCheetah-v3,SAC_Q2a
77,8103.149894008775,385000,HalfCheetah-v3,SAC_Q2a
78,8588.93488977031,390000,HalfCheetah-v3,SAC_Q2a
79,8654.584230205586,395000,HalfCheetah-v3,SAC_Q2a
80,8519.324125814177,400000,HalfCheetah-v3,SAC_Q2a
81,8693.048058435117,405000,HalfCheetah-v3,SAC_Q2a
82,8581.178013777597,410000,HalfCheetah-v3,SAC_Q2a
83,8571.779556231355,415000,HalfCheetah-v3,SAC_Q2a
84,8758.367100145633,420000,HalfCheetah-v3,SAC_Q2a
85,8823.568689807325,425000,HalfCheetah-v3,SAC_Q2a
86,8836.54420799059,430000,HalfCheetah-v3,SAC_Q2a
87,8774.517741947206,435000,HalfCheetah-v3,SAC_Q2a
88,8571.56494368496,440000,HalfCheetah-v3,SAC_Q2a
89,8912.262259021309,445000,HalfCheetah-v3,SAC_Q2a
90,8899.294578892115,450000,HalfCheetah-v3,SAC_Q2a
91,9006.867075285507,455000,HalfCheetah-v3,SAC_Q2a
92,8802.548268780254,460000,HalfCheetah-v3,SAC_Q2a
93,8787.77433586739,465000,HalfCheetah-v3,SAC_Q2a
94,8928.879175839767,470000,HalfCheetah-v3,SAC_Q2a
95,9017.11642349018,475000,HalfCheetah-v3,SAC_Q2a
96,8982.022653315451,480000,HalfCheetah-v3,SAC_Q2a
97,9124.816235888098,485000,HalfCheetah-v3,SAC_Q2a
98,8336.643072852125,490000,HalfCheetah-v3,SAC_Q2a
99,9173.26220955991,495000,HalfCheetah-v3,SAC_Q2a
100,8967.883614149847,500000,HalfCheetah-v3,SAC_Q2a
101,9202.369720847655,505000,HalfCheetah-v3,SAC_Q2a
102,9246.75885590096,510000,HalfCheetah-v3,SAC_Q2a
103,9096.643483058682,515000,HalfCheetah-v3,SAC_Q2a
104,9247.508001924902,520000,HalfCheetah-v3,SAC_Q2a
105,9115.817743899457,525000,HalfCheetah-v3,SAC_Q2a
106,9107.86972473968,530000,HalfCheetah-v3,SAC_Q2a
107,9241.66507944783,535000,HalfCheetah-v3,SAC_Q2a
108,9372.154725908573,540000,HalfCheetah-v3,SAC_Q2a
109,9334.874779943977,545000,HalfCheetah-v3,SAC_Q2a
110,9392.55757593939,550000,HalfCheetah-v3,SAC_Q2a
111,9499.448484317485,555000,HalfCheetah-v3,SAC_Q2a
112,9326.982063641744,560000,HalfCheetah-v3,SAC_Q2a
113,9515.66050203628,565000,HalfCheetah-v3,SAC_Q2a
114,9339.846077004519,570000,HalfCheetah-v3,SAC_Q2a
115,9569.360504204362,575000,HalfCheetah-v3,SAC_Q2a
116,9537.680002638986,580000,HalfCheetah-v3,SAC_Q2a
117,9601.43174952824,585000,HalfCheetah-v3,SAC_Q2a
118,9514.727931782621,590000,HalfCheetah-v3,SAC_Q2a
119,9549.854184336924,595000,HalfCheetah-v3,SAC_Q2a
120,9455.986290386954,600000,HalfCheetah-v3,SAC_Q2a
121,9661.496376806692,605000,HalfCheetah-v3,SAC_Q2a
122,9582.61670074665,610000,HalfCheetah-v3,SAC_Q2a
123,9527.610039158162,615000,HalfCheetah-v3,SAC_Q2a
124,9609.808493081744,620000,HalfCheetah-v3,SAC_Q2a
125,9524.10639539712,625000,HalfCheetah-v3,SAC_Q2a
126,9649.622362439291,630000,HalfCheetah-v3,SAC_Q2a
127,9640.252133575148,635000,HalfCheetah-v3,SAC_Q2a
128,9832.77510238128,640000,HalfCheetah-v3,SAC_Q2a
129,9630.451139010229,645000,HalfCheetah-v3,SAC_Q2a
130,9871.122750631363,650000,HalfCheetah-v3,SAC_Q2a
131,9658.861263668416,655000,HalfCheetah-v3,SAC_Q2a
132,9520.35116812609,660000,HalfCheetah-v3,SAC_Q2a
133,9672.958727602625,665000,HalfCheetah-v3,SAC_Q2a
134,9688.851551401109,670000,HalfCheetah-v3,SAC_Q2a
135,9954.178148163792,675000,HalfCheetah-v3,SAC_Q2a
136,9790.489166102438,680000,HalfCheetah-v3,SAC_Q2a
137,9323.79283053984,685000,HalfCheetah-v3,SAC_Q2a
138,9893.699951685387,690000,HalfCheetah-v3,SAC_Q2a
139,9862.603321682629,695000,HalfCheetah-v3,SAC_Q2a
140,9993.823966647751,700000,HalfCheetah-v3,SAC_Q2a
141,9710.189722011983,705000,HalfCheetah-v3,SAC_Q2a
142,9849.759982594676,710000,HalfCheetah-v3,SAC_Q2a
143,9985.690381030461,715000,HalfCheetah-v3,SAC_Q2a
144,9998.585737136946,720000,HalfCheetah-v3,SAC_Q2a
145,10211.517319158378,725000,HalfCheetah-v3,SAC_Q2a
146,10115.715335969691,730000,HalfCheetah-v3,SAC_Q2a
147,10188.690121805834,735000,HalfCheetah-v3,SAC_Q2a
148,9582.4241742377,740000,HalfCheetah-v3,SAC_Q2a
149,9975.310459979975,745000,HalfCheetah-v3,SAC_Q2a
150,9937.88403237363,750000,HalfCheetah-v3,SAC_Q2a
151,9922.774759918391,755000,HalfCheetah-v3,SAC_Q2a
152,10105.784866768005,760000,HalfCheetah-v3,SAC_Q2a
153,10046.254844190435,765000,HalfCheetah-v3,SAC_Q2a
154,10151.480028841237,770000,HalfCheetah-v3,SAC_Q2a
155,10167.445043991771,775000,HalfCheetah-v3,SAC_Q2a
156,10269.62949245529,780000,HalfCheetah-v3,SAC_Q2a
157,10181.134169175659,785000,HalfCheetah-v3,SAC_Q2a
158,10213.699132045076,790000,HalfCheetah-v3,SAC_Q2a
159,10285.492353858233,795000,HalfCheetah-v3,SAC_Q2a
160,10467.161700748971,800000,HalfCheetah-v3,SAC_Q2a
161,10448.586656797566,805000,HalfCheetah-v3,SAC_Q2a
162,10277.15381704852,810000,HalfCheetah-v3,SAC_Q2a
163,10175.369486409849,815000,HalfCheetah-v3,SAC_Q2a
164,10393.333976975924,820000,HalfCheetah-v3,SAC_Q2a
165,10407.679616301482,825000,HalfCheetah-v3,SAC_Q2a
166,10306.374109383916,830000,HalfCheetah-v3,SAC_Q2a
167,10524.006230973035,835000,HalfCheetah-v3,SAC_Q2a
168,10472.167388459446,840000,HalfCheetah-v3,SAC_Q2a
169,10407.534915968836,845000,HalfCheetah-v3,SAC_Q2a
170,10293.73838304545,850000,HalfCheetah-v3,SAC_Q2a
171,10529.627351034293,855000,HalfCheetah-v3,SAC_Q2a
172,10664.970922346682,860000,HalfCheetah-v3,SAC_Q2a
173,10679.135227995623,865000,HalfCheetah-v3,SAC_Q2a
174,10805.940650521774,870000,HalfCheetah-v3,SAC_Q2a
175,10630.245818546173,875000,HalfCheetah-v3,SAC_Q2a
176,10397.260802352625,880000,HalfCheetah-v3,SAC_Q2a
177,10772.505079565432,885000,HalfCheetah-v3,SAC_Q2a
178,10902.489859118476,890000,HalfCheetah-v3,SAC_Q2a
179,10905.23458523928,895000,HalfCheetah-v3,SAC_Q2a
180,10783.195941719945,900000,HalfCheetah-v3,SAC_Q2a
181,10633.570747649264,905000,HalfCheetah-v3,SAC_Q2a
182,10798.744869231026,910000,HalfCheetah-v3,SAC_Q2a
183,10803.134429832618,915000,HalfCheetah-v3,SAC_Q2a
184,10948.275095545734,920000,HalfCheetah-v3,SAC_Q2a
185,10765.077929132547,925000,HalfCheetah-v3,SAC_Q2a
186,10713.522020402284,930000,HalfCheetah-v3,SAC_Q2a
187,11074.390361605478,935000,HalfCheetah-v3,SAC_Q2a
188,10948.510993153197,940000,HalfCheetah-v3,SAC_Q2a
189,11134.798265050367,945000,HalfCheetah-v3,SAC_Q2a
190,11113.284129672526,950000,HalfCheetah-v3,SAC_Q2a
191,11128.938313785624,955000,HalfCheetah-v3,SAC_Q2a
192,11070.256637969012,960000,HalfCheetah-v3,SAC_Q2a
193,10875.823027053353,965000,HalfCheetah-v3,SAC_Q2a
194,10975.985828347932,970000,HalfCheetah-v3,SAC_Q2a
195,10770.949489200306,975000,HalfCheetah-v3,SAC_Q2a
196,11112.94087142089,980000,HalfCheetah-v3,SAC_Q2a
197,10999.881449311062,985000,HalfCheetah-v3,SAC_Q2a
198,11023.965779093674,990000,HalfCheetah-v3,SAC_Q2a
199,11083.815286089408,995000,HalfCheetah-v3,SAC_Q2a
200,11370.371710304124,1000000,HalfCheetah-v3,SAC_Q2a
