index,Average Return,Timesteps,env,algorithm_name
0,141.5980738626612,0,Humanoid-v3,SAC_Q2a
1,98.35759350817777,5000,Humanoid-v3,SAC_Q2a
2,362.2532122786607,10000,Humanoid-v3,SAC_Q2a
3,357.6348399787561,15000,Humanoid-v3,SAC_Q2a
4,361.23368051378634,20000,Humanoid-v3,SAC_Q2a
5,405.51034645807863,25000,Humanoid-v3,SAC_Q2a
6,518.3834321644229,30000,Humanoid-v3,SAC_Q2a
7,586.5533148046627,35000,Humanoid-v3,SAC_Q2a
8,433.6621303549602,40000,Humanoid-v3,SAC_Q2a
9,449.8990102363211,45000,Humanoid-v3,SAC_Q2a
10,603.0190292082209,50000,Humanoid-v3,SAC_Q2a
11,410.1731691963937,55000,Humanoid-v3,SAC_Q2a
12,574.0763481664277,60000,Humanoid-v3,SAC_Q2a
13,579.668535184793,65000,Humanoid-v3,SAC_Q2a
14,518.6093221454354,70000,Humanoid-v3,SAC_Q2a
15,486.1483008385944,75000,Humanoid-v3,SAC_Q2a
16,417.728409665262,80000,Humanoid-v3,SAC_Q2a
17,676.0978424401077,85000,Humanoid-v3,SAC_Q2a
18,476.6527213883579,90000,Humanoid-v3,SAC_Q2a
19,625.9788509208663,95000,Humanoid-v3,SAC_Q2a
20,581.201722442034,100000,Humanoid-v3,SAC_Q2a
21,598.6035383028045,105000,Humanoid-v3,SAC_Q2a
22,669.4077457589616,110000,Humanoid-v3,SAC_Q2a
23,572.7129680884966,115000,Humanoid-v3,SAC_Q2a
24,611.8161928914145,120000,Humanoid-v3,SAC_Q2a
25,799.709380788228,125000,Humanoid-v3,SAC_Q2a
26,861.3284296005768,130000,Humanoid-v3,SAC_Q2a
27,821.2528883119423,135000,Humanoid-v3,SAC_Q2a
28,736.638691939201,140000,Humanoid-v3,SAC_Q2a
29,587.3235491533203,145000,Humanoid-v3,SAC_Q2a
30,794.6557037994671,150000,Humanoid-v3,SAC_Q2a
31,641.00545569484,155000,Humanoid-v3,SAC_Q2a
32,869.9663759968829,160000,Humanoid-v3,SAC_Q2a
33,719.7728080382933,165000,Humanoid-v3,SAC_Q2a
34,814.9101797534356,170000,Humanoid-v3,SAC_Q2a
35,763.6929286385783,175000,Humanoid-v3,SAC_Q2a
36,670.9011666020469,180000,Humanoid-v3,SAC_Q2a
37,903.8683243300378,185000,Humanoid-v3,SAC_Q2a
38,825.8820184196818,190000,Humanoid-v3,SAC_Q2a
39,779.2344184046292,195000,Humanoid-v3,SAC_Q2a
40,726.2416292720734,200000,Humanoid-v3,SAC_Q2a
41,799.434519177779,205000,Humanoid-v3,SAC_Q2a
42,1537.9210312408525,210000,Humanoid-v3,SAC_Q2a
43,678.7206429903733,215000,Humanoid-v3,SAC_Q2a
44,1110.494737338736,220000,Humanoid-v3,SAC_Q2a
45,1849.2818019571564,225000,Humanoid-v3,SAC_Q2a
46,1552.5827721807427,230000,Humanoid-v3,SAC_Q2a
47,3260.651717578841,235000,Humanoid-v3,SAC_Q2a
48,2020.85885542431,240000,Humanoid-v3,SAC_Q2a
49,4112.451825169022,245000,Humanoid-v3,SAC_Q2a
50,1712.8129082868734,250000,Humanoid-v3,SAC_Q2a
51,3013.8145193427345,255000,Humanoid-v3,SAC_Q2a
52,4395.018331444378,260000,Humanoid-v3,SAC_Q2a
53,1183.7159918443342,265000,Humanoid-v3,SAC_Q2a
54,3850.151872665335,270000,Humanoid-v3,SAC_Q2a
55,1457.584049069612,275000,Humanoid-v3,SAC_Q2a
56,2076.5013491178847,280000,Humanoid-v3,SAC_Q2a
57,3094.516616578103,285000,Humanoid-v3,SAC_Q2a
58,3836.6579532711594,290000,Humanoid-v3,SAC_Q2a
59,4002.536433843822,295000,Humanoid-v3,SAC_Q2a
60,3836.827885196126,300000,Humanoid-v3,SAC_Q2a
61,3218.1671150831326,305000,Humanoid-v3,SAC_Q2a
62,4024.5587915718374,310000,Humanoid-v3,SAC_Q2a
63,2654.450794310125,315000,Humanoid-v3,SAC_Q2a
64,2401.9576953568517,320000,Humanoid-v3,SAC_Q2a
65,1702.7745876467247,325000,Humanoid-v3,SAC_Q2a
66,5184.98757135886,330000,Humanoid-v3,SAC_Q2a
67,5150.584545458143,335000,Humanoid-v3,SAC_Q2a
68,4778.0870821039225,340000,Humanoid-v3,SAC_Q2a
69,3165.362168175616,345000,Humanoid-v3,SAC_Q2a
70,3410.9990176046717,350000,Humanoid-v3,SAC_Q2a
71,5187.828454653414,355000,Humanoid-v3,SAC_Q2a
72,3573.9505873910034,360000,Humanoid-v3,SAC_Q2a
73,2234.656125150706,365000,Humanoid-v3,SAC_Q2a
