index,Average Return,Timesteps,env,algorithm_name
0,-111.24771103532585,0,HalfCheetah-v3,SAC_Q2a
1,-209.64303789174264,5000,HalfCheetah-v3,SAC_Q2a
2,-508.57515650959056,10000,HalfCheetah-v3,SAC_Q2a
3,-601.6469017850511,15000,HalfCheetah-v3,SAC_Q2a
4,-167.202509901917,20000,HalfCheetah-v3,SAC_Q2a
5,801.949700287818,25000,HalfCheetah-v3,SAC_Q2a
6,888.7755422384749,30000,HalfCheetah-v3,SAC_Q2a
7,1473.403020880509,35000,HalfCheetah-v3,SAC_Q2a
8,1891.2316662057758,40000,HalfCheetah-v3,SAC_Q2a
9,2643.302371180343,45000,HalfCheetah-v3,SAC_Q2a
10,2697.5578311064273,50000,HalfCheetah-v3,SAC_Q2a
11,3389.168176213699,55000,HalfCheetah-v3,SAC_Q2a
12,3603.1340127785793,60000,HalfCheetah-v3,SAC_Q2a
13,3301.11249428676,65000,HalfCheetah-v3,SAC_Q2a
14,3592.633398856924,70000,HalfCheetah-v3,SAC_Q2a
15,4165.632626976085,75000,HalfCheetah-v3,SAC_Q2a
16,4391.507237034164,80000,HalfCheetah-v3,SAC_Q2a
17,4362.103187532843,85000,HalfCheetah-v3,SAC_Q2a
18,4371.638157475392,90000,HalfCheetah-v3,SAC_Q2a
19,4786.5067352747565,95000,HalfCheetah-v3,SAC_Q2a
20,2886.085963967778,100000,HalfCheetah-v3,SAC_Q2a
21,4318.6319109508695,105000,HalfCheetah-v3,SAC_Q2a
22,3989.508951812415,110000,HalfCheetah-v3,SAC_Q2a
23,5227.0861773179,115000,HalfCheetah-v3,SAC_Q2a
24,5377.240581145086,120000,HalfCheetah-v3,SAC_Q2a
25,5392.682916684544,125000,HalfCheetah-v3,SAC_Q2a
26,5694.010031246621,130000,HalfCheetah-v3,SAC_Q2a
27,5822.459032085144,135000,HalfCheetah-v3,SAC_Q2a
28,5861.430323887473,140000,HalfCheetah-v3,SAC_Q2a
29,5912.002868485906,145000,HalfCheetah-v3,SAC_Q2a
30,6011.500395769268,150000,HalfCheetah-v3,SAC_Q2a
31,4972.297623696568,155000,HalfCheetah-v3,SAC_Q2a
32,6214.815423684976,160000,HalfCheetah-v3,SAC_Q2a
33,6221.051482956468,165000,HalfCheetah-v3,SAC_Q2a
34,5961.099631358328,170000,HalfCheetah-v3,SAC_Q2a
35,6234.385900482346,175000,HalfCheetah-v3,SAC_Q2a
36,6251.686518060665,180000,HalfCheetah-v3,SAC_Q2a
37,6262.692168891703,185000,HalfCheetah-v3,SAC_Q2a
38,6383.5444437982605,190000,HalfCheetah-v3,SAC_Q2a
39,6457.982794720076,195000,HalfCheetah-v3,SAC_Q2a
40,6399.80116735354,200000,HalfCheetah-v3,SAC_Q2a
41,6439.2537974730785,205000,HalfCheetah-v3,SAC_Q2a
42,6534.117042225282,210000,HalfCheetah-v3,SAC_Q2a
43,6579.286569858041,215000,HalfCheetah-v3,SAC_Q2a
44,6753.7005063193255,220000,HalfCheetah-v3,SAC_Q2a
45,6567.087755612549,225000,HalfCheetah-v3,SAC_Q2a
46,6554.808836558516,230000,HalfCheetah-v3,SAC_Q2a
47,6688.880299408444,235000,HalfCheetah-v3,SAC_Q2a
48,6851.502153542172,240000,HalfCheetah-v3,SAC_Q2a
49,6826.13857137217,245000,HalfCheetah-v3,SAC_Q2a
50,7030.435756171473,250000,HalfCheetah-v3,SAC_Q2a
51,7150.734574698983,255000,HalfCheetah-v3,SAC_Q2a
52,6852.77125622763,260000,HalfCheetah-v3,SAC_Q2a
53,6979.980475792744,265000,HalfCheetah-v3,SAC_Q2a
54,7464.532191820181,270000,HalfCheetah-v3,SAC_Q2a
55,7242.526635599041,275000,HalfCheetah-v3,SAC_Q2a
56,7343.251465557881,280000,HalfCheetah-v3,SAC_Q2a
57,7448.970884678476,285000,HalfCheetah-v3,SAC_Q2a
58,7477.106240263706,290000,HalfCheetah-v3,SAC_Q2a
59,7514.817435690211,295000,HalfCheetah-v3,SAC_Q2a
60,7451.5421619822055,300000,HalfCheetah-v3,SAC_Q2a
61,7577.3651494335445,305000,HalfCheetah-v3,SAC_Q2a
62,7845.477720640076,310000,HalfCheetah-v3,SAC_Q2a
63,7674.631399751868,315000,HalfCheetah-v3,SAC_Q2a
64,7938.497783865668,320000,HalfCheetah-v3,SAC_Q2a
65,7279.751078484517,325000,HalfCheetah-v3,SAC_Q2a
66,7433.4817060050555,330000,HalfCheetah-v3,SAC_Q2a
67,7917.201258932796,335000,HalfCheetah-v3,SAC_Q2a
68,8149.629769281589,340000,HalfCheetah-v3,SAC_Q2a
69,8150.911863829342,345000,HalfCheetah-v3,SAC_Q2a
70,8238.645370624257,350000,HalfCheetah-v3,SAC_Q2a
71,8137.623172344111,355000,HalfCheetah-v3,SAC_Q2a
72,8265.968600229535,360000,HalfCheetah-v3,SAC_Q2a
73,8256.55852111423,365000,HalfCheetah-v3,SAC_Q2a
74,8427.836970060453,370000,HalfCheetah-v3,SAC_Q2a
75,8238.172891731894,375000,HalfCheetah-v3,SAC_Q2a
76,8470.588574131203,380000,HalfCheetah-v3,SAC_Q2a
77,8299.3810097952,385000,HalfCheetah-v3,SAC_Q2a
78,8332.80400847262,390000,HalfCheetah-v3,SAC_Q2a
79,8375.551104813043,395000,HalfCheetah-v3,SAC_Q2a
80,8446.159457525346,400000,HalfCheetah-v3,SAC_Q2a
81,8662.912370097314,405000,HalfCheetah-v3,SAC_Q2a
82,8507.697578218747,410000,HalfCheetah-v3,SAC_Q2a
83,8705.747870195755,415000,HalfCheetah-v3,SAC_Q2a
84,8666.257799951694,420000,HalfCheetah-v3,SAC_Q2a
85,8627.64044314418,425000,HalfCheetah-v3,SAC_Q2a
86,8887.230817434121,430000,HalfCheetah-v3,SAC_Q2a
87,8981.302467864418,435000,HalfCheetah-v3,SAC_Q2a
88,8794.171944036763,440000,HalfCheetah-v3,SAC_Q2a
89,8871.315531331133,445000,HalfCheetah-v3,SAC_Q2a
90,8781.741688358565,450000,HalfCheetah-v3,SAC_Q2a
91,9053.982783266727,455000,HalfCheetah-v3,SAC_Q2a
92,9055.922577623254,460000,HalfCheetah-v3,SAC_Q2a
93,8858.77393119555,465000,HalfCheetah-v3,SAC_Q2a
94,8910.76476694066,470000,HalfCheetah-v3,SAC_Q2a
95,9121.995673493107,475000,HalfCheetah-v3,SAC_Q2a
96,9109.038175934887,480000,HalfCheetah-v3,SAC_Q2a
97,9178.006269336782,485000,HalfCheetah-v3,SAC_Q2a
98,9283.492808945304,490000,HalfCheetah-v3,SAC_Q2a
99,9299.583977934293,495000,HalfCheetah-v3,SAC_Q2a
100,9387.917867017448,500000,HalfCheetah-v3,SAC_Q2a
101,9332.176053313373,505000,HalfCheetah-v3,SAC_Q2a
102,8933.236686241169,510000,HalfCheetah-v3,SAC_Q2a
103,9252.59966519783,515000,HalfCheetah-v3,SAC_Q2a
104,9651.078351104648,520000,HalfCheetah-v3,SAC_Q2a
105,9293.248884004548,525000,HalfCheetah-v3,SAC_Q2a
106,9243.815616080874,530000,HalfCheetah-v3,SAC_Q2a
107,9497.434223803943,535000,HalfCheetah-v3,SAC_Q2a
108,9383.052484722564,540000,HalfCheetah-v3,SAC_Q2a
109,9456.321943650848,545000,HalfCheetah-v3,SAC_Q2a
110,9668.79557714803,550000,HalfCheetah-v3,SAC_Q2a
111,9597.461287918351,555000,HalfCheetah-v3,SAC_Q2a
112,9519.765561522836,560000,HalfCheetah-v3,SAC_Q2a
113,9714.78532435521,565000,HalfCheetah-v3,SAC_Q2a
114,9402.034811461097,570000,HalfCheetah-v3,SAC_Q2a
115,9644.476107425926,575000,HalfCheetah-v3,SAC_Q2a
116,9403.43801708069,580000,HalfCheetah-v3,SAC_Q2a
117,9674.05752738211,585000,HalfCheetah-v3,SAC_Q2a
118,9579.989731041856,590000,HalfCheetah-v3,SAC_Q2a
119,9590.386182752736,595000,HalfCheetah-v3,SAC_Q2a
120,9347.303566557996,600000,HalfCheetah-v3,SAC_Q2a
121,9688.031306457295,605000,HalfCheetah-v3,SAC_Q2a
122,9717.244801666744,610000,HalfCheetah-v3,SAC_Q2a
123,9378.308640400104,615000,HalfCheetah-v3,SAC_Q2a
124,9715.493944360185,620000,HalfCheetah-v3,SAC_Q2a
125,9937.885470975712,625000,HalfCheetah-v3,SAC_Q2a
126,9912.730142775568,630000,HalfCheetah-v3,SAC_Q2a
127,9639.074647960337,635000,HalfCheetah-v3,SAC_Q2a
128,9829.85680625544,640000,HalfCheetah-v3,SAC_Q2a
129,9929.771766699314,645000,HalfCheetah-v3,SAC_Q2a
130,9974.736371965366,650000,HalfCheetah-v3,SAC_Q2a
131,9883.670463076709,655000,HalfCheetah-v3,SAC_Q2a
132,9904.088783853822,660000,HalfCheetah-v3,SAC_Q2a
