index,Average Return,Timesteps,env,algorithm_name
0,-460.75825708901914,0.0,HalfCheetah-v3,TD3_Q2a2x64_1p
1,-507.37592099317317,5000.0,HalfCheetah-v3,TD3_Q2a2x64_1p
2,-478.9639871707242,10000.0,HalfCheetah-v3,TD3_Q2a2x64_1p
3,-459.31593536057835,15000.0,HalfCheetah-v3,TD3_Q2a2x64_1p
4,-496.88176558241975,20000.0,HalfCheetah-v3,TD3_Q2a2x64_1p
5,-460.0738615996931,25000.0,HalfCheetah-v3,TD3_Q2a2x64_1p
6,-376.08374797626027,30000.0,HalfCheetah-v3,TD3_Q2a2x64_1p
7,-480.1323384274124,35000.0,HalfCheetah-v3,TD3_Q2a2x64_1p
8,-470.92169138452164,40000.0,HalfCheetah-v3,TD3_Q2a2x64_1p
9,-470.9243314069046,45000.0,HalfCheetah-v3,TD3_Q2a2x64_1p
10,-375.9783808946234,50000.0,HalfCheetah-v3,TD3_Q2a2x64_1p
11,-371.6338988614588,55000.0,HalfCheetah-v3,TD3_Q2a2x64_1p
12,-380.2022872467543,60000.0,HalfCheetah-v3,TD3_Q2a2x64_1p
13,-386.99110931744167,65000.0,HalfCheetah-v3,TD3_Q2a2x64_1p
14,-393.8835215411535,70000.0,HalfCheetah-v3,TD3_Q2a2x64_1p
15,-389.16869337132704,75000.0,HalfCheetah-v3,TD3_Q2a2x64_1p
16,-401.98178418621677,80000.0,HalfCheetah-v3,TD3_Q2a2x64_1p
17,-413.08061108245164,85000.0,HalfCheetah-v3,TD3_Q2a2x64_1p
18,-383.4627267389675,90000.0,HalfCheetah-v3,TD3_Q2a2x64_1p
19,-361.8323995409511,95000.0,HalfCheetah-v3,TD3_Q2a2x64_1p
20,-248.36435052417013,100000.0,HalfCheetah-v3,TD3_Q2a2x64_1p
21,-281.68388887008723,105000.0,HalfCheetah-v3,TD3_Q2a2x64_1p
22,-309.96825117262955,110000.0,HalfCheetah-v3,TD3_Q2a2x64_1p
23,-285.25186897593863,115000.0,HalfCheetah-v3,TD3_Q2a2x64_1p
24,-228.94515505685044,120000.0,HalfCheetah-v3,TD3_Q2a2x64_1p
25,-333.63123847702883,125000.0,HalfCheetah-v3,TD3_Q2a2x64_1p
26,-335.48752808071197,130000.0,HalfCheetah-v3,TD3_Q2a2x64_1p
27,-345.69016747084436,135000.0,HalfCheetah-v3,TD3_Q2a2x64_1p
28,-293.1061374200656,140000.0,HalfCheetah-v3,TD3_Q2a2x64_1p
29,-294.0691850561524,145000.0,HalfCheetah-v3,TD3_Q2a2x64_1p
30,506.8574838745409,150000.0,HalfCheetah-v3,TD3_Q2a2x64_1p
31,510.7304305325039,155000.0,HalfCheetah-v3,TD3_Q2a2x64_1p
32,738.3117251854017,160000.0,HalfCheetah-v3,TD3_Q2a2x64_1p
33,531.6491054597757,165000.0,HalfCheetah-v3,TD3_Q2a2x64_1p
34,662.4672111390217,170000.0,HalfCheetah-v3,TD3_Q2a2x64_1p
35,1136.8134843800394,175000.0,HalfCheetah-v3,TD3_Q2a2x64_1p
36,1348.372152868888,180000.0,HalfCheetah-v3,TD3_Q2a2x64_1p
37,1258.8342529589881,185000.0,HalfCheetah-v3,TD3_Q2a2x64_1p
38,1296.0126047814852,190000.0,HalfCheetah-v3,TD3_Q2a2x64_1p
39,1268.0841786935816,195000.0,HalfCheetah-v3,TD3_Q2a2x64_1p
40,2126.4545721655427,200000.0,HalfCheetah-v3,TD3_Q2a2x64_1p
41,1785.291158052712,205000.0,HalfCheetah-v3,TD3_Q2a2x64_1p
42,1801.6625071244557,210000.0,HalfCheetah-v3,TD3_Q2a2x64_1p
43,1729.0356785541558,215000.0,HalfCheetah-v3,TD3_Q2a2x64_1p
44,1783.0501303452463,220000.0,HalfCheetah-v3,TD3_Q2a2x64_1p
45,1948.029522988294,225000.0,HalfCheetah-v3,TD3_Q2a2x64_1p
46,1688.9547722388859,230000.0,HalfCheetah-v3,TD3_Q2a2x64_1p
47,1650.7694834248518,235000.0,HalfCheetah-v3,TD3_Q2a2x64_1p
48,1505.4077279672533,240000.0,HalfCheetah-v3,TD3_Q2a2x64_1p
49,1456.8785621885254,245000.0,HalfCheetah-v3,TD3_Q2a2x64_1p
50,1843.3499344787574,250000.0,HalfCheetah-v3,TD3_Q2a2x64_1p
51,2439.0645110015007,255000.0,HalfCheetah-v3,TD3_Q2a2x64_1p
52,2196.254685212408,260000.0,HalfCheetah-v3,TD3_Q2a2x64_1p
53,1869.7491693373286,265000.0,HalfCheetah-v3,TD3_Q2a2x64_1p
54,2231.8586692542776,270000.0,HalfCheetah-v3,TD3_Q2a2x64_1p
55,2982.2010506310266,275000.0,HalfCheetah-v3,TD3_Q2a2x64_1p
56,3127.5493877502513,280000.0,HalfCheetah-v3,TD3_Q2a2x64_1p
57,2920.3459996520714,285000.0,HalfCheetah-v3,TD3_Q2a2x64_1p
58,2864.9708960688536,290000.0,HalfCheetah-v3,TD3_Q2a2x64_1p
59,2909.3093340699666,295000.0,HalfCheetah-v3,TD3_Q2a2x64_1p
60,3115.310514620519,300000.0,HalfCheetah-v3,TD3_Q2a2x64_1p
61,3267.197079127234,305000.0,HalfCheetah-v3,TD3_Q2a2x64_1p
62,3155.4893442302305,310000.0,HalfCheetah-v3,TD3_Q2a2x64_1p
63,3109.3196348734264,315000.0,HalfCheetah-v3,TD3_Q2a2x64_1p
64,3036.021953416942,320000.0,HalfCheetah-v3,TD3_Q2a2x64_1p
65,3870.3418689778327,325000.0,HalfCheetah-v3,TD3_Q2a2x64_1p
66,3718.5650017449275,330000.0,HalfCheetah-v3,TD3_Q2a2x64_1p
67,3642.4268103575146,335000.0,HalfCheetah-v3,TD3_Q2a2x64_1p
68,3617.998304193078,340000.0,HalfCheetah-v3,TD3_Q2a2x64_1p
69,3513.001347905145,345000.0,HalfCheetah-v3,TD3_Q2a2x64_1p
70,4131.9107267257,350000.0,HalfCheetah-v3,TD3_Q2a2x64_1p
71,4130.273849991846,355000.0,HalfCheetah-v3,TD3_Q2a2x64_1p
72,3980.9795056159005,360000.0,HalfCheetah-v3,TD3_Q2a2x64_1p
73,3927.875858611917,365000.0,HalfCheetah-v3,TD3_Q2a2x64_1p
74,3798.0949704821533,370000.0,HalfCheetah-v3,TD3_Q2a2x64_1p
75,3596.7284481809306,375000.0,HalfCheetah-v3,TD3_Q2a2x64_1p
76,3973.1985327596863,380000.0,HalfCheetah-v3,TD3_Q2a2x64_1p
77,3645.2140463014375,385000.0,HalfCheetah-v3,TD3_Q2a2x64_1p
78,3422.6511251902075,390000.0,HalfCheetah-v3,TD3_Q2a2x64_1p
79,3716.924633678518,395000.0,HalfCheetah-v3,TD3_Q2a2x64_1p
80,4480.104632137497,400000.0,HalfCheetah-v3,TD3_Q2a2x64_1p
81,4472.475974349734,405000.0,HalfCheetah-v3,TD3_Q2a2x64_1p
82,4059.608356695268,410000.0,HalfCheetah-v3,TD3_Q2a2x64_1p
83,4236.165373462901,415000.0,HalfCheetah-v3,TD3_Q2a2x64_1p
84,4040.2869458262053,420000.0,HalfCheetah-v3,TD3_Q2a2x64_1p
85,4685.147779858869,425000.0,HalfCheetah-v3,TD3_Q2a2x64_1p
86,4280.901480890241,430000.0,HalfCheetah-v3,TD3_Q2a2x64_1p
87,3904.704783149631,435000.0,HalfCheetah-v3,TD3_Q2a2x64_1p
88,4333.478833187039,440000.0,HalfCheetah-v3,TD3_Q2a2x64_1p
89,3819.78003318362,445000.0,HalfCheetah-v3,TD3_Q2a2x64_1p
90,4513.81605133788,450000.0,HalfCheetah-v3,TD3_Q2a2x64_1p
91,4192.80830226462,455000.0,HalfCheetah-v3,TD3_Q2a2x64_1p
92,4003.207736553634,460000.0,HalfCheetah-v3,TD3_Q2a2x64_1p
93,4234.16685324018,465000.0,HalfCheetah-v3,TD3_Q2a2x64_1p
94,4039.618756231969,470000.0,HalfCheetah-v3,TD3_Q2a2x64_1p
95,3992.9066631857045,475000.0,HalfCheetah-v3,TD3_Q2a2x64_1p
96,4017.010938501422,480000.0,HalfCheetah-v3,TD3_Q2a2x64_1p
97,3957.581092191302,485000.0,HalfCheetah-v3,TD3_Q2a2x64_1p
98,3798.115215630633,490000.0,HalfCheetah-v3,TD3_Q2a2x64_1p
99,3789.0391740766745,495000.0,HalfCheetah-v3,TD3_Q2a2x64_1p
100,4624.942953292569,500000.0,HalfCheetah-v3,TD3_Q2a2x64_1p
101,4488.708620877077,505000.0,HalfCheetah-v3,TD3_Q2a2x64_1p
102,4379.944628930167,510000.0,HalfCheetah-v3,TD3_Q2a2x64_1p
103,4265.639469883617,515000.0,HalfCheetah-v3,TD3_Q2a2x64_1p
104,4155.390268615299,520000.0,HalfCheetah-v3,TD3_Q2a2x64_1p
105,5038.989911240789,525000.0,HalfCheetah-v3,TD3_Q2a2x64_1p
106,4830.413505087052,530000.0,HalfCheetah-v3,TD3_Q2a2x64_1p
107,4683.184300310835,535000.0,HalfCheetah-v3,TD3_Q2a2x64_1p
108,4512.284249519996,540000.0,HalfCheetah-v3,TD3_Q2a2x64_1p
109,3999.232068860262,545000.0,HalfCheetah-v3,TD3_Q2a2x64_1p
110,5261.508938262438,550000.0,HalfCheetah-v3,TD3_Q2a2x64_1p
111,5079.061664899204,555000.0,HalfCheetah-v3,TD3_Q2a2x64_1p
112,4893.981438863915,560000.0,HalfCheetah-v3,TD3_Q2a2x64_1p
113,4767.813168683652,565000.0,HalfCheetah-v3,TD3_Q2a2x64_1p
114,4574.562848449288,570000.0,HalfCheetah-v3,TD3_Q2a2x64_1p
115,5268.050202065043,575000.0,HalfCheetah-v3,TD3_Q2a2x64_1p
116,5146.679472231301,580000.0,HalfCheetah-v3,TD3_Q2a2x64_1p
117,5060.3325624531435,585000.0,HalfCheetah-v3,TD3_Q2a2x64_1p
118,4827.09040051826,590000.0,HalfCheetah-v3,TD3_Q2a2x64_1p
119,4604.221297520021,595000.0,HalfCheetah-v3,TD3_Q2a2x64_1p
120,5453.700240409194,600000.0,HalfCheetah-v3,TD3_Q2a2x64_1p
121,5280.522913723867,605000.0,HalfCheetah-v3,TD3_Q2a2x64_1p
122,5080.133655326962,610000.0,HalfCheetah-v3,TD3_Q2a2x64_1p
123,4852.843529175942,615000.0,HalfCheetah-v3,TD3_Q2a2x64_1p
124,4627.5161302756205,620000.0,HalfCheetah-v3,TD3_Q2a2x64_1p
125,5342.655729622634,625000.0,HalfCheetah-v3,TD3_Q2a2x64_1p
126,5306.18162784559,630000.0,HalfCheetah-v3,TD3_Q2a2x64_1p
127,5089.732735980559,635000.0,HalfCheetah-v3,TD3_Q2a2x64_1p
128,4952.834376736714,640000.0,HalfCheetah-v3,TD3_Q2a2x64_1p
129,4839.819179994683,645000.0,HalfCheetah-v3,TD3_Q2a2x64_1p
130,5592.460010237702,650000.0,HalfCheetah-v3,TD3_Q2a2x64_1p
131,5036.1574652429645,655000.0,HalfCheetah-v3,TD3_Q2a2x64_1p
132,5294.617833112081,660000.0,HalfCheetah-v3,TD3_Q2a2x64_1p
133,5075.675312334606,665000.0,HalfCheetah-v3,TD3_Q2a2x64_1p
134,4882.275911792643,670000.0,HalfCheetah-v3,TD3_Q2a2x64_1p
135,4753.637640760759,675000.0,HalfCheetah-v3,TD3_Q2a2x64_1p
136,4698.913968609156,680000.0,HalfCheetah-v3,TD3_Q2a2x64_1p
137,4628.42652655971,685000.0,HalfCheetah-v3,TD3_Q2a2x64_1p
138,4582.339772776662,690000.0,HalfCheetah-v3,TD3_Q2a2x64_1p
139,4421.835575227354,695000.0,HalfCheetah-v3,TD3_Q2a2x64_1p
140,5702.589732961222,700000.0,HalfCheetah-v3,TD3_Q2a2x64_1p
141,5457.1778373158995,705000.0,HalfCheetah-v3,TD3_Q2a2x64_1p
142,5357.629621184534,710000.0,HalfCheetah-v3,TD3_Q2a2x64_1p
143,5164.095008774433,715000.0,HalfCheetah-v3,TD3_Q2a2x64_1p
144,4929.441390497219,720000.0,HalfCheetah-v3,TD3_Q2a2x64_1p
145,4476.017615446631,725000.0,HalfCheetah-v3,TD3_Q2a2x64_1p
146,5810.177071812763,730000.0,HalfCheetah-v3,TD3_Q2a2x64_1p
147,5641.470728047964,735000.0,HalfCheetah-v3,TD3_Q2a2x64_1p
148,5446.8891771254275,740000.0,HalfCheetah-v3,TD3_Q2a2x64_1p
149,5174.859789591965,745000.0,HalfCheetah-v3,TD3_Q2a2x64_1p
150,5717.148818052703,750000.0,HalfCheetah-v3,TD3_Q2a2x64_1p
151,5696.800170656775,755000.0,HalfCheetah-v3,TD3_Q2a2x64_1p
152,5627.682927167741,760000.0,HalfCheetah-v3,TD3_Q2a2x64_1p
153,5276.318978972543,765000.0,HalfCheetah-v3,TD3_Q2a2x64_1p
154,5091.295564635907,770000.0,HalfCheetah-v3,TD3_Q2a2x64_1p
155,5547.214859560604,775000.0,HalfCheetah-v3,TD3_Q2a2x64_1p
156,5546.245811891337,780000.0,HalfCheetah-v3,TD3_Q2a2x64_1p
157,5451.488135000845,785000.0,HalfCheetah-v3,TD3_Q2a2x64_1p
158,5317.880790009605,790000.0,HalfCheetah-v3,TD3_Q2a2x64_1p
159,5075.339172411841,795000.0,HalfCheetah-v3,TD3_Q2a2x64_1p
160,6333.813945894585,800000.0,HalfCheetah-v3,TD3_Q2a2x64_1p
161,6195.490547325492,805000.0,HalfCheetah-v3,TD3_Q2a2x64_1p
162,5939.04619436819,810000.0,HalfCheetah-v3,TD3_Q2a2x64_1p
163,5697.373558533974,815000.0,HalfCheetah-v3,TD3_Q2a2x64_1p
164,5426.415959533918,820000.0,HalfCheetah-v3,TD3_Q2a2x64_1p
165,6245.267035600982,825000.0,HalfCheetah-v3,TD3_Q2a2x64_1p
166,6143.577256112629,830000.0,HalfCheetah-v3,TD3_Q2a2x64_1p
167,5661.905361868695,835000.0,HalfCheetah-v3,TD3_Q2a2x64_1p
168,5452.380995615433,840000.0,HalfCheetah-v3,TD3_Q2a2x64_1p
169,5291.953978320596,845000.0,HalfCheetah-v3,TD3_Q2a2x64_1p
170,6452.603152071744,850000.0,HalfCheetah-v3,TD3_Q2a2x64_1p
171,6316.347719187889,855000.0,HalfCheetah-v3,TD3_Q2a2x64_1p
172,5998.613147506836,860000.0,HalfCheetah-v3,TD3_Q2a2x64_1p
173,5718.620962299052,865000.0,HalfCheetah-v3,TD3_Q2a2x64_1p
174,5472.177103585395,870000.0,HalfCheetah-v3,TD3_Q2a2x64_1p
175,6413.042910079634,875000.0,HalfCheetah-v3,TD3_Q2a2x64_1p
176,6194.920651613813,880000.0,HalfCheetah-v3,TD3_Q2a2x64_1p
177,5982.746352475401,885000.0,HalfCheetah-v3,TD3_Q2a2x64_1p
178,5702.022337827197,890000.0,HalfCheetah-v3,TD3_Q2a2x64_1p
179,5313.624301017371,895000.0,HalfCheetah-v3,TD3_Q2a2x64_1p
180,6554.453267416589,900000.0,HalfCheetah-v3,TD3_Q2a2x64_1p
181,6369.085932666689,905000.0,HalfCheetah-v3,TD3_Q2a2x64_1p
182,6134.661515240577,910000.0,HalfCheetah-v3,TD3_Q2a2x64_1p
183,5867.48825713924,915000.0,HalfCheetah-v3,TD3_Q2a2x64_1p
184,5593.223951362152,920000.0,HalfCheetah-v3,TD3_Q2a2x64_1p
185,5675.03190039258,925000.0,HalfCheetah-v3,TD3_Q2a2x64_1p
186,5517.596292847962,930000.0,HalfCheetah-v3,TD3_Q2a2x64_1p
187,5459.6389653607375,935000.0,HalfCheetah-v3,TD3_Q2a2x64_1p
188,5212.152581376685,940000.0,HalfCheetah-v3,TD3_Q2a2x64_1p
189,4907.496852977982,945000.0,HalfCheetah-v3,TD3_Q2a2x64_1p
190,6565.445961807507,950000.0,HalfCheetah-v3,TD3_Q2a2x64_1p
191,6339.697033052181,955000.0,HalfCheetah-v3,TD3_Q2a2x64_1p
192,6101.249323649841,960000.0,HalfCheetah-v3,TD3_Q2a2x64_1p
193,5774.292590709954,965000.0,HalfCheetah-v3,TD3_Q2a2x64_1p
194,5498.048045259282,970000.0,HalfCheetah-v3,TD3_Q2a2x64_1p
195,6445.960163935453,975000.0,HalfCheetah-v3,TD3_Q2a2x64_1p
196,6153.828120241718,980000.0,HalfCheetah-v3,TD3_Q2a2x64_1p
197,5938.764169099842,985000.0,HalfCheetah-v3,TD3_Q2a2x64_1p
198,5608.947938787876,990000.0,HalfCheetah-v3,TD3_Q2a2x64_1p
199,5504.985679751207,995000.0,HalfCheetah-v3,TD3_Q2a2x64_1p
200,6661.505374751234,1000000.0,HalfCheetah-v3,TD3_Q2a2x64_1p
201,6545.004741894472,1005000.0,HalfCheetah-v3,TD3_Q2a2x64_1p
202,6229.419746180175,1010000.0,HalfCheetah-v3,TD3_Q2a2x64_1p
203,5875.527362288036,1015000.0,HalfCheetah-v3,TD3_Q2a2x64_1p
204,5772.4753181484375,1020000.0,HalfCheetah-v3,TD3_Q2a2x64_1p
205,6702.130028026468,1025000.0,HalfCheetah-v3,TD3_Q2a2x64_1p
206,6510.080192976027,1030000.0,HalfCheetah-v3,TD3_Q2a2x64_1p
207,6329.388372913456,1035000.0,HalfCheetah-v3,TD3_Q2a2x64_1p
208,6000.281369116952,1040000.0,HalfCheetah-v3,TD3_Q2a2x64_1p
209,5644.201409483204,1045000.0,HalfCheetah-v3,TD3_Q2a2x64_1p
210,6812.743222094056,1050000.0,HalfCheetah-v3,TD3_Q2a2x64_1p
211,6587.207593151014,1055000.0,HalfCheetah-v3,TD3_Q2a2x64_1p
212,6337.550336019813,1060000.0,HalfCheetah-v3,TD3_Q2a2x64_1p
213,6009.000629759177,1065000.0,HalfCheetah-v3,TD3_Q2a2x64_1p
214,5628.948673460604,1070000.0,HalfCheetah-v3,TD3_Q2a2x64_1p
215,6756.834532578441,1075000.0,HalfCheetah-v3,TD3_Q2a2x64_1p
216,6519.728439154034,1080000.0,HalfCheetah-v3,TD3_Q2a2x64_1p
217,6277.31727475711,1085000.0,HalfCheetah-v3,TD3_Q2a2x64_1p
218,5929.392434950191,1090000.0,HalfCheetah-v3,TD3_Q2a2x64_1p
219,5654.73396460242,1095000.0,HalfCheetah-v3,TD3_Q2a2x64_1p
220,6839.582289754358,1100000.0,HalfCheetah-v3,TD3_Q2a2x64_1p
221,6657.060854420079,1105000.0,HalfCheetah-v3,TD3_Q2a2x64_1p
222,6398.721240853431,1110000.0,HalfCheetah-v3,TD3_Q2a2x64_1p
223,6057.613090660203,1115000.0,HalfCheetah-v3,TD3_Q2a2x64_1p
224,5757.3662435608485,1120000.0,HalfCheetah-v3,TD3_Q2a2x64_1p
225,6578.514792167817,1125000.0,HalfCheetah-v3,TD3_Q2a2x64_1p
226,6465.314866033355,1130000.0,HalfCheetah-v3,TD3_Q2a2x64_1p
227,6173.552486752725,1135000.0,HalfCheetah-v3,TD3_Q2a2x64_1p
228,5973.902780517919,1140000.0,HalfCheetah-v3,TD3_Q2a2x64_1p
229,5770.098963268519,1145000.0,HalfCheetah-v3,TD3_Q2a2x64_1p
230,6728.2910589617895,1150000.0,HalfCheetah-v3,TD3_Q2a2x64_1p
231,6530.113711596102,1155000.0,HalfCheetah-v3,TD3_Q2a2x64_1p
232,6299.4328670797295,1160000.0,HalfCheetah-v3,TD3_Q2a2x64_1p
233,6019.0787912045325,1165000.0,HalfCheetah-v3,TD3_Q2a2x64_1p
234,5772.161177457475,1170000.0,HalfCheetah-v3,TD3_Q2a2x64_1p
235,6583.2318620476635,1175000.0,HalfCheetah-v3,TD3_Q2a2x64_1p
236,6436.892029270605,1180000.0,HalfCheetah-v3,TD3_Q2a2x64_1p
237,6252.687906022415,1185000.0,HalfCheetah-v3,TD3_Q2a2x64_1p
238,5918.537099836312,1190000.0,HalfCheetah-v3,TD3_Q2a2x64_1p
239,5727.651117427433,1195000.0,HalfCheetah-v3,TD3_Q2a2x64_1p
240,6819.634694300954,1200000.0,HalfCheetah-v3,TD3_Q2a2x64_1p
241,6579.98388943291,1205000.0,HalfCheetah-v3,TD3_Q2a2x64_1p
242,6224.221527445631,1210000.0,HalfCheetah-v3,TD3_Q2a2x64_1p
243,5934.066905802572,1215000.0,HalfCheetah-v3,TD3_Q2a2x64_1p
244,5678.443826732244,1220000.0,HalfCheetah-v3,TD3_Q2a2x64_1p
245,6875.5269078827605,1225000.0,HalfCheetah-v3,TD3_Q2a2x64_1p
246,6583.019783384308,1230000.0,HalfCheetah-v3,TD3_Q2a2x64_1p
247,6313.097259618629,1235000.0,HalfCheetah-v3,TD3_Q2a2x64_1p
248,6082.375367160592,1240000.0,HalfCheetah-v3,TD3_Q2a2x64_1p
249,5795.7951122178,1245000.0,HalfCheetah-v3,TD3_Q2a2x64_1p
250,6855.339335371455,1250000.0,HalfCheetah-v3,TD3_Q2a2x64_1p
251,6616.912263382874,1255000.0,HalfCheetah-v3,TD3_Q2a2x64_1p
252,6321.082665650383,1260000.0,HalfCheetah-v3,TD3_Q2a2x64_1p
253,6038.3343695118465,1265000.0,HalfCheetah-v3,TD3_Q2a2x64_1p
254,5714.756700768575,1270000.0,HalfCheetah-v3,TD3_Q2a2x64_1p
255,6984.991374598851,1275000.0,HalfCheetah-v3,TD3_Q2a2x64_1p
256,6758.81799486465,1280000.0,HalfCheetah-v3,TD3_Q2a2x64_1p
257,6475.031346897106,1285000.0,HalfCheetah-v3,TD3_Q2a2x64_1p
258,6193.441897705333,1290000.0,HalfCheetah-v3,TD3_Q2a2x64_1p
259,5892.747677517753,1295000.0,HalfCheetah-v3,TD3_Q2a2x64_1p
260,6888.606626928372,1300000.0,HalfCheetah-v3,TD3_Q2a2x64_1p
261,6697.940169408267,1305000.0,HalfCheetah-v3,TD3_Q2a2x64_1p
262,6394.179829719814,1310000.0,HalfCheetah-v3,TD3_Q2a2x64_1p
263,6027.417684756925,1315000.0,HalfCheetah-v3,TD3_Q2a2x64_1p
264,5853.441870497164,1320000.0,HalfCheetah-v3,TD3_Q2a2x64_1p
265,7041.394740198084,1325000.0,HalfCheetah-v3,TD3_Q2a2x64_1p
266,6772.185442545024,1330000.0,HalfCheetah-v3,TD3_Q2a2x64_1p
267,6383.500641483953,1335000.0,HalfCheetah-v3,TD3_Q2a2x64_1p
268,6025.888338635246,1340000.0,HalfCheetah-v3,TD3_Q2a2x64_1p
269,5753.18347494632,1345000.0,HalfCheetah-v3,TD3_Q2a2x64_1p
270,6836.440365121258,1350000.0,HalfCheetah-v3,TD3_Q2a2x64_1p
271,6701.604851345188,1355000.0,HalfCheetah-v3,TD3_Q2a2x64_1p
272,6436.56232977932,1360000.0,HalfCheetah-v3,TD3_Q2a2x64_1p
273,6052.05482382274,1365000.0,HalfCheetah-v3,TD3_Q2a2x64_1p
274,5783.456059464368,1370000.0,HalfCheetah-v3,TD3_Q2a2x64_1p
275,7132.1379295314855,1375000.0,HalfCheetah-v3,TD3_Q2a2x64_1p
276,6858.243016615981,1380000.0,HalfCheetah-v3,TD3_Q2a2x64_1p
277,6506.663035771429,1385000.0,HalfCheetah-v3,TD3_Q2a2x64_1p
278,6115.436723982165,1390000.0,HalfCheetah-v3,TD3_Q2a2x64_1p
279,5745.694036499846,1395000.0,HalfCheetah-v3,TD3_Q2a2x64_1p
280,7151.031694908583,1400000.0,HalfCheetah-v3,TD3_Q2a2x64_1p
281,6929.8506601066965,1405000.0,HalfCheetah-v3,TD3_Q2a2x64_1p
282,6536.670110002855,1410000.0,HalfCheetah-v3,TD3_Q2a2x64_1p
283,6077.2076319206735,1415000.0,HalfCheetah-v3,TD3_Q2a2x64_1p
284,5571.382033821689,1420000.0,HalfCheetah-v3,TD3_Q2a2x64_1p
285,7169.924394057258,1425000.0,HalfCheetah-v3,TD3_Q2a2x64_1p
286,6998.138737649929,1430000.0,HalfCheetah-v3,TD3_Q2a2x64_1p
287,6547.604335826114,1435000.0,HalfCheetah-v3,TD3_Q2a2x64_1p
288,6140.51037295528,1440000.0,HalfCheetah-v3,TD3_Q2a2x64_1p
289,5801.651243618614,1445000.0,HalfCheetah-v3,TD3_Q2a2x64_1p
290,7060.626144781438,1450000.0,HalfCheetah-v3,TD3_Q2a2x64_1p
291,6775.344890230114,1455000.0,HalfCheetah-v3,TD3_Q2a2x64_1p
292,6599.974322256092,1460000.0,HalfCheetah-v3,TD3_Q2a2x64_1p
293,6177.604139234694,1465000.0,HalfCheetah-v3,TD3_Q2a2x64_1p
294,5835.842262245602,1470000.0,HalfCheetah-v3,TD3_Q2a2x64_1p
295,7032.132003010005,1475000.0,HalfCheetah-v3,TD3_Q2a2x64_1p
296,6848.688897993717,1480000.0,HalfCheetah-v3,TD3_Q2a2x64_1p
297,6626.387569603787,1485000.0,HalfCheetah-v3,TD3_Q2a2x64_1p
298,6312.076439133306,1490000.0,HalfCheetah-v3,TD3_Q2a2x64_1p
299,6026.1027057020965,1495000.0,HalfCheetah-v3,TD3_Q2a2x64_1p
300,7209.6014784207855,1500000.0,HalfCheetah-v3,TD3_Q2a2x64_1p
301,7035.5148406407,1505000.0,HalfCheetah-v3,TD3_Q2a2x64_1p
302,6698.642403571025,1510000.0,HalfCheetah-v3,TD3_Q2a2x64_1p
303,6261.480203638332,1515000.0,HalfCheetah-v3,TD3_Q2a2x64_1p
304,6040.6648201747175,1520000.0,HalfCheetah-v3,TD3_Q2a2x64_1p
305,7277.636187984535,1525000.0,HalfCheetah-v3,TD3_Q2a2x64_1p
306,7013.992630638417,1530000.0,HalfCheetah-v3,TD3_Q2a2x64_1p
307,6684.268690173698,1535000.0,HalfCheetah-v3,TD3_Q2a2x64_1p
308,6381.112418315634,1540000.0,HalfCheetah-v3,TD3_Q2a2x64_1p
309,5953.525932022442,1545000.0,HalfCheetah-v3,TD3_Q2a2x64_1p
310,7284.679623046463,1550000.0,HalfCheetah-v3,TD3_Q2a2x64_1p
311,7075.275292203818,1555000.0,HalfCheetah-v3,TD3_Q2a2x64_1p
312,6686.97750774632,1560000.0,HalfCheetah-v3,TD3_Q2a2x64_1p
313,6273.359757834112,1565000.0,HalfCheetah-v3,TD3_Q2a2x64_1p
314,5928.6850514074695,1570000.0,HalfCheetah-v3,TD3_Q2a2x64_1p
315,7390.682355946896,1575000.0,HalfCheetah-v3,TD3_Q2a2x64_1p
316,7104.058029088412,1580000.0,HalfCheetah-v3,TD3_Q2a2x64_1p
317,6751.701387676949,1585000.0,HalfCheetah-v3,TD3_Q2a2x64_1p
318,6419.228498236456,1590000.0,HalfCheetah-v3,TD3_Q2a2x64_1p
319,5968.6808172107585,1595000.0,HalfCheetah-v3,TD3_Q2a2x64_1p
320,7422.211647885137,1600000.0,HalfCheetah-v3,TD3_Q2a2x64_1p
321,7092.299996075759,1605000.0,HalfCheetah-v3,TD3_Q2a2x64_1p
322,6760.761809132183,1610000.0,HalfCheetah-v3,TD3_Q2a2x64_1p
323,6310.104063672722,1615000.0,HalfCheetah-v3,TD3_Q2a2x64_1p
324,5813.078730524557,1620000.0,HalfCheetah-v3,TD3_Q2a2x64_1p
325,7466.670107130689,1625000.0,HalfCheetah-v3,TD3_Q2a2x64_1p
326,7140.326075573394,1630000.0,HalfCheetah-v3,TD3_Q2a2x64_1p
327,6728.582175186329,1635000.0,HalfCheetah-v3,TD3_Q2a2x64_1p
328,6347.40340556167,1640000.0,HalfCheetah-v3,TD3_Q2a2x64_1p
329,6004.271206455936,1645000.0,HalfCheetah-v3,TD3_Q2a2x64_1p
330,7264.508566637089,1650000.0,HalfCheetah-v3,TD3_Q2a2x64_1p
331,7132.897580077009,1655000.0,HalfCheetah-v3,TD3_Q2a2x64_1p
332,6751.9089274683865,1660000.0,HalfCheetah-v3,TD3_Q2a2x64_1p
333,6295.3108373627065,1665000.0,HalfCheetah-v3,TD3_Q2a2x64_1p
334,5921.538320956696,1670000.0,HalfCheetah-v3,TD3_Q2a2x64_1p
335,7401.339650987308,1675000.0,HalfCheetah-v3,TD3_Q2a2x64_1p
336,7099.363854776515,1680000.0,HalfCheetah-v3,TD3_Q2a2x64_1p
337,6680.422203359871,1685000.0,HalfCheetah-v3,TD3_Q2a2x64_1p
338,6243.35087958825,1690000.0,HalfCheetah-v3,TD3_Q2a2x64_1p
339,5848.516224843847,1695000.0,HalfCheetah-v3,TD3_Q2a2x64_1p
340,7439.084394864187,1700000.0,HalfCheetah-v3,TD3_Q2a2x64_1p
341,7088.995446133245,1705000.0,HalfCheetah-v3,TD3_Q2a2x64_1p
342,6690.962652791341,1710000.0,HalfCheetah-v3,TD3_Q2a2x64_1p
343,6391.611171350755,1715000.0,HalfCheetah-v3,TD3_Q2a2x64_1p
344,5910.652880801203,1720000.0,HalfCheetah-v3,TD3_Q2a2x64_1p
345,7411.128926019786,1725000.0,HalfCheetah-v3,TD3_Q2a2x64_1p
346,7122.056624607581,1730000.0,HalfCheetah-v3,TD3_Q2a2x64_1p
347,6880.63165264826,1735000.0,HalfCheetah-v3,TD3_Q2a2x64_1p
348,6501.635047760537,1740000.0,HalfCheetah-v3,TD3_Q2a2x64_1p
349,6044.725780147866,1745000.0,HalfCheetah-v3,TD3_Q2a2x64_1p
350,7467.934705836013,1750000.0,HalfCheetah-v3,TD3_Q2a2x64_1p
351,7127.694794224437,1755000.0,HalfCheetah-v3,TD3_Q2a2x64_1p
352,6739.3940255349025,1760000.0,HalfCheetah-v3,TD3_Q2a2x64_1p
353,6347.202918652726,1765000.0,HalfCheetah-v3,TD3_Q2a2x64_1p
354,5974.037670909539,1770000.0,HalfCheetah-v3,TD3_Q2a2x64_1p
355,7367.737733809389,1775000.0,HalfCheetah-v3,TD3_Q2a2x64_1p
356,7111.829974733812,1780000.0,HalfCheetah-v3,TD3_Q2a2x64_1p
357,6643.619315478194,1785000.0,HalfCheetah-v3,TD3_Q2a2x64_1p
358,6290.62679074564,1790000.0,HalfCheetah-v3,TD3_Q2a2x64_1p
359,5845.881834059428,1795000.0,HalfCheetah-v3,TD3_Q2a2x64_1p
360,7369.517408189158,1800000.0,HalfCheetah-v3,TD3_Q2a2x64_1p
361,7101.476096677836,1805000.0,HalfCheetah-v3,TD3_Q2a2x64_1p
362,6834.662591016326,1810000.0,HalfCheetah-v3,TD3_Q2a2x64_1p
363,6267.610512935994,1815000.0,HalfCheetah-v3,TD3_Q2a2x64_1p
364,5973.9463256507615,1820000.0,HalfCheetah-v3,TD3_Q2a2x64_1p
365,7524.9370926833335,1825000.0,HalfCheetah-v3,TD3_Q2a2x64_1p
366,7199.399673843846,1830000.0,HalfCheetah-v3,TD3_Q2a2x64_1p
367,6749.0897053517065,1835000.0,HalfCheetah-v3,TD3_Q2a2x64_1p
368,6299.2706473663,1840000.0,HalfCheetah-v3,TD3_Q2a2x64_1p
369,5962.272558597425,1845000.0,HalfCheetah-v3,TD3_Q2a2x64_1p
370,7402.033147675473,1850000.0,HalfCheetah-v3,TD3_Q2a2x64_1p
371,7059.114875491791,1855000.0,HalfCheetah-v3,TD3_Q2a2x64_1p
372,6650.049828979005,1860000.0,HalfCheetah-v3,TD3_Q2a2x64_1p
373,6269.578498601025,1865000.0,HalfCheetah-v3,TD3_Q2a2x64_1p
374,5906.875798933222,1870000.0,HalfCheetah-v3,TD3_Q2a2x64_1p
375,7303.558159275033,1875000.0,HalfCheetah-v3,TD3_Q2a2x64_1p
376,7129.205166605539,1880000.0,HalfCheetah-v3,TD3_Q2a2x64_1p
377,6814.997000162041,1885000.0,HalfCheetah-v3,TD3_Q2a2x64_1p
378,6479.440282301094,1890000.0,HalfCheetah-v3,TD3_Q2a2x64_1p
379,6099.026172036091,1895000.0,HalfCheetah-v3,TD3_Q2a2x64_1p
380,7443.87645470407,1900000.0,HalfCheetah-v3,TD3_Q2a2x64_1p
381,7157.997305478651,1905000.0,HalfCheetah-v3,TD3_Q2a2x64_1p
382,6609.728471506702,1910000.0,HalfCheetah-v3,TD3_Q2a2x64_1p
383,6193.574529242085,1915000.0,HalfCheetah-v3,TD3_Q2a2x64_1p
384,5761.604660346538,1920000.0,HalfCheetah-v3,TD3_Q2a2x64_1p
385,7404.35769492814,1925000.0,HalfCheetah-v3,TD3_Q2a2x64_1p
386,7211.4458907884455,1930000.0,HalfCheetah-v3,TD3_Q2a2x64_1p
387,6758.340284238043,1935000.0,HalfCheetah-v3,TD3_Q2a2x64_1p
388,6342.240187544807,1940000.0,HalfCheetah-v3,TD3_Q2a2x64_1p
389,6006.091375605255,1945000.0,HalfCheetah-v3,TD3_Q2a2x64_1p
390,7496.344825541419,1950000.0,HalfCheetah-v3,TD3_Q2a2x64_1p
391,7126.6194366758045,1955000.0,HalfCheetah-v3,TD3_Q2a2x64_1p
392,6733.581992563506,1960000.0,HalfCheetah-v3,TD3_Q2a2x64_1p
393,6277.3898176170605,1965000.0,HalfCheetah-v3,TD3_Q2a2x64_1p
394,5881.127467468357,1970000.0,HalfCheetah-v3,TD3_Q2a2x64_1p
395,7544.15198082584,1975000.0,HalfCheetah-v3,TD3_Q2a2x64_1p
396,7225.714820231384,1980000.0,HalfCheetah-v3,TD3_Q2a2x64_1p
397,6894.091453530028,1985000.0,HalfCheetah-v3,TD3_Q2a2x64_1p
398,6487.347659189298,1990000.0,HalfCheetah-v3,TD3_Q2a2x64_1p
399,6025.4456364176895,1995000.0,HalfCheetah-v3,TD3_Q2a2x64_1p
400,7261.190031122492,2000000.0,HalfCheetah-v3,TD3_Q2a2x64_1p
401,7009.1345515729945,2005000.0,HalfCheetah-v3,TD3_Q2a2x64_1p
402,6693.722913388211,2010000.0,HalfCheetah-v3,TD3_Q2a2x64_1p
403,6266.0204748794795,2015000.0,HalfCheetah-v3,TD3_Q2a2x64_1p
404,5868.35559986705,2020000.0,HalfCheetah-v3,TD3_Q2a2x64_1p
405,7558.845864152339,2025000.0,HalfCheetah-v3,TD3_Q2a2x64_1p
406,7235.596036508754,2030000.0,HalfCheetah-v3,TD3_Q2a2x64_1p
407,6873.476738520932,2035000.0,HalfCheetah-v3,TD3_Q2a2x64_1p
408,6396.714954197646,2040000.0,HalfCheetah-v3,TD3_Q2a2x64_1p
409,5978.695933729121,2045000.0,HalfCheetah-v3,TD3_Q2a2x64_1p
410,7556.743068977952,2050000.0,HalfCheetah-v3,TD3_Q2a2x64_1p
411,7251.310791893184,2055000.0,HalfCheetah-v3,TD3_Q2a2x64_1p
412,6898.998436060663,2060000.0,HalfCheetah-v3,TD3_Q2a2x64_1p
413,6444.128463834848,2065000.0,HalfCheetah-v3,TD3_Q2a2x64_1p
414,6148.825986042147,2070000.0,HalfCheetah-v3,TD3_Q2a2x64_1p
415,7573.365994211512,2075000.0,HalfCheetah-v3,TD3_Q2a2x64_1p
416,7323.325429767445,2080000.0,HalfCheetah-v3,TD3_Q2a2x64_1p
417,6962.9078973627375,2085000.0,HalfCheetah-v3,TD3_Q2a2x64_1p
418,6215.424337127972,2090000.0,HalfCheetah-v3,TD3_Q2a2x64_1p
419,6079.805016563521,2095000.0,HalfCheetah-v3,TD3_Q2a2x64_1p
420,7674.131187186291,2100000.0,HalfCheetah-v3,TD3_Q2a2x64_1p
421,7420.533584093927,2105000.0,HalfCheetah-v3,TD3_Q2a2x64_1p
422,7109.218066706392,2110000.0,HalfCheetah-v3,TD3_Q2a2x64_1p
423,6628.505596604155,2115000.0,HalfCheetah-v3,TD3_Q2a2x64_1p
424,6277.925499274071,2120000.0,HalfCheetah-v3,TD3_Q2a2x64_1p
425,7677.981788668671,2125000.0,HalfCheetah-v3,TD3_Q2a2x64_1p
426,7333.752620679069,2130000.0,HalfCheetah-v3,TD3_Q2a2x64_1p
427,6972.159426663544,2135000.0,HalfCheetah-v3,TD3_Q2a2x64_1p
428,6586.199313656574,2140000.0,HalfCheetah-v3,TD3_Q2a2x64_1p
429,6050.33042147432,2145000.0,HalfCheetah-v3,TD3_Q2a2x64_1p
430,7427.57359327122,2150000.0,HalfCheetah-v3,TD3_Q2a2x64_1p
431,7146.939293144002,2155000.0,HalfCheetah-v3,TD3_Q2a2x64_1p
432,6788.914082157474,2160000.0,HalfCheetah-v3,TD3_Q2a2x64_1p
433,6350.8237778273215,2165000.0,HalfCheetah-v3,TD3_Q2a2x64_1p
434,5853.520706599866,2170000.0,HalfCheetah-v3,TD3_Q2a2x64_1p
435,7766.768341727053,2175000.0,HalfCheetah-v3,TD3_Q2a2x64_1p
436,7503.72925840238,2180000.0,HalfCheetah-v3,TD3_Q2a2x64_1p
437,7067.807736661077,2185000.0,HalfCheetah-v3,TD3_Q2a2x64_1p
438,6358.807680577987,2190000.0,HalfCheetah-v3,TD3_Q2a2x64_1p
439,6198.10550258365,2195000.0,HalfCheetah-v3,TD3_Q2a2x64_1p
440,7687.187309651094,2200000.0,HalfCheetah-v3,TD3_Q2a2x64_1p
441,7423.738393919055,2205000.0,HalfCheetah-v3,TD3_Q2a2x64_1p
442,7039.435803099444,2210000.0,HalfCheetah-v3,TD3_Q2a2x64_1p
443,6528.457281482372,2215000.0,HalfCheetah-v3,TD3_Q2a2x64_1p
444,6109.75173718877,2220000.0,HalfCheetah-v3,TD3_Q2a2x64_1p
445,7784.018983585241,2225000.0,HalfCheetah-v3,TD3_Q2a2x64_1p
446,7556.956057425606,2230000.0,HalfCheetah-v3,TD3_Q2a2x64_1p
447,7130.345612095705,2235000.0,HalfCheetah-v3,TD3_Q2a2x64_1p
448,6774.068209593638,2240000.0,HalfCheetah-v3,TD3_Q2a2x64_1p
449,6330.711541273265,2245000.0,HalfCheetah-v3,TD3_Q2a2x64_1p
450,7753.500848864258,2250000.0,HalfCheetah-v3,TD3_Q2a2x64_1p
451,7483.57028636398,2255000.0,HalfCheetah-v3,TD3_Q2a2x64_1p
452,7188.1569721458345,2260000.0,HalfCheetah-v3,TD3_Q2a2x64_1p
453,6781.033206341204,2265000.0,HalfCheetah-v3,TD3_Q2a2x64_1p
454,6380.216119075664,2270000.0,HalfCheetah-v3,TD3_Q2a2x64_1p
455,7848.932169341322,2275000.0,HalfCheetah-v3,TD3_Q2a2x64_1p
456,7543.882223623439,2280000.0,HalfCheetah-v3,TD3_Q2a2x64_1p
457,7192.41806461843,2285000.0,HalfCheetah-v3,TD3_Q2a2x64_1p
458,6678.9904950357495,2290000.0,HalfCheetah-v3,TD3_Q2a2x64_1p
459,6357.479088882776,2295000.0,HalfCheetah-v3,TD3_Q2a2x64_1p
460,7858.045533110375,2300000.0,HalfCheetah-v3,TD3_Q2a2x64_1p
461,7578.757243703834,2305000.0,HalfCheetah-v3,TD3_Q2a2x64_1p
462,7101.037413608542,2310000.0,HalfCheetah-v3,TD3_Q2a2x64_1p
463,6648.861269328067,2315000.0,HalfCheetah-v3,TD3_Q2a2x64_1p
464,6264.371276932216,2320000.0,HalfCheetah-v3,TD3_Q2a2x64_1p
465,7854.054750120794,2325000.0,HalfCheetah-v3,TD3_Q2a2x64_1p
466,7612.432421302314,2330000.0,HalfCheetah-v3,TD3_Q2a2x64_1p
467,7157.941353655701,2335000.0,HalfCheetah-v3,TD3_Q2a2x64_1p
468,6709.413907889718,2340000.0,HalfCheetah-v3,TD3_Q2a2x64_1p
469,6276.142429542188,2345000.0,HalfCheetah-v3,TD3_Q2a2x64_1p
470,7741.850185802313,2350000.0,HalfCheetah-v3,TD3_Q2a2x64_1p
471,7611.282558915312,2355000.0,HalfCheetah-v3,TD3_Q2a2x64_1p
472,7198.8951536981385,2360000.0,HalfCheetah-v3,TD3_Q2a2x64_1p
473,6728.527789305098,2365000.0,HalfCheetah-v3,TD3_Q2a2x64_1p
474,6308.321675278692,2370000.0,HalfCheetah-v3,TD3_Q2a2x64_1p
475,7842.595308535478,2375000.0,HalfCheetah-v3,TD3_Q2a2x64_1p
476,7500.0486863258,2380000.0,HalfCheetah-v3,TD3_Q2a2x64_1p
477,7167.975701401556,2385000.0,HalfCheetah-v3,TD3_Q2a2x64_1p
478,6775.966432370626,2390000.0,HalfCheetah-v3,TD3_Q2a2x64_1p
479,6323.372425412123,2395000.0,HalfCheetah-v3,TD3_Q2a2x64_1p
480,7886.3535310736015,2400000.0,HalfCheetah-v3,TD3_Q2a2x64_1p
481,7653.009938447821,2405000.0,HalfCheetah-v3,TD3_Q2a2x64_1p
482,7246.604802643318,2410000.0,HalfCheetah-v3,TD3_Q2a2x64_1p
483,6718.671237917368,2415000.0,HalfCheetah-v3,TD3_Q2a2x64_1p
484,6247.585228751417,2420000.0,HalfCheetah-v3,TD3_Q2a2x64_1p
485,8092.220681516946,2425000.0,HalfCheetah-v3,TD3_Q2a2x64_1p
486,7726.955778464939,2430000.0,HalfCheetah-v3,TD3_Q2a2x64_1p
487,7289.302772425685,2435000.0,HalfCheetah-v3,TD3_Q2a2x64_1p
488,6806.502126189762,2440000.0,HalfCheetah-v3,TD3_Q2a2x64_1p
489,6293.17390271648,2445000.0,HalfCheetah-v3,TD3_Q2a2x64_1p
490,7811.7025227232425,2450000.0,HalfCheetah-v3,TD3_Q2a2x64_1p
491,7513.012774861801,2455000.0,HalfCheetah-v3,TD3_Q2a2x64_1p
492,7134.109515772264,2460000.0,HalfCheetah-v3,TD3_Q2a2x64_1p
493,6633.31660766676,2465000.0,HalfCheetah-v3,TD3_Q2a2x64_1p
494,6200.941301783562,2470000.0,HalfCheetah-v3,TD3_Q2a2x64_1p
495,7861.447023503957,2475000.0,HalfCheetah-v3,TD3_Q2a2x64_1p
496,7557.205171985695,2480000.0,HalfCheetah-v3,TD3_Q2a2x64_1p
497,7341.842821325825,2485000.0,HalfCheetah-v3,TD3_Q2a2x64_1p
498,6889.977274098086,2490000.0,HalfCheetah-v3,TD3_Q2a2x64_1p
499,6453.50516468896,2495000.0,HalfCheetah-v3,TD3_Q2a2x64_1p
500,7922.817800283168,2500000.0,HalfCheetah-v3,TD3_Q2a2x64_1p
501,7608.4229860167925,2505000.0,HalfCheetah-v3,TD3_Q2a2x64_1p
502,7327.257345256165,2510000.0,HalfCheetah-v3,TD3_Q2a2x64_1p
503,6889.048237262681,2515000.0,HalfCheetah-v3,TD3_Q2a2x64_1p
504,6449.829508548155,2520000.0,HalfCheetah-v3,TD3_Q2a2x64_1p
505,7972.127179694757,2525000.0,HalfCheetah-v3,TD3_Q2a2x64_1p
506,7703.286530241216,2530000.0,HalfCheetah-v3,TD3_Q2a2x64_1p
507,7255.372545603229,2535000.0,HalfCheetah-v3,TD3_Q2a2x64_1p
508,6892.776606448868,2540000.0,HalfCheetah-v3,TD3_Q2a2x64_1p
509,6393.406182734151,2545000.0,HalfCheetah-v3,TD3_Q2a2x64_1p
510,7705.265252262821,2550000.0,HalfCheetah-v3,TD3_Q2a2x64_1p
511,7505.450227573699,2555000.0,HalfCheetah-v3,TD3_Q2a2x64_1p
512,7264.393172155067,2560000.0,HalfCheetah-v3,TD3_Q2a2x64_1p
513,6782.694272778339,2565000.0,HalfCheetah-v3,TD3_Q2a2x64_1p
514,6259.947523997713,2570000.0,HalfCheetah-v3,TD3_Q2a2x64_1p
515,8096.170800504888,2575000.0,HalfCheetah-v3,TD3_Q2a2x64_1p
516,7873.445054353591,2580000.0,HalfCheetah-v3,TD3_Q2a2x64_1p
517,7401.115137962256,2585000.0,HalfCheetah-v3,TD3_Q2a2x64_1p
518,6912.886431953727,2590000.0,HalfCheetah-v3,TD3_Q2a2x64_1p
519,6429.703651202353,2595000.0,HalfCheetah-v3,TD3_Q2a2x64_1p
520,7941.312351946748,2600000.0,HalfCheetah-v3,TD3_Q2a2x64_1p
521,7724.93702652802,2605000.0,HalfCheetah-v3,TD3_Q2a2x64_1p
522,7379.088033925358,2610000.0,HalfCheetah-v3,TD3_Q2a2x64_1p
523,6856.900025460511,2615000.0,HalfCheetah-v3,TD3_Q2a2x64_1p
524,6338.847968840386,2620000.0,HalfCheetah-v3,TD3_Q2a2x64_1p
525,8040.1131542247995,2625000.0,HalfCheetah-v3,TD3_Q2a2x64_1p
526,7868.050401565192,2630000.0,HalfCheetah-v3,TD3_Q2a2x64_1p
527,7388.147323881475,2635000.0,HalfCheetah-v3,TD3_Q2a2x64_1p
528,6950.251049611108,2640000.0,HalfCheetah-v3,TD3_Q2a2x64_1p
529,6426.979315756778,2645000.0,HalfCheetah-v3,TD3_Q2a2x64_1p
530,8051.4720355696245,2650000.0,HalfCheetah-v3,TD3_Q2a2x64_1p
531,7752.838015463215,2655000.0,HalfCheetah-v3,TD3_Q2a2x64_1p
532,7312.885909830235,2660000.0,HalfCheetah-v3,TD3_Q2a2x64_1p
533,6795.730159156716,2665000.0,HalfCheetah-v3,TD3_Q2a2x64_1p
534,6359.924653055421,2670000.0,HalfCheetah-v3,TD3_Q2a2x64_1p
535,8071.3560696029945,2675000.0,HalfCheetah-v3,TD3_Q2a2x64_1p
536,7843.455061746166,2680000.0,HalfCheetah-v3,TD3_Q2a2x64_1p
537,7385.171867662697,2685000.0,HalfCheetah-v3,TD3_Q2a2x64_1p
538,6796.526444841942,2690000.0,HalfCheetah-v3,TD3_Q2a2x64_1p
539,6328.8329545482275,2695000.0,HalfCheetah-v3,TD3_Q2a2x64_1p
540,8092.423346552294,2700000.0,HalfCheetah-v3,TD3_Q2a2x64_1p
541,7811.621129869183,2705000.0,HalfCheetah-v3,TD3_Q2a2x64_1p
542,7405.736518204302,2710000.0,HalfCheetah-v3,TD3_Q2a2x64_1p
543,6740.048173439913,2715000.0,HalfCheetah-v3,TD3_Q2a2x64_1p
544,6141.539401222208,2720000.0,HalfCheetah-v3,TD3_Q2a2x64_1p
545,8110.434317849208,2725000.0,HalfCheetah-v3,TD3_Q2a2x64_1p
546,7867.155024864328,2730000.0,HalfCheetah-v3,TD3_Q2a2x64_1p
547,7493.449693387328,2735000.0,HalfCheetah-v3,TD3_Q2a2x64_1p
548,6916.5148701244525,2740000.0,HalfCheetah-v3,TD3_Q2a2x64_1p
549,6236.022734844757,2745000.0,HalfCheetah-v3,TD3_Q2a2x64_1p
550,8216.557375536237,2750000.0,HalfCheetah-v3,TD3_Q2a2x64_1p
551,7911.18095237032,2755000.0,HalfCheetah-v3,TD3_Q2a2x64_1p
552,7530.233845727211,2760000.0,HalfCheetah-v3,TD3_Q2a2x64_1p
553,7032.587832556857,2765000.0,HalfCheetah-v3,TD3_Q2a2x64_1p
554,6423.088977198406,2770000.0,HalfCheetah-v3,TD3_Q2a2x64_1p
555,8244.814392378146,2775000.0,HalfCheetah-v3,TD3_Q2a2x64_1p
556,7974.2255517133935,2780000.0,HalfCheetah-v3,TD3_Q2a2x64_1p
557,7559.081372263684,2785000.0,HalfCheetah-v3,TD3_Q2a2x64_1p
558,7022.052132905093,2790000.0,HalfCheetah-v3,TD3_Q2a2x64_1p
559,6414.083328395874,2795000.0,HalfCheetah-v3,TD3_Q2a2x64_1p
560,8170.823289384108,2800000.0,HalfCheetah-v3,TD3_Q2a2x64_1p
561,7949.780748995629,2805000.0,HalfCheetah-v3,TD3_Q2a2x64_1p
562,7526.225338796769,2810000.0,HalfCheetah-v3,TD3_Q2a2x64_1p
563,6990.421969657384,2815000.0,HalfCheetah-v3,TD3_Q2a2x64_1p
564,6460.029970082507,2820000.0,HalfCheetah-v3,TD3_Q2a2x64_1p
565,8201.62072128823,2825000.0,HalfCheetah-v3,TD3_Q2a2x64_1p
566,7940.49165922226,2830000.0,HalfCheetah-v3,TD3_Q2a2x64_1p
567,7521.865225951417,2835000.0,HalfCheetah-v3,TD3_Q2a2x64_1p
568,6964.922391058479,2840000.0,HalfCheetah-v3,TD3_Q2a2x64_1p
569,6467.802945826407,2845000.0,HalfCheetah-v3,TD3_Q2a2x64_1p
570,8137.01031517152,2850000.0,HalfCheetah-v3,TD3_Q2a2x64_1p
571,7851.128399521418,2855000.0,HalfCheetah-v3,TD3_Q2a2x64_1p
572,7540.500389117752,2860000.0,HalfCheetah-v3,TD3_Q2a2x64_1p
573,7016.046855156992,2865000.0,HalfCheetah-v3,TD3_Q2a2x64_1p
574,6591.047288917854,2870000.0,HalfCheetah-v3,TD3_Q2a2x64_1p
575,8441.582392491942,2875000.0,HalfCheetah-v3,TD3_Q2a2x64_1p
576,8133.763661607831,2880000.0,HalfCheetah-v3,TD3_Q2a2x64_1p
577,7578.107125530834,2885000.0,HalfCheetah-v3,TD3_Q2a2x64_1p
578,7040.657470063859,2890000.0,HalfCheetah-v3,TD3_Q2a2x64_1p
579,6484.916462300434,2895000.0,HalfCheetah-v3,TD3_Q2a2x64_1p
580,8347.535363373103,2900000.0,HalfCheetah-v3,TD3_Q2a2x64_1p
581,8034.821804930949,2905000.0,HalfCheetah-v3,TD3_Q2a2x64_1p
582,7598.674215612233,2910000.0,HalfCheetah-v3,TD3_Q2a2x64_1p
583,7072.7025936278715,2915000.0,HalfCheetah-v3,TD3_Q2a2x64_1p
584,6533.182107031604,2920000.0,HalfCheetah-v3,TD3_Q2a2x64_1p
585,7952.30878510892,2925000.0,HalfCheetah-v3,TD3_Q2a2x64_1p
586,7801.081073667237,2930000.0,HalfCheetah-v3,TD3_Q2a2x64_1p
587,7384.939504698639,2935000.0,HalfCheetah-v3,TD3_Q2a2x64_1p
588,6989.340896808506,2940000.0,HalfCheetah-v3,TD3_Q2a2x64_1p
589,6394.933102906189,2945000.0,HalfCheetah-v3,TD3_Q2a2x64_1p
590,8455.74889717328,2950000.0,HalfCheetah-v3,TD3_Q2a2x64_1p
591,8072.883184442779,2955000.0,HalfCheetah-v3,TD3_Q2a2x64_1p
592,7522.876613556083,2960000.0,HalfCheetah-v3,TD3_Q2a2x64_1p
593,6921.333958656459,2965000.0,HalfCheetah-v3,TD3_Q2a2x64_1p
594,6354.209324972109,2970000.0,HalfCheetah-v3,TD3_Q2a2x64_1p
595,8352.388504033723,2975000.0,HalfCheetah-v3,TD3_Q2a2x64_1p
596,8045.363031670281,2980000.0,HalfCheetah-v3,TD3_Q2a2x64_1p
597,7539.7360538608145,2985000.0,HalfCheetah-v3,TD3_Q2a2x64_1p
598,6973.6178093987155,2990000.0,HalfCheetah-v3,TD3_Q2a2x64_1p
599,6441.679099994054,2995000.0,HalfCheetah-v3,TD3_Q2a2x64_1p
600,8288.614595911826,3000000.0,HalfCheetah-v3,TD3_Q2a2x64_1p
601,7985.474702359589,3005000.0,HalfCheetah-v3,TD3_Q2a2x64_1p
602,7545.865769025887,3010000.0,HalfCheetah-v3,TD3_Q2a2x64_1p
603,6927.578895134911,3015000.0,HalfCheetah-v3,TD3_Q2a2x64_1p
604,6359.256231022513,3020000.0,HalfCheetah-v3,TD3_Q2a2x64_1p
605,8539.488847794886,3025000.0,HalfCheetah-v3,TD3_Q2a2x64_1p
606,8113.211863054721,3030000.0,HalfCheetah-v3,TD3_Q2a2x64_1p
607,7661.940176204627,3035000.0,HalfCheetah-v3,TD3_Q2a2x64_1p
608,7073.6675880035955,3040000.0,HalfCheetah-v3,TD3_Q2a2x64_1p
609,6423.985769367389,3045000.0,HalfCheetah-v3,TD3_Q2a2x64_1p
610,8376.403293486981,3050000.0,HalfCheetah-v3,TD3_Q2a2x64_1p
611,8073.353373397207,3055000.0,HalfCheetah-v3,TD3_Q2a2x64_1p
612,7559.848967803006,3060000.0,HalfCheetah-v3,TD3_Q2a2x64_1p
613,7013.163016786819,3065000.0,HalfCheetah-v3,TD3_Q2a2x64_1p
614,6383.700274403665,3070000.0,HalfCheetah-v3,TD3_Q2a2x64_1p
615,8253.531006115856,3075000.0,HalfCheetah-v3,TD3_Q2a2x64_1p
616,7887.717132072117,3080000.0,HalfCheetah-v3,TD3_Q2a2x64_1p
617,7348.052917266656,3085000.0,HalfCheetah-v3,TD3_Q2a2x64_1p
618,6808.613290748884,3090000.0,HalfCheetah-v3,TD3_Q2a2x64_1p
619,6270.745701361265,3095000.0,HalfCheetah-v3,TD3_Q2a2x64_1p
620,8456.23062234838,3100000.0,HalfCheetah-v3,TD3_Q2a2x64_1p
621,8097.745194975347,3105000.0,HalfCheetah-v3,TD3_Q2a2x64_1p
622,7708.784856879945,3110000.0,HalfCheetah-v3,TD3_Q2a2x64_1p
623,7129.730129710106,3115000.0,HalfCheetah-v3,TD3_Q2a2x64_1p
624,6578.377319738955,3120000.0,HalfCheetah-v3,TD3_Q2a2x64_1p
625,8507.526223536694,3125000.0,HalfCheetah-v3,TD3_Q2a2x64_1p
626,8188.420192781819,3130000.0,HalfCheetah-v3,TD3_Q2a2x64_1p
627,7694.247281823639,3135000.0,HalfCheetah-v3,TD3_Q2a2x64_1p
628,7114.4606659838,3140000.0,HalfCheetah-v3,TD3_Q2a2x64_1p
629,6519.028673567716,3145000.0,HalfCheetah-v3,TD3_Q2a2x64_1p
630,8386.418540052831,3150000.0,HalfCheetah-v3,TD3_Q2a2x64_1p
631,8105.120093783048,3155000.0,HalfCheetah-v3,TD3_Q2a2x64_1p
632,7575.936318133217,3160000.0,HalfCheetah-v3,TD3_Q2a2x64_1p
633,7072.168609143589,3165000.0,HalfCheetah-v3,TD3_Q2a2x64_1p
634,6569.048298331318,3170000.0,HalfCheetah-v3,TD3_Q2a2x64_1p
635,8569.679907652539,3175000.0,HalfCheetah-v3,TD3_Q2a2x64_1p
636,8246.309195383605,3180000.0,HalfCheetah-v3,TD3_Q2a2x64_1p
637,7750.851993588959,3185000.0,HalfCheetah-v3,TD3_Q2a2x64_1p
638,7099.891371085828,3190000.0,HalfCheetah-v3,TD3_Q2a2x64_1p
639,6576.517139732734,3195000.0,HalfCheetah-v3,TD3_Q2a2x64_1p
640,8421.611762739887,3200000.0,HalfCheetah-v3,TD3_Q2a2x64_1p
641,8108.625333782898,3205000.0,HalfCheetah-v3,TD3_Q2a2x64_1p
642,7530.791975747216,3210000.0,HalfCheetah-v3,TD3_Q2a2x64_1p
643,7177.261116145663,3215000.0,HalfCheetah-v3,TD3_Q2a2x64_1p
644,6464.876382038548,3220000.0,HalfCheetah-v3,TD3_Q2a2x64_1p
645,8294.981857560924,3225000.0,HalfCheetah-v3,TD3_Q2a2x64_1p
646,8030.386986977758,3230000.0,HalfCheetah-v3,TD3_Q2a2x64_1p
647,7513.273881685629,3235000.0,HalfCheetah-v3,TD3_Q2a2x64_1p
648,6823.0434230093,3240000.0,HalfCheetah-v3,TD3_Q2a2x64_1p
649,6255.345601022285,3245000.0,HalfCheetah-v3,TD3_Q2a2x64_1p
650,8591.394689851277,3250000.0,HalfCheetah-v3,TD3_Q2a2x64_1p
651,8206.605806300842,3255000.0,HalfCheetah-v3,TD3_Q2a2x64_1p
652,7635.509679054683,3260000.0,HalfCheetah-v3,TD3_Q2a2x64_1p
653,6964.669587030128,3265000.0,HalfCheetah-v3,TD3_Q2a2x64_1p
654,6485.59054778957,3270000.0,HalfCheetah-v3,TD3_Q2a2x64_1p
655,8518.152358683798,3275000.0,HalfCheetah-v3,TD3_Q2a2x64_1p
656,8205.304914784967,3280000.0,HalfCheetah-v3,TD3_Q2a2x64_1p
657,7866.930318422007,3285000.0,HalfCheetah-v3,TD3_Q2a2x64_1p
658,7197.332539262088,3290000.0,HalfCheetah-v3,TD3_Q2a2x64_1p
659,6487.1200741210005,3295000.0,HalfCheetah-v3,TD3_Q2a2x64_1p
660,8394.3545090429,3300000.0,HalfCheetah-v3,TD3_Q2a2x64_1p
661,8082.588822379269,3305000.0,HalfCheetah-v3,TD3_Q2a2x64_1p
662,7706.555652316654,3310000.0,HalfCheetah-v3,TD3_Q2a2x64_1p
663,7113.844445510597,3315000.0,HalfCheetah-v3,TD3_Q2a2x64_1p
664,6606.978166169111,3320000.0,HalfCheetah-v3,TD3_Q2a2x64_1p
665,8599.970889921924,3325000.0,HalfCheetah-v3,TD3_Q2a2x64_1p
666,8136.377351562628,3330000.0,HalfCheetah-v3,TD3_Q2a2x64_1p
667,7609.9039778550505,3335000.0,HalfCheetah-v3,TD3_Q2a2x64_1p
668,6955.576479375784,3340000.0,HalfCheetah-v3,TD3_Q2a2x64_1p
669,6275.232214370113,3345000.0,HalfCheetah-v3,TD3_Q2a2x64_1p
670,8674.66710593893,3350000.0,HalfCheetah-v3,TD3_Q2a2x64_1p
671,8307.052510955446,3355000.0,HalfCheetah-v3,TD3_Q2a2x64_1p
672,7781.394445218653,3360000.0,HalfCheetah-v3,TD3_Q2a2x64_1p
673,7060.167295222353,3365000.0,HalfCheetah-v3,TD3_Q2a2x64_1p
674,6573.019950129225,3370000.0,HalfCheetah-v3,TD3_Q2a2x64_1p
675,8574.707926990504,3375000.0,HalfCheetah-v3,TD3_Q2a2x64_1p
676,8261.122317527705,3380000.0,HalfCheetah-v3,TD3_Q2a2x64_1p
677,7817.613772923156,3385000.0,HalfCheetah-v3,TD3_Q2a2x64_1p
678,7246.055589755799,3390000.0,HalfCheetah-v3,TD3_Q2a2x64_1p
679,6659.953454569508,3395000.0,HalfCheetah-v3,TD3_Q2a2x64_1p
680,8607.43776859519,3400000.0,HalfCheetah-v3,TD3_Q2a2x64_1p
681,8307.46517711432,3405000.0,HalfCheetah-v3,TD3_Q2a2x64_1p
682,7750.147500971312,3410000.0,HalfCheetah-v3,TD3_Q2a2x64_1p
683,7186.379798636578,3415000.0,HalfCheetah-v3,TD3_Q2a2x64_1p
684,6524.5685041975485,3420000.0,HalfCheetah-v3,TD3_Q2a2x64_1p
685,8513.256892990194,3425000.0,HalfCheetah-v3,TD3_Q2a2x64_1p
686,8316.44601757078,3430000.0,HalfCheetah-v3,TD3_Q2a2x64_1p
687,7722.640830232072,3435000.0,HalfCheetah-v3,TD3_Q2a2x64_1p
688,6783.126664490874,3440000.0,HalfCheetah-v3,TD3_Q2a2x64_1p
689,6612.718075483429,3445000.0,HalfCheetah-v3,TD3_Q2a2x64_1p
690,8657.344037248618,3450000.0,HalfCheetah-v3,TD3_Q2a2x64_1p
691,8298.999882243186,3455000.0,HalfCheetah-v3,TD3_Q2a2x64_1p
692,7776.453950276906,3460000.0,HalfCheetah-v3,TD3_Q2a2x64_1p
693,7226.602099214445,3465000.0,HalfCheetah-v3,TD3_Q2a2x64_1p
694,6745.480041190986,3470000.0,HalfCheetah-v3,TD3_Q2a2x64_1p
695,8527.217490052684,3475000.0,HalfCheetah-v3,TD3_Q2a2x64_1p
696,8011.198122385783,3480000.0,HalfCheetah-v3,TD3_Q2a2x64_1p
697,7804.875988704301,3485000.0,HalfCheetah-v3,TD3_Q2a2x64_1p
698,7374.7215531761485,3490000.0,HalfCheetah-v3,TD3_Q2a2x64_1p
699,6727.149141985868,3495000.0,HalfCheetah-v3,TD3_Q2a2x64_1p
700,8595.393518233122,3500000.0,HalfCheetah-v3,TD3_Q2a2x64_1p
701,8285.331408445796,3505000.0,HalfCheetah-v3,TD3_Q2a2x64_1p
702,7726.402671560374,3510000.0,HalfCheetah-v3,TD3_Q2a2x64_1p
703,7004.707836505506,3515000.0,HalfCheetah-v3,TD3_Q2a2x64_1p
704,6388.971993334763,3520000.0,HalfCheetah-v3,TD3_Q2a2x64_1p
705,8867.026514697725,3525000.0,HalfCheetah-v3,TD3_Q2a2x64_1p
706,8433.51730743402,3530000.0,HalfCheetah-v3,TD3_Q2a2x64_1p
707,7930.807334510542,3535000.0,HalfCheetah-v3,TD3_Q2a2x64_1p
708,7245.517776875216,3540000.0,HalfCheetah-v3,TD3_Q2a2x64_1p
709,6643.079386131886,3545000.0,HalfCheetah-v3,TD3_Q2a2x64_1p
710,8651.48404780502,3550000.0,HalfCheetah-v3,TD3_Q2a2x64_1p
711,8267.387430750621,3555000.0,HalfCheetah-v3,TD3_Q2a2x64_1p
712,7875.324273443839,3560000.0,HalfCheetah-v3,TD3_Q2a2x64_1p
713,7289.218387839983,3565000.0,HalfCheetah-v3,TD3_Q2a2x64_1p
714,6754.505520794907,3570000.0,HalfCheetah-v3,TD3_Q2a2x64_1p
715,8766.460844618,3575000.0,HalfCheetah-v3,TD3_Q2a2x64_1p
716,8465.973721268012,3580000.0,HalfCheetah-v3,TD3_Q2a2x64_1p
717,7930.637803666155,3585000.0,HalfCheetah-v3,TD3_Q2a2x64_1p
718,7377.323636183559,3590000.0,HalfCheetah-v3,TD3_Q2a2x64_1p
719,6774.736842709863,3595000.0,HalfCheetah-v3,TD3_Q2a2x64_1p
720,8560.572991988478,3600000.0,HalfCheetah-v3,TD3_Q2a2x64_1p
721,8263.333625603063,3605000.0,HalfCheetah-v3,TD3_Q2a2x64_1p
722,7746.019815330597,3610000.0,HalfCheetah-v3,TD3_Q2a2x64_1p
723,7193.164231797066,3615000.0,HalfCheetah-v3,TD3_Q2a2x64_1p
724,6467.685968863253,3620000.0,HalfCheetah-v3,TD3_Q2a2x64_1p
725,8786.02283567219,3625000.0,HalfCheetah-v3,TD3_Q2a2x64_1p
726,8397.694325865259,3630000.0,HalfCheetah-v3,TD3_Q2a2x64_1p
727,7988.082304195816,3635000.0,HalfCheetah-v3,TD3_Q2a2x64_1p
728,7356.4694992345785,3640000.0,HalfCheetah-v3,TD3_Q2a2x64_1p
729,6823.223252105816,3645000.0,HalfCheetah-v3,TD3_Q2a2x64_1p
730,8710.452433177092,3650000.0,HalfCheetah-v3,TD3_Q2a2x64_1p
731,8399.776899914788,3655000.0,HalfCheetah-v3,TD3_Q2a2x64_1p
732,7869.187511974813,3660000.0,HalfCheetah-v3,TD3_Q2a2x64_1p
733,7420.584595116047,3665000.0,HalfCheetah-v3,TD3_Q2a2x64_1p
734,6917.3623710940155,3670000.0,HalfCheetah-v3,TD3_Q2a2x64_1p
735,8821.410734713412,3675000.0,HalfCheetah-v3,TD3_Q2a2x64_1p
736,8422.339634639513,3680000.0,HalfCheetah-v3,TD3_Q2a2x64_1p
737,7925.471585073821,3685000.0,HalfCheetah-v3,TD3_Q2a2x64_1p
738,7266.279153098774,3690000.0,HalfCheetah-v3,TD3_Q2a2x64_1p
739,6895.858353204724,3695000.0,HalfCheetah-v3,TD3_Q2a2x64_1p
740,8786.91386180327,3700000.0,HalfCheetah-v3,TD3_Q2a2x64_1p
741,8469.314732261615,3705000.0,HalfCheetah-v3,TD3_Q2a2x64_1p
742,7881.694132981193,3710000.0,HalfCheetah-v3,TD3_Q2a2x64_1p
743,7346.57651122739,3715000.0,HalfCheetah-v3,TD3_Q2a2x64_1p
744,6767.459788326257,3720000.0,HalfCheetah-v3,TD3_Q2a2x64_1p
745,8675.054410602079,3725000.0,HalfCheetah-v3,TD3_Q2a2x64_1p
746,8505.866004960308,3730000.0,HalfCheetah-v3,TD3_Q2a2x64_1p
747,8037.132568440538,3735000.0,HalfCheetah-v3,TD3_Q2a2x64_1p
748,7336.194608715508,3740000.0,HalfCheetah-v3,TD3_Q2a2x64_1p
749,6684.89813768498,3745000.0,HalfCheetah-v3,TD3_Q2a2x64_1p
750,8885.618842572552,3750000.0,HalfCheetah-v3,TD3_Q2a2x64_1p
751,8595.309981917586,3755000.0,HalfCheetah-v3,TD3_Q2a2x64_1p
752,7970.847660429591,3760000.0,HalfCheetah-v3,TD3_Q2a2x64_1p
753,7400.857941453411,3765000.0,HalfCheetah-v3,TD3_Q2a2x64_1p
754,6859.994480080922,3770000.0,HalfCheetah-v3,TD3_Q2a2x64_1p
755,8011.645282437615,3775000.0,HalfCheetah-v3,TD3_Q2a2x64_1p
756,8373.111950807892,3780000.0,HalfCheetah-v3,TD3_Q2a2x64_1p
757,7912.69353428565,3785000.0,HalfCheetah-v3,TD3_Q2a2x64_1p
758,7256.864548359491,3790000.0,HalfCheetah-v3,TD3_Q2a2x64_1p
759,6619.511359790881,3795000.0,HalfCheetah-v3,TD3_Q2a2x64_1p
760,8825.545984042541,3800000.0,HalfCheetah-v3,TD3_Q2a2x64_1p
761,8437.276123695887,3805000.0,HalfCheetah-v3,TD3_Q2a2x64_1p
762,8008.994120184587,3810000.0,HalfCheetah-v3,TD3_Q2a2x64_1p
763,7504.667417898464,3815000.0,HalfCheetah-v3,TD3_Q2a2x64_1p
764,6950.371781929954,3820000.0,HalfCheetah-v3,TD3_Q2a2x64_1p
765,8770.299977692153,3825000.0,HalfCheetah-v3,TD3_Q2a2x64_1p
766,8383.156950814056,3830000.0,HalfCheetah-v3,TD3_Q2a2x64_1p
767,7957.957992190297,3835000.0,HalfCheetah-v3,TD3_Q2a2x64_1p
768,6975.65133935077,3840000.0,HalfCheetah-v3,TD3_Q2a2x64_1p
769,6642.794624750322,3845000.0,HalfCheetah-v3,TD3_Q2a2x64_1p
770,8873.157507911874,3850000.0,HalfCheetah-v3,TD3_Q2a2x64_1p
771,7977.1503564122995,3855000.0,HalfCheetah-v3,TD3_Q2a2x64_1p
772,8077.639848876786,3860000.0,HalfCheetah-v3,TD3_Q2a2x64_1p
773,7409.458712823876,3865000.0,HalfCheetah-v3,TD3_Q2a2x64_1p
774,6763.919611103265,3870000.0,HalfCheetah-v3,TD3_Q2a2x64_1p
775,8906.183556733096,3875000.0,HalfCheetah-v3,TD3_Q2a2x64_1p
776,8472.218669804388,3880000.0,HalfCheetah-v3,TD3_Q2a2x64_1p
777,8075.357691173644,3885000.0,HalfCheetah-v3,TD3_Q2a2x64_1p
778,7510.499293071819,3890000.0,HalfCheetah-v3,TD3_Q2a2x64_1p
779,6969.622911695716,3895000.0,HalfCheetah-v3,TD3_Q2a2x64_1p
780,8849.615713934927,3900000.0,HalfCheetah-v3,TD3_Q2a2x64_1p
781,8525.067314032878,3905000.0,HalfCheetah-v3,TD3_Q2a2x64_1p
782,8015.258067816938,3910000.0,HalfCheetah-v3,TD3_Q2a2x64_1p
783,7440.7337209366015,3915000.0,HalfCheetah-v3,TD3_Q2a2x64_1p
784,6988.951555667748,3920000.0,HalfCheetah-v3,TD3_Q2a2x64_1p
785,8826.225792364352,3925000.0,HalfCheetah-v3,TD3_Q2a2x64_1p
786,8549.31776660171,3930000.0,HalfCheetah-v3,TD3_Q2a2x64_1p
787,7936.969793333515,3935000.0,HalfCheetah-v3,TD3_Q2a2x64_1p
788,7466.254570007503,3940000.0,HalfCheetah-v3,TD3_Q2a2x64_1p
789,6943.558993775111,3945000.0,HalfCheetah-v3,TD3_Q2a2x64_1p
790,8677.545947640796,3950000.0,HalfCheetah-v3,TD3_Q2a2x64_1p
791,8349.877334391324,3955000.0,HalfCheetah-v3,TD3_Q2a2x64_1p
792,7892.208636291418,3960000.0,HalfCheetah-v3,TD3_Q2a2x64_1p
793,7389.964307017576,3965000.0,HalfCheetah-v3,TD3_Q2a2x64_1p
794,6847.225038540123,3970000.0,HalfCheetah-v3,TD3_Q2a2x64_1p
795,9055.966065399944,3975000.0,HalfCheetah-v3,TD3_Q2a2x64_1p
796,8700.230096387406,3980000.0,HalfCheetah-v3,TD3_Q2a2x64_1p
797,8171.689085362848,3985000.0,HalfCheetah-v3,TD3_Q2a2x64_1p
798,7497.590452531744,3990000.0,HalfCheetah-v3,TD3_Q2a2x64_1p
799,7057.187036420772,3995000.0,HalfCheetah-v3,TD3_Q2a2x64_1p
800,8899.128633034668,4000000.0,HalfCheetah-v3,TD3_Q2a2x64_1p
801,8406.895515124841,4005000.0,HalfCheetah-v3,TD3_Q2a2x64_1p
802,7840.756948274624,4010000.0,HalfCheetah-v3,TD3_Q2a2x64_1p
803,7336.14470430654,4015000.0,HalfCheetah-v3,TD3_Q2a2x64_1p
804,6751.157623732445,4020000.0,HalfCheetah-v3,TD3_Q2a2x64_1p
805,8987.767283770661,4025000.0,HalfCheetah-v3,TD3_Q2a2x64_1p
806,8587.128508638245,4030000.0,HalfCheetah-v3,TD3_Q2a2x64_1p
807,8200.257844946045,4035000.0,HalfCheetah-v3,TD3_Q2a2x64_1p
808,7655.069233062823,4040000.0,HalfCheetah-v3,TD3_Q2a2x64_1p
809,7015.317099622063,4045000.0,HalfCheetah-v3,TD3_Q2a2x64_1p
810,9106.74647766597,4050000.0,HalfCheetah-v3,TD3_Q2a2x64_1p
811,8598.26972443666,4055000.0,HalfCheetah-v3,TD3_Q2a2x64_1p
812,8122.638344330977,4060000.0,HalfCheetah-v3,TD3_Q2a2x64_1p
813,7597.592364274322,4065000.0,HalfCheetah-v3,TD3_Q2a2x64_1p
814,6957.82734118879,4070000.0,HalfCheetah-v3,TD3_Q2a2x64_1p
815,8883.154848505948,4075000.0,HalfCheetah-v3,TD3_Q2a2x64_1p
816,8589.74376977721,4080000.0,HalfCheetah-v3,TD3_Q2a2x64_1p
817,8088.644693227322,4085000.0,HalfCheetah-v3,TD3_Q2a2x64_1p
818,7517.482441804359,4090000.0,HalfCheetah-v3,TD3_Q2a2x64_1p
819,6836.215758474138,4095000.0,HalfCheetah-v3,TD3_Q2a2x64_1p
820,9050.595310182736,4100000.0,HalfCheetah-v3,TD3_Q2a2x64_1p
821,8752.915820878861,4105000.0,HalfCheetah-v3,TD3_Q2a2x64_1p
822,8164.09222806019,4110000.0,HalfCheetah-v3,TD3_Q2a2x64_1p
823,7659.172503297568,4115000.0,HalfCheetah-v3,TD3_Q2a2x64_1p
824,6903.659020236921,4120000.0,HalfCheetah-v3,TD3_Q2a2x64_1p
825,9086.269960758324,4125000.0,HalfCheetah-v3,TD3_Q2a2x64_1p
826,8750.234110207524,4130000.0,HalfCheetah-v3,TD3_Q2a2x64_1p
827,8272.681813625331,4135000.0,HalfCheetah-v3,TD3_Q2a2x64_1p
828,7709.281378179972,4140000.0,HalfCheetah-v3,TD3_Q2a2x64_1p
829,7050.5863057816405,4145000.0,HalfCheetah-v3,TD3_Q2a2x64_1p
830,9038.91992224508,4150000.0,HalfCheetah-v3,TD3_Q2a2x64_1p
831,8682.262814624219,4155000.0,HalfCheetah-v3,TD3_Q2a2x64_1p
832,8066.667882214519,4160000.0,HalfCheetah-v3,TD3_Q2a2x64_1p
833,7585.884818118601,4165000.0,HalfCheetah-v3,TD3_Q2a2x64_1p
834,7016.749606636486,4170000.0,HalfCheetah-v3,TD3_Q2a2x64_1p
835,8843.30042542255,4175000.0,HalfCheetah-v3,TD3_Q2a2x64_1p
836,8503.328764663023,4180000.0,HalfCheetah-v3,TD3_Q2a2x64_1p
837,8075.267500316525,4185000.0,HalfCheetah-v3,TD3_Q2a2x64_1p
838,7549.322662631069,4190000.0,HalfCheetah-v3,TD3_Q2a2x64_1p
839,7060.5923462646,4195000.0,HalfCheetah-v3,TD3_Q2a2x64_1p
840,9179.983443658099,4200000.0,HalfCheetah-v3,TD3_Q2a2x64_1p
841,8705.962311682926,4205000.0,HalfCheetah-v3,TD3_Q2a2x64_1p
842,8309.31152542724,4210000.0,HalfCheetah-v3,TD3_Q2a2x64_1p
843,7723.403841866459,4215000.0,HalfCheetah-v3,TD3_Q2a2x64_1p
844,7075.937324763283,4220000.0,HalfCheetah-v3,TD3_Q2a2x64_1p
845,9165.622572775292,4225000.0,HalfCheetah-v3,TD3_Q2a2x64_1p
846,8733.253193767401,4230000.0,HalfCheetah-v3,TD3_Q2a2x64_1p
847,8305.517625513447,4235000.0,HalfCheetah-v3,TD3_Q2a2x64_1p
848,7673.357025720466,4240000.0,HalfCheetah-v3,TD3_Q2a2x64_1p
849,7213.453905894603,4245000.0,HalfCheetah-v3,TD3_Q2a2x64_1p
850,9100.605197529414,4250000.0,HalfCheetah-v3,TD3_Q2a2x64_1p
851,8650.223771009485,4255000.0,HalfCheetah-v3,TD3_Q2a2x64_1p
852,8238.819228071146,4260000.0,HalfCheetah-v3,TD3_Q2a2x64_1p
853,7585.878262230857,4265000.0,HalfCheetah-v3,TD3_Q2a2x64_1p
854,6901.8956270585795,4270000.0,HalfCheetah-v3,TD3_Q2a2x64_1p
855,8883.798919126,4275000.0,HalfCheetah-v3,TD3_Q2a2x64_1p
856,8493.71391045502,4280000.0,HalfCheetah-v3,TD3_Q2a2x64_1p
857,8084.381052559528,4285000.0,HalfCheetah-v3,TD3_Q2a2x64_1p
858,7571.250983188211,4290000.0,HalfCheetah-v3,TD3_Q2a2x64_1p
859,6978.519071357381,4295000.0,HalfCheetah-v3,TD3_Q2a2x64_1p
860,8627.340956332991,4300000.0,HalfCheetah-v3,TD3_Q2a2x64_1p
861,8563.076749119802,4305000.0,HalfCheetah-v3,TD3_Q2a2x64_1p
862,8127.779892655804,4310000.0,HalfCheetah-v3,TD3_Q2a2x64_1p
863,7578.293293313824,4315000.0,HalfCheetah-v3,TD3_Q2a2x64_1p
864,6953.5522228105565,4320000.0,HalfCheetah-v3,TD3_Q2a2x64_1p
865,9029.311642765775,4325000.0,HalfCheetah-v3,TD3_Q2a2x64_1p
866,8707.768795145463,4330000.0,HalfCheetah-v3,TD3_Q2a2x64_1p
867,8108.444639827937,4335000.0,HalfCheetah-v3,TD3_Q2a2x64_1p
868,7564.725037088203,4340000.0,HalfCheetah-v3,TD3_Q2a2x64_1p
869,7036.47630719434,4345000.0,HalfCheetah-v3,TD3_Q2a2x64_1p
870,8808.606733725963,4350000.0,HalfCheetah-v3,TD3_Q2a2x64_1p
871,8508.929313360668,4355000.0,HalfCheetah-v3,TD3_Q2a2x64_1p
872,8125.9857954804975,4360000.0,HalfCheetah-v3,TD3_Q2a2x64_1p
873,7556.155750518288,4365000.0,HalfCheetah-v3,TD3_Q2a2x64_1p
874,7055.48298657703,4370000.0,HalfCheetah-v3,TD3_Q2a2x64_1p
875,9016.12697248413,4375000.0,HalfCheetah-v3,TD3_Q2a2x64_1p
876,8618.594994407766,4380000.0,HalfCheetah-v3,TD3_Q2a2x64_1p
877,8201.027477535059,4385000.0,HalfCheetah-v3,TD3_Q2a2x64_1p
878,7606.656979594916,4390000.0,HalfCheetah-v3,TD3_Q2a2x64_1p
879,7027.732782632401,4395000.0,HalfCheetah-v3,TD3_Q2a2x64_1p
880,9071.19995107082,4400000.0,HalfCheetah-v3,TD3_Q2a2x64_1p
881,8659.6065336906,4405000.0,HalfCheetah-v3,TD3_Q2a2x64_1p
882,8136.110533530792,4410000.0,HalfCheetah-v3,TD3_Q2a2x64_1p
883,7582.580759931215,4415000.0,HalfCheetah-v3,TD3_Q2a2x64_1p
884,7030.444111382659,4420000.0,HalfCheetah-v3,TD3_Q2a2x64_1p
885,8984.57551260843,4425000.0,HalfCheetah-v3,TD3_Q2a2x64_1p
886,8624.182878022079,4430000.0,HalfCheetah-v3,TD3_Q2a2x64_1p
887,8274.104335273694,4435000.0,HalfCheetah-v3,TD3_Q2a2x64_1p
888,7657.45838623458,4440000.0,HalfCheetah-v3,TD3_Q2a2x64_1p
889,7217.417225411815,4445000.0,HalfCheetah-v3,TD3_Q2a2x64_1p
890,9108.347106961586,4450000.0,HalfCheetah-v3,TD3_Q2a2x64_1p
891,8708.441026579665,4455000.0,HalfCheetah-v3,TD3_Q2a2x64_1p
892,8250.481701061104,4460000.0,HalfCheetah-v3,TD3_Q2a2x64_1p
893,7632.559686992999,4465000.0,HalfCheetah-v3,TD3_Q2a2x64_1p
894,7146.658214843114,4470000.0,HalfCheetah-v3,TD3_Q2a2x64_1p
895,9125.690858423908,4475000.0,HalfCheetah-v3,TD3_Q2a2x64_1p
896,8715.242972191747,4480000.0,HalfCheetah-v3,TD3_Q2a2x64_1p
897,8204.27573115512,4485000.0,HalfCheetah-v3,TD3_Q2a2x64_1p
898,7629.344681519351,4490000.0,HalfCheetah-v3,TD3_Q2a2x64_1p
899,7055.802163385287,4495000.0,HalfCheetah-v3,TD3_Q2a2x64_1p
900,9171.033209431593,4500000.0,HalfCheetah-v3,TD3_Q2a2x64_1p
901,8727.038144239214,4505000.0,HalfCheetah-v3,TD3_Q2a2x64_1p
902,8252.859776712197,4510000.0,HalfCheetah-v3,TD3_Q2a2x64_1p
903,7673.217563064418,4515000.0,HalfCheetah-v3,TD3_Q2a2x64_1p
904,7170.300080899224,4520000.0,HalfCheetah-v3,TD3_Q2a2x64_1p
905,9055.884226155238,4525000.0,HalfCheetah-v3,TD3_Q2a2x64_1p
906,8756.777939206237,4530000.0,HalfCheetah-v3,TD3_Q2a2x64_1p
907,8259.288941305651,4535000.0,HalfCheetah-v3,TD3_Q2a2x64_1p
908,7803.101931442869,4540000.0,HalfCheetah-v3,TD3_Q2a2x64_1p
909,7127.833052229083,4545000.0,HalfCheetah-v3,TD3_Q2a2x64_1p
910,9150.754398015106,4550000.0,HalfCheetah-v3,TD3_Q2a2x64_1p
911,8745.748747443493,4555000.0,HalfCheetah-v3,TD3_Q2a2x64_1p
912,8317.683305330398,4560000.0,HalfCheetah-v3,TD3_Q2a2x64_1p
913,7675.300462132196,4565000.0,HalfCheetah-v3,TD3_Q2a2x64_1p
914,7075.958097271355,4570000.0,HalfCheetah-v3,TD3_Q2a2x64_1p
915,9044.718970693692,4575000.0,HalfCheetah-v3,TD3_Q2a2x64_1p
916,8655.425159223953,4580000.0,HalfCheetah-v3,TD3_Q2a2x64_1p
917,8220.639060585014,4585000.0,HalfCheetah-v3,TD3_Q2a2x64_1p
918,7597.223651314196,4590000.0,HalfCheetah-v3,TD3_Q2a2x64_1p
919,7020.281247841621,4595000.0,HalfCheetah-v3,TD3_Q2a2x64_1p
920,9176.286344396982,4600000.0,HalfCheetah-v3,TD3_Q2a2x64_1p
921,8788.620303124193,4605000.0,HalfCheetah-v3,TD3_Q2a2x64_1p
922,8298.464517243669,4610000.0,HalfCheetah-v3,TD3_Q2a2x64_1p
923,7741.566130996997,4615000.0,HalfCheetah-v3,TD3_Q2a2x64_1p
924,7134.103475284819,4620000.0,HalfCheetah-v3,TD3_Q2a2x64_1p
925,9026.139430261506,4625000.0,HalfCheetah-v3,TD3_Q2a2x64_1p
926,8773.228098334268,4630000.0,HalfCheetah-v3,TD3_Q2a2x64_1p
927,8198.630444259365,4635000.0,HalfCheetah-v3,TD3_Q2a2x64_1p
928,7805.566768282282,4640000.0,HalfCheetah-v3,TD3_Q2a2x64_1p
929,6914.453322491347,4645000.0,HalfCheetah-v3,TD3_Q2a2x64_1p
930,8832.214451063326,4650000.0,HalfCheetah-v3,TD3_Q2a2x64_1p
931,8597.185028877217,4655000.0,HalfCheetah-v3,TD3_Q2a2x64_1p
932,8113.370055585177,4660000.0,HalfCheetah-v3,TD3_Q2a2x64_1p
933,7520.258877442126,4665000.0,HalfCheetah-v3,TD3_Q2a2x64_1p
934,6650.561368095562,4670000.0,HalfCheetah-v3,TD3_Q2a2x64_1p
935,9210.05723709391,4675000.0,HalfCheetah-v3,TD3_Q2a2x64_1p
936,8999.325359387567,4680000.0,HalfCheetah-v3,TD3_Q2a2x64_1p
937,8434.20023867056,4685000.0,HalfCheetah-v3,TD3_Q2a2x64_1p
938,7150.791078190533,4690000.0,HalfCheetah-v3,TD3_Q2a2x64_1p
939,7202.865515231341,4695000.0,HalfCheetah-v3,TD3_Q2a2x64_1p
940,9156.304478474805,4700000.0,HalfCheetah-v3,TD3_Q2a2x64_1p
941,8861.976655612238,4705000.0,HalfCheetah-v3,TD3_Q2a2x64_1p
942,8367.895743382609,4710000.0,HalfCheetah-v3,TD3_Q2a2x64_1p
943,7742.9791143746315,4715000.0,HalfCheetah-v3,TD3_Q2a2x64_1p
944,7193.87890517651,4720000.0,HalfCheetah-v3,TD3_Q2a2x64_1p
945,9131.864701009348,4725000.0,HalfCheetah-v3,TD3_Q2a2x64_1p
946,8790.33516869783,4730000.0,HalfCheetah-v3,TD3_Q2a2x64_1p
947,8465.494940601722,4735000.0,HalfCheetah-v3,TD3_Q2a2x64_1p
948,7317.523036821335,4740000.0,HalfCheetah-v3,TD3_Q2a2x64_1p
949,7381.13423090897,4745000.0,HalfCheetah-v3,TD3_Q2a2x64_1p
950,9391.803507676503,4750000.0,HalfCheetah-v3,TD3_Q2a2x64_1p
951,8996.997062102037,4755000.0,HalfCheetah-v3,TD3_Q2a2x64_1p
952,8507.629511687483,4760000.0,HalfCheetah-v3,TD3_Q2a2x64_1p
953,7946.686882342037,4765000.0,HalfCheetah-v3,TD3_Q2a2x64_1p
954,7108.4544850364355,4770000.0,HalfCheetah-v3,TD3_Q2a2x64_1p
955,9238.973807759965,4775000.0,HalfCheetah-v3,TD3_Q2a2x64_1p
956,8895.611567116379,4780000.0,HalfCheetah-v3,TD3_Q2a2x64_1p
957,8515.74300347939,4785000.0,HalfCheetah-v3,TD3_Q2a2x64_1p
958,7910.592149812944,4790000.0,HalfCheetah-v3,TD3_Q2a2x64_1p
959,7317.7877636341145,4795000.0,HalfCheetah-v3,TD3_Q2a2x64_1p
960,9289.041617810944,4800000.0,HalfCheetah-v3,TD3_Q2a2x64_1p
961,8894.771631007907,4805000.0,HalfCheetah-v3,TD3_Q2a2x64_1p
962,8620.052949353876,4810000.0,HalfCheetah-v3,TD3_Q2a2x64_1p
963,7863.141230510239,4815000.0,HalfCheetah-v3,TD3_Q2a2x64_1p
964,7274.163350246517,4820000.0,HalfCheetah-v3,TD3_Q2a2x64_1p
965,9156.910662370725,4825000.0,HalfCheetah-v3,TD3_Q2a2x64_1p
966,8931.864268401878,4830000.0,HalfCheetah-v3,TD3_Q2a2x64_1p
967,8489.06136426848,4835000.0,HalfCheetah-v3,TD3_Q2a2x64_1p
968,7962.935276190309,4840000.0,HalfCheetah-v3,TD3_Q2a2x64_1p
969,7305.394631934064,4845000.0,HalfCheetah-v3,TD3_Q2a2x64_1p
970,9196.192785143374,4850000.0,HalfCheetah-v3,TD3_Q2a2x64_1p
971,8890.628449904601,4855000.0,HalfCheetah-v3,TD3_Q2a2x64_1p
972,8374.25658759027,4860000.0,HalfCheetah-v3,TD3_Q2a2x64_1p
973,7880.459330708734,4865000.0,HalfCheetah-v3,TD3_Q2a2x64_1p
974,7205.821992160012,4870000.0,HalfCheetah-v3,TD3_Q2a2x64_1p
975,9173.867328843677,4875000.0,HalfCheetah-v3,TD3_Q2a2x64_1p
976,8870.63564560593,4880000.0,HalfCheetah-v3,TD3_Q2a2x64_1p
977,7756.194912618336,4885000.0,HalfCheetah-v3,TD3_Q2a2x64_1p
978,7565.861729237056,4890000.0,HalfCheetah-v3,TD3_Q2a2x64_1p
979,6958.828173292832,4895000.0,HalfCheetah-v3,TD3_Q2a2x64_1p
980,9243.602052251295,4900000.0,HalfCheetah-v3,TD3_Q2a2x64_1p
981,8797.583175949083,4905000.0,HalfCheetah-v3,TD3_Q2a2x64_1p
982,8370.802149939176,4910000.0,HalfCheetah-v3,TD3_Q2a2x64_1p
983,7834.882180013416,4915000.0,HalfCheetah-v3,TD3_Q2a2x64_1p
984,7106.581728974948,4920000.0,HalfCheetah-v3,TD3_Q2a2x64_1p
985,9305.733393808874,4925000.0,HalfCheetah-v3,TD3_Q2a2x64_1p
986,8672.153484651344,4930000.0,HalfCheetah-v3,TD3_Q2a2x64_1p
987,8450.931389725512,4935000.0,HalfCheetah-v3,TD3_Q2a2x64_1p
988,7262.88439429533,4940000.0,HalfCheetah-v3,TD3_Q2a2x64_1p
989,7351.9107797595525,4945000.0,HalfCheetah-v3,TD3_Q2a2x64_1p
990,8831.66033643774,4950000.0,HalfCheetah-v3,TD3_Q2a2x64_1p
991,8583.168987080597,4955000.0,HalfCheetah-v3,TD3_Q2a2x64_1p
992,8272.721540101335,4960000.0,HalfCheetah-v3,TD3_Q2a2x64_1p
993,7935.226497588902,4965000.0,HalfCheetah-v3,TD3_Q2a2x64_1p
994,7481.20733359302,4970000.0,HalfCheetah-v3,TD3_Q2a2x64_1p
995,9305.170090676958,4975000.0,HalfCheetah-v3,TD3_Q2a2x64_1p
996,9010.437195109285,4980000.0,HalfCheetah-v3,TD3_Q2a2x64_1p
997,8425.342621371658,4985000.0,HalfCheetah-v3,TD3_Q2a2x64_1p
998,7868.399474057504,4990000.0,HalfCheetah-v3,TD3_Q2a2x64_1p
999,7271.204418443098,4995000.0,HalfCheetah-v3,TD3_Q2a2x64_1p
