index,Average Return,Timesteps,env,algorithm_name
0,-291.69839336597795,0.0,HalfCheetah-v3,TD3_Q2a3x64_1p
1,-461.6678480978047,5000.0,HalfCheetah-v3,TD3_Q2a3x64_1p
2,-434.69994847726673,10000.0,HalfCheetah-v3,TD3_Q2a3x64_1p
3,-419.3597431692871,15000.0,HalfCheetah-v3,TD3_Q2a3x64_1p
4,-412.71332884222795,20000.0,HalfCheetah-v3,TD3_Q2a3x64_1p
5,-417.92401472861854,25000.0,HalfCheetah-v3,TD3_Q2a3x64_1p
6,-472.8484605492974,30000.0,HalfCheetah-v3,TD3_Q2a3x64_1p
7,-437.8490335691575,35000.0,HalfCheetah-v3,TD3_Q2a3x64_1p
8,-436.0095410883394,40000.0,HalfCheetah-v3,TD3_Q2a3x64_1p
9,-411.27213198209836,45000.0,HalfCheetah-v3,TD3_Q2a3x64_1p
10,-480.1051728337335,50000.0,HalfCheetah-v3,TD3_Q2a3x64_1p
11,-460.365962336113,55000.0,HalfCheetah-v3,TD3_Q2a3x64_1p
12,-427.8244909693165,60000.0,HalfCheetah-v3,TD3_Q2a3x64_1p
13,-383.612916732523,65000.0,HalfCheetah-v3,TD3_Q2a3x64_1p
14,-361.83908987041355,70000.0,HalfCheetah-v3,TD3_Q2a3x64_1p
15,-311.8968664112593,75000.0,HalfCheetah-v3,TD3_Q2a3x64_1p
16,-322.99432580576035,80000.0,HalfCheetah-v3,TD3_Q2a3x64_1p
17,-315.98395173532,85000.0,HalfCheetah-v3,TD3_Q2a3x64_1p
18,-291.8531614321459,90000.0,HalfCheetah-v3,TD3_Q2a3x64_1p
19,-290.3127397860686,95000.0,HalfCheetah-v3,TD3_Q2a3x64_1p
20,-341.31443459079617,100000.0,HalfCheetah-v3,TD3_Q2a3x64_1p
21,-326.45780487889385,105000.0,HalfCheetah-v3,TD3_Q2a3x64_1p
22,-268.65922220244255,110000.0,HalfCheetah-v3,TD3_Q2a3x64_1p
23,-233.46443766384976,115000.0,HalfCheetah-v3,TD3_Q2a3x64_1p
24,-230.0520509780152,120000.0,HalfCheetah-v3,TD3_Q2a3x64_1p
25,118.43552061934147,125000.0,HalfCheetah-v3,TD3_Q2a3x64_1p
26,289.89076746635084,130000.0,HalfCheetah-v3,TD3_Q2a3x64_1p
27,144.82907059201798,135000.0,HalfCheetah-v3,TD3_Q2a3x64_1p
28,158.57132387853372,140000.0,HalfCheetah-v3,TD3_Q2a3x64_1p
29,150.3271417811897,145000.0,HalfCheetah-v3,TD3_Q2a3x64_1p
30,1223.4147460809959,150000.0,HalfCheetah-v3,TD3_Q2a3x64_1p
31,878.3393064851864,155000.0,HalfCheetah-v3,TD3_Q2a3x64_1p
32,1053.165561459969,160000.0,HalfCheetah-v3,TD3_Q2a3x64_1p
33,1063.7122407866436,165000.0,HalfCheetah-v3,TD3_Q2a3x64_1p
34,1058.1019108414662,170000.0,HalfCheetah-v3,TD3_Q2a3x64_1p
35,2030.7910309671151,175000.0,HalfCheetah-v3,TD3_Q2a3x64_1p
36,1577.2273759408877,180000.0,HalfCheetah-v3,TD3_Q2a3x64_1p
37,1769.824273470313,185000.0,HalfCheetah-v3,TD3_Q2a3x64_1p
38,1688.915793076143,190000.0,HalfCheetah-v3,TD3_Q2a3x64_1p
39,1379.0613282382687,195000.0,HalfCheetah-v3,TD3_Q2a3x64_1p
40,1925.1461162163846,200000.0,HalfCheetah-v3,TD3_Q2a3x64_1p
41,1718.7246726597375,205000.0,HalfCheetah-v3,TD3_Q2a3x64_1p
42,1601.6952007881227,210000.0,HalfCheetah-v3,TD3_Q2a3x64_1p
43,1456.1542792468636,215000.0,HalfCheetah-v3,TD3_Q2a3x64_1p
44,1822.2038983638595,220000.0,HalfCheetah-v3,TD3_Q2a3x64_1p
45,1703.8463532906746,225000.0,HalfCheetah-v3,TD3_Q2a3x64_1p
46,1901.5789911295985,230000.0,HalfCheetah-v3,TD3_Q2a3x64_1p
47,1867.5319374884286,235000.0,HalfCheetah-v3,TD3_Q2a3x64_1p
48,1941.6409176849052,240000.0,HalfCheetah-v3,TD3_Q2a3x64_1p
49,1961.6694150218677,245000.0,HalfCheetah-v3,TD3_Q2a3x64_1p
50,2194.3925666241926,250000.0,HalfCheetah-v3,TD3_Q2a3x64_1p
51,2015.3380353305784,255000.0,HalfCheetah-v3,TD3_Q2a3x64_1p
52,2385.3970246062677,260000.0,HalfCheetah-v3,TD3_Q2a3x64_1p
53,2454.5967077319656,265000.0,HalfCheetah-v3,TD3_Q2a3x64_1p
54,2334.6781816255752,270000.0,HalfCheetah-v3,TD3_Q2a3x64_1p
55,1111.8056771451006,275000.0,HalfCheetah-v3,TD3_Q2a3x64_1p
56,996.0844888815824,280000.0,HalfCheetah-v3,TD3_Q2a3x64_1p
57,844.1902242133056,285000.0,HalfCheetah-v3,TD3_Q2a3x64_1p
58,990.9638496599433,290000.0,HalfCheetah-v3,TD3_Q2a3x64_1p
59,1201.8981856526677,295000.0,HalfCheetah-v3,TD3_Q2a3x64_1p
60,2614.67296726339,300000.0,HalfCheetah-v3,TD3_Q2a3x64_1p
61,3193.870756081872,305000.0,HalfCheetah-v3,TD3_Q2a3x64_1p
62,1975.8582888062833,310000.0,HalfCheetah-v3,TD3_Q2a3x64_1p
63,3030.6132637910623,315000.0,HalfCheetah-v3,TD3_Q2a3x64_1p
64,2729.143944636616,320000.0,HalfCheetah-v3,TD3_Q2a3x64_1p
65,3214.544147647358,325000.0,HalfCheetah-v3,TD3_Q2a3x64_1p
66,3183.35989383464,330000.0,HalfCheetah-v3,TD3_Q2a3x64_1p
67,2893.441774794813,335000.0,HalfCheetah-v3,TD3_Q2a3x64_1p
68,3068.8627672731423,340000.0,HalfCheetah-v3,TD3_Q2a3x64_1p
69,2875.9115816652684,345000.0,HalfCheetah-v3,TD3_Q2a3x64_1p
70,3642.084955602929,350000.0,HalfCheetah-v3,TD3_Q2a3x64_1p
71,3715.88443378902,355000.0,HalfCheetah-v3,TD3_Q2a3x64_1p
72,3275.3046541430695,360000.0,HalfCheetah-v3,TD3_Q2a3x64_1p
73,3638.268649217853,365000.0,HalfCheetah-v3,TD3_Q2a3x64_1p
74,3274.2869920248195,370000.0,HalfCheetah-v3,TD3_Q2a3x64_1p
75,1704.0826188153394,375000.0,HalfCheetah-v3,TD3_Q2a3x64_1p
76,2368.8865355150992,380000.0,HalfCheetah-v3,TD3_Q2a3x64_1p
77,3042.1673460951824,385000.0,HalfCheetah-v3,TD3_Q2a3x64_1p
78,1789.9116025827389,390000.0,HalfCheetah-v3,TD3_Q2a3x64_1p
79,1990.9312894955615,395000.0,HalfCheetah-v3,TD3_Q2a3x64_1p
80,4368.554114244095,400000.0,HalfCheetah-v3,TD3_Q2a3x64_1p
81,3774.3565450192086,405000.0,HalfCheetah-v3,TD3_Q2a3x64_1p
82,3676.934055885698,410000.0,HalfCheetah-v3,TD3_Q2a3x64_1p
83,3784.0893206000574,415000.0,HalfCheetah-v3,TD3_Q2a3x64_1p
84,3564.1672810993355,420000.0,HalfCheetah-v3,TD3_Q2a3x64_1p
85,4030.6923386574226,425000.0,HalfCheetah-v3,TD3_Q2a3x64_1p
86,3327.0610449390742,430000.0,HalfCheetah-v3,TD3_Q2a3x64_1p
87,3707.3516410809234,435000.0,HalfCheetah-v3,TD3_Q2a3x64_1p
88,3361.314610259303,440000.0,HalfCheetah-v3,TD3_Q2a3x64_1p
89,3421.0559367325163,445000.0,HalfCheetah-v3,TD3_Q2a3x64_1p
90,2317.264905502097,450000.0,HalfCheetah-v3,TD3_Q2a3x64_1p
91,2449.398449285235,455000.0,HalfCheetah-v3,TD3_Q2a3x64_1p
92,2218.203957418178,460000.0,HalfCheetah-v3,TD3_Q2a3x64_1p
93,2526.417279294034,465000.0,HalfCheetah-v3,TD3_Q2a3x64_1p
94,2478.67287213663,470000.0,HalfCheetah-v3,TD3_Q2a3x64_1p
95,3580.150639416872,475000.0,HalfCheetah-v3,TD3_Q2a3x64_1p
96,3467.2027177577534,480000.0,HalfCheetah-v3,TD3_Q2a3x64_1p
97,3188.9854104084366,485000.0,HalfCheetah-v3,TD3_Q2a3x64_1p
98,3579.2871749547376,490000.0,HalfCheetah-v3,TD3_Q2a3x64_1p
99,3658.9294210583384,495000.0,HalfCheetah-v3,TD3_Q2a3x64_1p
100,3926.1364010751277,500000.0,HalfCheetah-v3,TD3_Q2a3x64_1p
101,2325.6047860258523,505000.0,HalfCheetah-v3,TD3_Q2a3x64_1p
102,2892.3794565359617,510000.0,HalfCheetah-v3,TD3_Q2a3x64_1p
103,2987.8297141077546,515000.0,HalfCheetah-v3,TD3_Q2a3x64_1p
104,3119.7087963161234,520000.0,HalfCheetah-v3,TD3_Q2a3x64_1p
105,3814.992732718258,525000.0,HalfCheetah-v3,TD3_Q2a3x64_1p
106,4704.765667970687,530000.0,HalfCheetah-v3,TD3_Q2a3x64_1p
107,3877.5052293643084,535000.0,HalfCheetah-v3,TD3_Q2a3x64_1p
108,3293.608731297528,540000.0,HalfCheetah-v3,TD3_Q2a3x64_1p
109,3473.237440016733,545000.0,HalfCheetah-v3,TD3_Q2a3x64_1p
110,4577.636497774244,550000.0,HalfCheetah-v3,TD3_Q2a3x64_1p
111,3834.033061506645,555000.0,HalfCheetah-v3,TD3_Q2a3x64_1p
112,4340.4215283393905,560000.0,HalfCheetah-v3,TD3_Q2a3x64_1p
113,4330.359610531992,565000.0,HalfCheetah-v3,TD3_Q2a3x64_1p
114,3729.5506245137017,570000.0,HalfCheetah-v3,TD3_Q2a3x64_1p
115,4951.52009183464,575000.0,HalfCheetah-v3,TD3_Q2a3x64_1p
116,4996.378847514995,580000.0,HalfCheetah-v3,TD3_Q2a3x64_1p
117,4949.558172755174,585000.0,HalfCheetah-v3,TD3_Q2a3x64_1p
118,4597.30486664948,590000.0,HalfCheetah-v3,TD3_Q2a3x64_1p
119,4046.2213688224992,595000.0,HalfCheetah-v3,TD3_Q2a3x64_1p
120,4487.172337576451,600000.0,HalfCheetah-v3,TD3_Q2a3x64_1p
121,4076.9620046772425,605000.0,HalfCheetah-v3,TD3_Q2a3x64_1p
122,3546.333035200068,610000.0,HalfCheetah-v3,TD3_Q2a3x64_1p
123,2753.735004375589,615000.0,HalfCheetah-v3,TD3_Q2a3x64_1p
124,3075.175596226352,620000.0,HalfCheetah-v3,TD3_Q2a3x64_1p
125,4817.31326339054,625000.0,HalfCheetah-v3,TD3_Q2a3x64_1p
126,4765.959286892613,630000.0,HalfCheetah-v3,TD3_Q2a3x64_1p
127,4964.2030102304225,635000.0,HalfCheetah-v3,TD3_Q2a3x64_1p
128,4784.420906441784,640000.0,HalfCheetah-v3,TD3_Q2a3x64_1p
129,4624.708819949833,645000.0,HalfCheetah-v3,TD3_Q2a3x64_1p
130,5052.257204478842,650000.0,HalfCheetah-v3,TD3_Q2a3x64_1p
131,4947.841839416818,655000.0,HalfCheetah-v3,TD3_Q2a3x64_1p
132,4862.054560182509,660000.0,HalfCheetah-v3,TD3_Q2a3x64_1p
133,4717.064218725911,665000.0,HalfCheetah-v3,TD3_Q2a3x64_1p
134,4558.755973562302,670000.0,HalfCheetah-v3,TD3_Q2a3x64_1p
135,4628.95494099227,675000.0,HalfCheetah-v3,TD3_Q2a3x64_1p
136,4655.569438922999,680000.0,HalfCheetah-v3,TD3_Q2a3x64_1p
137,4585.855406263908,685000.0,HalfCheetah-v3,TD3_Q2a3x64_1p
138,4428.757579069583,690000.0,HalfCheetah-v3,TD3_Q2a3x64_1p
139,4380.561703114876,695000.0,HalfCheetah-v3,TD3_Q2a3x64_1p
140,5533.305207812158,700000.0,HalfCheetah-v3,TD3_Q2a3x64_1p
141,4975.517741716511,705000.0,HalfCheetah-v3,TD3_Q2a3x64_1p
142,4774.449410965094,710000.0,HalfCheetah-v3,TD3_Q2a3x64_1p
143,4932.542195457344,715000.0,HalfCheetah-v3,TD3_Q2a3x64_1p
144,4429.520295721939,720000.0,HalfCheetah-v3,TD3_Q2a3x64_1p
145,5631.48299709084,725000.0,HalfCheetah-v3,TD3_Q2a3x64_1p
146,5497.074470156891,730000.0,HalfCheetah-v3,TD3_Q2a3x64_1p
147,5335.77656410933,735000.0,HalfCheetah-v3,TD3_Q2a3x64_1p
148,5063.227402501246,740000.0,HalfCheetah-v3,TD3_Q2a3x64_1p
149,4504.916602600169,745000.0,HalfCheetah-v3,TD3_Q2a3x64_1p
150,5687.867407685253,750000.0,HalfCheetah-v3,TD3_Q2a3x64_1p
151,5528.834733143709,755000.0,HalfCheetah-v3,TD3_Q2a3x64_1p
152,5320.011589544413,760000.0,HalfCheetah-v3,TD3_Q2a3x64_1p
153,5039.150429714871,765000.0,HalfCheetah-v3,TD3_Q2a3x64_1p
154,4821.645640751364,770000.0,HalfCheetah-v3,TD3_Q2a3x64_1p
155,5147.80080812701,775000.0,HalfCheetah-v3,TD3_Q2a3x64_1p
156,4381.904355466893,780000.0,HalfCheetah-v3,TD3_Q2a3x64_1p
157,5105.7131100485585,785000.0,HalfCheetah-v3,TD3_Q2a3x64_1p
158,4651.853532977682,790000.0,HalfCheetah-v3,TD3_Q2a3x64_1p
159,3968.7306456789383,795000.0,HalfCheetah-v3,TD3_Q2a3x64_1p
160,5813.165489516437,800000.0,HalfCheetah-v3,TD3_Q2a3x64_1p
161,5697.497106625092,805000.0,HalfCheetah-v3,TD3_Q2a3x64_1p
162,5435.448466206264,810000.0,HalfCheetah-v3,TD3_Q2a3x64_1p
163,5032.628807529183,815000.0,HalfCheetah-v3,TD3_Q2a3x64_1p
164,4909.629573304906,820000.0,HalfCheetah-v3,TD3_Q2a3x64_1p
165,5710.968684485071,825000.0,HalfCheetah-v3,TD3_Q2a3x64_1p
166,5553.67025754168,830000.0,HalfCheetah-v3,TD3_Q2a3x64_1p
167,5284.534947832674,835000.0,HalfCheetah-v3,TD3_Q2a3x64_1p
168,5054.7129312408415,840000.0,HalfCheetah-v3,TD3_Q2a3x64_1p
169,4841.407598846797,845000.0,HalfCheetah-v3,TD3_Q2a3x64_1p
170,5919.479191999749,850000.0,HalfCheetah-v3,TD3_Q2a3x64_1p
171,5811.183145360649,855000.0,HalfCheetah-v3,TD3_Q2a3x64_1p
172,5522.539048285636,860000.0,HalfCheetah-v3,TD3_Q2a3x64_1p
173,5233.91068715316,865000.0,HalfCheetah-v3,TD3_Q2a3x64_1p
174,5017.446004889057,870000.0,HalfCheetah-v3,TD3_Q2a3x64_1p
175,5908.793907540449,875000.0,HalfCheetah-v3,TD3_Q2a3x64_1p
176,5740.956235834156,880000.0,HalfCheetah-v3,TD3_Q2a3x64_1p
177,5516.522180855237,885000.0,HalfCheetah-v3,TD3_Q2a3x64_1p
178,5307.886237031208,890000.0,HalfCheetah-v3,TD3_Q2a3x64_1p
179,5090.919705574607,895000.0,HalfCheetah-v3,TD3_Q2a3x64_1p
180,5756.732852637595,900000.0,HalfCheetah-v3,TD3_Q2a3x64_1p
181,5623.582907900354,905000.0,HalfCheetah-v3,TD3_Q2a3x64_1p
182,5485.0419516597885,910000.0,HalfCheetah-v3,TD3_Q2a3x64_1p
183,5302.015766388875,915000.0,HalfCheetah-v3,TD3_Q2a3x64_1p
184,5058.12619768222,920000.0,HalfCheetah-v3,TD3_Q2a3x64_1p
185,5856.293496828919,925000.0,HalfCheetah-v3,TD3_Q2a3x64_1p
186,5519.858485686331,930000.0,HalfCheetah-v3,TD3_Q2a3x64_1p
187,5359.016197062338,935000.0,HalfCheetah-v3,TD3_Q2a3x64_1p
188,5052.8713682535,940000.0,HalfCheetah-v3,TD3_Q2a3x64_1p
189,4805.758728955057,945000.0,HalfCheetah-v3,TD3_Q2a3x64_1p
190,6250.547615870903,950000.0,HalfCheetah-v3,TD3_Q2a3x64_1p
191,5985.912880134392,955000.0,HalfCheetah-v3,TD3_Q2a3x64_1p
192,5677.18665133734,960000.0,HalfCheetah-v3,TD3_Q2a3x64_1p
193,5369.745823738844,965000.0,HalfCheetah-v3,TD3_Q2a3x64_1p
194,5141.7957222148525,970000.0,HalfCheetah-v3,TD3_Q2a3x64_1p
195,6131.909215679893,975000.0,HalfCheetah-v3,TD3_Q2a3x64_1p
196,5883.231642231838,980000.0,HalfCheetah-v3,TD3_Q2a3x64_1p
197,5574.31103967235,985000.0,HalfCheetah-v3,TD3_Q2a3x64_1p
198,5283.424181354782,990000.0,HalfCheetah-v3,TD3_Q2a3x64_1p
199,5104.870330384491,995000.0,HalfCheetah-v3,TD3_Q2a3x64_1p
200,6059.3717050521645,1000000.0,HalfCheetah-v3,TD3_Q2a3x64_1p
201,5941.552699689948,1005000.0,HalfCheetah-v3,TD3_Q2a3x64_1p
202,5756.38869502265,1010000.0,HalfCheetah-v3,TD3_Q2a3x64_1p
203,5575.090639904769,1015000.0,HalfCheetah-v3,TD3_Q2a3x64_1p
204,5288.695924218887,1020000.0,HalfCheetah-v3,TD3_Q2a3x64_1p
205,6280.508157039478,1025000.0,HalfCheetah-v3,TD3_Q2a3x64_1p
206,6057.94947000244,1030000.0,HalfCheetah-v3,TD3_Q2a3x64_1p
207,5904.937995049504,1035000.0,HalfCheetah-v3,TD3_Q2a3x64_1p
208,5594.86376243206,1040000.0,HalfCheetah-v3,TD3_Q2a3x64_1p
209,5289.864485469049,1045000.0,HalfCheetah-v3,TD3_Q2a3x64_1p
210,6235.624381856248,1050000.0,HalfCheetah-v3,TD3_Q2a3x64_1p
211,6103.398464354084,1055000.0,HalfCheetah-v3,TD3_Q2a3x64_1p
212,5866.736330920812,1060000.0,HalfCheetah-v3,TD3_Q2a3x64_1p
213,5580.510259155833,1065000.0,HalfCheetah-v3,TD3_Q2a3x64_1p
214,5310.614965394078,1070000.0,HalfCheetah-v3,TD3_Q2a3x64_1p
215,6222.625679620559,1075000.0,HalfCheetah-v3,TD3_Q2a3x64_1p
216,5979.682351370425,1080000.0,HalfCheetah-v3,TD3_Q2a3x64_1p
217,5793.418738621946,1085000.0,HalfCheetah-v3,TD3_Q2a3x64_1p
218,5508.876734923711,1090000.0,HalfCheetah-v3,TD3_Q2a3x64_1p
219,5220.092465809179,1095000.0,HalfCheetah-v3,TD3_Q2a3x64_1p
220,6324.233099328067,1100000.0,HalfCheetah-v3,TD3_Q2a3x64_1p
221,6132.384080033129,1105000.0,HalfCheetah-v3,TD3_Q2a3x64_1p
222,5854.268480193675,1110000.0,HalfCheetah-v3,TD3_Q2a3x64_1p
223,5579.712055250989,1115000.0,HalfCheetah-v3,TD3_Q2a3x64_1p
224,5322.604537926703,1120000.0,HalfCheetah-v3,TD3_Q2a3x64_1p
225,6196.328519416072,1125000.0,HalfCheetah-v3,TD3_Q2a3x64_1p
226,6109.905617050896,1130000.0,HalfCheetah-v3,TD3_Q2a3x64_1p
227,5950.0456794712245,1135000.0,HalfCheetah-v3,TD3_Q2a3x64_1p
228,5633.964080359185,1140000.0,HalfCheetah-v3,TD3_Q2a3x64_1p
229,5464.926424401688,1145000.0,HalfCheetah-v3,TD3_Q2a3x64_1p
230,6360.61919414234,1150000.0,HalfCheetah-v3,TD3_Q2a3x64_1p
231,6176.11649164719,1155000.0,HalfCheetah-v3,TD3_Q2a3x64_1p
232,6018.019185601782,1160000.0,HalfCheetah-v3,TD3_Q2a3x64_1p
233,5771.292906925,1165000.0,HalfCheetah-v3,TD3_Q2a3x64_1p
234,5442.86537036874,1170000.0,HalfCheetah-v3,TD3_Q2a3x64_1p
235,6438.915833623558,1175000.0,HalfCheetah-v3,TD3_Q2a3x64_1p
236,6220.125446863907,1180000.0,HalfCheetah-v3,TD3_Q2a3x64_1p
237,5946.480817495542,1185000.0,HalfCheetah-v3,TD3_Q2a3x64_1p
238,5639.2718877953575,1190000.0,HalfCheetah-v3,TD3_Q2a3x64_1p
239,5412.695702513719,1195000.0,HalfCheetah-v3,TD3_Q2a3x64_1p
240,6611.497290357942,1200000.0,HalfCheetah-v3,TD3_Q2a3x64_1p
241,6434.393046858471,1205000.0,HalfCheetah-v3,TD3_Q2a3x64_1p
242,6062.683068036151,1210000.0,HalfCheetah-v3,TD3_Q2a3x64_1p
243,5769.245930492489,1215000.0,HalfCheetah-v3,TD3_Q2a3x64_1p
244,5521.295165029623,1220000.0,HalfCheetah-v3,TD3_Q2a3x64_1p
245,6272.866542838756,1225000.0,HalfCheetah-v3,TD3_Q2a3x64_1p
246,6169.4061223756125,1230000.0,HalfCheetah-v3,TD3_Q2a3x64_1p
247,6050.60834646393,1235000.0,HalfCheetah-v3,TD3_Q2a3x64_1p
248,5931.889608760532,1240000.0,HalfCheetah-v3,TD3_Q2a3x64_1p
249,5597.675326725522,1245000.0,HalfCheetah-v3,TD3_Q2a3x64_1p
250,6746.1623267185205,1250000.0,HalfCheetah-v3,TD3_Q2a3x64_1p
251,6552.304410957608,1255000.0,HalfCheetah-v3,TD3_Q2a3x64_1p
252,6220.025780607491,1260000.0,HalfCheetah-v3,TD3_Q2a3x64_1p
253,5843.024462453422,1265000.0,HalfCheetah-v3,TD3_Q2a3x64_1p
254,5672.657032258459,1270000.0,HalfCheetah-v3,TD3_Q2a3x64_1p
255,6692.75415261959,1275000.0,HalfCheetah-v3,TD3_Q2a3x64_1p
256,6426.207144240414,1280000.0,HalfCheetah-v3,TD3_Q2a3x64_1p
257,6166.901224816075,1285000.0,HalfCheetah-v3,TD3_Q2a3x64_1p
258,5777.058711619613,1290000.0,HalfCheetah-v3,TD3_Q2a3x64_1p
259,5598.9569535558985,1295000.0,HalfCheetah-v3,TD3_Q2a3x64_1p
260,6662.822262652395,1300000.0,HalfCheetah-v3,TD3_Q2a3x64_1p
261,6398.78031212923,1305000.0,HalfCheetah-v3,TD3_Q2a3x64_1p
262,6196.728591863032,1310000.0,HalfCheetah-v3,TD3_Q2a3x64_1p
263,5924.256756025971,1315000.0,HalfCheetah-v3,TD3_Q2a3x64_1p
264,5588.826324911821,1320000.0,HalfCheetah-v3,TD3_Q2a3x64_1p
265,6855.521878070644,1325000.0,HalfCheetah-v3,TD3_Q2a3x64_1p
266,6638.183234431053,1330000.0,HalfCheetah-v3,TD3_Q2a3x64_1p
267,6403.470661879251,1335000.0,HalfCheetah-v3,TD3_Q2a3x64_1p
268,6025.569935360838,1340000.0,HalfCheetah-v3,TD3_Q2a3x64_1p
269,5703.851506600898,1345000.0,HalfCheetah-v3,TD3_Q2a3x64_1p
270,6758.457372371455,1350000.0,HalfCheetah-v3,TD3_Q2a3x64_1p
271,6554.414693684824,1355000.0,HalfCheetah-v3,TD3_Q2a3x64_1p
272,6332.97501095711,1360000.0,HalfCheetah-v3,TD3_Q2a3x64_1p
273,5893.090737690285,1365000.0,HalfCheetah-v3,TD3_Q2a3x64_1p
274,5746.34632805494,1370000.0,HalfCheetah-v3,TD3_Q2a3x64_1p
275,6876.432649026976,1375000.0,HalfCheetah-v3,TD3_Q2a3x64_1p
276,6674.306057218191,1380000.0,HalfCheetah-v3,TD3_Q2a3x64_1p
277,6248.029606125865,1385000.0,HalfCheetah-v3,TD3_Q2a3x64_1p
278,5973.1920858892645,1390000.0,HalfCheetah-v3,TD3_Q2a3x64_1p
279,5609.426067029536,1395000.0,HalfCheetah-v3,TD3_Q2a3x64_1p
280,6850.504149743443,1400000.0,HalfCheetah-v3,TD3_Q2a3x64_1p
281,6713.038517569902,1405000.0,HalfCheetah-v3,TD3_Q2a3x64_1p
282,6399.07748310213,1410000.0,HalfCheetah-v3,TD3_Q2a3x64_1p
283,6071.3008662942275,1415000.0,HalfCheetah-v3,TD3_Q2a3x64_1p
284,5678.679376833088,1420000.0,HalfCheetah-v3,TD3_Q2a3x64_1p
285,6812.649561389844,1425000.0,HalfCheetah-v3,TD3_Q2a3x64_1p
286,6638.9704652699265,1430000.0,HalfCheetah-v3,TD3_Q2a3x64_1p
287,6441.53324851455,1435000.0,HalfCheetah-v3,TD3_Q2a3x64_1p
288,6115.479222546672,1440000.0,HalfCheetah-v3,TD3_Q2a3x64_1p
289,5873.707746094763,1445000.0,HalfCheetah-v3,TD3_Q2a3x64_1p
290,6951.667824879505,1450000.0,HalfCheetah-v3,TD3_Q2a3x64_1p
291,6762.775770576064,1455000.0,HalfCheetah-v3,TD3_Q2a3x64_1p
292,6462.762932513519,1460000.0,HalfCheetah-v3,TD3_Q2a3x64_1p
293,6147.091869120883,1465000.0,HalfCheetah-v3,TD3_Q2a3x64_1p
294,5744.519276803431,1470000.0,HalfCheetah-v3,TD3_Q2a3x64_1p
295,7132.506593709249,1475000.0,HalfCheetah-v3,TD3_Q2a3x64_1p
296,6981.754806876066,1480000.0,HalfCheetah-v3,TD3_Q2a3x64_1p
297,6722.710369426268,1485000.0,HalfCheetah-v3,TD3_Q2a3x64_1p
298,6450.139854059609,1490000.0,HalfCheetah-v3,TD3_Q2a3x64_1p
299,6035.3053263884885,1495000.0,HalfCheetah-v3,TD3_Q2a3x64_1p
300,6960.534180939549,1500000.0,HalfCheetah-v3,TD3_Q2a3x64_1p
301,6822.169888218836,1505000.0,HalfCheetah-v3,TD3_Q2a3x64_1p
302,6546.560032847379,1510000.0,HalfCheetah-v3,TD3_Q2a3x64_1p
303,6262.967114200674,1515000.0,HalfCheetah-v3,TD3_Q2a3x64_1p
304,5956.987136350342,1520000.0,HalfCheetah-v3,TD3_Q2a3x64_1p
305,7289.67172584122,1525000.0,HalfCheetah-v3,TD3_Q2a3x64_1p
306,7092.385727045754,1530000.0,HalfCheetah-v3,TD3_Q2a3x64_1p
307,6778.311150618186,1535000.0,HalfCheetah-v3,TD3_Q2a3x64_1p
308,6379.486322595947,1540000.0,HalfCheetah-v3,TD3_Q2a3x64_1p
309,5956.673167621184,1545000.0,HalfCheetah-v3,TD3_Q2a3x64_1p
310,7082.823023615363,1550000.0,HalfCheetah-v3,TD3_Q2a3x64_1p
311,6881.400405198353,1555000.0,HalfCheetah-v3,TD3_Q2a3x64_1p
312,6719.195055878573,1560000.0,HalfCheetah-v3,TD3_Q2a3x64_1p
313,6330.256988686525,1565000.0,HalfCheetah-v3,TD3_Q2a3x64_1p
314,6126.0994948156285,1570000.0,HalfCheetah-v3,TD3_Q2a3x64_1p
315,7164.649860859764,1575000.0,HalfCheetah-v3,TD3_Q2a3x64_1p
316,7115.960660177909,1580000.0,HalfCheetah-v3,TD3_Q2a3x64_1p
317,6805.855099052642,1585000.0,HalfCheetah-v3,TD3_Q2a3x64_1p
318,6501.139604905459,1590000.0,HalfCheetah-v3,TD3_Q2a3x64_1p
319,6102.714899768871,1595000.0,HalfCheetah-v3,TD3_Q2a3x64_1p
320,7298.877631651342,1600000.0,HalfCheetah-v3,TD3_Q2a3x64_1p
321,7066.133893304403,1605000.0,HalfCheetah-v3,TD3_Q2a3x64_1p
322,6670.258883613244,1610000.0,HalfCheetah-v3,TD3_Q2a3x64_1p
323,6356.038697142713,1615000.0,HalfCheetah-v3,TD3_Q2a3x64_1p
324,5889.349984424438,1620000.0,HalfCheetah-v3,TD3_Q2a3x64_1p
325,7295.919487573531,1625000.0,HalfCheetah-v3,TD3_Q2a3x64_1p
326,7178.659989125037,1630000.0,HalfCheetah-v3,TD3_Q2a3x64_1p
327,6901.904283643346,1635000.0,HalfCheetah-v3,TD3_Q2a3x64_1p
328,6573.123960470842,1640000.0,HalfCheetah-v3,TD3_Q2a3x64_1p
329,6192.766180193363,1645000.0,HalfCheetah-v3,TD3_Q2a3x64_1p
330,6728.839520614447,1650000.0,HalfCheetah-v3,TD3_Q2a3x64_1p
331,6713.311365031429,1655000.0,HalfCheetah-v3,TD3_Q2a3x64_1p
332,6513.6240065761285,1660000.0,HalfCheetah-v3,TD3_Q2a3x64_1p
333,6163.5411236125465,1665000.0,HalfCheetah-v3,TD3_Q2a3x64_1p
334,5969.747887542983,1670000.0,HalfCheetah-v3,TD3_Q2a3x64_1p
335,7317.889639863228,1675000.0,HalfCheetah-v3,TD3_Q2a3x64_1p
336,6957.833863046761,1680000.0,HalfCheetah-v3,TD3_Q2a3x64_1p
337,6609.028841369353,1685000.0,HalfCheetah-v3,TD3_Q2a3x64_1p
338,5916.260527313921,1690000.0,HalfCheetah-v3,TD3_Q2a3x64_1p
339,5382.224004268797,1695000.0,HalfCheetah-v3,TD3_Q2a3x64_1p
340,7447.291909120058,1700000.0,HalfCheetah-v3,TD3_Q2a3x64_1p
341,7276.050569573995,1705000.0,HalfCheetah-v3,TD3_Q2a3x64_1p
342,6975.443471956491,1710000.0,HalfCheetah-v3,TD3_Q2a3x64_1p
343,6515.698185877227,1715000.0,HalfCheetah-v3,TD3_Q2a3x64_1p
344,6237.382791177967,1720000.0,HalfCheetah-v3,TD3_Q2a3x64_1p
345,7013.555884930654,1725000.0,HalfCheetah-v3,TD3_Q2a3x64_1p
346,6796.7715379362735,1730000.0,HalfCheetah-v3,TD3_Q2a3x64_1p
347,6387.435049638372,1735000.0,HalfCheetah-v3,TD3_Q2a3x64_1p
348,6038.655678228724,1740000.0,HalfCheetah-v3,TD3_Q2a3x64_1p
349,5788.029661085635,1745000.0,HalfCheetah-v3,TD3_Q2a3x64_1p
350,7385.183024944689,1750000.0,HalfCheetah-v3,TD3_Q2a3x64_1p
351,7193.883920580777,1755000.0,HalfCheetah-v3,TD3_Q2a3x64_1p
352,6853.3423049939975,1760000.0,HalfCheetah-v3,TD3_Q2a3x64_1p
353,6512.4043311096775,1765000.0,HalfCheetah-v3,TD3_Q2a3x64_1p
354,6113.716524322387,1770000.0,HalfCheetah-v3,TD3_Q2a3x64_1p
355,7642.987156912242,1775000.0,HalfCheetah-v3,TD3_Q2a3x64_1p
356,7128.500414561158,1780000.0,HalfCheetah-v3,TD3_Q2a3x64_1p
357,7258.426437985843,1785000.0,HalfCheetah-v3,TD3_Q2a3x64_1p
358,6798.428616120909,1790000.0,HalfCheetah-v3,TD3_Q2a3x64_1p
359,6337.188092076571,1795000.0,HalfCheetah-v3,TD3_Q2a3x64_1p
360,7540.711654032459,1800000.0,HalfCheetah-v3,TD3_Q2a3x64_1p
361,7337.7389623693725,1805000.0,HalfCheetah-v3,TD3_Q2a3x64_1p
362,7023.726627412951,1810000.0,HalfCheetah-v3,TD3_Q2a3x64_1p
363,6683.562540637645,1815000.0,HalfCheetah-v3,TD3_Q2a3x64_1p
364,6264.9724124649165,1820000.0,HalfCheetah-v3,TD3_Q2a3x64_1p
365,7249.646392474661,1825000.0,HalfCheetah-v3,TD3_Q2a3x64_1p
366,6983.96914797462,1830000.0,HalfCheetah-v3,TD3_Q2a3x64_1p
367,6566.892870222146,1835000.0,HalfCheetah-v3,TD3_Q2a3x64_1p
368,6142.3718117348035,1840000.0,HalfCheetah-v3,TD3_Q2a3x64_1p
369,5830.705603680479,1845000.0,HalfCheetah-v3,TD3_Q2a3x64_1p
370,7656.94312540456,1850000.0,HalfCheetah-v3,TD3_Q2a3x64_1p
371,7500.966963581208,1855000.0,HalfCheetah-v3,TD3_Q2a3x64_1p
372,7069.568843034595,1860000.0,HalfCheetah-v3,TD3_Q2a3x64_1p
373,6697.239835888763,1865000.0,HalfCheetah-v3,TD3_Q2a3x64_1p
374,6269.71775675448,1870000.0,HalfCheetah-v3,TD3_Q2a3x64_1p
375,7780.87878784142,1875000.0,HalfCheetah-v3,TD3_Q2a3x64_1p
376,7478.48212470967,1880000.0,HalfCheetah-v3,TD3_Q2a3x64_1p
377,7015.960316321388,1885000.0,HalfCheetah-v3,TD3_Q2a3x64_1p
378,6623.854798127133,1890000.0,HalfCheetah-v3,TD3_Q2a3x64_1p
379,6311.620487311199,1895000.0,HalfCheetah-v3,TD3_Q2a3x64_1p
380,7818.222859281591,1900000.0,HalfCheetah-v3,TD3_Q2a3x64_1p
381,7549.0610451008815,1905000.0,HalfCheetah-v3,TD3_Q2a3x64_1p
382,7162.265039105776,1910000.0,HalfCheetah-v3,TD3_Q2a3x64_1p
383,6811.686799151432,1915000.0,HalfCheetah-v3,TD3_Q2a3x64_1p
384,6276.632407876448,1920000.0,HalfCheetah-v3,TD3_Q2a3x64_1p
385,7650.066444406817,1925000.0,HalfCheetah-v3,TD3_Q2a3x64_1p
386,7430.320774420748,1930000.0,HalfCheetah-v3,TD3_Q2a3x64_1p
387,7148.71363268836,1935000.0,HalfCheetah-v3,TD3_Q2a3x64_1p
388,6866.156928731003,1940000.0,HalfCheetah-v3,TD3_Q2a3x64_1p
389,6418.895046337697,1945000.0,HalfCheetah-v3,TD3_Q2a3x64_1p
390,7849.3034297437725,1950000.0,HalfCheetah-v3,TD3_Q2a3x64_1p
391,7616.348609163001,1955000.0,HalfCheetah-v3,TD3_Q2a3x64_1p
392,7339.355520337439,1960000.0,HalfCheetah-v3,TD3_Q2a3x64_1p
393,6858.4948285894425,1965000.0,HalfCheetah-v3,TD3_Q2a3x64_1p
394,6420.0656830612415,1970000.0,HalfCheetah-v3,TD3_Q2a3x64_1p
395,7537.622077972291,1975000.0,HalfCheetah-v3,TD3_Q2a3x64_1p
396,7445.496939407189,1980000.0,HalfCheetah-v3,TD3_Q2a3x64_1p
397,7133.720199046975,1985000.0,HalfCheetah-v3,TD3_Q2a3x64_1p
398,6815.670225590424,1990000.0,HalfCheetah-v3,TD3_Q2a3x64_1p
399,6420.065527208654,1995000.0,HalfCheetah-v3,TD3_Q2a3x64_1p
400,7892.361160246104,2000000.0,HalfCheetah-v3,TD3_Q2a3x64_1p
401,7725.815247241137,2005000.0,HalfCheetah-v3,TD3_Q2a3x64_1p
402,7288.427708397734,2010000.0,HalfCheetah-v3,TD3_Q2a3x64_1p
403,6929.086483675916,2015000.0,HalfCheetah-v3,TD3_Q2a3x64_1p
404,6499.334151131882,2020000.0,HalfCheetah-v3,TD3_Q2a3x64_1p
405,7885.246557171575,2025000.0,HalfCheetah-v3,TD3_Q2a3x64_1p
406,7672.14763271527,2030000.0,HalfCheetah-v3,TD3_Q2a3x64_1p
407,7431.259626308347,2035000.0,HalfCheetah-v3,TD3_Q2a3x64_1p
408,6911.308680864878,2040000.0,HalfCheetah-v3,TD3_Q2a3x64_1p
409,6519.644647707836,2045000.0,HalfCheetah-v3,TD3_Q2a3x64_1p
410,8065.87570321865,2050000.0,HalfCheetah-v3,TD3_Q2a3x64_1p
411,7775.272998273291,2055000.0,HalfCheetah-v3,TD3_Q2a3x64_1p
412,7427.084189054341,2060000.0,HalfCheetah-v3,TD3_Q2a3x64_1p
413,6882.434313723653,2065000.0,HalfCheetah-v3,TD3_Q2a3x64_1p
414,6391.786396563457,2070000.0,HalfCheetah-v3,TD3_Q2a3x64_1p
415,7922.630982188915,2075000.0,HalfCheetah-v3,TD3_Q2a3x64_1p
416,7617.869868637308,2080000.0,HalfCheetah-v3,TD3_Q2a3x64_1p
417,7325.831459337899,2085000.0,HalfCheetah-v3,TD3_Q2a3x64_1p
418,7025.897121428721,2090000.0,HalfCheetah-v3,TD3_Q2a3x64_1p
419,6539.202788850385,2095000.0,HalfCheetah-v3,TD3_Q2a3x64_1p
420,8107.887128589379,2100000.0,HalfCheetah-v3,TD3_Q2a3x64_1p
421,7751.489582135504,2105000.0,HalfCheetah-v3,TD3_Q2a3x64_1p
422,7349.044168642429,2110000.0,HalfCheetah-v3,TD3_Q2a3x64_1p
423,6779.134045772485,2115000.0,HalfCheetah-v3,TD3_Q2a3x64_1p
424,6400.564706232095,2120000.0,HalfCheetah-v3,TD3_Q2a3x64_1p
425,7602.126106839884,2125000.0,HalfCheetah-v3,TD3_Q2a3x64_1p
426,7575.571918204383,2130000.0,HalfCheetah-v3,TD3_Q2a3x64_1p
427,7275.016593371783,2135000.0,HalfCheetah-v3,TD3_Q2a3x64_1p
428,6981.561153392036,2140000.0,HalfCheetah-v3,TD3_Q2a3x64_1p
429,6609.656524331968,2145000.0,HalfCheetah-v3,TD3_Q2a3x64_1p
430,8171.66878030574,2150000.0,HalfCheetah-v3,TD3_Q2a3x64_1p
431,7915.397934384244,2155000.0,HalfCheetah-v3,TD3_Q2a3x64_1p
432,7429.343593406738,2160000.0,HalfCheetah-v3,TD3_Q2a3x64_1p
433,6883.029736141967,2165000.0,HalfCheetah-v3,TD3_Q2a3x64_1p
434,6388.794318799354,2170000.0,HalfCheetah-v3,TD3_Q2a3x64_1p
435,7942.7631948601365,2175000.0,HalfCheetah-v3,TD3_Q2a3x64_1p
436,7706.565587164629,2180000.0,HalfCheetah-v3,TD3_Q2a3x64_1p
437,7383.894897114643,2185000.0,HalfCheetah-v3,TD3_Q2a3x64_1p
438,6991.363491610015,2190000.0,HalfCheetah-v3,TD3_Q2a3x64_1p
439,6553.8343392461975,2195000.0,HalfCheetah-v3,TD3_Q2a3x64_1p
440,8259.200117979528,2200000.0,HalfCheetah-v3,TD3_Q2a3x64_1p
441,7908.83212203875,2205000.0,HalfCheetah-v3,TD3_Q2a3x64_1p
442,7368.628344242771,2210000.0,HalfCheetah-v3,TD3_Q2a3x64_1p
443,6918.138530236068,2215000.0,HalfCheetah-v3,TD3_Q2a3x64_1p
444,6550.916248016347,2220000.0,HalfCheetah-v3,TD3_Q2a3x64_1p
445,7817.310005316473,2225000.0,HalfCheetah-v3,TD3_Q2a3x64_1p
446,7758.885793927062,2230000.0,HalfCheetah-v3,TD3_Q2a3x64_1p
447,7518.444812200895,2235000.0,HalfCheetah-v3,TD3_Q2a3x64_1p
448,7139.072059658554,2240000.0,HalfCheetah-v3,TD3_Q2a3x64_1p
449,6835.0360878791425,2245000.0,HalfCheetah-v3,TD3_Q2a3x64_1p
450,8200.831268626058,2250000.0,HalfCheetah-v3,TD3_Q2a3x64_1p
451,7985.118217717818,2255000.0,HalfCheetah-v3,TD3_Q2a3x64_1p
452,7787.7976722147305,2260000.0,HalfCheetah-v3,TD3_Q2a3x64_1p
453,7273.059378454011,2265000.0,HalfCheetah-v3,TD3_Q2a3x64_1p
454,6808.23969422413,2270000.0,HalfCheetah-v3,TD3_Q2a3x64_1p
455,8272.005826497389,2275000.0,HalfCheetah-v3,TD3_Q2a3x64_1p
456,7849.940792341874,2280000.0,HalfCheetah-v3,TD3_Q2a3x64_1p
457,7144.233064114707,2285000.0,HalfCheetah-v3,TD3_Q2a3x64_1p
458,6795.048583751809,2290000.0,HalfCheetah-v3,TD3_Q2a3x64_1p
459,6354.182663455642,2295000.0,HalfCheetah-v3,TD3_Q2a3x64_1p
460,8547.80560376518,2300000.0,HalfCheetah-v3,TD3_Q2a3x64_1p
461,8071.167162380702,2305000.0,HalfCheetah-v3,TD3_Q2a3x64_1p
462,7548.065705242765,2310000.0,HalfCheetah-v3,TD3_Q2a3x64_1p
463,6915.312717938919,2315000.0,HalfCheetah-v3,TD3_Q2a3x64_1p
464,6488.913783160673,2320000.0,HalfCheetah-v3,TD3_Q2a3x64_1p
465,8221.119255514814,2325000.0,HalfCheetah-v3,TD3_Q2a3x64_1p
466,8144.000291298127,2330000.0,HalfCheetah-v3,TD3_Q2a3x64_1p
467,7692.65332366773,2335000.0,HalfCheetah-v3,TD3_Q2a3x64_1p
468,7224.552827247692,2340000.0,HalfCheetah-v3,TD3_Q2a3x64_1p
469,6739.627540717183,2345000.0,HalfCheetah-v3,TD3_Q2a3x64_1p
470,8125.838909755296,2350000.0,HalfCheetah-v3,TD3_Q2a3x64_1p
471,7780.604635217295,2355000.0,HalfCheetah-v3,TD3_Q2a3x64_1p
472,7309.562865676939,2360000.0,HalfCheetah-v3,TD3_Q2a3x64_1p
473,6808.946565926926,2365000.0,HalfCheetah-v3,TD3_Q2a3x64_1p
474,6327.200690400511,2370000.0,HalfCheetah-v3,TD3_Q2a3x64_1p
475,8202.887364466447,2375000.0,HalfCheetah-v3,TD3_Q2a3x64_1p
476,7786.495070279784,2380000.0,HalfCheetah-v3,TD3_Q2a3x64_1p
477,7161.746630618104,2385000.0,HalfCheetah-v3,TD3_Q2a3x64_1p
478,6711.48321200226,2390000.0,HalfCheetah-v3,TD3_Q2a3x64_1p
479,6273.8155595634835,2395000.0,HalfCheetah-v3,TD3_Q2a3x64_1p
480,8449.310182789053,2400000.0,HalfCheetah-v3,TD3_Q2a3x64_1p
481,8164.974643794197,2405000.0,HalfCheetah-v3,TD3_Q2a3x64_1p
482,7681.514833848841,2410000.0,HalfCheetah-v3,TD3_Q2a3x64_1p
483,7099.93323075785,2415000.0,HalfCheetah-v3,TD3_Q2a3x64_1p
484,6763.6528294301725,2420000.0,HalfCheetah-v3,TD3_Q2a3x64_1p
485,8690.20164656761,2425000.0,HalfCheetah-v3,TD3_Q2a3x64_1p
486,8294.13751745764,2430000.0,HalfCheetah-v3,TD3_Q2a3x64_1p
487,7640.3532865195375,2435000.0,HalfCheetah-v3,TD3_Q2a3x64_1p
488,7309.792898167063,2440000.0,HalfCheetah-v3,TD3_Q2a3x64_1p
489,6636.7600324510295,2445000.0,HalfCheetah-v3,TD3_Q2a3x64_1p
490,8540.93549065365,2450000.0,HalfCheetah-v3,TD3_Q2a3x64_1p
491,8200.992171237816,2455000.0,HalfCheetah-v3,TD3_Q2a3x64_1p
492,7735.214129655852,2460000.0,HalfCheetah-v3,TD3_Q2a3x64_1p
493,6998.779145957329,2465000.0,HalfCheetah-v3,TD3_Q2a3x64_1p
494,6538.153584750486,2470000.0,HalfCheetah-v3,TD3_Q2a3x64_1p
495,8800.06356605263,2475000.0,HalfCheetah-v3,TD3_Q2a3x64_1p
496,8530.844523225593,2480000.0,HalfCheetah-v3,TD3_Q2a3x64_1p
497,8089.174738909288,2485000.0,HalfCheetah-v3,TD3_Q2a3x64_1p
498,7464.654231652727,2490000.0,HalfCheetah-v3,TD3_Q2a3x64_1p
499,6903.189417223744,2495000.0,HalfCheetah-v3,TD3_Q2a3x64_1p
500,8409.169867622932,2500000.0,HalfCheetah-v3,TD3_Q2a3x64_1p
501,8211.530524775424,2505000.0,HalfCheetah-v3,TD3_Q2a3x64_1p
502,7890.33738822227,2510000.0,HalfCheetah-v3,TD3_Q2a3x64_1p
503,7386.610819000942,2515000.0,HalfCheetah-v3,TD3_Q2a3x64_1p
504,7043.532870289801,2520000.0,HalfCheetah-v3,TD3_Q2a3x64_1p
505,8703.254685282922,2525000.0,HalfCheetah-v3,TD3_Q2a3x64_1p
506,8527.858460835258,2530000.0,HalfCheetah-v3,TD3_Q2a3x64_1p
507,8106.971158828945,2535000.0,HalfCheetah-v3,TD3_Q2a3x64_1p
508,7418.008586012237,2540000.0,HalfCheetah-v3,TD3_Q2a3x64_1p
509,7031.148636243002,2545000.0,HalfCheetah-v3,TD3_Q2a3x64_1p
510,8685.037387730776,2550000.0,HalfCheetah-v3,TD3_Q2a3x64_1p
511,8423.472248530812,2555000.0,HalfCheetah-v3,TD3_Q2a3x64_1p
512,7913.437777284751,2560000.0,HalfCheetah-v3,TD3_Q2a3x64_1p
513,7230.745313132211,2565000.0,HalfCheetah-v3,TD3_Q2a3x64_1p
514,6657.786741909088,2570000.0,HalfCheetah-v3,TD3_Q2a3x64_1p
515,8698.328580654921,2575000.0,HalfCheetah-v3,TD3_Q2a3x64_1p
516,8457.667058022258,2580000.0,HalfCheetah-v3,TD3_Q2a3x64_1p
517,8140.990808554934,2585000.0,HalfCheetah-v3,TD3_Q2a3x64_1p
518,7641.526364640714,2590000.0,HalfCheetah-v3,TD3_Q2a3x64_1p
519,7235.595252530725,2595000.0,HalfCheetah-v3,TD3_Q2a3x64_1p
520,8749.087225905889,2600000.0,HalfCheetah-v3,TD3_Q2a3x64_1p
521,8545.742748565037,2605000.0,HalfCheetah-v3,TD3_Q2a3x64_1p
522,7938.280532700652,2610000.0,HalfCheetah-v3,TD3_Q2a3x64_1p
523,7425.019833222408,2615000.0,HalfCheetah-v3,TD3_Q2a3x64_1p
524,6766.424668900586,2620000.0,HalfCheetah-v3,TD3_Q2a3x64_1p
525,8841.123650603915,2625000.0,HalfCheetah-v3,TD3_Q2a3x64_1p
526,8500.555388676907,2630000.0,HalfCheetah-v3,TD3_Q2a3x64_1p
527,8094.744409959992,2635000.0,HalfCheetah-v3,TD3_Q2a3x64_1p
528,7480.446718951364,2640000.0,HalfCheetah-v3,TD3_Q2a3x64_1p
529,6933.7530191020605,2645000.0,HalfCheetah-v3,TD3_Q2a3x64_1p
530,8889.446835470235,2650000.0,HalfCheetah-v3,TD3_Q2a3x64_1p
531,8610.096112606952,2655000.0,HalfCheetah-v3,TD3_Q2a3x64_1p
532,8231.46211735441,2660000.0,HalfCheetah-v3,TD3_Q2a3x64_1p
533,7628.54482281236,2665000.0,HalfCheetah-v3,TD3_Q2a3x64_1p
534,7036.4963136482675,2670000.0,HalfCheetah-v3,TD3_Q2a3x64_1p
535,8768.235285834926,2675000.0,HalfCheetah-v3,TD3_Q2a3x64_1p
536,8516.694091344485,2680000.0,HalfCheetah-v3,TD3_Q2a3x64_1p
537,8215.622839956919,2685000.0,HalfCheetah-v3,TD3_Q2a3x64_1p
538,7710.700560883912,2690000.0,HalfCheetah-v3,TD3_Q2a3x64_1p
539,7113.755950768793,2695000.0,HalfCheetah-v3,TD3_Q2a3x64_1p
540,8916.346400639635,2700000.0,HalfCheetah-v3,TD3_Q2a3x64_1p
541,8651.901072538329,2705000.0,HalfCheetah-v3,TD3_Q2a3x64_1p
542,8185.542662203123,2710000.0,HalfCheetah-v3,TD3_Q2a3x64_1p
543,7581.452924878945,2715000.0,HalfCheetah-v3,TD3_Q2a3x64_1p
544,7037.331616363163,2720000.0,HalfCheetah-v3,TD3_Q2a3x64_1p
545,8918.180143169859,2725000.0,HalfCheetah-v3,TD3_Q2a3x64_1p
546,8591.637130801932,2730000.0,HalfCheetah-v3,TD3_Q2a3x64_1p
547,8071.703708738712,2735000.0,HalfCheetah-v3,TD3_Q2a3x64_1p
548,7539.499185183692,2740000.0,HalfCheetah-v3,TD3_Q2a3x64_1p
549,6562.171660012651,2745000.0,HalfCheetah-v3,TD3_Q2a3x64_1p
550,8775.484126378638,2750000.0,HalfCheetah-v3,TD3_Q2a3x64_1p
551,8471.508540403982,2755000.0,HalfCheetah-v3,TD3_Q2a3x64_1p
552,8022.154784194159,2760000.0,HalfCheetah-v3,TD3_Q2a3x64_1p
553,7451.92164251551,2765000.0,HalfCheetah-v3,TD3_Q2a3x64_1p
554,6857.053535366848,2770000.0,HalfCheetah-v3,TD3_Q2a3x64_1p
555,8853.677063284347,2775000.0,HalfCheetah-v3,TD3_Q2a3x64_1p
556,8458.263169023778,2780000.0,HalfCheetah-v3,TD3_Q2a3x64_1p
557,7980.254950312557,2785000.0,HalfCheetah-v3,TD3_Q2a3x64_1p
558,7506.850635772369,2790000.0,HalfCheetah-v3,TD3_Q2a3x64_1p
559,6860.369407348968,2795000.0,HalfCheetah-v3,TD3_Q2a3x64_1p
560,9002.977265465282,2800000.0,HalfCheetah-v3,TD3_Q2a3x64_1p
561,8691.034985817609,2805000.0,HalfCheetah-v3,TD3_Q2a3x64_1p
562,8299.84937439725,2810000.0,HalfCheetah-v3,TD3_Q2a3x64_1p
563,7815.2089649945865,2815000.0,HalfCheetah-v3,TD3_Q2a3x64_1p
564,7078.96553182558,2820000.0,HalfCheetah-v3,TD3_Q2a3x64_1p
565,8958.38038880186,2825000.0,HalfCheetah-v3,TD3_Q2a3x64_1p
566,8630.51963086833,2830000.0,HalfCheetah-v3,TD3_Q2a3x64_1p
567,8006.683455451338,2835000.0,HalfCheetah-v3,TD3_Q2a3x64_1p
568,7689.8183286194135,2840000.0,HalfCheetah-v3,TD3_Q2a3x64_1p
569,7012.681619153738,2845000.0,HalfCheetah-v3,TD3_Q2a3x64_1p
570,9021.660871591588,2850000.0,HalfCheetah-v3,TD3_Q2a3x64_1p
571,8751.705001896862,2855000.0,HalfCheetah-v3,TD3_Q2a3x64_1p
572,8165.905682712133,2860000.0,HalfCheetah-v3,TD3_Q2a3x64_1p
573,7601.673334613838,2865000.0,HalfCheetah-v3,TD3_Q2a3x64_1p
574,7016.941387686833,2870000.0,HalfCheetah-v3,TD3_Q2a3x64_1p
575,8600.762878199728,2875000.0,HalfCheetah-v3,TD3_Q2a3x64_1p
576,8388.365932518836,2880000.0,HalfCheetah-v3,TD3_Q2a3x64_1p
577,7983.755437010041,2885000.0,HalfCheetah-v3,TD3_Q2a3x64_1p
578,7489.272919695732,2890000.0,HalfCheetah-v3,TD3_Q2a3x64_1p
579,7034.928759953797,2895000.0,HalfCheetah-v3,TD3_Q2a3x64_1p
580,9060.453823147625,2900000.0,HalfCheetah-v3,TD3_Q2a3x64_1p
581,8546.79874098667,2905000.0,HalfCheetah-v3,TD3_Q2a3x64_1p
582,8073.722824729426,2910000.0,HalfCheetah-v3,TD3_Q2a3x64_1p
583,7499.79483996421,2915000.0,HalfCheetah-v3,TD3_Q2a3x64_1p
584,6932.974076294634,2920000.0,HalfCheetah-v3,TD3_Q2a3x64_1p
585,9270.271360479706,2925000.0,HalfCheetah-v3,TD3_Q2a3x64_1p
586,8919.003873284315,2930000.0,HalfCheetah-v3,TD3_Q2a3x64_1p
587,8494.329517824928,2935000.0,HalfCheetah-v3,TD3_Q2a3x64_1p
588,7931.422153065151,2940000.0,HalfCheetah-v3,TD3_Q2a3x64_1p
589,7273.915128392813,2945000.0,HalfCheetah-v3,TD3_Q2a3x64_1p
590,8978.610800602008,2950000.0,HalfCheetah-v3,TD3_Q2a3x64_1p
591,8710.729410444543,2955000.0,HalfCheetah-v3,TD3_Q2a3x64_1p
592,8111.086991888577,2960000.0,HalfCheetah-v3,TD3_Q2a3x64_1p
593,7546.379831273813,2965000.0,HalfCheetah-v3,TD3_Q2a3x64_1p
594,6952.657376771336,2970000.0,HalfCheetah-v3,TD3_Q2a3x64_1p
595,9112.098323581717,2975000.0,HalfCheetah-v3,TD3_Q2a3x64_1p
596,8845.690065691993,2980000.0,HalfCheetah-v3,TD3_Q2a3x64_1p
597,8355.631397553714,2985000.0,HalfCheetah-v3,TD3_Q2a3x64_1p
598,7772.145615041045,2990000.0,HalfCheetah-v3,TD3_Q2a3x64_1p
599,7302.1419603993145,2995000.0,HalfCheetah-v3,TD3_Q2a3x64_1p
600,8910.663872012901,3000000.0,HalfCheetah-v3,TD3_Q2a3x64_1p
601,8499.020219200851,3005000.0,HalfCheetah-v3,TD3_Q2a3x64_1p
602,7931.108881166891,3010000.0,HalfCheetah-v3,TD3_Q2a3x64_1p
603,7201.325612038054,3015000.0,HalfCheetah-v3,TD3_Q2a3x64_1p
604,6580.174187912618,3020000.0,HalfCheetah-v3,TD3_Q2a3x64_1p
605,9166.48348852644,3025000.0,HalfCheetah-v3,TD3_Q2a3x64_1p
606,8242.099269224123,3030000.0,HalfCheetah-v3,TD3_Q2a3x64_1p
607,8184.164767644067,3035000.0,HalfCheetah-v3,TD3_Q2a3x64_1p
608,7721.576892767827,3040000.0,HalfCheetah-v3,TD3_Q2a3x64_1p
609,7146.594594419768,3045000.0,HalfCheetah-v3,TD3_Q2a3x64_1p
610,9228.220450710976,3050000.0,HalfCheetah-v3,TD3_Q2a3x64_1p
611,8793.568519787974,3055000.0,HalfCheetah-v3,TD3_Q2a3x64_1p
612,8299.392529228233,3060000.0,HalfCheetah-v3,TD3_Q2a3x64_1p
613,7638.746709073197,3065000.0,HalfCheetah-v3,TD3_Q2a3x64_1p
614,7207.045621291009,3070000.0,HalfCheetah-v3,TD3_Q2a3x64_1p
615,9116.472883195065,3075000.0,HalfCheetah-v3,TD3_Q2a3x64_1p
616,8798.720268499568,3080000.0,HalfCheetah-v3,TD3_Q2a3x64_1p
617,8429.641454093147,3085000.0,HalfCheetah-v3,TD3_Q2a3x64_1p
618,7905.199931631102,3090000.0,HalfCheetah-v3,TD3_Q2a3x64_1p
619,7423.156918310635,3095000.0,HalfCheetah-v3,TD3_Q2a3x64_1p
620,9239.934121525795,3100000.0,HalfCheetah-v3,TD3_Q2a3x64_1p
621,8933.660101121815,3105000.0,HalfCheetah-v3,TD3_Q2a3x64_1p
622,8513.361643227527,3110000.0,HalfCheetah-v3,TD3_Q2a3x64_1p
623,7937.738107395249,3115000.0,HalfCheetah-v3,TD3_Q2a3x64_1p
624,7604.224721343884,3120000.0,HalfCheetah-v3,TD3_Q2a3x64_1p
625,9283.668139287762,3125000.0,HalfCheetah-v3,TD3_Q2a3x64_1p
626,8999.636184841023,3130000.0,HalfCheetah-v3,TD3_Q2a3x64_1p
627,8528.703453393071,3135000.0,HalfCheetah-v3,TD3_Q2a3x64_1p
628,7958.835092227959,3140000.0,HalfCheetah-v3,TD3_Q2a3x64_1p
629,7219.063913923511,3145000.0,HalfCheetah-v3,TD3_Q2a3x64_1p
630,9258.910369836318,3150000.0,HalfCheetah-v3,TD3_Q2a3x64_1p
631,8909.214669381012,3155000.0,HalfCheetah-v3,TD3_Q2a3x64_1p
632,8482.492539741224,3160000.0,HalfCheetah-v3,TD3_Q2a3x64_1p
633,7996.003287860656,3165000.0,HalfCheetah-v3,TD3_Q2a3x64_1p
634,7445.9186634443995,3170000.0,HalfCheetah-v3,TD3_Q2a3x64_1p
635,9149.49951271862,3175000.0,HalfCheetah-v3,TD3_Q2a3x64_1p
636,8856.04954275498,3180000.0,HalfCheetah-v3,TD3_Q2a3x64_1p
637,8353.997839319458,3185000.0,HalfCheetah-v3,TD3_Q2a3x64_1p
638,7833.107043163213,3190000.0,HalfCheetah-v3,TD3_Q2a3x64_1p
639,7378.188530626171,3195000.0,HalfCheetah-v3,TD3_Q2a3x64_1p
640,9289.316935126099,3200000.0,HalfCheetah-v3,TD3_Q2a3x64_1p
641,8897.739105771443,3205000.0,HalfCheetah-v3,TD3_Q2a3x64_1p
642,8453.917331700119,3210000.0,HalfCheetah-v3,TD3_Q2a3x64_1p
643,7797.158395984821,3215000.0,HalfCheetah-v3,TD3_Q2a3x64_1p
644,7289.05055075091,3220000.0,HalfCheetah-v3,TD3_Q2a3x64_1p
645,9356.60014271086,3225000.0,HalfCheetah-v3,TD3_Q2a3x64_1p
646,9108.675362122665,3230000.0,HalfCheetah-v3,TD3_Q2a3x64_1p
647,8660.300714021058,3235000.0,HalfCheetah-v3,TD3_Q2a3x64_1p
648,8071.391172972013,3240000.0,HalfCheetah-v3,TD3_Q2a3x64_1p
649,7374.23771213514,3245000.0,HalfCheetah-v3,TD3_Q2a3x64_1p
650,9292.715124275212,3250000.0,HalfCheetah-v3,TD3_Q2a3x64_1p
651,8828.426499333298,3255000.0,HalfCheetah-v3,TD3_Q2a3x64_1p
652,8402.878614795034,3260000.0,HalfCheetah-v3,TD3_Q2a3x64_1p
653,7809.525934002278,3265000.0,HalfCheetah-v3,TD3_Q2a3x64_1p
654,7183.260932563894,3270000.0,HalfCheetah-v3,TD3_Q2a3x64_1p
655,9393.904072907404,3275000.0,HalfCheetah-v3,TD3_Q2a3x64_1p
656,9010.200084457781,3280000.0,HalfCheetah-v3,TD3_Q2a3x64_1p
657,8471.031529225887,3285000.0,HalfCheetah-v3,TD3_Q2a3x64_1p
658,7964.099877567334,3290000.0,HalfCheetah-v3,TD3_Q2a3x64_1p
659,7278.836954374472,3295000.0,HalfCheetah-v3,TD3_Q2a3x64_1p
660,9210.946173209759,3300000.0,HalfCheetah-v3,TD3_Q2a3x64_1p
661,8685.948757716518,3305000.0,HalfCheetah-v3,TD3_Q2a3x64_1p
662,8107.637070408649,3310000.0,HalfCheetah-v3,TD3_Q2a3x64_1p
663,7614.08788238402,3315000.0,HalfCheetah-v3,TD3_Q2a3x64_1p
664,6974.638443313999,3320000.0,HalfCheetah-v3,TD3_Q2a3x64_1p
665,9416.204436873406,3325000.0,HalfCheetah-v3,TD3_Q2a3x64_1p
666,9106.664184085817,3330000.0,HalfCheetah-v3,TD3_Q2a3x64_1p
667,8617.555485435221,3335000.0,HalfCheetah-v3,TD3_Q2a3x64_1p
668,8171.777663769021,3340000.0,HalfCheetah-v3,TD3_Q2a3x64_1p
669,7716.881840782173,3345000.0,HalfCheetah-v3,TD3_Q2a3x64_1p
670,9252.553529424904,3350000.0,HalfCheetah-v3,TD3_Q2a3x64_1p
671,8893.153675272093,3355000.0,HalfCheetah-v3,TD3_Q2a3x64_1p
672,8359.128163049641,3360000.0,HalfCheetah-v3,TD3_Q2a3x64_1p
673,7786.3526864080895,3365000.0,HalfCheetah-v3,TD3_Q2a3x64_1p
674,7337.010628488259,3370000.0,HalfCheetah-v3,TD3_Q2a3x64_1p
675,9450.271144189745,3375000.0,HalfCheetah-v3,TD3_Q2a3x64_1p
676,8952.043628768984,3380000.0,HalfCheetah-v3,TD3_Q2a3x64_1p
677,8617.80771475806,3385000.0,HalfCheetah-v3,TD3_Q2a3x64_1p
678,8008.5380601661145,3390000.0,HalfCheetah-v3,TD3_Q2a3x64_1p
679,7263.877640300061,3395000.0,HalfCheetah-v3,TD3_Q2a3x64_1p
680,9427.48857044535,3400000.0,HalfCheetah-v3,TD3_Q2a3x64_1p
681,9104.231239872406,3405000.0,HalfCheetah-v3,TD3_Q2a3x64_1p
682,8629.381325962018,3410000.0,HalfCheetah-v3,TD3_Q2a3x64_1p
683,8073.096918401652,3415000.0,HalfCheetah-v3,TD3_Q2a3x64_1p
684,7513.337403557731,3420000.0,HalfCheetah-v3,TD3_Q2a3x64_1p
685,9423.13344560841,3425000.0,HalfCheetah-v3,TD3_Q2a3x64_1p
686,9023.759768085383,3430000.0,HalfCheetah-v3,TD3_Q2a3x64_1p
687,8644.553733308974,3435000.0,HalfCheetah-v3,TD3_Q2a3x64_1p
688,8029.9558188056735,3440000.0,HalfCheetah-v3,TD3_Q2a3x64_1p
689,7373.5301376107,3445000.0,HalfCheetah-v3,TD3_Q2a3x64_1p
690,9214.954998339563,3450000.0,HalfCheetah-v3,TD3_Q2a3x64_1p
691,8911.740854120919,3455000.0,HalfCheetah-v3,TD3_Q2a3x64_1p
692,8319.169899677461,3460000.0,HalfCheetah-v3,TD3_Q2a3x64_1p
693,7842.971352603456,3465000.0,HalfCheetah-v3,TD3_Q2a3x64_1p
694,7265.841786479177,3470000.0,HalfCheetah-v3,TD3_Q2a3x64_1p
695,9452.468856653246,3475000.0,HalfCheetah-v3,TD3_Q2a3x64_1p
696,9197.119955841657,3480000.0,HalfCheetah-v3,TD3_Q2a3x64_1p
697,8683.699371904077,3485000.0,HalfCheetah-v3,TD3_Q2a3x64_1p
698,8164.471189494223,3490000.0,HalfCheetah-v3,TD3_Q2a3x64_1p
699,7416.933697424325,3495000.0,HalfCheetah-v3,TD3_Q2a3x64_1p
700,9523.356369864096,3500000.0,HalfCheetah-v3,TD3_Q2a3x64_1p
701,9204.444765761353,3505000.0,HalfCheetah-v3,TD3_Q2a3x64_1p
702,8687.803241390031,3510000.0,HalfCheetah-v3,TD3_Q2a3x64_1p
703,8077.765460397757,3515000.0,HalfCheetah-v3,TD3_Q2a3x64_1p
704,7460.915793691907,3520000.0,HalfCheetah-v3,TD3_Q2a3x64_1p
705,9461.914394819716,3525000.0,HalfCheetah-v3,TD3_Q2a3x64_1p
706,9095.201379358754,3530000.0,HalfCheetah-v3,TD3_Q2a3x64_1p
707,8273.918442346909,3535000.0,HalfCheetah-v3,TD3_Q2a3x64_1p
708,7926.350866940884,3540000.0,HalfCheetah-v3,TD3_Q2a3x64_1p
709,7357.962961207404,3545000.0,HalfCheetah-v3,TD3_Q2a3x64_1p
710,9368.588774815336,3550000.0,HalfCheetah-v3,TD3_Q2a3x64_1p
711,9078.19127943753,3555000.0,HalfCheetah-v3,TD3_Q2a3x64_1p
712,8616.187667049908,3560000.0,HalfCheetah-v3,TD3_Q2a3x64_1p
713,8059.4655199485915,3565000.0,HalfCheetah-v3,TD3_Q2a3x64_1p
714,7333.406021014574,3570000.0,HalfCheetah-v3,TD3_Q2a3x64_1p
715,9388.614645497788,3575000.0,HalfCheetah-v3,TD3_Q2a3x64_1p
716,9015.823367737341,3580000.0,HalfCheetah-v3,TD3_Q2a3x64_1p
717,8759.784359844649,3585000.0,HalfCheetah-v3,TD3_Q2a3x64_1p
718,8111.304911762914,3590000.0,HalfCheetah-v3,TD3_Q2a3x64_1p
719,7584.64998314736,3595000.0,HalfCheetah-v3,TD3_Q2a3x64_1p
720,9365.946579065196,3600000.0,HalfCheetah-v3,TD3_Q2a3x64_1p
721,8972.13528869005,3605000.0,HalfCheetah-v3,TD3_Q2a3x64_1p
722,8514.49140723073,3610000.0,HalfCheetah-v3,TD3_Q2a3x64_1p
723,7799.401837284013,3615000.0,HalfCheetah-v3,TD3_Q2a3x64_1p
724,7405.806042259971,3620000.0,HalfCheetah-v3,TD3_Q2a3x64_1p
725,9643.094843693214,3625000.0,HalfCheetah-v3,TD3_Q2a3x64_1p
726,9314.590824614454,3630000.0,HalfCheetah-v3,TD3_Q2a3x64_1p
727,8729.880733982649,3635000.0,HalfCheetah-v3,TD3_Q2a3x64_1p
728,8101.826077464802,3640000.0,HalfCheetah-v3,TD3_Q2a3x64_1p
729,7404.684371934313,3645000.0,HalfCheetah-v3,TD3_Q2a3x64_1p
730,9518.008522509963,3650000.0,HalfCheetah-v3,TD3_Q2a3x64_1p
731,9188.410696430305,3655000.0,HalfCheetah-v3,TD3_Q2a3x64_1p
732,8724.445354361354,3660000.0,HalfCheetah-v3,TD3_Q2a3x64_1p
733,8153.544630834871,3665000.0,HalfCheetah-v3,TD3_Q2a3x64_1p
734,7539.743420184241,3670000.0,HalfCheetah-v3,TD3_Q2a3x64_1p
735,9698.219969782795,3675000.0,HalfCheetah-v3,TD3_Q2a3x64_1p
736,9366.021928315035,3680000.0,HalfCheetah-v3,TD3_Q2a3x64_1p
737,8861.804099294222,3685000.0,HalfCheetah-v3,TD3_Q2a3x64_1p
738,8225.719092493911,3690000.0,HalfCheetah-v3,TD3_Q2a3x64_1p
739,7600.581683048642,3695000.0,HalfCheetah-v3,TD3_Q2a3x64_1p
740,9587.04174057159,3700000.0,HalfCheetah-v3,TD3_Q2a3x64_1p
741,9300.316376013976,3705000.0,HalfCheetah-v3,TD3_Q2a3x64_1p
742,8785.646866207386,3710000.0,HalfCheetah-v3,TD3_Q2a3x64_1p
743,8054.165157972233,3715000.0,HalfCheetah-v3,TD3_Q2a3x64_1p
744,7506.89465428603,3720000.0,HalfCheetah-v3,TD3_Q2a3x64_1p
745,9245.949641415795,3725000.0,HalfCheetah-v3,TD3_Q2a3x64_1p
746,8699.815228561893,3730000.0,HalfCheetah-v3,TD3_Q2a3x64_1p
747,8135.774598904945,3735000.0,HalfCheetah-v3,TD3_Q2a3x64_1p
748,7643.453108428414,3740000.0,HalfCheetah-v3,TD3_Q2a3x64_1p
749,7140.977858770559,3745000.0,HalfCheetah-v3,TD3_Q2a3x64_1p
750,9602.86940266618,3750000.0,HalfCheetah-v3,TD3_Q2a3x64_1p
751,9190.800931658718,3755000.0,HalfCheetah-v3,TD3_Q2a3x64_1p
752,8853.424970581978,3760000.0,HalfCheetah-v3,TD3_Q2a3x64_1p
753,8176.646525457191,3765000.0,HalfCheetah-v3,TD3_Q2a3x64_1p
754,7507.225512525058,3770000.0,HalfCheetah-v3,TD3_Q2a3x64_1p
755,9480.21790051481,3775000.0,HalfCheetah-v3,TD3_Q2a3x64_1p
756,9228.008000170625,3780000.0,HalfCheetah-v3,TD3_Q2a3x64_1p
757,8835.104218912245,3785000.0,HalfCheetah-v3,TD3_Q2a3x64_1p
758,8383.433811362609,3790000.0,HalfCheetah-v3,TD3_Q2a3x64_1p
759,7667.507196243976,3795000.0,HalfCheetah-v3,TD3_Q2a3x64_1p
760,9458.101303398813,3800000.0,HalfCheetah-v3,TD3_Q2a3x64_1p
761,9114.348332723759,3805000.0,HalfCheetah-v3,TD3_Q2a3x64_1p
762,8544.663496175517,3810000.0,HalfCheetah-v3,TD3_Q2a3x64_1p
763,8099.657304333802,3815000.0,HalfCheetah-v3,TD3_Q2a3x64_1p
764,7480.6726751698425,3820000.0,HalfCheetah-v3,TD3_Q2a3x64_1p
765,9496.81745423986,3825000.0,HalfCheetah-v3,TD3_Q2a3x64_1p
766,9244.481728642559,3830000.0,HalfCheetah-v3,TD3_Q2a3x64_1p
767,8781.528797986773,3835000.0,HalfCheetah-v3,TD3_Q2a3x64_1p
768,8284.628255597549,3840000.0,HalfCheetah-v3,TD3_Q2a3x64_1p
769,7704.943440207008,3845000.0,HalfCheetah-v3,TD3_Q2a3x64_1p
770,9582.987582006812,3850000.0,HalfCheetah-v3,TD3_Q2a3x64_1p
771,9154.39020324806,3855000.0,HalfCheetah-v3,TD3_Q2a3x64_1p
772,8466.091952531722,3860000.0,HalfCheetah-v3,TD3_Q2a3x64_1p
773,7799.696733913735,3865000.0,HalfCheetah-v3,TD3_Q2a3x64_1p
774,6951.037750197084,3870000.0,HalfCheetah-v3,TD3_Q2a3x64_1p
775,9771.978819327513,3875000.0,HalfCheetah-v3,TD3_Q2a3x64_1p
776,9342.897885741964,3880000.0,HalfCheetah-v3,TD3_Q2a3x64_1p
777,8861.577310976267,3885000.0,HalfCheetah-v3,TD3_Q2a3x64_1p
778,8408.099196125302,3890000.0,HalfCheetah-v3,TD3_Q2a3x64_1p
779,7528.273124495395,3895000.0,HalfCheetah-v3,TD3_Q2a3x64_1p
780,9327.696926839802,3900000.0,HalfCheetah-v3,TD3_Q2a3x64_1p
781,8982.934959113387,3905000.0,HalfCheetah-v3,TD3_Q2a3x64_1p
782,8463.413720465685,3910000.0,HalfCheetah-v3,TD3_Q2a3x64_1p
783,8043.683105822734,3915000.0,HalfCheetah-v3,TD3_Q2a3x64_1p
784,7260.351274722426,3920000.0,HalfCheetah-v3,TD3_Q2a3x64_1p
785,9663.069692719284,3925000.0,HalfCheetah-v3,TD3_Q2a3x64_1p
786,9269.516456446396,3930000.0,HalfCheetah-v3,TD3_Q2a3x64_1p
787,8728.24256745749,3935000.0,HalfCheetah-v3,TD3_Q2a3x64_1p
788,8154.373948378959,3940000.0,HalfCheetah-v3,TD3_Q2a3x64_1p
789,7471.822662851342,3945000.0,HalfCheetah-v3,TD3_Q2a3x64_1p
790,9336.315955680275,3950000.0,HalfCheetah-v3,TD3_Q2a3x64_1p
791,8930.33516270542,3955000.0,HalfCheetah-v3,TD3_Q2a3x64_1p
792,8285.22643725527,3960000.0,HalfCheetah-v3,TD3_Q2a3x64_1p
793,7478.420345622815,3965000.0,HalfCheetah-v3,TD3_Q2a3x64_1p
794,6879.661333895046,3970000.0,HalfCheetah-v3,TD3_Q2a3x64_1p
795,9648.536051194076,3975000.0,HalfCheetah-v3,TD3_Q2a3x64_1p
796,9146.540422188957,3980000.0,HalfCheetah-v3,TD3_Q2a3x64_1p
797,8535.767233939343,3985000.0,HalfCheetah-v3,TD3_Q2a3x64_1p
798,7867.858117059541,3990000.0,HalfCheetah-v3,TD3_Q2a3x64_1p
799,7024.409854329288,3995000.0,HalfCheetah-v3,TD3_Q2a3x64_1p
800,9826.549846819518,4000000.0,HalfCheetah-v3,TD3_Q2a3x64_1p
801,9406.480282337066,4005000.0,HalfCheetah-v3,TD3_Q2a3x64_1p
802,8936.18079903576,4010000.0,HalfCheetah-v3,TD3_Q2a3x64_1p
803,8184.083567733748,4015000.0,HalfCheetah-v3,TD3_Q2a3x64_1p
804,7521.586072756482,4020000.0,HalfCheetah-v3,TD3_Q2a3x64_1p
805,9885.804753873326,4025000.0,HalfCheetah-v3,TD3_Q2a3x64_1p
806,9428.595780443746,4030000.0,HalfCheetah-v3,TD3_Q2a3x64_1p
807,8908.61977307944,4035000.0,HalfCheetah-v3,TD3_Q2a3x64_1p
808,8111.58744666503,4040000.0,HalfCheetah-v3,TD3_Q2a3x64_1p
809,7298.796889703664,4045000.0,HalfCheetah-v3,TD3_Q2a3x64_1p
810,9537.25476543459,4050000.0,HalfCheetah-v3,TD3_Q2a3x64_1p
811,9357.2170196734,4055000.0,HalfCheetah-v3,TD3_Q2a3x64_1p
812,8816.812324530492,4060000.0,HalfCheetah-v3,TD3_Q2a3x64_1p
813,8296.077202080982,4065000.0,HalfCheetah-v3,TD3_Q2a3x64_1p
814,7683.16933350094,4070000.0,HalfCheetah-v3,TD3_Q2a3x64_1p
815,9713.953344998474,4075000.0,HalfCheetah-v3,TD3_Q2a3x64_1p
816,9345.698074966649,4080000.0,HalfCheetah-v3,TD3_Q2a3x64_1p
817,8890.262952891393,4085000.0,HalfCheetah-v3,TD3_Q2a3x64_1p
818,8208.13757630825,4090000.0,HalfCheetah-v3,TD3_Q2a3x64_1p
819,7755.705995872789,4095000.0,HalfCheetah-v3,TD3_Q2a3x64_1p
820,9644.206187660368,4100000.0,HalfCheetah-v3,TD3_Q2a3x64_1p
821,9315.69931654073,4105000.0,HalfCheetah-v3,TD3_Q2a3x64_1p
822,8705.121212290573,4110000.0,HalfCheetah-v3,TD3_Q2a3x64_1p
823,8182.868483373772,4115000.0,HalfCheetah-v3,TD3_Q2a3x64_1p
824,7617.968081384497,4120000.0,HalfCheetah-v3,TD3_Q2a3x64_1p
825,9777.128963959593,4125000.0,HalfCheetah-v3,TD3_Q2a3x64_1p
826,9464.884789381318,4130000.0,HalfCheetah-v3,TD3_Q2a3x64_1p
827,8932.579599632152,4135000.0,HalfCheetah-v3,TD3_Q2a3x64_1p
828,8425.517219480022,4140000.0,HalfCheetah-v3,TD3_Q2a3x64_1p
829,7554.226251439184,4145000.0,HalfCheetah-v3,TD3_Q2a3x64_1p
830,9778.746788484876,4150000.0,HalfCheetah-v3,TD3_Q2a3x64_1p
831,9464.487726398238,4155000.0,HalfCheetah-v3,TD3_Q2a3x64_1p
832,8639.543831373006,4160000.0,HalfCheetah-v3,TD3_Q2a3x64_1p
833,7885.772633939707,4165000.0,HalfCheetah-v3,TD3_Q2a3x64_1p
834,7248.888461551693,4170000.0,HalfCheetah-v3,TD3_Q2a3x64_1p
835,9486.318141678667,4175000.0,HalfCheetah-v3,TD3_Q2a3x64_1p
836,9294.484604248137,4180000.0,HalfCheetah-v3,TD3_Q2a3x64_1p
837,8639.000947479146,4185000.0,HalfCheetah-v3,TD3_Q2a3x64_1p
838,8052.961216071443,4190000.0,HalfCheetah-v3,TD3_Q2a3x64_1p
839,7248.998717172979,4195000.0,HalfCheetah-v3,TD3_Q2a3x64_1p
840,9711.975818152187,4200000.0,HalfCheetah-v3,TD3_Q2a3x64_1p
841,9359.743660048416,4205000.0,HalfCheetah-v3,TD3_Q2a3x64_1p
842,9000.744599314128,4210000.0,HalfCheetah-v3,TD3_Q2a3x64_1p
843,8314.94618641098,4215000.0,HalfCheetah-v3,TD3_Q2a3x64_1p
844,7739.728013002865,4220000.0,HalfCheetah-v3,TD3_Q2a3x64_1p
845,9823.331531223614,4225000.0,HalfCheetah-v3,TD3_Q2a3x64_1p
846,9450.104413256153,4230000.0,HalfCheetah-v3,TD3_Q2a3x64_1p
847,9153.362966581295,4235000.0,HalfCheetah-v3,TD3_Q2a3x64_1p
848,8398.51419312987,4240000.0,HalfCheetah-v3,TD3_Q2a3x64_1p
849,7817.462267483762,4245000.0,HalfCheetah-v3,TD3_Q2a3x64_1p
850,9914.575416196212,4250000.0,HalfCheetah-v3,TD3_Q2a3x64_1p
851,9627.662741904136,4255000.0,HalfCheetah-v3,TD3_Q2a3x64_1p
852,9101.631155219478,4260000.0,HalfCheetah-v3,TD3_Q2a3x64_1p
853,8569.347512936889,4265000.0,HalfCheetah-v3,TD3_Q2a3x64_1p
854,7784.19711326447,4270000.0,HalfCheetah-v3,TD3_Q2a3x64_1p
855,9829.323749893938,4275000.0,HalfCheetah-v3,TD3_Q2a3x64_1p
856,9453.56743058433,4280000.0,HalfCheetah-v3,TD3_Q2a3x64_1p
857,9047.497084444016,4285000.0,HalfCheetah-v3,TD3_Q2a3x64_1p
858,8483.489113635424,4290000.0,HalfCheetah-v3,TD3_Q2a3x64_1p
859,7838.631326909487,4295000.0,HalfCheetah-v3,TD3_Q2a3x64_1p
860,9883.48682488516,4300000.0,HalfCheetah-v3,TD3_Q2a3x64_1p
861,9495.317403580379,4305000.0,HalfCheetah-v3,TD3_Q2a3x64_1p
862,8383.649935589416,4310000.0,HalfCheetah-v3,TD3_Q2a3x64_1p
863,8464.86886657449,4315000.0,HalfCheetah-v3,TD3_Q2a3x64_1p
864,7731.440141014289,4320000.0,HalfCheetah-v3,TD3_Q2a3x64_1p
865,9976.922273430397,4325000.0,HalfCheetah-v3,TD3_Q2a3x64_1p
866,9668.847758533682,4330000.0,HalfCheetah-v3,TD3_Q2a3x64_1p
867,9150.58530626184,4335000.0,HalfCheetah-v3,TD3_Q2a3x64_1p
868,8438.552040029104,4340000.0,HalfCheetah-v3,TD3_Q2a3x64_1p
869,7718.3940151794795,4345000.0,HalfCheetah-v3,TD3_Q2a3x64_1p
870,9924.509996409717,4350000.0,HalfCheetah-v3,TD3_Q2a3x64_1p
871,9606.484719705824,4355000.0,HalfCheetah-v3,TD3_Q2a3x64_1p
872,8905.242169853193,4360000.0,HalfCheetah-v3,TD3_Q2a3x64_1p
873,8140.1819173915455,4365000.0,HalfCheetah-v3,TD3_Q2a3x64_1p
874,7734.162311752041,4370000.0,HalfCheetah-v3,TD3_Q2a3x64_1p
875,9938.015500652295,4375000.0,HalfCheetah-v3,TD3_Q2a3x64_1p
876,9615.172254820352,4380000.0,HalfCheetah-v3,TD3_Q2a3x64_1p
877,9150.74654574494,4385000.0,HalfCheetah-v3,TD3_Q2a3x64_1p
878,8480.826022030915,4390000.0,HalfCheetah-v3,TD3_Q2a3x64_1p
879,7174.534811275512,4395000.0,HalfCheetah-v3,TD3_Q2a3x64_1p
880,9967.596977036916,4400000.0,HalfCheetah-v3,TD3_Q2a3x64_1p
881,9576.702521115154,4405000.0,HalfCheetah-v3,TD3_Q2a3x64_1p
882,9101.909173021904,4410000.0,HalfCheetah-v3,TD3_Q2a3x64_1p
883,8504.29784095287,4415000.0,HalfCheetah-v3,TD3_Q2a3x64_1p
884,7746.28991088631,4420000.0,HalfCheetah-v3,TD3_Q2a3x64_1p
885,9875.704077894665,4425000.0,HalfCheetah-v3,TD3_Q2a3x64_1p
886,9510.314754068202,4430000.0,HalfCheetah-v3,TD3_Q2a3x64_1p
887,9004.292898410367,4435000.0,HalfCheetah-v3,TD3_Q2a3x64_1p
888,8380.035843744434,4440000.0,HalfCheetah-v3,TD3_Q2a3x64_1p
889,7521.907668780606,4445000.0,HalfCheetah-v3,TD3_Q2a3x64_1p
890,10014.76908680827,4450000.0,HalfCheetah-v3,TD3_Q2a3x64_1p
891,9676.158547327952,4455000.0,HalfCheetah-v3,TD3_Q2a3x64_1p
892,9077.85850899187,4460000.0,HalfCheetah-v3,TD3_Q2a3x64_1p
893,7943.925879940778,4465000.0,HalfCheetah-v3,TD3_Q2a3x64_1p
894,7903.568653121195,4470000.0,HalfCheetah-v3,TD3_Q2a3x64_1p
895,9858.156239052816,4475000.0,HalfCheetah-v3,TD3_Q2a3x64_1p
896,9503.629422817305,4480000.0,HalfCheetah-v3,TD3_Q2a3x64_1p
897,8846.772147475722,4485000.0,HalfCheetah-v3,TD3_Q2a3x64_1p
898,8240.337209161096,4490000.0,HalfCheetah-v3,TD3_Q2a3x64_1p
899,7248.449478356408,4495000.0,HalfCheetah-v3,TD3_Q2a3x64_1p
900,10029.152013526409,4500000.0,HalfCheetah-v3,TD3_Q2a3x64_1p
901,9622.196124034283,4505000.0,HalfCheetah-v3,TD3_Q2a3x64_1p
902,9122.361601052642,4510000.0,HalfCheetah-v3,TD3_Q2a3x64_1p
903,8308.66023739704,4515000.0,HalfCheetah-v3,TD3_Q2a3x64_1p
904,7670.172960044042,4520000.0,HalfCheetah-v3,TD3_Q2a3x64_1p
905,10076.71899229204,4525000.0,HalfCheetah-v3,TD3_Q2a3x64_1p
906,9509.590366090682,4530000.0,HalfCheetah-v3,TD3_Q2a3x64_1p
907,8965.83173351522,4535000.0,HalfCheetah-v3,TD3_Q2a3x64_1p
908,8387.74074318913,4540000.0,HalfCheetah-v3,TD3_Q2a3x64_1p
909,7666.5918174141025,4545000.0,HalfCheetah-v3,TD3_Q2a3x64_1p
910,10076.634728692588,4550000.0,HalfCheetah-v3,TD3_Q2a3x64_1p
911,9589.404348204069,4555000.0,HalfCheetah-v3,TD3_Q2a3x64_1p
912,8955.12289552018,4560000.0,HalfCheetah-v3,TD3_Q2a3x64_1p
913,8054.838678682662,4565000.0,HalfCheetah-v3,TD3_Q2a3x64_1p
914,7324.001060799519,4570000.0,HalfCheetah-v3,TD3_Q2a3x64_1p
915,9874.097172504233,4575000.0,HalfCheetah-v3,TD3_Q2a3x64_1p
916,9482.790132686387,4580000.0,HalfCheetah-v3,TD3_Q2a3x64_1p
917,8762.073325920977,4585000.0,HalfCheetah-v3,TD3_Q2a3x64_1p
918,8188.410043239845,4590000.0,HalfCheetah-v3,TD3_Q2a3x64_1p
919,7078.792015167494,4595000.0,HalfCheetah-v3,TD3_Q2a3x64_1p
920,9790.127036696507,4600000.0,HalfCheetah-v3,TD3_Q2a3x64_1p
921,9590.600090322361,4605000.0,HalfCheetah-v3,TD3_Q2a3x64_1p
922,9128.444450882893,4610000.0,HalfCheetah-v3,TD3_Q2a3x64_1p
923,8694.392090695981,4615000.0,HalfCheetah-v3,TD3_Q2a3x64_1p
924,7937.461740754661,4620000.0,HalfCheetah-v3,TD3_Q2a3x64_1p
925,9893.114470546663,4625000.0,HalfCheetah-v3,TD3_Q2a3x64_1p
926,9532.715525906166,4630000.0,HalfCheetah-v3,TD3_Q2a3x64_1p
927,8886.221226315898,4635000.0,HalfCheetah-v3,TD3_Q2a3x64_1p
928,8270.134580416585,4640000.0,HalfCheetah-v3,TD3_Q2a3x64_1p
929,7642.840057961068,4645000.0,HalfCheetah-v3,TD3_Q2a3x64_1p
930,9975.732795932425,4650000.0,HalfCheetah-v3,TD3_Q2a3x64_1p
931,9447.900011032103,4655000.0,HalfCheetah-v3,TD3_Q2a3x64_1p
932,9070.661329014782,4660000.0,HalfCheetah-v3,TD3_Q2a3x64_1p
933,8387.39751637259,4665000.0,HalfCheetah-v3,TD3_Q2a3x64_1p
934,7881.253755257778,4670000.0,HalfCheetah-v3,TD3_Q2a3x64_1p
935,10074.757143360908,4675000.0,HalfCheetah-v3,TD3_Q2a3x64_1p
936,9635.937088079178,4680000.0,HalfCheetah-v3,TD3_Q2a3x64_1p
937,9209.474658747476,4685000.0,HalfCheetah-v3,TD3_Q2a3x64_1p
938,8600.67652659026,4690000.0,HalfCheetah-v3,TD3_Q2a3x64_1p
939,7974.070676928491,4695000.0,HalfCheetah-v3,TD3_Q2a3x64_1p
940,10028.94646823862,4700000.0,HalfCheetah-v3,TD3_Q2a3x64_1p
941,9638.294979495688,4705000.0,HalfCheetah-v3,TD3_Q2a3x64_1p
942,9137.867873106385,4710000.0,HalfCheetah-v3,TD3_Q2a3x64_1p
943,8533.050090051704,4715000.0,HalfCheetah-v3,TD3_Q2a3x64_1p
944,7807.7554976307,4720000.0,HalfCheetah-v3,TD3_Q2a3x64_1p
945,9811.331531324457,4725000.0,HalfCheetah-v3,TD3_Q2a3x64_1p
946,9551.863581664335,4730000.0,HalfCheetah-v3,TD3_Q2a3x64_1p
947,9130.172686720853,4735000.0,HalfCheetah-v3,TD3_Q2a3x64_1p
948,8671.180501728002,4740000.0,HalfCheetah-v3,TD3_Q2a3x64_1p
949,8039.142877073803,4745000.0,HalfCheetah-v3,TD3_Q2a3x64_1p
950,10027.330890196481,4750000.0,HalfCheetah-v3,TD3_Q2a3x64_1p
951,9533.172384694028,4755000.0,HalfCheetah-v3,TD3_Q2a3x64_1p
952,8915.255723240847,4760000.0,HalfCheetah-v3,TD3_Q2a3x64_1p
953,7617.803850287752,4765000.0,HalfCheetah-v3,TD3_Q2a3x64_1p
954,7502.295808335104,4770000.0,HalfCheetah-v3,TD3_Q2a3x64_1p
955,10000.59078081213,4775000.0,HalfCheetah-v3,TD3_Q2a3x64_1p
956,9695.690764050947,4780000.0,HalfCheetah-v3,TD3_Q2a3x64_1p
957,9160.478565381281,4785000.0,HalfCheetah-v3,TD3_Q2a3x64_1p
958,8649.249839142865,4790000.0,HalfCheetah-v3,TD3_Q2a3x64_1p
959,7988.979861085408,4795000.0,HalfCheetah-v3,TD3_Q2a3x64_1p
960,10111.084372000301,4800000.0,HalfCheetah-v3,TD3_Q2a3x64_1p
961,9716.62594926229,4805000.0,HalfCheetah-v3,TD3_Q2a3x64_1p
962,9152.396617980248,4810000.0,HalfCheetah-v3,TD3_Q2a3x64_1p
963,8603.778807140246,4815000.0,HalfCheetah-v3,TD3_Q2a3x64_1p
964,7983.494163291549,4820000.0,HalfCheetah-v3,TD3_Q2a3x64_1p
965,9891.31770559691,4825000.0,HalfCheetah-v3,TD3_Q2a3x64_1p
966,9656.608822642478,4830000.0,HalfCheetah-v3,TD3_Q2a3x64_1p
967,9086.311968715625,4835000.0,HalfCheetah-v3,TD3_Q2a3x64_1p
968,8538.889917621704,4840000.0,HalfCheetah-v3,TD3_Q2a3x64_1p
969,8024.493363149028,4845000.0,HalfCheetah-v3,TD3_Q2a3x64_1p
970,9919.897032629397,4850000.0,HalfCheetah-v3,TD3_Q2a3x64_1p
971,9669.179147333947,4855000.0,HalfCheetah-v3,TD3_Q2a3x64_1p
972,9150.76852671872,4860000.0,HalfCheetah-v3,TD3_Q2a3x64_1p
973,8571.700676397686,4865000.0,HalfCheetah-v3,TD3_Q2a3x64_1p
974,7940.590213854545,4870000.0,HalfCheetah-v3,TD3_Q2a3x64_1p
975,10095.864858854402,4875000.0,HalfCheetah-v3,TD3_Q2a3x64_1p
976,9583.427210367221,4880000.0,HalfCheetah-v3,TD3_Q2a3x64_1p
977,8970.531887146772,4885000.0,HalfCheetah-v3,TD3_Q2a3x64_1p
978,8080.635351206316,4890000.0,HalfCheetah-v3,TD3_Q2a3x64_1p
979,7230.438883787868,4895000.0,HalfCheetah-v3,TD3_Q2a3x64_1p
980,10070.380723716864,4900000.0,HalfCheetah-v3,TD3_Q2a3x64_1p
981,9671.08885770227,4905000.0,HalfCheetah-v3,TD3_Q2a3x64_1p
982,9103.935694828268,4910000.0,HalfCheetah-v3,TD3_Q2a3x64_1p
983,8571.66931878701,4915000.0,HalfCheetah-v3,TD3_Q2a3x64_1p
984,8016.036001950112,4920000.0,HalfCheetah-v3,TD3_Q2a3x64_1p
985,10089.954309179135,4925000.0,HalfCheetah-v3,TD3_Q2a3x64_1p
986,9776.353833968034,4930000.0,HalfCheetah-v3,TD3_Q2a3x64_1p
987,9230.185278011357,4935000.0,HalfCheetah-v3,TD3_Q2a3x64_1p
988,8542.657432949627,4940000.0,HalfCheetah-v3,TD3_Q2a3x64_1p
989,7995.793604360859,4945000.0,HalfCheetah-v3,TD3_Q2a3x64_1p
990,10179.767077161756,4950000.0,HalfCheetah-v3,TD3_Q2a3x64_1p
991,9842.684349189705,4955000.0,HalfCheetah-v3,TD3_Q2a3x64_1p
992,9228.122626395332,4960000.0,HalfCheetah-v3,TD3_Q2a3x64_1p
993,8493.011962740868,4965000.0,HalfCheetah-v3,TD3_Q2a3x64_1p
994,7756.301754545022,4970000.0,HalfCheetah-v3,TD3_Q2a3x64_1p
995,10165.270951756993,4975000.0,HalfCheetah-v3,TD3_Q2a3x64_1p
996,9801.241030781375,4980000.0,HalfCheetah-v3,TD3_Q2a3x64_1p
997,9249.859548494918,4985000.0,HalfCheetah-v3,TD3_Q2a3x64_1p
998,8469.66664875531,4990000.0,HalfCheetah-v3,TD3_Q2a3x64_1p
999,7943.860925648361,4995000.0,HalfCheetah-v3,TD3_Q2a3x64_1p
