index,Average Return,Timesteps,env,algorithm_name
0,-531.9858271573469,0,HalfCheetah-v3,SAC_Q2a
1,-3.060371509850339,5000,HalfCheetah-v3,SAC_Q2a
2,-113.29263140879854,10000,HalfCheetah-v3,SAC_Q2a
3,-564.8410134842263,15000,HalfCheetah-v3,SAC_Q2a
4,378.2303457195791,20000,HalfCheetah-v3,SAC_Q2a
5,1550.1446028293374,25000,HalfCheetah-v3,SAC_Q2a
6,3249.101219401066,30000,HalfCheetah-v3,SAC_Q2a
7,1054.050949969365,35000,HalfCheetah-v3,SAC_Q2a
8,3395.7179447556155,40000,HalfCheetah-v3,SAC_Q2a
9,3614.2278426578587,45000,HalfCheetah-v3,SAC_Q2a
10,4451.147193276839,50000,HalfCheetah-v3,SAC_Q2a
11,4553.537024712444,55000,HalfCheetah-v3,SAC_Q2a
12,4896.283207357426,60000,HalfCheetah-v3,SAC_Q2a
13,5112.704626560816,65000,HalfCheetah-v3,SAC_Q2a
14,5232.777468728347,70000,HalfCheetah-v3,SAC_Q2a
15,5186.731792724469,75000,HalfCheetah-v3,SAC_Q2a
16,5492.447124145294,80000,HalfCheetah-v3,SAC_Q2a
17,5416.281312405771,85000,HalfCheetah-v3,SAC_Q2a
18,5715.591561273427,90000,HalfCheetah-v3,SAC_Q2a
19,5813.215114501336,95000,HalfCheetah-v3,SAC_Q2a
20,5776.8689524578385,100000,HalfCheetah-v3,SAC_Q2a
21,5888.159287774952,105000,HalfCheetah-v3,SAC_Q2a
22,5862.975472501081,110000,HalfCheetah-v3,SAC_Q2a
23,5410.578631101411,115000,HalfCheetah-v3,SAC_Q2a
24,6100.4670753463,120000,HalfCheetah-v3,SAC_Q2a
25,6342.037489756371,125000,HalfCheetah-v3,SAC_Q2a
26,6324.742305958142,130000,HalfCheetah-v3,SAC_Q2a
27,6386.900206631038,135000,HalfCheetah-v3,SAC_Q2a
28,6286.867543822051,140000,HalfCheetah-v3,SAC_Q2a
29,6352.863496248074,145000,HalfCheetah-v3,SAC_Q2a
30,6388.885747028472,150000,HalfCheetah-v3,SAC_Q2a
31,6606.477681635265,155000,HalfCheetah-v3,SAC_Q2a
32,6367.549287535377,160000,HalfCheetah-v3,SAC_Q2a
33,6497.044789344393,165000,HalfCheetah-v3,SAC_Q2a
34,6438.403012313683,170000,HalfCheetah-v3,SAC_Q2a
35,6836.7388376526,175000,HalfCheetah-v3,SAC_Q2a
36,6723.523839361655,180000,HalfCheetah-v3,SAC_Q2a
37,6714.0799706350135,185000,HalfCheetah-v3,SAC_Q2a
38,6719.39480859607,190000,HalfCheetah-v3,SAC_Q2a
39,6646.053481550017,195000,HalfCheetah-v3,SAC_Q2a
40,6879.116716736831,200000,HalfCheetah-v3,SAC_Q2a
41,7001.274653226736,205000,HalfCheetah-v3,SAC_Q2a
42,6836.542426596601,210000,HalfCheetah-v3,SAC_Q2a
43,7039.636375544911,215000,HalfCheetah-v3,SAC_Q2a
44,7160.850607732554,220000,HalfCheetah-v3,SAC_Q2a
45,7227.531380312337,225000,HalfCheetah-v3,SAC_Q2a
46,7117.1604488408575,230000,HalfCheetah-v3,SAC_Q2a
47,7235.447691317396,235000,HalfCheetah-v3,SAC_Q2a
48,7367.072520230189,240000,HalfCheetah-v3,SAC_Q2a
49,7235.306234532118,245000,HalfCheetah-v3,SAC_Q2a
50,7187.48508517099,250000,HalfCheetah-v3,SAC_Q2a
51,7390.983820648167,255000,HalfCheetah-v3,SAC_Q2a
52,7489.7829350801785,260000,HalfCheetah-v3,SAC_Q2a
53,7537.825903383431,265000,HalfCheetah-v3,SAC_Q2a
54,7505.2279627811,270000,HalfCheetah-v3,SAC_Q2a
55,7609.242585489423,275000,HalfCheetah-v3,SAC_Q2a
56,7534.680285163429,280000,HalfCheetah-v3,SAC_Q2a
57,7562.514863937169,285000,HalfCheetah-v3,SAC_Q2a
58,7671.577334870475,290000,HalfCheetah-v3,SAC_Q2a
59,7586.091025358252,295000,HalfCheetah-v3,SAC_Q2a
60,7613.550623817695,300000,HalfCheetah-v3,SAC_Q2a
61,7552.7717234332395,305000,HalfCheetah-v3,SAC_Q2a
62,7720.320674129753,310000,HalfCheetah-v3,SAC_Q2a
63,7560.533739684372,315000,HalfCheetah-v3,SAC_Q2a
64,7652.144678251612,320000,HalfCheetah-v3,SAC_Q2a
65,7692.693906129605,325000,HalfCheetah-v3,SAC_Q2a
66,7810.390325560615,330000,HalfCheetah-v3,SAC_Q2a
67,7507.07198270282,335000,HalfCheetah-v3,SAC_Q2a
68,7812.01305177502,340000,HalfCheetah-v3,SAC_Q2a
69,7856.525183813484,345000,HalfCheetah-v3,SAC_Q2a
70,8005.381346456854,350000,HalfCheetah-v3,SAC_Q2a
71,7998.094893887811,355000,HalfCheetah-v3,SAC_Q2a
72,7947.018802888162,360000,HalfCheetah-v3,SAC_Q2a
73,7918.531999335141,365000,HalfCheetah-v3,SAC_Q2a
74,7963.89903712642,370000,HalfCheetah-v3,SAC_Q2a
75,8168.1567919271665,375000,HalfCheetah-v3,SAC_Q2a
76,8254.625329850844,380000,HalfCheetah-v3,SAC_Q2a
77,8240.033713162657,385000,HalfCheetah-v3,SAC_Q2a
78,8257.481650575528,390000,HalfCheetah-v3,SAC_Q2a
79,8400.8211449411,395000,HalfCheetah-v3,SAC_Q2a
80,8366.018886183296,400000,HalfCheetah-v3,SAC_Q2a
81,8380.866143637202,405000,HalfCheetah-v3,SAC_Q2a
82,8236.118078040323,410000,HalfCheetah-v3,SAC_Q2a
83,8460.6163109715,415000,HalfCheetah-v3,SAC_Q2a
84,8517.794867890498,420000,HalfCheetah-v3,SAC_Q2a
85,8477.210396977549,425000,HalfCheetah-v3,SAC_Q2a
86,8390.398765610442,430000,HalfCheetah-v3,SAC_Q2a
87,8555.69782993748,435000,HalfCheetah-v3,SAC_Q2a
88,8564.702067497356,440000,HalfCheetah-v3,SAC_Q2a
89,8716.118145818762,445000,HalfCheetah-v3,SAC_Q2a
90,8736.637026882581,450000,HalfCheetah-v3,SAC_Q2a
91,8531.156408560808,455000,HalfCheetah-v3,SAC_Q2a
92,8461.760141959974,460000,HalfCheetah-v3,SAC_Q2a
93,8708.522337956729,465000,HalfCheetah-v3,SAC_Q2a
94,8920.898360187228,470000,HalfCheetah-v3,SAC_Q2a
95,8773.58608095724,475000,HalfCheetah-v3,SAC_Q2a
96,8865.046502990257,480000,HalfCheetah-v3,SAC_Q2a
97,8997.80232651096,485000,HalfCheetah-v3,SAC_Q2a
98,8913.56680312253,490000,HalfCheetah-v3,SAC_Q2a
99,8960.668383555563,495000,HalfCheetah-v3,SAC_Q2a
100,9025.066309495629,500000,HalfCheetah-v3,SAC_Q2a
101,8980.74592332788,505000,HalfCheetah-v3,SAC_Q2a
102,9177.0639220347,510000,HalfCheetah-v3,SAC_Q2a
103,9057.4665371596,515000,HalfCheetah-v3,SAC_Q2a
104,9078.595387101288,520000,HalfCheetah-v3,SAC_Q2a
105,9060.387023542036,525000,HalfCheetah-v3,SAC_Q2a
106,9081.665173881385,530000,HalfCheetah-v3,SAC_Q2a
107,9005.718732839821,535000,HalfCheetah-v3,SAC_Q2a
108,9082.660625267032,540000,HalfCheetah-v3,SAC_Q2a
109,9192.895758976496,545000,HalfCheetah-v3,SAC_Q2a
110,9234.334687005065,550000,HalfCheetah-v3,SAC_Q2a
111,9279.433220304083,555000,HalfCheetah-v3,SAC_Q2a
112,9107.270420855431,560000,HalfCheetah-v3,SAC_Q2a
113,9322.427758542803,565000,HalfCheetah-v3,SAC_Q2a
114,9254.291862950939,570000,HalfCheetah-v3,SAC_Q2a
115,9189.22816173772,575000,HalfCheetah-v3,SAC_Q2a
116,9199.141972372428,580000,HalfCheetah-v3,SAC_Q2a
117,9343.510412130112,585000,HalfCheetah-v3,SAC_Q2a
118,9402.101414371016,590000,HalfCheetah-v3,SAC_Q2a
119,9221.586449199456,595000,HalfCheetah-v3,SAC_Q2a
120,9405.531685473887,600000,HalfCheetah-v3,SAC_Q2a
121,9233.38399983165,605000,HalfCheetah-v3,SAC_Q2a
122,9197.15182230889,610000,HalfCheetah-v3,SAC_Q2a
123,9516.878578699978,615000,HalfCheetah-v3,SAC_Q2a
124,9499.827610310049,620000,HalfCheetah-v3,SAC_Q2a
125,9554.826505489204,625000,HalfCheetah-v3,SAC_Q2a
126,9356.738126840199,630000,HalfCheetah-v3,SAC_Q2a
127,9519.473414240358,635000,HalfCheetah-v3,SAC_Q2a
128,9609.293414865439,640000,HalfCheetah-v3,SAC_Q2a
129,9172.449378518377,645000,HalfCheetah-v3,SAC_Q2a
130,9289.180179966364,650000,HalfCheetah-v3,SAC_Q2a
131,9660.007476673863,655000,HalfCheetah-v3,SAC_Q2a
132,9692.77783882042,660000,HalfCheetah-v3,SAC_Q2a
133,9488.29536534319,665000,HalfCheetah-v3,SAC_Q2a
134,9564.684351746524,670000,HalfCheetah-v3,SAC_Q2a
135,9709.1447083334,675000,HalfCheetah-v3,SAC_Q2a
136,9550.761662902212,680000,HalfCheetah-v3,SAC_Q2a
137,9632.17618376016,685000,HalfCheetah-v3,SAC_Q2a
138,9583.431180129146,690000,HalfCheetah-v3,SAC_Q2a
139,9753.192170247705,695000,HalfCheetah-v3,SAC_Q2a
140,9839.7227060831,700000,HalfCheetah-v3,SAC_Q2a
141,9696.11089056656,705000,HalfCheetah-v3,SAC_Q2a
142,9911.447480932347,710000,HalfCheetah-v3,SAC_Q2a
143,9964.81555989535,715000,HalfCheetah-v3,SAC_Q2a
144,9934.080317213673,720000,HalfCheetah-v3,SAC_Q2a
145,9715.961026777562,725000,HalfCheetah-v3,SAC_Q2a
146,9902.578662911366,730000,HalfCheetah-v3,SAC_Q2a
147,9688.61407379962,735000,HalfCheetah-v3,SAC_Q2a
148,9985.99464806432,740000,HalfCheetah-v3,SAC_Q2a
149,9989.763322304178,745000,HalfCheetah-v3,SAC_Q2a
150,9865.315454931984,750000,HalfCheetah-v3,SAC_Q2a
151,10047.881115985067,755000,HalfCheetah-v3,SAC_Q2a
152,10016.055090445538,760000,HalfCheetah-v3,SAC_Q2a
153,9985.374892897778,765000,HalfCheetah-v3,SAC_Q2a
154,10075.936993802647,770000,HalfCheetah-v3,SAC_Q2a
155,9971.400098110254,775000,HalfCheetah-v3,SAC_Q2a
156,10101.711824097165,780000,HalfCheetah-v3,SAC_Q2a
157,9895.286178472195,785000,HalfCheetah-v3,SAC_Q2a
158,9953.725975653586,790000,HalfCheetah-v3,SAC_Q2a
159,10151.802453227105,795000,HalfCheetah-v3,SAC_Q2a
160,10049.58986045678,800000,HalfCheetah-v3,SAC_Q2a
161,10117.093301369783,805000,HalfCheetah-v3,SAC_Q2a
162,10144.35662607209,810000,HalfCheetah-v3,SAC_Q2a
163,10281.573713603086,815000,HalfCheetah-v3,SAC_Q2a
164,10204.669918415435,820000,HalfCheetah-v3,SAC_Q2a
165,10141.08678065258,825000,HalfCheetah-v3,SAC_Q2a
166,10342.006641936894,830000,HalfCheetah-v3,SAC_Q2a
167,10178.059310514305,835000,HalfCheetah-v3,SAC_Q2a
168,10349.426293801327,840000,HalfCheetah-v3,SAC_Q2a
169,10159.069506899814,845000,HalfCheetah-v3,SAC_Q2a
170,10205.209714249439,850000,HalfCheetah-v3,SAC_Q2a
171,10278.211031093215,855000,HalfCheetah-v3,SAC_Q2a
172,10327.896383308069,860000,HalfCheetah-v3,SAC_Q2a
173,10459.15495441767,865000,HalfCheetah-v3,SAC_Q2a
174,10441.744515443597,870000,HalfCheetah-v3,SAC_Q2a
175,10292.602138080027,875000,HalfCheetah-v3,SAC_Q2a
176,10400.338009581556,880000,HalfCheetah-v3,SAC_Q2a
177,10373.659523580642,885000,HalfCheetah-v3,SAC_Q2a
178,10450.293718321285,890000,HalfCheetah-v3,SAC_Q2a
179,10422.915613836856,895000,HalfCheetah-v3,SAC_Q2a
180,10424.874123195043,900000,HalfCheetah-v3,SAC_Q2a
181,10623.82289221286,905000,HalfCheetah-v3,SAC_Q2a
182,10298.70724460987,910000,HalfCheetah-v3,SAC_Q2a
183,10549.902268550704,915000,HalfCheetah-v3,SAC_Q2a
184,10770.036311888041,920000,HalfCheetah-v3,SAC_Q2a
185,10572.248306952526,925000,HalfCheetah-v3,SAC_Q2a
186,10734.155944991977,930000,HalfCheetah-v3,SAC_Q2a
187,10396.297587895173,935000,HalfCheetah-v3,SAC_Q2a
188,10723.871246281455,940000,HalfCheetah-v3,SAC_Q2a
189,10846.434358874076,945000,HalfCheetah-v3,SAC_Q2a
190,10844.520115769225,950000,HalfCheetah-v3,SAC_Q2a
191,10729.979498786251,955000,HalfCheetah-v3,SAC_Q2a
192,10880.377827990776,960000,HalfCheetah-v3,SAC_Q2a
193,10427.40286607065,965000,HalfCheetah-v3,SAC_Q2a
194,11140.546190359122,970000,HalfCheetah-v3,SAC_Q2a
195,10707.757094979128,975000,HalfCheetah-v3,SAC_Q2a
196,10851.981052364456,980000,HalfCheetah-v3,SAC_Q2a
197,10489.001863479114,985000,HalfCheetah-v3,SAC_Q2a
198,10939.480400409235,990000,HalfCheetah-v3,SAC_Q2a
199,10783.331443731682,995000,HalfCheetah-v3,SAC_Q2a
200,10805.10878180308,1000000,HalfCheetah-v3,SAC_Q2a
