index,Average Return,Timesteps,env,algorithm_name
0,975.17925026429,0.0,Ant-v3,TD3_Q2ahidden1x64_facp1
1,974.1396999298091,5000.0,Ant-v3,TD3_Q2ahidden1x64_facp1
2,974.0356644378993,10000.0,Ant-v3,TD3_Q2ahidden1x64_facp1
3,857.1451612350495,15000.0,Ant-v3,TD3_Q2ahidden1x64_facp1
4,923.7573054379616,20000.0,Ant-v3,TD3_Q2ahidden1x64_facp1
5,795.1457617299392,25000.0,Ant-v3,TD3_Q2ahidden1x64_facp1
6,758.3706617303271,30000.0,Ant-v3,TD3_Q2ahidden1x64_facp1
7,751.7418880978548,35000.0,Ant-v3,TD3_Q2ahidden1x64_facp1
8,905.6567444686032,40000.0,Ant-v3,TD3_Q2ahidden1x64_facp1
9,890.0962354959895,45000.0,Ant-v3,TD3_Q2ahidden1x64_facp1
10,913.6142050519572,50000.0,Ant-v3,TD3_Q2ahidden1x64_facp1
11,862.646899818185,55000.0,Ant-v3,TD3_Q2ahidden1x64_facp1
12,847.748893860711,60000.0,Ant-v3,TD3_Q2ahidden1x64_facp1
13,889.1189970230229,65000.0,Ant-v3,TD3_Q2ahidden1x64_facp1
14,543.4574055681812,70000.0,Ant-v3,TD3_Q2ahidden1x64_facp1
15,813.7280790667578,75000.0,Ant-v3,TD3_Q2ahidden1x64_facp1
16,636.5668836766654,80000.0,Ant-v3,TD3_Q2ahidden1x64_facp1
17,896.1598256867421,85000.0,Ant-v3,TD3_Q2ahidden1x64_facp1
18,520.2736269308415,90000.0,Ant-v3,TD3_Q2ahidden1x64_facp1
19,927.8651010370359,95000.0,Ant-v3,TD3_Q2ahidden1x64_facp1
20,604.4779993358936,100000.0,Ant-v3,TD3_Q2ahidden1x64_facp1
21,894.7887793186804,105000.0,Ant-v3,TD3_Q2ahidden1x64_facp1
22,792.6014330785637,110000.0,Ant-v3,TD3_Q2ahidden1x64_facp1
23,1351.657634163134,115000.0,Ant-v3,TD3_Q2ahidden1x64_facp1
24,1072.3396364470054,120000.0,Ant-v3,TD3_Q2ahidden1x64_facp1
25,1128.5538384164854,125000.0,Ant-v3,TD3_Q2ahidden1x64_facp1
26,1534.8491042000342,130000.0,Ant-v3,TD3_Q2ahidden1x64_facp1
27,1154.6043027845262,135000.0,Ant-v3,TD3_Q2ahidden1x64_facp1
28,1994.2141811136153,140000.0,Ant-v3,TD3_Q2ahidden1x64_facp1
29,1668.5406451043236,145000.0,Ant-v3,TD3_Q2ahidden1x64_facp1
30,849.5482717142513,150000.0,Ant-v3,TD3_Q2ahidden1x64_facp1
31,1377.732523635232,155000.0,Ant-v3,TD3_Q2ahidden1x64_facp1
32,1667.9051280598728,160000.0,Ant-v3,TD3_Q2ahidden1x64_facp1
33,1660.652173878044,165000.0,Ant-v3,TD3_Q2ahidden1x64_facp1
34,1427.9597554495274,170000.0,Ant-v3,TD3_Q2ahidden1x64_facp1
35,1512.1292035444037,175000.0,Ant-v3,TD3_Q2ahidden1x64_facp1
36,2070.931111247096,180000.0,Ant-v3,TD3_Q2ahidden1x64_facp1
37,1509.3120207192885,185000.0,Ant-v3,TD3_Q2ahidden1x64_facp1
38,1966.3172845165907,190000.0,Ant-v3,TD3_Q2ahidden1x64_facp1
39,635.5383907535839,195000.0,Ant-v3,TD3_Q2ahidden1x64_facp1
40,1272.472578275848,200000.0,Ant-v3,TD3_Q2ahidden1x64_facp1
41,1509.3505924064732,205000.0,Ant-v3,TD3_Q2ahidden1x64_facp1
42,1737.2944429450636,210000.0,Ant-v3,TD3_Q2ahidden1x64_facp1
43,599.6804599604172,215000.0,Ant-v3,TD3_Q2ahidden1x64_facp1
44,1726.1586652608107,220000.0,Ant-v3,TD3_Q2ahidden1x64_facp1
45,2121.2139216711553,225000.0,Ant-v3,TD3_Q2ahidden1x64_facp1
46,2412.7385079581354,230000.0,Ant-v3,TD3_Q2ahidden1x64_facp1
47,1118.840211812524,235000.0,Ant-v3,TD3_Q2ahidden1x64_facp1
48,1479.0229757250345,240000.0,Ant-v3,TD3_Q2ahidden1x64_facp1
49,2215.2910143140616,245000.0,Ant-v3,TD3_Q2ahidden1x64_facp1
50,3116.8421413308993,250000.0,Ant-v3,TD3_Q2ahidden1x64_facp1
51,3576.8390078844714,255000.0,Ant-v3,TD3_Q2ahidden1x64_facp1
52,3717.911524052237,260000.0,Ant-v3,TD3_Q2ahidden1x64_facp1
53,2765.689064885242,265000.0,Ant-v3,TD3_Q2ahidden1x64_facp1
54,2876.350194106183,270000.0,Ant-v3,TD3_Q2ahidden1x64_facp1
55,2840.3414385118713,275000.0,Ant-v3,TD3_Q2ahidden1x64_facp1
56,2539.035698723832,280000.0,Ant-v3,TD3_Q2ahidden1x64_facp1
57,2456.265659685247,285000.0,Ant-v3,TD3_Q2ahidden1x64_facp1
58,3681.9421047424767,290000.0,Ant-v3,TD3_Q2ahidden1x64_facp1
59,1819.3632815033804,295000.0,Ant-v3,TD3_Q2ahidden1x64_facp1
60,4189.776109426839,300000.0,Ant-v3,TD3_Q2ahidden1x64_facp1
61,3520.18970835172,305000.0,Ant-v3,TD3_Q2ahidden1x64_facp1
62,3020.242902690671,310000.0,Ant-v3,TD3_Q2ahidden1x64_facp1
63,3815.140632806296,315000.0,Ant-v3,TD3_Q2ahidden1x64_facp1
64,4156.149108945723,320000.0,Ant-v3,TD3_Q2ahidden1x64_facp1
65,2464.4715619891217,325000.0,Ant-v3,TD3_Q2ahidden1x64_facp1
66,3710.2204296805503,330000.0,Ant-v3,TD3_Q2ahidden1x64_facp1
67,4219.760231962597,335000.0,Ant-v3,TD3_Q2ahidden1x64_facp1
68,3386.1774412661644,340000.0,Ant-v3,TD3_Q2ahidden1x64_facp1
69,4392.6989323683465,345000.0,Ant-v3,TD3_Q2ahidden1x64_facp1
70,3755.2522935767543,350000.0,Ant-v3,TD3_Q2ahidden1x64_facp1
71,2818.2847885834562,355000.0,Ant-v3,TD3_Q2ahidden1x64_facp1
72,3215.0204001082607,360000.0,Ant-v3,TD3_Q2ahidden1x64_facp1
73,2662.311787405186,365000.0,Ant-v3,TD3_Q2ahidden1x64_facp1
74,3574.736105779231,370000.0,Ant-v3,TD3_Q2ahidden1x64_facp1
75,4003.9898964591057,375000.0,Ant-v3,TD3_Q2ahidden1x64_facp1
76,4520.523960683744,380000.0,Ant-v3,TD3_Q2ahidden1x64_facp1
77,3904.0222911295323,385000.0,Ant-v3,TD3_Q2ahidden1x64_facp1
78,4002.7938948854053,390000.0,Ant-v3,TD3_Q2ahidden1x64_facp1
79,3490.1292734135327,395000.0,Ant-v3,TD3_Q2ahidden1x64_facp1
80,3972.614977105551,400000.0,Ant-v3,TD3_Q2ahidden1x64_facp1
81,4598.21291959226,405000.0,Ant-v3,TD3_Q2ahidden1x64_facp1
82,4635.135071270147,410000.0,Ant-v3,TD3_Q2ahidden1x64_facp1
83,3321.846343996199,415000.0,Ant-v3,TD3_Q2ahidden1x64_facp1
84,4364.068559433594,420000.0,Ant-v3,TD3_Q2ahidden1x64_facp1
85,4412.012611003721,425000.0,Ant-v3,TD3_Q2ahidden1x64_facp1
86,4589.240541883666,430000.0,Ant-v3,TD3_Q2ahidden1x64_facp1
87,4648.978694592423,435000.0,Ant-v3,TD3_Q2ahidden1x64_facp1
88,4392.940566337789,440000.0,Ant-v3,TD3_Q2ahidden1x64_facp1
89,4417.964209546244,445000.0,Ant-v3,TD3_Q2ahidden1x64_facp1
90,4782.350149528701,450000.0,Ant-v3,TD3_Q2ahidden1x64_facp1
91,3979.942854468461,455000.0,Ant-v3,TD3_Q2ahidden1x64_facp1
92,4424.993733120816,460000.0,Ant-v3,TD3_Q2ahidden1x64_facp1
93,4651.8152372170825,465000.0,Ant-v3,TD3_Q2ahidden1x64_facp1
94,3970.4685009939285,470000.0,Ant-v3,TD3_Q2ahidden1x64_facp1
95,4197.2762234166585,475000.0,Ant-v3,TD3_Q2ahidden1x64_facp1
96,3008.951545958568,480000.0,Ant-v3,TD3_Q2ahidden1x64_facp1
97,4902.558049292716,485000.0,Ant-v3,TD3_Q2ahidden1x64_facp1
98,4637.119689708289,490000.0,Ant-v3,TD3_Q2ahidden1x64_facp1
99,4826.865210340589,495000.0,Ant-v3,TD3_Q2ahidden1x64_facp1
100,3950.3152002894303,500000.0,Ant-v3,TD3_Q2ahidden1x64_facp1
101,4417.202462862812,505000.0,Ant-v3,TD3_Q2ahidden1x64_facp1
102,4874.378699989844,510000.0,Ant-v3,TD3_Q2ahidden1x64_facp1
103,3611.7259151036824,515000.0,Ant-v3,TD3_Q2ahidden1x64_facp1
104,3568.4777913932617,520000.0,Ant-v3,TD3_Q2ahidden1x64_facp1
105,3772.4144373654226,525000.0,Ant-v3,TD3_Q2ahidden1x64_facp1
106,4940.818208707444,530000.0,Ant-v3,TD3_Q2ahidden1x64_facp1
107,4541.317231199871,535000.0,Ant-v3,TD3_Q2ahidden1x64_facp1
108,5014.357545447275,540000.0,Ant-v3,TD3_Q2ahidden1x64_facp1
109,3774.305348180186,545000.0,Ant-v3,TD3_Q2ahidden1x64_facp1
110,4418.788451159307,550000.0,Ant-v3,TD3_Q2ahidden1x64_facp1
111,5049.092671953768,555000.0,Ant-v3,TD3_Q2ahidden1x64_facp1
112,3802.869337869991,560000.0,Ant-v3,TD3_Q2ahidden1x64_facp1
113,3923.6438849529272,565000.0,Ant-v3,TD3_Q2ahidden1x64_facp1
114,2462.68345873041,570000.0,Ant-v3,TD3_Q2ahidden1x64_facp1
115,4632.467024899323,575000.0,Ant-v3,TD3_Q2ahidden1x64_facp1
116,4937.919243787304,580000.0,Ant-v3,TD3_Q2ahidden1x64_facp1
117,3519.1075971660925,585000.0,Ant-v3,TD3_Q2ahidden1x64_facp1
118,3729.905558138139,590000.0,Ant-v3,TD3_Q2ahidden1x64_facp1
119,3830.1295791585208,595000.0,Ant-v3,TD3_Q2ahidden1x64_facp1
120,4938.219988953735,600000.0,Ant-v3,TD3_Q2ahidden1x64_facp1
121,5155.491305385475,605000.0,Ant-v3,TD3_Q2ahidden1x64_facp1
122,4055.5496500809954,610000.0,Ant-v3,TD3_Q2ahidden1x64_facp1
123,4659.522779072653,615000.0,Ant-v3,TD3_Q2ahidden1x64_facp1
124,4882.160332851863,620000.0,Ant-v3,TD3_Q2ahidden1x64_facp1
125,3964.1071421480797,625000.0,Ant-v3,TD3_Q2ahidden1x64_facp1
126,4118.257418601813,630000.0,Ant-v3,TD3_Q2ahidden1x64_facp1
127,4903.400319105307,635000.0,Ant-v3,TD3_Q2ahidden1x64_facp1
128,4512.961736510088,640000.0,Ant-v3,TD3_Q2ahidden1x64_facp1
129,4609.400763038734,645000.0,Ant-v3,TD3_Q2ahidden1x64_facp1
130,5209.54612333292,650000.0,Ant-v3,TD3_Q2ahidden1x64_facp1
131,4451.838692943571,655000.0,Ant-v3,TD3_Q2ahidden1x64_facp1
132,4861.931524679178,660000.0,Ant-v3,TD3_Q2ahidden1x64_facp1
133,5016.880685468202,665000.0,Ant-v3,TD3_Q2ahidden1x64_facp1
134,4950.909670291785,670000.0,Ant-v3,TD3_Q2ahidden1x64_facp1
135,4643.293308918278,675000.0,Ant-v3,TD3_Q2ahidden1x64_facp1
136,5031.736785843825,680000.0,Ant-v3,TD3_Q2ahidden1x64_facp1
137,5350.7947970581645,685000.0,Ant-v3,TD3_Q2ahidden1x64_facp1
138,5092.744698411579,690000.0,Ant-v3,TD3_Q2ahidden1x64_facp1
139,4985.260886648677,695000.0,Ant-v3,TD3_Q2ahidden1x64_facp1
140,5352.124284397032,700000.0,Ant-v3,TD3_Q2ahidden1x64_facp1
141,4870.114369721609,705000.0,Ant-v3,TD3_Q2ahidden1x64_facp1
142,4917.778804701158,710000.0,Ant-v3,TD3_Q2ahidden1x64_facp1
143,4674.967260521034,715000.0,Ant-v3,TD3_Q2ahidden1x64_facp1
144,4876.956501982264,720000.0,Ant-v3,TD3_Q2ahidden1x64_facp1
145,5067.0987251074785,725000.0,Ant-v3,TD3_Q2ahidden1x64_facp1
146,5158.986158867336,730000.0,Ant-v3,TD3_Q2ahidden1x64_facp1
147,5285.451133390615,735000.0,Ant-v3,TD3_Q2ahidden1x64_facp1
148,5106.564492409605,740000.0,Ant-v3,TD3_Q2ahidden1x64_facp1
149,5321.619094425457,745000.0,Ant-v3,TD3_Q2ahidden1x64_facp1
150,4738.429920568911,750000.0,Ant-v3,TD3_Q2ahidden1x64_facp1
151,5332.447847377588,755000.0,Ant-v3,TD3_Q2ahidden1x64_facp1
152,4524.857895976055,760000.0,Ant-v3,TD3_Q2ahidden1x64_facp1
153,5154.586909998583,765000.0,Ant-v3,TD3_Q2ahidden1x64_facp1
154,4706.232463888471,770000.0,Ant-v3,TD3_Q2ahidden1x64_facp1
155,5389.773688246461,775000.0,Ant-v3,TD3_Q2ahidden1x64_facp1
156,4801.01573665398,780000.0,Ant-v3,TD3_Q2ahidden1x64_facp1
157,5359.73192001017,785000.0,Ant-v3,TD3_Q2ahidden1x64_facp1
158,5382.7510247423215,790000.0,Ant-v3,TD3_Q2ahidden1x64_facp1
159,5259.2030349930765,795000.0,Ant-v3,TD3_Q2ahidden1x64_facp1
160,5039.83425977372,800000.0,Ant-v3,TD3_Q2ahidden1x64_facp1
161,5395.226484884999,805000.0,Ant-v3,TD3_Q2ahidden1x64_facp1
162,5430.687399164795,810000.0,Ant-v3,TD3_Q2ahidden1x64_facp1
163,5006.804093730415,815000.0,Ant-v3,TD3_Q2ahidden1x64_facp1
164,4389.9325497809705,820000.0,Ant-v3,TD3_Q2ahidden1x64_facp1
165,5347.2180357560055,825000.0,Ant-v3,TD3_Q2ahidden1x64_facp1
166,4913.510076138042,830000.0,Ant-v3,TD3_Q2ahidden1x64_facp1
167,4921.6291728974975,835000.0,Ant-v3,TD3_Q2ahidden1x64_facp1
168,4902.105294695567,840000.0,Ant-v3,TD3_Q2ahidden1x64_facp1
169,5292.532384933847,845000.0,Ant-v3,TD3_Q2ahidden1x64_facp1
170,4882.457972459681,850000.0,Ant-v3,TD3_Q2ahidden1x64_facp1
171,5362.919884544339,855000.0,Ant-v3,TD3_Q2ahidden1x64_facp1
172,5188.947166356478,860000.0,Ant-v3,TD3_Q2ahidden1x64_facp1
173,5353.325253898699,865000.0,Ant-v3,TD3_Q2ahidden1x64_facp1
174,5151.072033756986,870000.0,Ant-v3,TD3_Q2ahidden1x64_facp1
175,5027.709056208207,875000.0,Ant-v3,TD3_Q2ahidden1x64_facp1
176,5313.757717017221,880000.0,Ant-v3,TD3_Q2ahidden1x64_facp1
177,714.4811304066757,885000.0,Ant-v3,TD3_Q2ahidden1x64_facp1
178,5289.348816530803,890000.0,Ant-v3,TD3_Q2ahidden1x64_facp1
179,5472.588480774619,895000.0,Ant-v3,TD3_Q2ahidden1x64_facp1
180,5427.7367203140275,900000.0,Ant-v3,TD3_Q2ahidden1x64_facp1
181,5399.15700254831,905000.0,Ant-v3,TD3_Q2ahidden1x64_facp1
182,5044.891385919061,910000.0,Ant-v3,TD3_Q2ahidden1x64_facp1
183,5334.6992076948745,915000.0,Ant-v3,TD3_Q2ahidden1x64_facp1
184,5291.439909764692,920000.0,Ant-v3,TD3_Q2ahidden1x64_facp1
185,5289.310033695205,925000.0,Ant-v3,TD3_Q2ahidden1x64_facp1
186,4860.558680963478,930000.0,Ant-v3,TD3_Q2ahidden1x64_facp1
187,5481.710126718395,935000.0,Ant-v3,TD3_Q2ahidden1x64_facp1
188,5521.496183163703,940000.0,Ant-v3,TD3_Q2ahidden1x64_facp1
189,5378.411716310894,945000.0,Ant-v3,TD3_Q2ahidden1x64_facp1
190,5421.31359435548,950000.0,Ant-v3,TD3_Q2ahidden1x64_facp1
191,5110.640623523208,955000.0,Ant-v3,TD3_Q2ahidden1x64_facp1
192,5508.161630731929,960000.0,Ant-v3,TD3_Q2ahidden1x64_facp1
193,4762.565050238312,965000.0,Ant-v3,TD3_Q2ahidden1x64_facp1
194,4908.5147247831555,970000.0,Ant-v3,TD3_Q2ahidden1x64_facp1
195,5431.264382379544,975000.0,Ant-v3,TD3_Q2ahidden1x64_facp1
196,5009.966093570732,980000.0,Ant-v3,TD3_Q2ahidden1x64_facp1
197,5401.959736907535,985000.0,Ant-v3,TD3_Q2ahidden1x64_facp1
198,5321.933186783951,990000.0,Ant-v3,TD3_Q2ahidden1x64_facp1
199,5227.0342200676905,995000.0,Ant-v3,TD3_Q2ahidden1x64_facp1
200,5406.4268454595185,1000000.0,Ant-v3,TD3_Q2ahidden1x64_facp1
