index,Average Return,Timesteps,env,algorithm_name
0,-166.25972577650498,0.0,HalfCheetah-v3,TD3_Q2a3x64_1p
1,-291.5338632492539,5000.0,HalfCheetah-v3,TD3_Q2a3x64_1p
2,-445.69518063106227,10000.0,HalfCheetah-v3,TD3_Q2a3x64_1p
3,-201.2283743900586,15000.0,HalfCheetah-v3,TD3_Q2a3x64_1p
4,-492.44498873594074,20000.0,HalfCheetah-v3,TD3_Q2a3x64_1p
5,-375.3943707872469,25000.0,HalfCheetah-v3,TD3_Q2a3x64_1p
6,-410.444509380238,30000.0,HalfCheetah-v3,TD3_Q2a3x64_1p
7,-395.79896093248936,35000.0,HalfCheetah-v3,TD3_Q2a3x64_1p
8,-235.6832922989954,40000.0,HalfCheetah-v3,TD3_Q2a3x64_1p
9,-373.9540051811357,45000.0,HalfCheetah-v3,TD3_Q2a3x64_1p
10,-541.3950971452633,50000.0,HalfCheetah-v3,TD3_Q2a3x64_1p
11,-538.5699880304595,55000.0,HalfCheetah-v3,TD3_Q2a3x64_1p
12,-539.1278650962164,60000.0,HalfCheetah-v3,TD3_Q2a3x64_1p
13,-530.0642076235741,65000.0,HalfCheetah-v3,TD3_Q2a3x64_1p
14,-545.893401893279,70000.0,HalfCheetah-v3,TD3_Q2a3x64_1p
15,-317.1034845534468,75000.0,HalfCheetah-v3,TD3_Q2a3x64_1p
16,-313.3659899084704,80000.0,HalfCheetah-v3,TD3_Q2a3x64_1p
17,-332.52016900827437,85000.0,HalfCheetah-v3,TD3_Q2a3x64_1p
18,-327.1097271551099,90000.0,HalfCheetah-v3,TD3_Q2a3x64_1p
19,-327.174792761596,95000.0,HalfCheetah-v3,TD3_Q2a3x64_1p
20,-405.7640351219532,100000.0,HalfCheetah-v3,TD3_Q2a3x64_1p
21,-420.55375627613955,105000.0,HalfCheetah-v3,TD3_Q2a3x64_1p
22,-435.6847731418931,110000.0,HalfCheetah-v3,TD3_Q2a3x64_1p
23,-478.9781925025459,115000.0,HalfCheetah-v3,TD3_Q2a3x64_1p
24,-419.2819957471191,120000.0,HalfCheetah-v3,TD3_Q2a3x64_1p
25,562.6189194675882,125000.0,HalfCheetah-v3,TD3_Q2a3x64_1p
26,516.6877179966943,130000.0,HalfCheetah-v3,TD3_Q2a3x64_1p
27,499.6868070155216,135000.0,HalfCheetah-v3,TD3_Q2a3x64_1p
28,519.9815795940953,140000.0,HalfCheetah-v3,TD3_Q2a3x64_1p
29,594.5277174001375,145000.0,HalfCheetah-v3,TD3_Q2a3x64_1p
30,1270.220925393392,150000.0,HalfCheetah-v3,TD3_Q2a3x64_1p
31,1305.0069286396724,155000.0,HalfCheetah-v3,TD3_Q2a3x64_1p
32,1329.369058157975,160000.0,HalfCheetah-v3,TD3_Q2a3x64_1p
33,1256.68920902311,165000.0,HalfCheetah-v3,TD3_Q2a3x64_1p
34,1290.2070494888405,170000.0,HalfCheetah-v3,TD3_Q2a3x64_1p
35,1985.1301575642015,175000.0,HalfCheetah-v3,TD3_Q2a3x64_1p
36,2055.0220878917366,180000.0,HalfCheetah-v3,TD3_Q2a3x64_1p
37,2144.2641487869355,185000.0,HalfCheetah-v3,TD3_Q2a3x64_1p
38,2147.1379623759694,190000.0,HalfCheetah-v3,TD3_Q2a3x64_1p
39,1997.4808583364938,195000.0,HalfCheetah-v3,TD3_Q2a3x64_1p
40,1764.5939521061086,200000.0,HalfCheetah-v3,TD3_Q2a3x64_1p
41,2034.9423268474834,205000.0,HalfCheetah-v3,TD3_Q2a3x64_1p
42,1645.9436522919084,210000.0,HalfCheetah-v3,TD3_Q2a3x64_1p
43,2222.571456641695,215000.0,HalfCheetah-v3,TD3_Q2a3x64_1p
44,1798.5823750943587,220000.0,HalfCheetah-v3,TD3_Q2a3x64_1p
45,2559.689291323047,225000.0,HalfCheetah-v3,TD3_Q2a3x64_1p
46,2779.352951217824,230000.0,HalfCheetah-v3,TD3_Q2a3x64_1p
47,2814.4214486564333,235000.0,HalfCheetah-v3,TD3_Q2a3x64_1p
48,2453.8345951864353,240000.0,HalfCheetah-v3,TD3_Q2a3x64_1p
49,2177.4875431100245,245000.0,HalfCheetah-v3,TD3_Q2a3x64_1p
50,2720.811875739513,250000.0,HalfCheetah-v3,TD3_Q2a3x64_1p
51,2652.4730617369178,255000.0,HalfCheetah-v3,TD3_Q2a3x64_1p
52,1733.4334512261273,260000.0,HalfCheetah-v3,TD3_Q2a3x64_1p
53,2252.5056118735183,265000.0,HalfCheetah-v3,TD3_Q2a3x64_1p
54,2094.1552722719534,270000.0,HalfCheetah-v3,TD3_Q2a3x64_1p
55,3072.557830515757,275000.0,HalfCheetah-v3,TD3_Q2a3x64_1p
56,2418.6826840164863,280000.0,HalfCheetah-v3,TD3_Q2a3x64_1p
57,3022.515838113686,285000.0,HalfCheetah-v3,TD3_Q2a3x64_1p
58,2648.901091488364,290000.0,HalfCheetah-v3,TD3_Q2a3x64_1p
59,3000.1828717200733,295000.0,HalfCheetah-v3,TD3_Q2a3x64_1p
60,3288.710758695979,300000.0,HalfCheetah-v3,TD3_Q2a3x64_1p
61,3396.9283766385424,305000.0,HalfCheetah-v3,TD3_Q2a3x64_1p
62,3359.002293914541,310000.0,HalfCheetah-v3,TD3_Q2a3x64_1p
63,3290.0298441156738,315000.0,HalfCheetah-v3,TD3_Q2a3x64_1p
64,2994.8855139941634,320000.0,HalfCheetah-v3,TD3_Q2a3x64_1p
65,3291.931707644834,325000.0,HalfCheetah-v3,TD3_Q2a3x64_1p
66,3086.24984480359,330000.0,HalfCheetah-v3,TD3_Q2a3x64_1p
67,3348.9238305399035,335000.0,HalfCheetah-v3,TD3_Q2a3x64_1p
68,3263.783713482894,340000.0,HalfCheetah-v3,TD3_Q2a3x64_1p
69,3264.856241842333,345000.0,HalfCheetah-v3,TD3_Q2a3x64_1p
70,3595.5456462536154,350000.0,HalfCheetah-v3,TD3_Q2a3x64_1p
71,2876.7206820110086,355000.0,HalfCheetah-v3,TD3_Q2a3x64_1p
72,2850.4297683002546,360000.0,HalfCheetah-v3,TD3_Q2a3x64_1p
73,2727.2119908899217,365000.0,HalfCheetah-v3,TD3_Q2a3x64_1p
74,3087.8446095802888,370000.0,HalfCheetah-v3,TD3_Q2a3x64_1p
75,3862.171602128817,375000.0,HalfCheetah-v3,TD3_Q2a3x64_1p
76,3363.1245062082257,380000.0,HalfCheetah-v3,TD3_Q2a3x64_1p
77,3013.734296917482,385000.0,HalfCheetah-v3,TD3_Q2a3x64_1p
78,3258.0501776711994,390000.0,HalfCheetah-v3,TD3_Q2a3x64_1p
79,2857.0045359074275,395000.0,HalfCheetah-v3,TD3_Q2a3x64_1p
80,3869.821086257297,400000.0,HalfCheetah-v3,TD3_Q2a3x64_1p
81,3375.661411400143,405000.0,HalfCheetah-v3,TD3_Q2a3x64_1p
82,3651.9020414862293,410000.0,HalfCheetah-v3,TD3_Q2a3x64_1p
83,3236.583802434821,415000.0,HalfCheetah-v3,TD3_Q2a3x64_1p
84,2903.234743347753,420000.0,HalfCheetah-v3,TD3_Q2a3x64_1p
85,4172.411212798882,425000.0,HalfCheetah-v3,TD3_Q2a3x64_1p
86,3801.0863481242536,430000.0,HalfCheetah-v3,TD3_Q2a3x64_1p
87,3475.3425530808286,435000.0,HalfCheetah-v3,TD3_Q2a3x64_1p
88,3564.429152973279,440000.0,HalfCheetah-v3,TD3_Q2a3x64_1p
89,3382.1608946200968,445000.0,HalfCheetah-v3,TD3_Q2a3x64_1p
90,3811.766450321252,450000.0,HalfCheetah-v3,TD3_Q2a3x64_1p
91,3740.515613292383,455000.0,HalfCheetah-v3,TD3_Q2a3x64_1p
92,4022.523748465387,460000.0,HalfCheetah-v3,TD3_Q2a3x64_1p
93,2962.068494788111,465000.0,HalfCheetah-v3,TD3_Q2a3x64_1p
94,2957.3872045390226,470000.0,HalfCheetah-v3,TD3_Q2a3x64_1p
95,3898.0197569619145,475000.0,HalfCheetah-v3,TD3_Q2a3x64_1p
96,3916.234267741546,480000.0,HalfCheetah-v3,TD3_Q2a3x64_1p
97,3347.9882829699854,485000.0,HalfCheetah-v3,TD3_Q2a3x64_1p
98,3771.7688388338174,490000.0,HalfCheetah-v3,TD3_Q2a3x64_1p
99,3638.033955364761,495000.0,HalfCheetah-v3,TD3_Q2a3x64_1p
100,4275.5683009868335,500000.0,HalfCheetah-v3,TD3_Q2a3x64_1p
101,4162.480546141015,505000.0,HalfCheetah-v3,TD3_Q2a3x64_1p
102,3886.6719876171364,510000.0,HalfCheetah-v3,TD3_Q2a3x64_1p
103,3460.974726323234,515000.0,HalfCheetah-v3,TD3_Q2a3x64_1p
104,3354.5849208411373,520000.0,HalfCheetah-v3,TD3_Q2a3x64_1p
105,4350.275578005619,525000.0,HalfCheetah-v3,TD3_Q2a3x64_1p
106,4213.116749505378,530000.0,HalfCheetah-v3,TD3_Q2a3x64_1p
107,3981.0743055213725,535000.0,HalfCheetah-v3,TD3_Q2a3x64_1p
108,4063.6577237105557,540000.0,HalfCheetah-v3,TD3_Q2a3x64_1p
109,3742.612117528125,545000.0,HalfCheetah-v3,TD3_Q2a3x64_1p
110,4375.678463588294,550000.0,HalfCheetah-v3,TD3_Q2a3x64_1p
111,4297.392759553441,555000.0,HalfCheetah-v3,TD3_Q2a3x64_1p
112,4165.855580607955,560000.0,HalfCheetah-v3,TD3_Q2a3x64_1p
113,3832.1374877522626,565000.0,HalfCheetah-v3,TD3_Q2a3x64_1p
114,2784.271145107287,570000.0,HalfCheetah-v3,TD3_Q2a3x64_1p
115,4266.284978435662,575000.0,HalfCheetah-v3,TD3_Q2a3x64_1p
116,4211.175538350992,580000.0,HalfCheetah-v3,TD3_Q2a3x64_1p
117,4161.950395064382,585000.0,HalfCheetah-v3,TD3_Q2a3x64_1p
118,3930.6286273124556,590000.0,HalfCheetah-v3,TD3_Q2a3x64_1p
119,3851.753018135006,595000.0,HalfCheetah-v3,TD3_Q2a3x64_1p
120,4051.139182310377,600000.0,HalfCheetah-v3,TD3_Q2a3x64_1p
121,4281.34883495197,605000.0,HalfCheetah-v3,TD3_Q2a3x64_1p
122,4118.893115610433,610000.0,HalfCheetah-v3,TD3_Q2a3x64_1p
123,4049.020911681108,615000.0,HalfCheetah-v3,TD3_Q2a3x64_1p
124,3657.475384061699,620000.0,HalfCheetah-v3,TD3_Q2a3x64_1p
125,4308.341483021124,625000.0,HalfCheetah-v3,TD3_Q2a3x64_1p
126,4156.536212822025,630000.0,HalfCheetah-v3,TD3_Q2a3x64_1p
127,3644.6387056311823,635000.0,HalfCheetah-v3,TD3_Q2a3x64_1p
128,3285.5509379780938,640000.0,HalfCheetah-v3,TD3_Q2a3x64_1p
129,3355.923449082487,645000.0,HalfCheetah-v3,TD3_Q2a3x64_1p
130,4343.783137581986,650000.0,HalfCheetah-v3,TD3_Q2a3x64_1p
131,4281.974617619074,655000.0,HalfCheetah-v3,TD3_Q2a3x64_1p
132,4318.195321696866,660000.0,HalfCheetah-v3,TD3_Q2a3x64_1p
133,4135.737438946357,665000.0,HalfCheetah-v3,TD3_Q2a3x64_1p
134,3870.5470536700655,670000.0,HalfCheetah-v3,TD3_Q2a3x64_1p
135,4299.834847533812,675000.0,HalfCheetah-v3,TD3_Q2a3x64_1p
136,4486.472330717161,680000.0,HalfCheetah-v3,TD3_Q2a3x64_1p
137,4401.711006702778,685000.0,HalfCheetah-v3,TD3_Q2a3x64_1p
138,4227.918267980877,690000.0,HalfCheetah-v3,TD3_Q2a3x64_1p
139,3325.2100491101764,695000.0,HalfCheetah-v3,TD3_Q2a3x64_1p
140,4420.21719734616,700000.0,HalfCheetah-v3,TD3_Q2a3x64_1p
141,4460.693128251644,705000.0,HalfCheetah-v3,TD3_Q2a3x64_1p
142,4297.115593805377,710000.0,HalfCheetah-v3,TD3_Q2a3x64_1p
143,4217.198287362257,715000.0,HalfCheetah-v3,TD3_Q2a3x64_1p
144,4036.0819435792737,720000.0,HalfCheetah-v3,TD3_Q2a3x64_1p
145,4573.672275931769,725000.0,HalfCheetah-v3,TD3_Q2a3x64_1p
146,4584.101062263422,730000.0,HalfCheetah-v3,TD3_Q2a3x64_1p
147,4535.468628295287,735000.0,HalfCheetah-v3,TD3_Q2a3x64_1p
148,4006.9998257908983,740000.0,HalfCheetah-v3,TD3_Q2a3x64_1p
149,3887.775742157856,745000.0,HalfCheetah-v3,TD3_Q2a3x64_1p
150,4644.359198818993,750000.0,HalfCheetah-v3,TD3_Q2a3x64_1p
151,4614.576040313988,755000.0,HalfCheetah-v3,TD3_Q2a3x64_1p
152,4089.062267628194,760000.0,HalfCheetah-v3,TD3_Q2a3x64_1p
153,3573.797819357839,765000.0,HalfCheetah-v3,TD3_Q2a3x64_1p
154,3466.1313865150514,770000.0,HalfCheetah-v3,TD3_Q2a3x64_1p
155,4446.710300412033,775000.0,HalfCheetah-v3,TD3_Q2a3x64_1p
156,4691.362894506182,780000.0,HalfCheetah-v3,TD3_Q2a3x64_1p
157,4391.66287687464,785000.0,HalfCheetah-v3,TD3_Q2a3x64_1p
158,3706.704282230133,790000.0,HalfCheetah-v3,TD3_Q2a3x64_1p
159,3442.324660364303,795000.0,HalfCheetah-v3,TD3_Q2a3x64_1p
160,4894.595898768761,800000.0,HalfCheetah-v3,TD3_Q2a3x64_1p
161,4746.478613680885,805000.0,HalfCheetah-v3,TD3_Q2a3x64_1p
162,4386.088380375892,810000.0,HalfCheetah-v3,TD3_Q2a3x64_1p
163,3769.342059318659,815000.0,HalfCheetah-v3,TD3_Q2a3x64_1p
164,4146.640736223358,820000.0,HalfCheetah-v3,TD3_Q2a3x64_1p
165,4624.117358000958,825000.0,HalfCheetah-v3,TD3_Q2a3x64_1p
166,4761.303919372438,830000.0,HalfCheetah-v3,TD3_Q2a3x64_1p
167,4119.54712219945,835000.0,HalfCheetah-v3,TD3_Q2a3x64_1p
168,4063.7394434907424,840000.0,HalfCheetah-v3,TD3_Q2a3x64_1p
169,3844.4610229134487,845000.0,HalfCheetah-v3,TD3_Q2a3x64_1p
170,4695.699334636348,850000.0,HalfCheetah-v3,TD3_Q2a3x64_1p
171,4797.644803143534,855000.0,HalfCheetah-v3,TD3_Q2a3x64_1p
172,4583.8349067505405,860000.0,HalfCheetah-v3,TD3_Q2a3x64_1p
173,3341.7855860978552,865000.0,HalfCheetah-v3,TD3_Q2a3x64_1p
174,3695.3222994169273,870000.0,HalfCheetah-v3,TD3_Q2a3x64_1p
175,4670.236250320312,875000.0,HalfCheetah-v3,TD3_Q2a3x64_1p
176,4653.661146695458,880000.0,HalfCheetah-v3,TD3_Q2a3x64_1p
177,4733.426444076458,885000.0,HalfCheetah-v3,TD3_Q2a3x64_1p
178,2972.957726545449,890000.0,HalfCheetah-v3,TD3_Q2a3x64_1p
179,3914.624053610723,895000.0,HalfCheetah-v3,TD3_Q2a3x64_1p
180,5164.811305145393,900000.0,HalfCheetah-v3,TD3_Q2a3x64_1p
181,4490.019156896087,905000.0,HalfCheetah-v3,TD3_Q2a3x64_1p
182,4245.500486394163,910000.0,HalfCheetah-v3,TD3_Q2a3x64_1p
183,3636.8302104208606,915000.0,HalfCheetah-v3,TD3_Q2a3x64_1p
184,3767.3240530824887,920000.0,HalfCheetah-v3,TD3_Q2a3x64_1p
185,5060.589481402138,925000.0,HalfCheetah-v3,TD3_Q2a3x64_1p
186,4951.898812096544,930000.0,HalfCheetah-v3,TD3_Q2a3x64_1p
187,4840.350407612406,935000.0,HalfCheetah-v3,TD3_Q2a3x64_1p
188,4610.90813015793,940000.0,HalfCheetah-v3,TD3_Q2a3x64_1p
189,3450.5525150580042,945000.0,HalfCheetah-v3,TD3_Q2a3x64_1p
190,5201.6044032053705,950000.0,HalfCheetah-v3,TD3_Q2a3x64_1p
191,4983.330284304443,955000.0,HalfCheetah-v3,TD3_Q2a3x64_1p
192,4055.8260594403037,960000.0,HalfCheetah-v3,TD3_Q2a3x64_1p
193,4544.150508136994,965000.0,HalfCheetah-v3,TD3_Q2a3x64_1p
194,2980.2310159358576,970000.0,HalfCheetah-v3,TD3_Q2a3x64_1p
195,5285.2167708011775,975000.0,HalfCheetah-v3,TD3_Q2a3x64_1p
196,5252.926603934896,980000.0,HalfCheetah-v3,TD3_Q2a3x64_1p
197,4013.6516332360675,985000.0,HalfCheetah-v3,TD3_Q2a3x64_1p
198,4479.610081637082,990000.0,HalfCheetah-v3,TD3_Q2a3x64_1p
199,3258.7958490136148,995000.0,HalfCheetah-v3,TD3_Q2a3x64_1p
200,5093.804470445773,1000000.0,HalfCheetah-v3,TD3_Q2a3x64_1p
201,4306.219043093582,1005000.0,HalfCheetah-v3,TD3_Q2a3x64_1p
202,4518.4451385127595,1010000.0,HalfCheetah-v3,TD3_Q2a3x64_1p
203,3976.5160958656024,1015000.0,HalfCheetah-v3,TD3_Q2a3x64_1p
204,3721.454059123972,1020000.0,HalfCheetah-v3,TD3_Q2a3x64_1p
205,5490.107415015695,1025000.0,HalfCheetah-v3,TD3_Q2a3x64_1p
206,5017.550587707409,1030000.0,HalfCheetah-v3,TD3_Q2a3x64_1p
207,5204.094667323787,1035000.0,HalfCheetah-v3,TD3_Q2a3x64_1p
208,3931.8978850716835,1040000.0,HalfCheetah-v3,TD3_Q2a3x64_1p
209,3645.2981909180103,1045000.0,HalfCheetah-v3,TD3_Q2a3x64_1p
210,5173.545288718995,1050000.0,HalfCheetah-v3,TD3_Q2a3x64_1p
211,5359.449697420503,1055000.0,HalfCheetah-v3,TD3_Q2a3x64_1p
212,4837.30590364265,1060000.0,HalfCheetah-v3,TD3_Q2a3x64_1p
213,4746.66601542593,1065000.0,HalfCheetah-v3,TD3_Q2a3x64_1p
214,4139.633397328556,1070000.0,HalfCheetah-v3,TD3_Q2a3x64_1p
215,5715.824797514548,1075000.0,HalfCheetah-v3,TD3_Q2a3x64_1p
216,4958.229478004823,1080000.0,HalfCheetah-v3,TD3_Q2a3x64_1p
217,4214.059961642737,1085000.0,HalfCheetah-v3,TD3_Q2a3x64_1p
218,4251.330877378717,1090000.0,HalfCheetah-v3,TD3_Q2a3x64_1p
219,2361.5329283135698,1095000.0,HalfCheetah-v3,TD3_Q2a3x64_1p
220,5728.294830238576,1100000.0,HalfCheetah-v3,TD3_Q2a3x64_1p
221,5447.569915582588,1105000.0,HalfCheetah-v3,TD3_Q2a3x64_1p
222,5255.622946271267,1110000.0,HalfCheetah-v3,TD3_Q2a3x64_1p
223,4571.260783789413,1115000.0,HalfCheetah-v3,TD3_Q2a3x64_1p
224,4135.178433833141,1120000.0,HalfCheetah-v3,TD3_Q2a3x64_1p
225,5638.008582615764,1125000.0,HalfCheetah-v3,TD3_Q2a3x64_1p
226,5497.518902682004,1130000.0,HalfCheetah-v3,TD3_Q2a3x64_1p
227,5065.645680565117,1135000.0,HalfCheetah-v3,TD3_Q2a3x64_1p
228,4505.341664846717,1140000.0,HalfCheetah-v3,TD3_Q2a3x64_1p
229,3770.976667199086,1145000.0,HalfCheetah-v3,TD3_Q2a3x64_1p
230,5744.764045744144,1150000.0,HalfCheetah-v3,TD3_Q2a3x64_1p
231,5462.87729681278,1155000.0,HalfCheetah-v3,TD3_Q2a3x64_1p
232,5318.086922014272,1160000.0,HalfCheetah-v3,TD3_Q2a3x64_1p
233,4058.505762027025,1165000.0,HalfCheetah-v3,TD3_Q2a3x64_1p
234,3940.792528491345,1170000.0,HalfCheetah-v3,TD3_Q2a3x64_1p
235,5844.8068067224285,1175000.0,HalfCheetah-v3,TD3_Q2a3x64_1p
236,5623.69398890807,1180000.0,HalfCheetah-v3,TD3_Q2a3x64_1p
237,5391.754927787606,1185000.0,HalfCheetah-v3,TD3_Q2a3x64_1p
238,4005.990178980696,1190000.0,HalfCheetah-v3,TD3_Q2a3x64_1p
239,4049.3352334591873,1195000.0,HalfCheetah-v3,TD3_Q2a3x64_1p
240,6022.144017262761,1200000.0,HalfCheetah-v3,TD3_Q2a3x64_1p
241,5460.261681229258,1205000.0,HalfCheetah-v3,TD3_Q2a3x64_1p
242,5179.718578857727,1210000.0,HalfCheetah-v3,TD3_Q2a3x64_1p
243,4306.531453179227,1215000.0,HalfCheetah-v3,TD3_Q2a3x64_1p
244,3643.0428492714573,1220000.0,HalfCheetah-v3,TD3_Q2a3x64_1p
245,5870.205204195533,1225000.0,HalfCheetah-v3,TD3_Q2a3x64_1p
246,5405.629333750569,1230000.0,HalfCheetah-v3,TD3_Q2a3x64_1p
247,4725.857755233595,1235000.0,HalfCheetah-v3,TD3_Q2a3x64_1p
248,3897.244387227842,1240000.0,HalfCheetah-v3,TD3_Q2a3x64_1p
249,4515.332788332342,1245000.0,HalfCheetah-v3,TD3_Q2a3x64_1p
250,5957.181220924875,1250000.0,HalfCheetah-v3,TD3_Q2a3x64_1p
251,5713.69360728661,1255000.0,HalfCheetah-v3,TD3_Q2a3x64_1p
252,5233.861903660763,1260000.0,HalfCheetah-v3,TD3_Q2a3x64_1p
253,5025.49340645381,1265000.0,HalfCheetah-v3,TD3_Q2a3x64_1p
254,4392.180686031074,1270000.0,HalfCheetah-v3,TD3_Q2a3x64_1p
255,5931.936957065378,1275000.0,HalfCheetah-v3,TD3_Q2a3x64_1p
256,5691.493506481721,1280000.0,HalfCheetah-v3,TD3_Q2a3x64_1p
257,5331.087207097187,1285000.0,HalfCheetah-v3,TD3_Q2a3x64_1p
258,5095.166112267376,1290000.0,HalfCheetah-v3,TD3_Q2a3x64_1p
259,3550.4297780901848,1295000.0,HalfCheetah-v3,TD3_Q2a3x64_1p
260,6062.126114523359,1300000.0,HalfCheetah-v3,TD3_Q2a3x64_1p
261,5771.525287173167,1305000.0,HalfCheetah-v3,TD3_Q2a3x64_1p
262,5361.921994331267,1310000.0,HalfCheetah-v3,TD3_Q2a3x64_1p
263,4378.120987397801,1315000.0,HalfCheetah-v3,TD3_Q2a3x64_1p
264,3917.0995771044136,1320000.0,HalfCheetah-v3,TD3_Q2a3x64_1p
265,6022.600656891532,1325000.0,HalfCheetah-v3,TD3_Q2a3x64_1p
266,5753.682658687359,1330000.0,HalfCheetah-v3,TD3_Q2a3x64_1p
267,4762.928776517729,1335000.0,HalfCheetah-v3,TD3_Q2a3x64_1p
268,4016.3791716802602,1340000.0,HalfCheetah-v3,TD3_Q2a3x64_1p
269,3997.1482828026965,1345000.0,HalfCheetah-v3,TD3_Q2a3x64_1p
270,5691.448066324169,1350000.0,HalfCheetah-v3,TD3_Q2a3x64_1p
271,5559.705935103674,1355000.0,HalfCheetah-v3,TD3_Q2a3x64_1p
272,5464.113229677241,1360000.0,HalfCheetah-v3,TD3_Q2a3x64_1p
273,4205.479399918612,1365000.0,HalfCheetah-v3,TD3_Q2a3x64_1p
274,3882.8279405724047,1370000.0,HalfCheetah-v3,TD3_Q2a3x64_1p
275,5792.439459607383,1375000.0,HalfCheetah-v3,TD3_Q2a3x64_1p
276,5904.9616855047425,1380000.0,HalfCheetah-v3,TD3_Q2a3x64_1p
277,5634.851780782357,1385000.0,HalfCheetah-v3,TD3_Q2a3x64_1p
278,4635.132993520461,1390000.0,HalfCheetah-v3,TD3_Q2a3x64_1p
279,4337.373093015038,1395000.0,HalfCheetah-v3,TD3_Q2a3x64_1p
280,6126.24631911547,1400000.0,HalfCheetah-v3,TD3_Q2a3x64_1p
281,5974.242732915726,1405000.0,HalfCheetah-v3,TD3_Q2a3x64_1p
282,5538.07495038412,1410000.0,HalfCheetah-v3,TD3_Q2a3x64_1p
283,3968.988339547281,1415000.0,HalfCheetah-v3,TD3_Q2a3x64_1p
284,3982.6083172715103,1420000.0,HalfCheetah-v3,TD3_Q2a3x64_1p
285,6153.636694505395,1425000.0,HalfCheetah-v3,TD3_Q2a3x64_1p
286,5887.101155691777,1430000.0,HalfCheetah-v3,TD3_Q2a3x64_1p
287,5467.341592718389,1435000.0,HalfCheetah-v3,TD3_Q2a3x64_1p
288,5032.033145196648,1440000.0,HalfCheetah-v3,TD3_Q2a3x64_1p
289,4456.852563126648,1445000.0,HalfCheetah-v3,TD3_Q2a3x64_1p
290,6238.353920178239,1450000.0,HalfCheetah-v3,TD3_Q2a3x64_1p
291,5931.22565207913,1455000.0,HalfCheetah-v3,TD3_Q2a3x64_1p
292,4990.892019330578,1460000.0,HalfCheetah-v3,TD3_Q2a3x64_1p
293,5052.155933556599,1465000.0,HalfCheetah-v3,TD3_Q2a3x64_1p
294,4324.416554529887,1470000.0,HalfCheetah-v3,TD3_Q2a3x64_1p
295,6385.802461716147,1475000.0,HalfCheetah-v3,TD3_Q2a3x64_1p
296,6137.2141969640725,1480000.0,HalfCheetah-v3,TD3_Q2a3x64_1p
297,5496.24104638572,1485000.0,HalfCheetah-v3,TD3_Q2a3x64_1p
298,4594.055457284388,1490000.0,HalfCheetah-v3,TD3_Q2a3x64_1p
299,3629.3210211303244,1495000.0,HalfCheetah-v3,TD3_Q2a3x64_1p
300,6421.345478630925,1500000.0,HalfCheetah-v3,TD3_Q2a3x64_1p
301,6040.645038006776,1505000.0,HalfCheetah-v3,TD3_Q2a3x64_1p
302,5559.535069546686,1510000.0,HalfCheetah-v3,TD3_Q2a3x64_1p
303,4193.35572122548,1515000.0,HalfCheetah-v3,TD3_Q2a3x64_1p
304,4251.363798276499,1520000.0,HalfCheetah-v3,TD3_Q2a3x64_1p
305,6350.620507967856,1525000.0,HalfCheetah-v3,TD3_Q2a3x64_1p
306,6124.577126026766,1530000.0,HalfCheetah-v3,TD3_Q2a3x64_1p
307,5694.203003056541,1535000.0,HalfCheetah-v3,TD3_Q2a3x64_1p
308,4752.19582342799,1540000.0,HalfCheetah-v3,TD3_Q2a3x64_1p
309,4388.196505231412,1545000.0,HalfCheetah-v3,TD3_Q2a3x64_1p
310,6397.208636750167,1550000.0,HalfCheetah-v3,TD3_Q2a3x64_1p
311,6091.028998769432,1555000.0,HalfCheetah-v3,TD3_Q2a3x64_1p
312,4848.659055645142,1560000.0,HalfCheetah-v3,TD3_Q2a3x64_1p
313,4738.465328749571,1565000.0,HalfCheetah-v3,TD3_Q2a3x64_1p
314,4540.672270223163,1570000.0,HalfCheetah-v3,TD3_Q2a3x64_1p
315,5872.234331783854,1575000.0,HalfCheetah-v3,TD3_Q2a3x64_1p
316,6116.157140923521,1580000.0,HalfCheetah-v3,TD3_Q2a3x64_1p
317,5414.884259855675,1585000.0,HalfCheetah-v3,TD3_Q2a3x64_1p
318,4772.169274010461,1590000.0,HalfCheetah-v3,TD3_Q2a3x64_1p
319,4622.534383613973,1595000.0,HalfCheetah-v3,TD3_Q2a3x64_1p
320,6569.5155610654065,1600000.0,HalfCheetah-v3,TD3_Q2a3x64_1p
321,6060.704625745626,1605000.0,HalfCheetah-v3,TD3_Q2a3x64_1p
322,5402.162465762596,1610000.0,HalfCheetah-v3,TD3_Q2a3x64_1p
323,5088.171007378548,1615000.0,HalfCheetah-v3,TD3_Q2a3x64_1p
324,4459.257577157446,1620000.0,HalfCheetah-v3,TD3_Q2a3x64_1p
325,6661.614001318221,1625000.0,HalfCheetah-v3,TD3_Q2a3x64_1p
326,6140.192672405993,1630000.0,HalfCheetah-v3,TD3_Q2a3x64_1p
327,5264.111651813439,1635000.0,HalfCheetah-v3,TD3_Q2a3x64_1p
328,5207.891420339718,1640000.0,HalfCheetah-v3,TD3_Q2a3x64_1p
329,4486.3905459009775,1645000.0,HalfCheetah-v3,TD3_Q2a3x64_1p
330,6402.409529331105,1650000.0,HalfCheetah-v3,TD3_Q2a3x64_1p
331,6105.516233695521,1655000.0,HalfCheetah-v3,TD3_Q2a3x64_1p
332,5526.2200397081515,1660000.0,HalfCheetah-v3,TD3_Q2a3x64_1p
333,5091.010118408116,1665000.0,HalfCheetah-v3,TD3_Q2a3x64_1p
334,4539.621492414275,1670000.0,HalfCheetah-v3,TD3_Q2a3x64_1p
335,6399.740465583105,1675000.0,HalfCheetah-v3,TD3_Q2a3x64_1p
336,5632.408758736523,1680000.0,HalfCheetah-v3,TD3_Q2a3x64_1p
337,5118.442090488181,1685000.0,HalfCheetah-v3,TD3_Q2a3x64_1p
338,4892.351800492074,1690000.0,HalfCheetah-v3,TD3_Q2a3x64_1p
339,4583.100533516883,1695000.0,HalfCheetah-v3,TD3_Q2a3x64_1p
340,6796.635566412688,1700000.0,HalfCheetah-v3,TD3_Q2a3x64_1p
341,6214.733189144123,1705000.0,HalfCheetah-v3,TD3_Q2a3x64_1p
342,5738.619861063501,1710000.0,HalfCheetah-v3,TD3_Q2a3x64_1p
343,4697.644968820036,1715000.0,HalfCheetah-v3,TD3_Q2a3x64_1p
344,4380.316580519333,1720000.0,HalfCheetah-v3,TD3_Q2a3x64_1p
345,6735.850972976036,1725000.0,HalfCheetah-v3,TD3_Q2a3x64_1p
346,6319.1458328868775,1730000.0,HalfCheetah-v3,TD3_Q2a3x64_1p
347,5429.691093801354,1735000.0,HalfCheetah-v3,TD3_Q2a3x64_1p
348,5190.694070376519,1740000.0,HalfCheetah-v3,TD3_Q2a3x64_1p
349,4066.8168899573516,1745000.0,HalfCheetah-v3,TD3_Q2a3x64_1p
350,6515.505394287036,1750000.0,HalfCheetah-v3,TD3_Q2a3x64_1p
351,5659.328934776965,1755000.0,HalfCheetah-v3,TD3_Q2a3x64_1p
352,5311.581364901271,1760000.0,HalfCheetah-v3,TD3_Q2a3x64_1p
353,4738.10454777481,1765000.0,HalfCheetah-v3,TD3_Q2a3x64_1p
354,4750.229333497258,1770000.0,HalfCheetah-v3,TD3_Q2a3x64_1p
355,6644.563367801295,1775000.0,HalfCheetah-v3,TD3_Q2a3x64_1p
356,6399.894020403431,1780000.0,HalfCheetah-v3,TD3_Q2a3x64_1p
357,5948.559456402196,1785000.0,HalfCheetah-v3,TD3_Q2a3x64_1p
358,5163.861542425339,1790000.0,HalfCheetah-v3,TD3_Q2a3x64_1p
359,4985.154344241334,1795000.0,HalfCheetah-v3,TD3_Q2a3x64_1p
360,6685.107547478813,1800000.0,HalfCheetah-v3,TD3_Q2a3x64_1p
361,6188.219874582137,1805000.0,HalfCheetah-v3,TD3_Q2a3x64_1p
362,5213.965858963902,1810000.0,HalfCheetah-v3,TD3_Q2a3x64_1p
363,5190.789692712744,1815000.0,HalfCheetah-v3,TD3_Q2a3x64_1p
364,4648.706141030759,1820000.0,HalfCheetah-v3,TD3_Q2a3x64_1p
365,6906.7557585398345,1825000.0,HalfCheetah-v3,TD3_Q2a3x64_1p
366,6314.138783105385,1830000.0,HalfCheetah-v3,TD3_Q2a3x64_1p
367,5687.181070491127,1835000.0,HalfCheetah-v3,TD3_Q2a3x64_1p
368,5310.663651429745,1840000.0,HalfCheetah-v3,TD3_Q2a3x64_1p
369,4729.385052987579,1845000.0,HalfCheetah-v3,TD3_Q2a3x64_1p
370,6763.824801627398,1850000.0,HalfCheetah-v3,TD3_Q2a3x64_1p
371,6370.95613064647,1855000.0,HalfCheetah-v3,TD3_Q2a3x64_1p
372,6005.235531735858,1860000.0,HalfCheetah-v3,TD3_Q2a3x64_1p
373,5478.006540951685,1865000.0,HalfCheetah-v3,TD3_Q2a3x64_1p
374,4786.229522697847,1870000.0,HalfCheetah-v3,TD3_Q2a3x64_1p
375,6981.032390934864,1875000.0,HalfCheetah-v3,TD3_Q2a3x64_1p
376,6410.357310006554,1880000.0,HalfCheetah-v3,TD3_Q2a3x64_1p
377,5853.896476836378,1885000.0,HalfCheetah-v3,TD3_Q2a3x64_1p
378,5217.145158990174,1890000.0,HalfCheetah-v3,TD3_Q2a3x64_1p
379,4732.429787874624,1895000.0,HalfCheetah-v3,TD3_Q2a3x64_1p
380,7164.553922299252,1900000.0,HalfCheetah-v3,TD3_Q2a3x64_1p
381,6502.714686511028,1905000.0,HalfCheetah-v3,TD3_Q2a3x64_1p
382,5721.55485096867,1910000.0,HalfCheetah-v3,TD3_Q2a3x64_1p
383,5412.719770518256,1915000.0,HalfCheetah-v3,TD3_Q2a3x64_1p
384,4827.206706614638,1920000.0,HalfCheetah-v3,TD3_Q2a3x64_1p
385,6936.182687308695,1925000.0,HalfCheetah-v3,TD3_Q2a3x64_1p
386,6500.724920817913,1930000.0,HalfCheetah-v3,TD3_Q2a3x64_1p
387,5956.608559436607,1935000.0,HalfCheetah-v3,TD3_Q2a3x64_1p
388,5385.5600549600695,1940000.0,HalfCheetah-v3,TD3_Q2a3x64_1p
389,4474.097484693358,1945000.0,HalfCheetah-v3,TD3_Q2a3x64_1p
390,7071.49655314451,1950000.0,HalfCheetah-v3,TD3_Q2a3x64_1p
391,6506.650418794679,1955000.0,HalfCheetah-v3,TD3_Q2a3x64_1p
392,6015.379253183169,1960000.0,HalfCheetah-v3,TD3_Q2a3x64_1p
393,5513.701089468682,1965000.0,HalfCheetah-v3,TD3_Q2a3x64_1p
394,4979.431239414111,1970000.0,HalfCheetah-v3,TD3_Q2a3x64_1p
395,7025.4395039345545,1975000.0,HalfCheetah-v3,TD3_Q2a3x64_1p
396,6547.854257099524,1980000.0,HalfCheetah-v3,TD3_Q2a3x64_1p
397,6064.810513486538,1985000.0,HalfCheetah-v3,TD3_Q2a3x64_1p
398,5473.583477372179,1990000.0,HalfCheetah-v3,TD3_Q2a3x64_1p
399,4933.896966199821,1995000.0,HalfCheetah-v3,TD3_Q2a3x64_1p
400,7018.802866655011,2000000.0,HalfCheetah-v3,TD3_Q2a3x64_1p
401,6548.706160958794,2005000.0,HalfCheetah-v3,TD3_Q2a3x64_1p
402,5910.4480657007825,2010000.0,HalfCheetah-v3,TD3_Q2a3x64_1p
403,5282.179030033361,2015000.0,HalfCheetah-v3,TD3_Q2a3x64_1p
404,4974.43091211705,2020000.0,HalfCheetah-v3,TD3_Q2a3x64_1p
405,7240.544742696824,2025000.0,HalfCheetah-v3,TD3_Q2a3x64_1p
406,6478.76734034782,2030000.0,HalfCheetah-v3,TD3_Q2a3x64_1p
407,5873.354188691126,2035000.0,HalfCheetah-v3,TD3_Q2a3x64_1p
408,5510.1782501958205,2040000.0,HalfCheetah-v3,TD3_Q2a3x64_1p
409,4619.090097184167,2045000.0,HalfCheetah-v3,TD3_Q2a3x64_1p
410,7272.993153675516,2050000.0,HalfCheetah-v3,TD3_Q2a3x64_1p
411,6702.650533287003,2055000.0,HalfCheetah-v3,TD3_Q2a3x64_1p
412,6054.8904380099775,2060000.0,HalfCheetah-v3,TD3_Q2a3x64_1p
413,5568.84548963752,2065000.0,HalfCheetah-v3,TD3_Q2a3x64_1p
414,4777.885369672972,2070000.0,HalfCheetah-v3,TD3_Q2a3x64_1p
415,7190.9077939042745,2075000.0,HalfCheetah-v3,TD3_Q2a3x64_1p
416,6586.837921064852,2080000.0,HalfCheetah-v3,TD3_Q2a3x64_1p
417,5770.768741977619,2085000.0,HalfCheetah-v3,TD3_Q2a3x64_1p
418,5270.297119405093,2090000.0,HalfCheetah-v3,TD3_Q2a3x64_1p
419,3961.4257564104255,2095000.0,HalfCheetah-v3,TD3_Q2a3x64_1p
420,7237.268576981344,2100000.0,HalfCheetah-v3,TD3_Q2a3x64_1p
421,6722.262113684164,2105000.0,HalfCheetah-v3,TD3_Q2a3x64_1p
422,6035.3381591285,2110000.0,HalfCheetah-v3,TD3_Q2a3x64_1p
423,5131.770204852426,2115000.0,HalfCheetah-v3,TD3_Q2a3x64_1p
424,4849.480451274664,2120000.0,HalfCheetah-v3,TD3_Q2a3x64_1p
425,7154.794523346786,2125000.0,HalfCheetah-v3,TD3_Q2a3x64_1p
426,6714.447382631266,2130000.0,HalfCheetah-v3,TD3_Q2a3x64_1p
427,6245.280933929142,2135000.0,HalfCheetah-v3,TD3_Q2a3x64_1p
428,5051.918382255862,2140000.0,HalfCheetah-v3,TD3_Q2a3x64_1p
429,4556.761381129448,2145000.0,HalfCheetah-v3,TD3_Q2a3x64_1p
430,7387.823409870636,2150000.0,HalfCheetah-v3,TD3_Q2a3x64_1p
431,6486.37148989042,2155000.0,HalfCheetah-v3,TD3_Q2a3x64_1p
432,6139.049022032514,2160000.0,HalfCheetah-v3,TD3_Q2a3x64_1p
433,5456.456884171728,2165000.0,HalfCheetah-v3,TD3_Q2a3x64_1p
434,4916.274649739122,2170000.0,HalfCheetah-v3,TD3_Q2a3x64_1p
435,7194.008934247106,2175000.0,HalfCheetah-v3,TD3_Q2a3x64_1p
436,6548.256305257384,2180000.0,HalfCheetah-v3,TD3_Q2a3x64_1p
437,5897.164980602434,2185000.0,HalfCheetah-v3,TD3_Q2a3x64_1p
438,5313.083390993232,2190000.0,HalfCheetah-v3,TD3_Q2a3x64_1p
439,4852.217002414317,2195000.0,HalfCheetah-v3,TD3_Q2a3x64_1p
440,7360.839008594196,2200000.0,HalfCheetah-v3,TD3_Q2a3x64_1p
441,6746.4811241404705,2205000.0,HalfCheetah-v3,TD3_Q2a3x64_1p
442,6085.567593019296,2210000.0,HalfCheetah-v3,TD3_Q2a3x64_1p
443,5428.550157488661,2215000.0,HalfCheetah-v3,TD3_Q2a3x64_1p
444,4435.676038578856,2220000.0,HalfCheetah-v3,TD3_Q2a3x64_1p
445,7367.183323353849,2225000.0,HalfCheetah-v3,TD3_Q2a3x64_1p
446,6775.051220385695,2230000.0,HalfCheetah-v3,TD3_Q2a3x64_1p
447,5555.266380084167,2235000.0,HalfCheetah-v3,TD3_Q2a3x64_1p
448,5479.865385139481,2240000.0,HalfCheetah-v3,TD3_Q2a3x64_1p
449,4864.199554883159,2245000.0,HalfCheetah-v3,TD3_Q2a3x64_1p
450,7152.239046594741,2250000.0,HalfCheetah-v3,TD3_Q2a3x64_1p
451,6833.778289468016,2255000.0,HalfCheetah-v3,TD3_Q2a3x64_1p
452,5857.567362651133,2260000.0,HalfCheetah-v3,TD3_Q2a3x64_1p
453,5554.876783165869,2265000.0,HalfCheetah-v3,TD3_Q2a3x64_1p
454,4911.36797459806,2270000.0,HalfCheetah-v3,TD3_Q2a3x64_1p
455,7336.634697090747,2275000.0,HalfCheetah-v3,TD3_Q2a3x64_1p
456,6755.329605288827,2280000.0,HalfCheetah-v3,TD3_Q2a3x64_1p
457,5979.277123336545,2285000.0,HalfCheetah-v3,TD3_Q2a3x64_1p
458,5457.656870817518,2290000.0,HalfCheetah-v3,TD3_Q2a3x64_1p
459,4957.9747151799,2295000.0,HalfCheetah-v3,TD3_Q2a3x64_1p
460,7517.444988777301,2300000.0,HalfCheetah-v3,TD3_Q2a3x64_1p
461,7000.617828382575,2305000.0,HalfCheetah-v3,TD3_Q2a3x64_1p
462,6239.835155905946,2310000.0,HalfCheetah-v3,TD3_Q2a3x64_1p
463,5456.455283719043,2315000.0,HalfCheetah-v3,TD3_Q2a3x64_1p
464,4765.3958840263895,2320000.0,HalfCheetah-v3,TD3_Q2a3x64_1p
465,7650.998857294199,2325000.0,HalfCheetah-v3,TD3_Q2a3x64_1p
466,7040.17350433882,2330000.0,HalfCheetah-v3,TD3_Q2a3x64_1p
467,6185.915189790554,2335000.0,HalfCheetah-v3,TD3_Q2a3x64_1p
468,5690.010624477636,2340000.0,HalfCheetah-v3,TD3_Q2a3x64_1p
469,5107.177089456605,2345000.0,HalfCheetah-v3,TD3_Q2a3x64_1p
470,7560.189333414269,2350000.0,HalfCheetah-v3,TD3_Q2a3x64_1p
471,6893.5073392162885,2355000.0,HalfCheetah-v3,TD3_Q2a3x64_1p
472,6075.659911868318,2360000.0,HalfCheetah-v3,TD3_Q2a3x64_1p
473,5272.4123473717045,2365000.0,HalfCheetah-v3,TD3_Q2a3x64_1p
474,4803.68973105013,2370000.0,HalfCheetah-v3,TD3_Q2a3x64_1p
475,7634.081079211535,2375000.0,HalfCheetah-v3,TD3_Q2a3x64_1p
476,6847.8287698791655,2380000.0,HalfCheetah-v3,TD3_Q2a3x64_1p
477,6176.130575030772,2385000.0,HalfCheetah-v3,TD3_Q2a3x64_1p
478,5450.633331332765,2390000.0,HalfCheetah-v3,TD3_Q2a3x64_1p
479,4587.2335265524825,2395000.0,HalfCheetah-v3,TD3_Q2a3x64_1p
480,7653.810841949899,2400000.0,HalfCheetah-v3,TD3_Q2a3x64_1p
481,6913.557367331488,2405000.0,HalfCheetah-v3,TD3_Q2a3x64_1p
482,6070.779312148957,2410000.0,HalfCheetah-v3,TD3_Q2a3x64_1p
483,5180.102745418531,2415000.0,HalfCheetah-v3,TD3_Q2a3x64_1p
484,4733.28554735286,2420000.0,HalfCheetah-v3,TD3_Q2a3x64_1p
485,7601.6850879582535,2425000.0,HalfCheetah-v3,TD3_Q2a3x64_1p
486,6987.521216913099,2430000.0,HalfCheetah-v3,TD3_Q2a3x64_1p
487,6361.394681772351,2435000.0,HalfCheetah-v3,TD3_Q2a3x64_1p
488,5711.622173941078,2440000.0,HalfCheetah-v3,TD3_Q2a3x64_1p
489,4816.806185302249,2445000.0,HalfCheetah-v3,TD3_Q2a3x64_1p
490,7635.5701337535165,2450000.0,HalfCheetah-v3,TD3_Q2a3x64_1p
491,6956.4785063668,2455000.0,HalfCheetah-v3,TD3_Q2a3x64_1p
492,6362.288497307359,2460000.0,HalfCheetah-v3,TD3_Q2a3x64_1p
493,5415.052247776414,2465000.0,HalfCheetah-v3,TD3_Q2a3x64_1p
494,5022.565639189173,2470000.0,HalfCheetah-v3,TD3_Q2a3x64_1p
495,7726.232290535522,2475000.0,HalfCheetah-v3,TD3_Q2a3x64_1p
496,7196.643700770224,2480000.0,HalfCheetah-v3,TD3_Q2a3x64_1p
497,6100.515551629973,2485000.0,HalfCheetah-v3,TD3_Q2a3x64_1p
498,5594.133037595742,2490000.0,HalfCheetah-v3,TD3_Q2a3x64_1p
499,4523.141189908563,2495000.0,HalfCheetah-v3,TD3_Q2a3x64_1p
500,7782.3619737293075,2500000.0,HalfCheetah-v3,TD3_Q2a3x64_1p
501,6976.827436317939,2505000.0,HalfCheetah-v3,TD3_Q2a3x64_1p
502,6331.948387594343,2510000.0,HalfCheetah-v3,TD3_Q2a3x64_1p
503,5706.384093317767,2515000.0,HalfCheetah-v3,TD3_Q2a3x64_1p
504,4956.139564626945,2520000.0,HalfCheetah-v3,TD3_Q2a3x64_1p
505,7627.175149333631,2525000.0,HalfCheetah-v3,TD3_Q2a3x64_1p
506,7017.205619997361,2530000.0,HalfCheetah-v3,TD3_Q2a3x64_1p
507,6258.567520008139,2535000.0,HalfCheetah-v3,TD3_Q2a3x64_1p
508,5753.328416754696,2540000.0,HalfCheetah-v3,TD3_Q2a3x64_1p
509,4990.713418660814,2545000.0,HalfCheetah-v3,TD3_Q2a3x64_1p
510,7635.0926942962815,2550000.0,HalfCheetah-v3,TD3_Q2a3x64_1p
511,7078.516252687477,2555000.0,HalfCheetah-v3,TD3_Q2a3x64_1p
512,6290.663761622009,2560000.0,HalfCheetah-v3,TD3_Q2a3x64_1p
513,5631.387363877206,2565000.0,HalfCheetah-v3,TD3_Q2a3x64_1p
514,4926.291456676693,2570000.0,HalfCheetah-v3,TD3_Q2a3x64_1p
515,7823.034867465301,2575000.0,HalfCheetah-v3,TD3_Q2a3x64_1p
516,7173.010347545727,2580000.0,HalfCheetah-v3,TD3_Q2a3x64_1p
517,6308.299452059208,2585000.0,HalfCheetah-v3,TD3_Q2a3x64_1p
518,5395.975218402853,2590000.0,HalfCheetah-v3,TD3_Q2a3x64_1p
519,4708.89560662757,2595000.0,HalfCheetah-v3,TD3_Q2a3x64_1p
520,7873.8523029496355,2600000.0,HalfCheetah-v3,TD3_Q2a3x64_1p
521,7347.692768078072,2605000.0,HalfCheetah-v3,TD3_Q2a3x64_1p
522,6491.000154703403,2610000.0,HalfCheetah-v3,TD3_Q2a3x64_1p
523,5708.494398067512,2615000.0,HalfCheetah-v3,TD3_Q2a3x64_1p
524,5165.489152167112,2620000.0,HalfCheetah-v3,TD3_Q2a3x64_1p
525,7854.746521545899,2625000.0,HalfCheetah-v3,TD3_Q2a3x64_1p
526,7269.783573019707,2630000.0,HalfCheetah-v3,TD3_Q2a3x64_1p
527,6577.498484335399,2635000.0,HalfCheetah-v3,TD3_Q2a3x64_1p
528,5488.689895702654,2640000.0,HalfCheetah-v3,TD3_Q2a3x64_1p
529,4799.746631409687,2645000.0,HalfCheetah-v3,TD3_Q2a3x64_1p
530,7789.29162838255,2650000.0,HalfCheetah-v3,TD3_Q2a3x64_1p
531,7390.2339263586355,2655000.0,HalfCheetah-v3,TD3_Q2a3x64_1p
532,6461.978203852262,2660000.0,HalfCheetah-v3,TD3_Q2a3x64_1p
533,5774.761047948074,2665000.0,HalfCheetah-v3,TD3_Q2a3x64_1p
534,5017.315876180375,2670000.0,HalfCheetah-v3,TD3_Q2a3x64_1p
535,7974.424582431828,2675000.0,HalfCheetah-v3,TD3_Q2a3x64_1p
536,7222.172455712498,2680000.0,HalfCheetah-v3,TD3_Q2a3x64_1p
537,6438.827998039145,2685000.0,HalfCheetah-v3,TD3_Q2a3x64_1p
538,5513.836928267311,2690000.0,HalfCheetah-v3,TD3_Q2a3x64_1p
539,4585.716124791888,2695000.0,HalfCheetah-v3,TD3_Q2a3x64_1p
540,7905.415147870915,2700000.0,HalfCheetah-v3,TD3_Q2a3x64_1p
541,7319.643237511022,2705000.0,HalfCheetah-v3,TD3_Q2a3x64_1p
542,6420.620304610125,2710000.0,HalfCheetah-v3,TD3_Q2a3x64_1p
543,5648.036032143584,2715000.0,HalfCheetah-v3,TD3_Q2a3x64_1p
544,5107.950444515579,2720000.0,HalfCheetah-v3,TD3_Q2a3x64_1p
545,7909.468316414187,2725000.0,HalfCheetah-v3,TD3_Q2a3x64_1p
546,7259.543804433777,2730000.0,HalfCheetah-v3,TD3_Q2a3x64_1p
547,6358.475461031025,2735000.0,HalfCheetah-v3,TD3_Q2a3x64_1p
548,5703.942524200532,2740000.0,HalfCheetah-v3,TD3_Q2a3x64_1p
549,4878.105562524024,2745000.0,HalfCheetah-v3,TD3_Q2a3x64_1p
550,7915.118884619709,2750000.0,HalfCheetah-v3,TD3_Q2a3x64_1p
551,7293.643777570456,2755000.0,HalfCheetah-v3,TD3_Q2a3x64_1p
552,6519.947977181253,2760000.0,HalfCheetah-v3,TD3_Q2a3x64_1p
553,5653.416843894267,2765000.0,HalfCheetah-v3,TD3_Q2a3x64_1p
554,5179.962433646337,2770000.0,HalfCheetah-v3,TD3_Q2a3x64_1p
555,7985.283930660526,2775000.0,HalfCheetah-v3,TD3_Q2a3x64_1p
556,7263.848829320424,2780000.0,HalfCheetah-v3,TD3_Q2a3x64_1p
557,6412.870471937562,2785000.0,HalfCheetah-v3,TD3_Q2a3x64_1p
558,5530.104552134644,2790000.0,HalfCheetah-v3,TD3_Q2a3x64_1p
559,5050.029998962178,2795000.0,HalfCheetah-v3,TD3_Q2a3x64_1p
560,7900.158319178847,2800000.0,HalfCheetah-v3,TD3_Q2a3x64_1p
561,7342.893945207114,2805000.0,HalfCheetah-v3,TD3_Q2a3x64_1p
562,6520.878440209063,2810000.0,HalfCheetah-v3,TD3_Q2a3x64_1p
563,5492.256888819783,2815000.0,HalfCheetah-v3,TD3_Q2a3x64_1p
564,4935.703014078313,2820000.0,HalfCheetah-v3,TD3_Q2a3x64_1p
565,8150.733559068225,2825000.0,HalfCheetah-v3,TD3_Q2a3x64_1p
566,7396.290317287804,2830000.0,HalfCheetah-v3,TD3_Q2a3x64_1p
567,6353.887040845507,2835000.0,HalfCheetah-v3,TD3_Q2a3x64_1p
568,5729.683974121539,2840000.0,HalfCheetah-v3,TD3_Q2a3x64_1p
569,4887.627857882225,2845000.0,HalfCheetah-v3,TD3_Q2a3x64_1p
570,8034.710507635432,2850000.0,HalfCheetah-v3,TD3_Q2a3x64_1p
571,7395.730226578819,2855000.0,HalfCheetah-v3,TD3_Q2a3x64_1p
572,6329.8586629460915,2860000.0,HalfCheetah-v3,TD3_Q2a3x64_1p
573,4752.224709585667,2865000.0,HalfCheetah-v3,TD3_Q2a3x64_1p
574,5183.76374496195,2870000.0,HalfCheetah-v3,TD3_Q2a3x64_1p
575,7930.857683671655,2875000.0,HalfCheetah-v3,TD3_Q2a3x64_1p
576,7236.403192640557,2880000.0,HalfCheetah-v3,TD3_Q2a3x64_1p
577,6221.735221647398,2885000.0,HalfCheetah-v3,TD3_Q2a3x64_1p
578,5433.747345823642,2890000.0,HalfCheetah-v3,TD3_Q2a3x64_1p
579,4233.927824798782,2895000.0,HalfCheetah-v3,TD3_Q2a3x64_1p
580,7926.881435913294,2900000.0,HalfCheetah-v3,TD3_Q2a3x64_1p
581,7290.902041776365,2905000.0,HalfCheetah-v3,TD3_Q2a3x64_1p
582,6437.030372541954,2910000.0,HalfCheetah-v3,TD3_Q2a3x64_1p
583,5555.268494198441,2915000.0,HalfCheetah-v3,TD3_Q2a3x64_1p
584,4804.9403825585605,2920000.0,HalfCheetah-v3,TD3_Q2a3x64_1p
585,8085.897528020255,2925000.0,HalfCheetah-v3,TD3_Q2a3x64_1p
586,7298.053633479297,2930000.0,HalfCheetah-v3,TD3_Q2a3x64_1p
587,6520.253484035371,2935000.0,HalfCheetah-v3,TD3_Q2a3x64_1p
588,5242.803522188465,2940000.0,HalfCheetah-v3,TD3_Q2a3x64_1p
589,5040.4534387127605,2945000.0,HalfCheetah-v3,TD3_Q2a3x64_1p
590,8212.137636330206,2950000.0,HalfCheetah-v3,TD3_Q2a3x64_1p
591,7586.661598045573,2955000.0,HalfCheetah-v3,TD3_Q2a3x64_1p
592,6675.294712966667,2960000.0,HalfCheetah-v3,TD3_Q2a3x64_1p
593,5702.604234044893,2965000.0,HalfCheetah-v3,TD3_Q2a3x64_1p
594,5224.373162023376,2970000.0,HalfCheetah-v3,TD3_Q2a3x64_1p
595,8159.185154477081,2975000.0,HalfCheetah-v3,TD3_Q2a3x64_1p
596,7542.324611916015,2980000.0,HalfCheetah-v3,TD3_Q2a3x64_1p
597,6562.768518964353,2985000.0,HalfCheetah-v3,TD3_Q2a3x64_1p
598,5851.402883431294,2990000.0,HalfCheetah-v3,TD3_Q2a3x64_1p
599,5026.419442417311,2995000.0,HalfCheetah-v3,TD3_Q2a3x64_1p
600,8102.525195519187,3000000.0,HalfCheetah-v3,TD3_Q2a3x64_1p
601,7403.228000074724,3005000.0,HalfCheetah-v3,TD3_Q2a3x64_1p
602,6394.908874418152,3010000.0,HalfCheetah-v3,TD3_Q2a3x64_1p
603,5285.352727442525,3015000.0,HalfCheetah-v3,TD3_Q2a3x64_1p
604,5188.161658433508,3020000.0,HalfCheetah-v3,TD3_Q2a3x64_1p
605,8223.348496521,3025000.0,HalfCheetah-v3,TD3_Q2a3x64_1p
606,7454.354644923029,3030000.0,HalfCheetah-v3,TD3_Q2a3x64_1p
607,6664.819097080741,3035000.0,HalfCheetah-v3,TD3_Q2a3x64_1p
608,5664.69626002362,3040000.0,HalfCheetah-v3,TD3_Q2a3x64_1p
609,4947.037912863973,3045000.0,HalfCheetah-v3,TD3_Q2a3x64_1p
610,8039.919307579532,3050000.0,HalfCheetah-v3,TD3_Q2a3x64_1p
611,7427.333605534872,3055000.0,HalfCheetah-v3,TD3_Q2a3x64_1p
612,6719.871047008685,3060000.0,HalfCheetah-v3,TD3_Q2a3x64_1p
613,5835.5066248417825,3065000.0,HalfCheetah-v3,TD3_Q2a3x64_1p
614,5131.360827939425,3070000.0,HalfCheetah-v3,TD3_Q2a3x64_1p
615,8235.420451580138,3075000.0,HalfCheetah-v3,TD3_Q2a3x64_1p
616,7491.61829588474,3080000.0,HalfCheetah-v3,TD3_Q2a3x64_1p
617,6447.281841783567,3085000.0,HalfCheetah-v3,TD3_Q2a3x64_1p
618,5727.968810080362,3090000.0,HalfCheetah-v3,TD3_Q2a3x64_1p
619,4904.002278219152,3095000.0,HalfCheetah-v3,TD3_Q2a3x64_1p
620,8234.246608307789,3100000.0,HalfCheetah-v3,TD3_Q2a3x64_1p
621,7104.519666388951,3105000.0,HalfCheetah-v3,TD3_Q2a3x64_1p
622,6806.816683938504,3110000.0,HalfCheetah-v3,TD3_Q2a3x64_1p
623,5673.18082162476,3115000.0,HalfCheetah-v3,TD3_Q2a3x64_1p
624,5190.141520903984,3120000.0,HalfCheetah-v3,TD3_Q2a3x64_1p
625,8210.432358091864,3125000.0,HalfCheetah-v3,TD3_Q2a3x64_1p
626,7403.643094556537,3130000.0,HalfCheetah-v3,TD3_Q2a3x64_1p
627,6409.614463024192,3135000.0,HalfCheetah-v3,TD3_Q2a3x64_1p
628,5450.1394790391805,3140000.0,HalfCheetah-v3,TD3_Q2a3x64_1p
629,4275.344633982471,3145000.0,HalfCheetah-v3,TD3_Q2a3x64_1p
630,8365.041756406903,3150000.0,HalfCheetah-v3,TD3_Q2a3x64_1p
631,7616.492187391884,3155000.0,HalfCheetah-v3,TD3_Q2a3x64_1p
632,6397.24906157469,3160000.0,HalfCheetah-v3,TD3_Q2a3x64_1p
633,5743.1483419101005,3165000.0,HalfCheetah-v3,TD3_Q2a3x64_1p
634,3963.4331100690592,3170000.0,HalfCheetah-v3,TD3_Q2a3x64_1p
635,8291.852855797231,3175000.0,HalfCheetah-v3,TD3_Q2a3x64_1p
636,7417.1429334244,3180000.0,HalfCheetah-v3,TD3_Q2a3x64_1p
637,6797.091032048622,3185000.0,HalfCheetah-v3,TD3_Q2a3x64_1p
638,5725.434011554376,3190000.0,HalfCheetah-v3,TD3_Q2a3x64_1p
639,4952.150154987545,3195000.0,HalfCheetah-v3,TD3_Q2a3x64_1p
640,8237.180811025744,3200000.0,HalfCheetah-v3,TD3_Q2a3x64_1p
641,7623.450443601263,3205000.0,HalfCheetah-v3,TD3_Q2a3x64_1p
642,6164.720932203845,3210000.0,HalfCheetah-v3,TD3_Q2a3x64_1p
643,5169.733965400139,3215000.0,HalfCheetah-v3,TD3_Q2a3x64_1p
644,4032.9851128351,3220000.0,HalfCheetah-v3,TD3_Q2a3x64_1p
645,7993.000457676904,3225000.0,HalfCheetah-v3,TD3_Q2a3x64_1p
646,7598.461730074127,3230000.0,HalfCheetah-v3,TD3_Q2a3x64_1p
647,6683.195327824821,3235000.0,HalfCheetah-v3,TD3_Q2a3x64_1p
648,5416.816052012686,3240000.0,HalfCheetah-v3,TD3_Q2a3x64_1p
649,4928.3317998982775,3245000.0,HalfCheetah-v3,TD3_Q2a3x64_1p
650,8325.329887119851,3250000.0,HalfCheetah-v3,TD3_Q2a3x64_1p
651,7519.403819262305,3255000.0,HalfCheetah-v3,TD3_Q2a3x64_1p
652,5964.611832701668,3260000.0,HalfCheetah-v3,TD3_Q2a3x64_1p
653,5349.441434342314,3265000.0,HalfCheetah-v3,TD3_Q2a3x64_1p
654,4986.518210240182,3270000.0,HalfCheetah-v3,TD3_Q2a3x64_1p
655,8316.140433084527,3275000.0,HalfCheetah-v3,TD3_Q2a3x64_1p
656,7599.664095210983,3280000.0,HalfCheetah-v3,TD3_Q2a3x64_1p
657,6701.314032920741,3285000.0,HalfCheetah-v3,TD3_Q2a3x64_1p
658,5940.6625546014775,3290000.0,HalfCheetah-v3,TD3_Q2a3x64_1p
659,5146.959284540997,3295000.0,HalfCheetah-v3,TD3_Q2a3x64_1p
660,8406.935515529714,3300000.0,HalfCheetah-v3,TD3_Q2a3x64_1p
661,7648.503462753554,3305000.0,HalfCheetah-v3,TD3_Q2a3x64_1p
662,6584.170559398777,3310000.0,HalfCheetah-v3,TD3_Q2a3x64_1p
663,5801.111705860444,3315000.0,HalfCheetah-v3,TD3_Q2a3x64_1p
664,4538.370346467916,3320000.0,HalfCheetah-v3,TD3_Q2a3x64_1p
665,8378.507277388833,3325000.0,HalfCheetah-v3,TD3_Q2a3x64_1p
666,7519.997798488014,3330000.0,HalfCheetah-v3,TD3_Q2a3x64_1p
667,6303.834773275177,3335000.0,HalfCheetah-v3,TD3_Q2a3x64_1p
668,5391.3000522411285,3340000.0,HalfCheetah-v3,TD3_Q2a3x64_1p
669,5177.4941485131985,3345000.0,HalfCheetah-v3,TD3_Q2a3x64_1p
670,8407.174106088132,3350000.0,HalfCheetah-v3,TD3_Q2a3x64_1p
671,7652.754411834918,3355000.0,HalfCheetah-v3,TD3_Q2a3x64_1p
672,6557.224307795112,3360000.0,HalfCheetah-v3,TD3_Q2a3x64_1p
673,5853.074281171974,3365000.0,HalfCheetah-v3,TD3_Q2a3x64_1p
674,4975.6471025939045,3370000.0,HalfCheetah-v3,TD3_Q2a3x64_1p
675,8224.625840618031,3375000.0,HalfCheetah-v3,TD3_Q2a3x64_1p
676,7384.477632749168,3380000.0,HalfCheetah-v3,TD3_Q2a3x64_1p
677,6378.26957141434,3385000.0,HalfCheetah-v3,TD3_Q2a3x64_1p
678,5714.087589342444,3390000.0,HalfCheetah-v3,TD3_Q2a3x64_1p
679,4833.481255493845,3395000.0,HalfCheetah-v3,TD3_Q2a3x64_1p
680,8440.248201791102,3400000.0,HalfCheetah-v3,TD3_Q2a3x64_1p
681,7761.344206079217,3405000.0,HalfCheetah-v3,TD3_Q2a3x64_1p
682,6872.015349782759,3410000.0,HalfCheetah-v3,TD3_Q2a3x64_1p
683,5957.1403554870285,3415000.0,HalfCheetah-v3,TD3_Q2a3x64_1p
684,5166.871725478997,3420000.0,HalfCheetah-v3,TD3_Q2a3x64_1p
685,8521.288323573195,3425000.0,HalfCheetah-v3,TD3_Q2a3x64_1p
686,7619.932419486147,3430000.0,HalfCheetah-v3,TD3_Q2a3x64_1p
687,6521.400842425469,3435000.0,HalfCheetah-v3,TD3_Q2a3x64_1p
688,5564.121790250246,3440000.0,HalfCheetah-v3,TD3_Q2a3x64_1p
689,5021.310648707986,3445000.0,HalfCheetah-v3,TD3_Q2a3x64_1p
690,8490.288491373161,3450000.0,HalfCheetah-v3,TD3_Q2a3x64_1p
691,7579.146704549357,3455000.0,HalfCheetah-v3,TD3_Q2a3x64_1p
692,6566.243193917243,3460000.0,HalfCheetah-v3,TD3_Q2a3x64_1p
693,5600.823494758882,3465000.0,HalfCheetah-v3,TD3_Q2a3x64_1p
694,4889.2008609578215,3470000.0,HalfCheetah-v3,TD3_Q2a3x64_1p
695,8390.166630604836,3475000.0,HalfCheetah-v3,TD3_Q2a3x64_1p
696,7642.422570828628,3480000.0,HalfCheetah-v3,TD3_Q2a3x64_1p
697,6586.311689962107,3485000.0,HalfCheetah-v3,TD3_Q2a3x64_1p
698,5841.221577019679,3490000.0,HalfCheetah-v3,TD3_Q2a3x64_1p
699,4875.520282045687,3495000.0,HalfCheetah-v3,TD3_Q2a3x64_1p
700,8424.337240742485,3500000.0,HalfCheetah-v3,TD3_Q2a3x64_1p
701,7514.30365345779,3505000.0,HalfCheetah-v3,TD3_Q2a3x64_1p
702,6122.641261969886,3510000.0,HalfCheetah-v3,TD3_Q2a3x64_1p
703,5657.81670704144,3515000.0,HalfCheetah-v3,TD3_Q2a3x64_1p
704,4752.1105350073085,3520000.0,HalfCheetah-v3,TD3_Q2a3x64_1p
705,8555.034178108515,3525000.0,HalfCheetah-v3,TD3_Q2a3x64_1p
706,7821.27565233076,3530000.0,HalfCheetah-v3,TD3_Q2a3x64_1p
707,6557.48593558811,3535000.0,HalfCheetah-v3,TD3_Q2a3x64_1p
708,5713.6975087527735,3540000.0,HalfCheetah-v3,TD3_Q2a3x64_1p
709,4661.499664216762,3545000.0,HalfCheetah-v3,TD3_Q2a3x64_1p
710,8570.210718042097,3550000.0,HalfCheetah-v3,TD3_Q2a3x64_1p
711,7587.051543641693,3555000.0,HalfCheetah-v3,TD3_Q2a3x64_1p
712,6708.667315871145,3560000.0,HalfCheetah-v3,TD3_Q2a3x64_1p
713,5872.151410514925,3565000.0,HalfCheetah-v3,TD3_Q2a3x64_1p
714,4848.425842918912,3570000.0,HalfCheetah-v3,TD3_Q2a3x64_1p
715,8493.826825158576,3575000.0,HalfCheetah-v3,TD3_Q2a3x64_1p
716,7638.515758627991,3580000.0,HalfCheetah-v3,TD3_Q2a3x64_1p
717,6805.341601982122,3585000.0,HalfCheetah-v3,TD3_Q2a3x64_1p
718,5679.954043252217,3590000.0,HalfCheetah-v3,TD3_Q2a3x64_1p
719,4975.172067348965,3595000.0,HalfCheetah-v3,TD3_Q2a3x64_1p
720,8514.029333049195,3600000.0,HalfCheetah-v3,TD3_Q2a3x64_1p
721,7740.762517938332,3605000.0,HalfCheetah-v3,TD3_Q2a3x64_1p
722,6700.277955163106,3610000.0,HalfCheetah-v3,TD3_Q2a3x64_1p
723,5509.054360431654,3615000.0,HalfCheetah-v3,TD3_Q2a3x64_1p
724,4926.081042542172,3620000.0,HalfCheetah-v3,TD3_Q2a3x64_1p
725,8615.467872117682,3625000.0,HalfCheetah-v3,TD3_Q2a3x64_1p
726,7725.084636255466,3630000.0,HalfCheetah-v3,TD3_Q2a3x64_1p
727,6856.891310776376,3635000.0,HalfCheetah-v3,TD3_Q2a3x64_1p
728,5942.198286582492,3640000.0,HalfCheetah-v3,TD3_Q2a3x64_1p
729,5318.751850968401,3645000.0,HalfCheetah-v3,TD3_Q2a3x64_1p
730,8649.551102331057,3650000.0,HalfCheetah-v3,TD3_Q2a3x64_1p
731,7251.081738016424,3655000.0,HalfCheetah-v3,TD3_Q2a3x64_1p
732,6944.192236177197,3660000.0,HalfCheetah-v3,TD3_Q2a3x64_1p
733,5628.579083624104,3665000.0,HalfCheetah-v3,TD3_Q2a3x64_1p
734,5112.427568686318,3670000.0,HalfCheetah-v3,TD3_Q2a3x64_1p
735,8565.911287772262,3675000.0,HalfCheetah-v3,TD3_Q2a3x64_1p
736,7830.671397968889,3680000.0,HalfCheetah-v3,TD3_Q2a3x64_1p
737,6636.783733278964,3685000.0,HalfCheetah-v3,TD3_Q2a3x64_1p
738,5675.271274823157,3690000.0,HalfCheetah-v3,TD3_Q2a3x64_1p
739,5240.596606810921,3695000.0,HalfCheetah-v3,TD3_Q2a3x64_1p
740,8495.606779049109,3700000.0,HalfCheetah-v3,TD3_Q2a3x64_1p
741,7632.453367509469,3705000.0,HalfCheetah-v3,TD3_Q2a3x64_1p
742,6302.608788219794,3710000.0,HalfCheetah-v3,TD3_Q2a3x64_1p
743,5595.286014841308,3715000.0,HalfCheetah-v3,TD3_Q2a3x64_1p
744,4667.7655219078515,3720000.0,HalfCheetah-v3,TD3_Q2a3x64_1p
745,8713.111891460518,3725000.0,HalfCheetah-v3,TD3_Q2a3x64_1p
746,7536.721400155804,3730000.0,HalfCheetah-v3,TD3_Q2a3x64_1p
747,6932.270236180148,3735000.0,HalfCheetah-v3,TD3_Q2a3x64_1p
748,5732.991677387871,3740000.0,HalfCheetah-v3,TD3_Q2a3x64_1p
749,4681.051165061953,3745000.0,HalfCheetah-v3,TD3_Q2a3x64_1p
750,8553.493817869272,3750000.0,HalfCheetah-v3,TD3_Q2a3x64_1p
751,7767.130865780191,3755000.0,HalfCheetah-v3,TD3_Q2a3x64_1p
752,6842.147395075683,3760000.0,HalfCheetah-v3,TD3_Q2a3x64_1p
753,5870.534846864358,3765000.0,HalfCheetah-v3,TD3_Q2a3x64_1p
754,4483.943004897201,3770000.0,HalfCheetah-v3,TD3_Q2a3x64_1p
755,8584.432067370853,3775000.0,HalfCheetah-v3,TD3_Q2a3x64_1p
756,7664.852507071984,3780000.0,HalfCheetah-v3,TD3_Q2a3x64_1p
757,6798.72731442317,3785000.0,HalfCheetah-v3,TD3_Q2a3x64_1p
758,5911.71014788942,3790000.0,HalfCheetah-v3,TD3_Q2a3x64_1p
759,4891.93521481261,3795000.0,HalfCheetah-v3,TD3_Q2a3x64_1p
760,8497.00314894759,3800000.0,HalfCheetah-v3,TD3_Q2a3x64_1p
761,7445.444375575176,3805000.0,HalfCheetah-v3,TD3_Q2a3x64_1p
762,6562.917416818789,3810000.0,HalfCheetah-v3,TD3_Q2a3x64_1p
763,5741.0834057688535,3815000.0,HalfCheetah-v3,TD3_Q2a3x64_1p
764,4969.486077172474,3820000.0,HalfCheetah-v3,TD3_Q2a3x64_1p
765,8568.434658267684,3825000.0,HalfCheetah-v3,TD3_Q2a3x64_1p
766,7826.130062852183,3830000.0,HalfCheetah-v3,TD3_Q2a3x64_1p
767,6755.143097446722,3835000.0,HalfCheetah-v3,TD3_Q2a3x64_1p
768,5285.8238980203005,3840000.0,HalfCheetah-v3,TD3_Q2a3x64_1p
769,4943.080230847119,3845000.0,HalfCheetah-v3,TD3_Q2a3x64_1p
770,8545.852165254517,3850000.0,HalfCheetah-v3,TD3_Q2a3x64_1p
771,7546.414260693478,3855000.0,HalfCheetah-v3,TD3_Q2a3x64_1p
772,6759.182422156288,3860000.0,HalfCheetah-v3,TD3_Q2a3x64_1p
773,5744.599643390797,3865000.0,HalfCheetah-v3,TD3_Q2a3x64_1p
774,4997.079895561083,3870000.0,HalfCheetah-v3,TD3_Q2a3x64_1p
775,8610.67100700027,3875000.0,HalfCheetah-v3,TD3_Q2a3x64_1p
776,7669.745773432405,3880000.0,HalfCheetah-v3,TD3_Q2a3x64_1p
777,6370.4827312268835,3885000.0,HalfCheetah-v3,TD3_Q2a3x64_1p
778,5657.964990013095,3890000.0,HalfCheetah-v3,TD3_Q2a3x64_1p
779,5068.4357769398475,3895000.0,HalfCheetah-v3,TD3_Q2a3x64_1p
780,8605.379687332319,3900000.0,HalfCheetah-v3,TD3_Q2a3x64_1p
781,7741.825367108674,3905000.0,HalfCheetah-v3,TD3_Q2a3x64_1p
782,6660.02075274016,3910000.0,HalfCheetah-v3,TD3_Q2a3x64_1p
783,5902.412396549412,3915000.0,HalfCheetah-v3,TD3_Q2a3x64_1p
784,5168.877596187973,3920000.0,HalfCheetah-v3,TD3_Q2a3x64_1p
785,8636.128177794033,3925000.0,HalfCheetah-v3,TD3_Q2a3x64_1p
786,7633.737175605906,3930000.0,HalfCheetah-v3,TD3_Q2a3x64_1p
787,6520.529135032368,3935000.0,HalfCheetah-v3,TD3_Q2a3x64_1p
788,5742.665743308758,3940000.0,HalfCheetah-v3,TD3_Q2a3x64_1p
789,4883.066700758695,3945000.0,HalfCheetah-v3,TD3_Q2a3x64_1p
790,8393.846432329696,3950000.0,HalfCheetah-v3,TD3_Q2a3x64_1p
791,7634.433360860568,3955000.0,HalfCheetah-v3,TD3_Q2a3x64_1p
792,6709.105879695725,3960000.0,HalfCheetah-v3,TD3_Q2a3x64_1p
793,5809.16064646858,3965000.0,HalfCheetah-v3,TD3_Q2a3x64_1p
794,5117.254319984089,3970000.0,HalfCheetah-v3,TD3_Q2a3x64_1p
795,8768.23530184827,3975000.0,HalfCheetah-v3,TD3_Q2a3x64_1p
796,7687.155082624735,3980000.0,HalfCheetah-v3,TD3_Q2a3x64_1p
797,6827.590194565841,3985000.0,HalfCheetah-v3,TD3_Q2a3x64_1p
798,6002.754837388068,3990000.0,HalfCheetah-v3,TD3_Q2a3x64_1p
799,5073.966963235674,3995000.0,HalfCheetah-v3,TD3_Q2a3x64_1p
800,8584.473030618796,4000000.0,HalfCheetah-v3,TD3_Q2a3x64_1p
801,7498.278305554716,4005000.0,HalfCheetah-v3,TD3_Q2a3x64_1p
802,6450.582536047878,4010000.0,HalfCheetah-v3,TD3_Q2a3x64_1p
803,5761.627590090162,4015000.0,HalfCheetah-v3,TD3_Q2a3x64_1p
804,4996.024742731785,4020000.0,HalfCheetah-v3,TD3_Q2a3x64_1p
805,8639.881198791827,4025000.0,HalfCheetah-v3,TD3_Q2a3x64_1p
806,7798.96135907742,4030000.0,HalfCheetah-v3,TD3_Q2a3x64_1p
807,6753.920777324534,4035000.0,HalfCheetah-v3,TD3_Q2a3x64_1p
808,5945.733352689609,4040000.0,HalfCheetah-v3,TD3_Q2a3x64_1p
809,5268.447900423913,4045000.0,HalfCheetah-v3,TD3_Q2a3x64_1p
810,8528.018992243673,4050000.0,HalfCheetah-v3,TD3_Q2a3x64_1p
811,7755.623473599318,4055000.0,HalfCheetah-v3,TD3_Q2a3x64_1p
812,6762.953763823762,4060000.0,HalfCheetah-v3,TD3_Q2a3x64_1p
813,5895.021785894813,4065000.0,HalfCheetah-v3,TD3_Q2a3x64_1p
814,4693.103961262818,4070000.0,HalfCheetah-v3,TD3_Q2a3x64_1p
815,8653.219638628514,4075000.0,HalfCheetah-v3,TD3_Q2a3x64_1p
816,7777.327341761787,4080000.0,HalfCheetah-v3,TD3_Q2a3x64_1p
817,6655.122968545232,4085000.0,HalfCheetah-v3,TD3_Q2a3x64_1p
818,5807.8122188832185,4090000.0,HalfCheetah-v3,TD3_Q2a3x64_1p
819,4870.367071718912,4095000.0,HalfCheetah-v3,TD3_Q2a3x64_1p
820,8892.8535493311,4100000.0,HalfCheetah-v3,TD3_Q2a3x64_1p
821,7663.374091568311,4105000.0,HalfCheetah-v3,TD3_Q2a3x64_1p
822,5873.755579749984,4110000.0,HalfCheetah-v3,TD3_Q2a3x64_1p
823,5818.959644083217,4115000.0,HalfCheetah-v3,TD3_Q2a3x64_1p
824,4833.807213153477,4120000.0,HalfCheetah-v3,TD3_Q2a3x64_1p
825,8538.050303536274,4125000.0,HalfCheetah-v3,TD3_Q2a3x64_1p
826,7734.366405278015,4130000.0,HalfCheetah-v3,TD3_Q2a3x64_1p
827,6885.9431932162115,4135000.0,HalfCheetah-v3,TD3_Q2a3x64_1p
828,5991.8358419069,4140000.0,HalfCheetah-v3,TD3_Q2a3x64_1p
829,5208.197806397767,4145000.0,HalfCheetah-v3,TD3_Q2a3x64_1p
830,8691.458148171316,4150000.0,HalfCheetah-v3,TD3_Q2a3x64_1p
831,7810.02455864658,4155000.0,HalfCheetah-v3,TD3_Q2a3x64_1p
832,6932.699940957301,4160000.0,HalfCheetah-v3,TD3_Q2a3x64_1p
833,5934.912580444566,4165000.0,HalfCheetah-v3,TD3_Q2a3x64_1p
834,4926.360650886183,4170000.0,HalfCheetah-v3,TD3_Q2a3x64_1p
835,8744.060517631227,4175000.0,HalfCheetah-v3,TD3_Q2a3x64_1p
836,7857.574889903825,4180000.0,HalfCheetah-v3,TD3_Q2a3x64_1p
837,6720.562238126161,4185000.0,HalfCheetah-v3,TD3_Q2a3x64_1p
838,6105.190182641205,4190000.0,HalfCheetah-v3,TD3_Q2a3x64_1p
839,5138.252432462579,4195000.0,HalfCheetah-v3,TD3_Q2a3x64_1p
840,8707.635219561,4200000.0,HalfCheetah-v3,TD3_Q2a3x64_1p
841,7780.4480694111935,4205000.0,HalfCheetah-v3,TD3_Q2a3x64_1p
842,6703.920577530608,4210000.0,HalfCheetah-v3,TD3_Q2a3x64_1p
843,5364.233633913308,4215000.0,HalfCheetah-v3,TD3_Q2a3x64_1p
844,4716.758608770592,4220000.0,HalfCheetah-v3,TD3_Q2a3x64_1p
845,8767.907290318914,4225000.0,HalfCheetah-v3,TD3_Q2a3x64_1p
846,7903.414358432063,4230000.0,HalfCheetah-v3,TD3_Q2a3x64_1p
847,6612.815624478004,4235000.0,HalfCheetah-v3,TD3_Q2a3x64_1p
848,6014.863195503605,4240000.0,HalfCheetah-v3,TD3_Q2a3x64_1p
849,5096.754011026181,4245000.0,HalfCheetah-v3,TD3_Q2a3x64_1p
850,8660.733774415772,4250000.0,HalfCheetah-v3,TD3_Q2a3x64_1p
851,7845.929589249647,4255000.0,HalfCheetah-v3,TD3_Q2a3x64_1p
852,6688.237575878187,4260000.0,HalfCheetah-v3,TD3_Q2a3x64_1p
853,5769.603931719443,4265000.0,HalfCheetah-v3,TD3_Q2a3x64_1p
854,4800.919528634966,4270000.0,HalfCheetah-v3,TD3_Q2a3x64_1p
855,8951.824431314139,4275000.0,HalfCheetah-v3,TD3_Q2a3x64_1p
856,7483.1195668379105,4280000.0,HalfCheetah-v3,TD3_Q2a3x64_1p
857,6817.328897612239,4285000.0,HalfCheetah-v3,TD3_Q2a3x64_1p
858,5870.078265639466,4290000.0,HalfCheetah-v3,TD3_Q2a3x64_1p
859,5151.075593989095,4295000.0,HalfCheetah-v3,TD3_Q2a3x64_1p
860,8876.724363619804,4300000.0,HalfCheetah-v3,TD3_Q2a3x64_1p
861,7829.899844301872,4305000.0,HalfCheetah-v3,TD3_Q2a3x64_1p
862,6814.387962864392,4310000.0,HalfCheetah-v3,TD3_Q2a3x64_1p
863,5745.691464380756,4315000.0,HalfCheetah-v3,TD3_Q2a3x64_1p
864,5014.976331544139,4320000.0,HalfCheetah-v3,TD3_Q2a3x64_1p
865,8845.33261714977,4325000.0,HalfCheetah-v3,TD3_Q2a3x64_1p
866,7816.789678656994,4330000.0,HalfCheetah-v3,TD3_Q2a3x64_1p
867,6673.5783133382265,4335000.0,HalfCheetah-v3,TD3_Q2a3x64_1p
868,5839.985556414964,4340000.0,HalfCheetah-v3,TD3_Q2a3x64_1p
869,5011.438407058367,4345000.0,HalfCheetah-v3,TD3_Q2a3x64_1p
870,9004.27048373072,4350000.0,HalfCheetah-v3,TD3_Q2a3x64_1p
871,7853.962414247241,4355000.0,HalfCheetah-v3,TD3_Q2a3x64_1p
872,6910.6010882153105,4360000.0,HalfCheetah-v3,TD3_Q2a3x64_1p
873,6029.475278257909,4365000.0,HalfCheetah-v3,TD3_Q2a3x64_1p
874,4878.1388660037355,4370000.0,HalfCheetah-v3,TD3_Q2a3x64_1p
875,8905.910652417382,4375000.0,HalfCheetah-v3,TD3_Q2a3x64_1p
876,7996.947844760907,4380000.0,HalfCheetah-v3,TD3_Q2a3x64_1p
877,6669.230816118283,4385000.0,HalfCheetah-v3,TD3_Q2a3x64_1p
878,5926.485741184176,4390000.0,HalfCheetah-v3,TD3_Q2a3x64_1p
879,5006.708097549292,4395000.0,HalfCheetah-v3,TD3_Q2a3x64_1p
880,8804.703859664201,4400000.0,HalfCheetah-v3,TD3_Q2a3x64_1p
881,7801.828968462583,4405000.0,HalfCheetah-v3,TD3_Q2a3x64_1p
882,6829.001141982188,4410000.0,HalfCheetah-v3,TD3_Q2a3x64_1p
883,5745.129677063978,4415000.0,HalfCheetah-v3,TD3_Q2a3x64_1p
884,4333.045920689083,4420000.0,HalfCheetah-v3,TD3_Q2a3x64_1p
885,8881.120605586158,4425000.0,HalfCheetah-v3,TD3_Q2a3x64_1p
886,7956.122061678072,4430000.0,HalfCheetah-v3,TD3_Q2a3x64_1p
887,6648.5627628964985,4435000.0,HalfCheetah-v3,TD3_Q2a3x64_1p
888,5961.844185851345,4440000.0,HalfCheetah-v3,TD3_Q2a3x64_1p
889,5134.59621067449,4445000.0,HalfCheetah-v3,TD3_Q2a3x64_1p
890,8837.482750550436,4450000.0,HalfCheetah-v3,TD3_Q2a3x64_1p
891,7743.744132199461,4455000.0,HalfCheetah-v3,TD3_Q2a3x64_1p
892,6658.88279007901,4460000.0,HalfCheetah-v3,TD3_Q2a3x64_1p
893,5702.476590298095,4465000.0,HalfCheetah-v3,TD3_Q2a3x64_1p
894,4787.467446579949,4470000.0,HalfCheetah-v3,TD3_Q2a3x64_1p
895,8942.236044445994,4475000.0,HalfCheetah-v3,TD3_Q2a3x64_1p
896,7895.5485474189045,4480000.0,HalfCheetah-v3,TD3_Q2a3x64_1p
897,6906.246469951691,4485000.0,HalfCheetah-v3,TD3_Q2a3x64_1p
898,5954.145780931494,4490000.0,HalfCheetah-v3,TD3_Q2a3x64_1p
899,5068.359649393438,4495000.0,HalfCheetah-v3,TD3_Q2a3x64_1p
900,8949.716899844729,4500000.0,HalfCheetah-v3,TD3_Q2a3x64_1p
901,8017.797139215084,4505000.0,HalfCheetah-v3,TD3_Q2a3x64_1p
902,6968.688850518604,4510000.0,HalfCheetah-v3,TD3_Q2a3x64_1p
903,6010.695313949438,4515000.0,HalfCheetah-v3,TD3_Q2a3x64_1p
904,5156.559164230248,4520000.0,HalfCheetah-v3,TD3_Q2a3x64_1p
905,8873.077117108176,4525000.0,HalfCheetah-v3,TD3_Q2a3x64_1p
906,7858.495082620383,4530000.0,HalfCheetah-v3,TD3_Q2a3x64_1p
907,6883.903363005634,4535000.0,HalfCheetah-v3,TD3_Q2a3x64_1p
908,6014.5070216605145,4540000.0,HalfCheetah-v3,TD3_Q2a3x64_1p
909,5113.34678044847,4545000.0,HalfCheetah-v3,TD3_Q2a3x64_1p
910,8813.950038197227,4550000.0,HalfCheetah-v3,TD3_Q2a3x64_1p
911,7811.155044158397,4555000.0,HalfCheetah-v3,TD3_Q2a3x64_1p
912,6785.754795547733,4560000.0,HalfCheetah-v3,TD3_Q2a3x64_1p
913,5217.5957099057005,4565000.0,HalfCheetah-v3,TD3_Q2a3x64_1p
914,4810.412615041159,4570000.0,HalfCheetah-v3,TD3_Q2a3x64_1p
915,8789.60801544847,4575000.0,HalfCheetah-v3,TD3_Q2a3x64_1p
916,7910.808877834135,4580000.0,HalfCheetah-v3,TD3_Q2a3x64_1p
917,6834.263676125874,4585000.0,HalfCheetah-v3,TD3_Q2a3x64_1p
918,6015.850982271822,4590000.0,HalfCheetah-v3,TD3_Q2a3x64_1p
919,5293.4283036815405,4595000.0,HalfCheetah-v3,TD3_Q2a3x64_1p
920,8898.077407805908,4600000.0,HalfCheetah-v3,TD3_Q2a3x64_1p
921,7954.650985401187,4605000.0,HalfCheetah-v3,TD3_Q2a3x64_1p
922,6946.9276672996875,4610000.0,HalfCheetah-v3,TD3_Q2a3x64_1p
923,5995.78300491589,4615000.0,HalfCheetah-v3,TD3_Q2a3x64_1p
924,5070.647093427714,4620000.0,HalfCheetah-v3,TD3_Q2a3x64_1p
925,8900.44047740506,4625000.0,HalfCheetah-v3,TD3_Q2a3x64_1p
926,7931.663024930594,4630000.0,HalfCheetah-v3,TD3_Q2a3x64_1p
927,6964.867551019392,4635000.0,HalfCheetah-v3,TD3_Q2a3x64_1p
928,5699.067932389063,4640000.0,HalfCheetah-v3,TD3_Q2a3x64_1p
929,4832.773723044812,4645000.0,HalfCheetah-v3,TD3_Q2a3x64_1p
930,8883.639935254472,4650000.0,HalfCheetah-v3,TD3_Q2a3x64_1p
931,7893.6288884299265,4655000.0,HalfCheetah-v3,TD3_Q2a3x64_1p
932,6838.40208347214,4660000.0,HalfCheetah-v3,TD3_Q2a3x64_1p
933,5877.417128745066,4665000.0,HalfCheetah-v3,TD3_Q2a3x64_1p
934,4747.588067942678,4670000.0,HalfCheetah-v3,TD3_Q2a3x64_1p
935,8773.832208996791,4675000.0,HalfCheetah-v3,TD3_Q2a3x64_1p
936,7599.771579765182,4680000.0,HalfCheetah-v3,TD3_Q2a3x64_1p
937,6691.686443621188,4685000.0,HalfCheetah-v3,TD3_Q2a3x64_1p
938,4943.2389405721915,4690000.0,HalfCheetah-v3,TD3_Q2a3x64_1p
939,4974.614432529307,4695000.0,HalfCheetah-v3,TD3_Q2a3x64_1p
940,9054.066859426115,4700000.0,HalfCheetah-v3,TD3_Q2a3x64_1p
941,7262.9701476716145,4705000.0,HalfCheetah-v3,TD3_Q2a3x64_1p
942,6770.2571230261365,4710000.0,HalfCheetah-v3,TD3_Q2a3x64_1p
943,6153.86523269156,4715000.0,HalfCheetah-v3,TD3_Q2a3x64_1p
944,5225.398147401634,4720000.0,HalfCheetah-v3,TD3_Q2a3x64_1p
945,8923.104320076323,4725000.0,HalfCheetah-v3,TD3_Q2a3x64_1p
946,7873.361794895408,4730000.0,HalfCheetah-v3,TD3_Q2a3x64_1p
947,6895.180520982336,4735000.0,HalfCheetah-v3,TD3_Q2a3x64_1p
948,5525.920079359335,4740000.0,HalfCheetah-v3,TD3_Q2a3x64_1p
949,4934.196849864066,4745000.0,HalfCheetah-v3,TD3_Q2a3x64_1p
950,8978.944117034514,4750000.0,HalfCheetah-v3,TD3_Q2a3x64_1p
951,7916.933784163417,4755000.0,HalfCheetah-v3,TD3_Q2a3x64_1p
952,6951.765934463666,4760000.0,HalfCheetah-v3,TD3_Q2a3x64_1p
953,5496.297690517253,4765000.0,HalfCheetah-v3,TD3_Q2a3x64_1p
954,5170.7717680215965,4770000.0,HalfCheetah-v3,TD3_Q2a3x64_1p
955,8462.054723706387,4775000.0,HalfCheetah-v3,TD3_Q2a3x64_1p
956,7893.770655765778,4780000.0,HalfCheetah-v3,TD3_Q2a3x64_1p
957,6971.16179212315,4785000.0,HalfCheetah-v3,TD3_Q2a3x64_1p
958,5936.989828386832,4790000.0,HalfCheetah-v3,TD3_Q2a3x64_1p
959,5085.61037743228,4795000.0,HalfCheetah-v3,TD3_Q2a3x64_1p
960,9037.361109293424,4800000.0,HalfCheetah-v3,TD3_Q2a3x64_1p
961,7899.198950162905,4805000.0,HalfCheetah-v3,TD3_Q2a3x64_1p
962,6797.2626646918825,4810000.0,HalfCheetah-v3,TD3_Q2a3x64_1p
963,5610.282795636313,4815000.0,HalfCheetah-v3,TD3_Q2a3x64_1p
964,5139.910098296264,4820000.0,HalfCheetah-v3,TD3_Q2a3x64_1p
965,8967.0917965398,4825000.0,HalfCheetah-v3,TD3_Q2a3x64_1p
966,7737.84668039051,4830000.0,HalfCheetah-v3,TD3_Q2a3x64_1p
967,6583.267934698498,4835000.0,HalfCheetah-v3,TD3_Q2a3x64_1p
968,5768.549424457555,4840000.0,HalfCheetah-v3,TD3_Q2a3x64_1p
969,5075.7144222546785,4845000.0,HalfCheetah-v3,TD3_Q2a3x64_1p
970,9024.022543339137,4850000.0,HalfCheetah-v3,TD3_Q2a3x64_1p
971,7868.674404211917,4855000.0,HalfCheetah-v3,TD3_Q2a3x64_1p
972,6801.031985960863,4860000.0,HalfCheetah-v3,TD3_Q2a3x64_1p
973,5901.47336241737,4865000.0,HalfCheetah-v3,TD3_Q2a3x64_1p
974,4668.043148700186,4870000.0,HalfCheetah-v3,TD3_Q2a3x64_1p
975,8809.27223158717,4875000.0,HalfCheetah-v3,TD3_Q2a3x64_1p
976,7495.409195056277,4880000.0,HalfCheetah-v3,TD3_Q2a3x64_1p
977,6680.554597541815,4885000.0,HalfCheetah-v3,TD3_Q2a3x64_1p
978,5704.033437923498,4890000.0,HalfCheetah-v3,TD3_Q2a3x64_1p
979,4776.9537835364345,4895000.0,HalfCheetah-v3,TD3_Q2a3x64_1p
980,8987.556046811576,4900000.0,HalfCheetah-v3,TD3_Q2a3x64_1p
981,7947.828628530214,4905000.0,HalfCheetah-v3,TD3_Q2a3x64_1p
982,6619.263426316626,4910000.0,HalfCheetah-v3,TD3_Q2a3x64_1p
983,5894.738818824522,4915000.0,HalfCheetah-v3,TD3_Q2a3x64_1p
984,5027.162480484998,4920000.0,HalfCheetah-v3,TD3_Q2a3x64_1p
985,9018.049710330935,4925000.0,HalfCheetah-v3,TD3_Q2a3x64_1p
986,7992.456994222688,4930000.0,HalfCheetah-v3,TD3_Q2a3x64_1p
987,6555.9197475835535,4935000.0,HalfCheetah-v3,TD3_Q2a3x64_1p
988,5493.1581981382315,4940000.0,HalfCheetah-v3,TD3_Q2a3x64_1p
989,5457.069249887901,4945000.0,HalfCheetah-v3,TD3_Q2a3x64_1p
990,9021.938691097394,4950000.0,HalfCheetah-v3,TD3_Q2a3x64_1p
991,7758.534682025769,4955000.0,HalfCheetah-v3,TD3_Q2a3x64_1p
992,7003.012569466098,4960000.0,HalfCheetah-v3,TD3_Q2a3x64_1p
993,4968.6061314032795,4965000.0,HalfCheetah-v3,TD3_Q2a3x64_1p
994,5172.623782252946,4970000.0,HalfCheetah-v3,TD3_Q2a3x64_1p
995,9158.541688724197,4975000.0,HalfCheetah-v3,TD3_Q2a3x64_1p
996,8043.727868946623,4980000.0,HalfCheetah-v3,TD3_Q2a3x64_1p
997,6754.789212358638,4985000.0,HalfCheetah-v3,TD3_Q2a3x64_1p
998,6007.276913904705,4990000.0,HalfCheetah-v3,TD3_Q2a3x64_1p
999,4898.480617361221,4995000.0,HalfCheetah-v3,TD3_Q2a3x64_1p
