index,Average Return,Timesteps,env,algorithm_name
0,-91.9317942889864,0.0,HalfCheetah-v3,TD3_Q2a1x64_1p5
1,-4.325701510675151,5000.0,HalfCheetah-v3,TD3_Q2a1x64_1p5
2,-199.85955549579242,10000.0,HalfCheetah-v3,TD3_Q2a1x64_1p5
3,-490.5785516866457,15000.0,HalfCheetah-v3,TD3_Q2a1x64_1p5
4,-520.3384812450674,20000.0,HalfCheetah-v3,TD3_Q2a1x64_1p5
5,-278.69277324150056,25000.0,HalfCheetah-v3,TD3_Q2a1x64_1p5
6,50.73146015587686,30000.0,HalfCheetah-v3,TD3_Q2a1x64_1p5
7,1052.6851800833163,35000.0,HalfCheetah-v3,TD3_Q2a1x64_1p5
8,1378.646802180417,40000.0,HalfCheetah-v3,TD3_Q2a1x64_1p5
9,2777.429416368963,45000.0,HalfCheetah-v3,TD3_Q2a1x64_1p5
10,1869.427765198559,50000.0,HalfCheetah-v3,TD3_Q2a1x64_1p5
11,1709.3838564013192,55000.0,HalfCheetah-v3,TD3_Q2a1x64_1p5
12,2079.86006574791,60000.0,HalfCheetah-v3,TD3_Q2a1x64_1p5
13,2143.9855394271153,65000.0,HalfCheetah-v3,TD3_Q2a1x64_1p5
14,1661.6767435914105,70000.0,HalfCheetah-v3,TD3_Q2a1x64_1p5
15,3071.976087421231,75000.0,HalfCheetah-v3,TD3_Q2a1x64_1p5
16,3262.863546761434,80000.0,HalfCheetah-v3,TD3_Q2a1x64_1p5
17,4013.8140470208577,85000.0,HalfCheetah-v3,TD3_Q2a1x64_1p5
18,4018.4544637749204,90000.0,HalfCheetah-v3,TD3_Q2a1x64_1p5
19,4175.788427283098,95000.0,HalfCheetah-v3,TD3_Q2a1x64_1p5
20,4801.309984764978,100000.0,HalfCheetah-v3,TD3_Q2a1x64_1p5
21,4592.559488304223,105000.0,HalfCheetah-v3,TD3_Q2a1x64_1p5
22,4450.838581814562,110000.0,HalfCheetah-v3,TD3_Q2a1x64_1p5
23,4396.9339535756835,115000.0,HalfCheetah-v3,TD3_Q2a1x64_1p5
24,4627.274822623288,120000.0,HalfCheetah-v3,TD3_Q2a1x64_1p5
25,4168.578763561012,125000.0,HalfCheetah-v3,TD3_Q2a1x64_1p5
26,5094.371254254531,130000.0,HalfCheetah-v3,TD3_Q2a1x64_1p5
27,5005.258333208995,135000.0,HalfCheetah-v3,TD3_Q2a1x64_1p5
28,5165.179814835036,140000.0,HalfCheetah-v3,TD3_Q2a1x64_1p5
29,5295.323011068881,145000.0,HalfCheetah-v3,TD3_Q2a1x64_1p5
30,5125.331921361803,150000.0,HalfCheetah-v3,TD3_Q2a1x64_1p5
31,5351.182375312006,155000.0,HalfCheetah-v3,TD3_Q2a1x64_1p5
32,5557.039321758264,160000.0,HalfCheetah-v3,TD3_Q2a1x64_1p5
33,5109.015453621896,165000.0,HalfCheetah-v3,TD3_Q2a1x64_1p5
34,5485.06756793817,170000.0,HalfCheetah-v3,TD3_Q2a1x64_1p5
35,4028.8260654371234,175000.0,HalfCheetah-v3,TD3_Q2a1x64_1p5
36,5587.375043920697,180000.0,HalfCheetah-v3,TD3_Q2a1x64_1p5
37,5751.496938067928,185000.0,HalfCheetah-v3,TD3_Q2a1x64_1p5
38,5634.2803813465935,190000.0,HalfCheetah-v3,TD3_Q2a1x64_1p5
39,5794.685313973207,195000.0,HalfCheetah-v3,TD3_Q2a1x64_1p5
40,5631.365038727766,200000.0,HalfCheetah-v3,TD3_Q2a1x64_1p5
41,5890.696453761791,205000.0,HalfCheetah-v3,TD3_Q2a1x64_1p5
42,5964.8036309772515,210000.0,HalfCheetah-v3,TD3_Q2a1x64_1p5
43,5206.413011746555,215000.0,HalfCheetah-v3,TD3_Q2a1x64_1p5
44,6001.144194345721,220000.0,HalfCheetah-v3,TD3_Q2a1x64_1p5
45,5857.570256974792,225000.0,HalfCheetah-v3,TD3_Q2a1x64_1p5
46,5929.255845359379,230000.0,HalfCheetah-v3,TD3_Q2a1x64_1p5
47,6025.808365574683,235000.0,HalfCheetah-v3,TD3_Q2a1x64_1p5
48,5863.177616691386,240000.0,HalfCheetah-v3,TD3_Q2a1x64_1p5
49,5997.302796561079,245000.0,HalfCheetah-v3,TD3_Q2a1x64_1p5
50,6119.283666403252,250000.0,HalfCheetah-v3,TD3_Q2a1x64_1p5
51,5976.253064155506,255000.0,HalfCheetah-v3,TD3_Q2a1x64_1p5
52,6187.297952095558,260000.0,HalfCheetah-v3,TD3_Q2a1x64_1p5
53,6007.084223451887,265000.0,HalfCheetah-v3,TD3_Q2a1x64_1p5
54,6109.290987537841,270000.0,HalfCheetah-v3,TD3_Q2a1x64_1p5
55,6176.85448008743,275000.0,HalfCheetah-v3,TD3_Q2a1x64_1p5
56,6136.012480486984,280000.0,HalfCheetah-v3,TD3_Q2a1x64_1p5
57,6261.51647466493,285000.0,HalfCheetah-v3,TD3_Q2a1x64_1p5
58,6266.272027743627,290000.0,HalfCheetah-v3,TD3_Q2a1x64_1p5
59,6224.036953254721,295000.0,HalfCheetah-v3,TD3_Q2a1x64_1p5
60,5656.780792489209,300000.0,HalfCheetah-v3,TD3_Q2a1x64_1p5
61,6287.862244600291,305000.0,HalfCheetah-v3,TD3_Q2a1x64_1p5
62,6328.303759631473,310000.0,HalfCheetah-v3,TD3_Q2a1x64_1p5
63,6267.743333585158,315000.0,HalfCheetah-v3,TD3_Q2a1x64_1p5
64,6363.44485461326,320000.0,HalfCheetah-v3,TD3_Q2a1x64_1p5
65,6404.6378616862185,325000.0,HalfCheetah-v3,TD3_Q2a1x64_1p5
66,6352.22639764345,330000.0,HalfCheetah-v3,TD3_Q2a1x64_1p5
67,6408.975748793031,335000.0,HalfCheetah-v3,TD3_Q2a1x64_1p5
68,6406.360560090541,340000.0,HalfCheetah-v3,TD3_Q2a1x64_1p5
69,6373.719748380635,345000.0,HalfCheetah-v3,TD3_Q2a1x64_1p5
70,6369.436152506997,350000.0,HalfCheetah-v3,TD3_Q2a1x64_1p5
71,6312.439482693689,355000.0,HalfCheetah-v3,TD3_Q2a1x64_1p5
72,6429.850187440825,360000.0,HalfCheetah-v3,TD3_Q2a1x64_1p5
73,6492.446595527746,365000.0,HalfCheetah-v3,TD3_Q2a1x64_1p5
74,6379.42396272248,370000.0,HalfCheetah-v3,TD3_Q2a1x64_1p5
75,6569.907936402591,375000.0,HalfCheetah-v3,TD3_Q2a1x64_1p5
76,6471.569655751716,380000.0,HalfCheetah-v3,TD3_Q2a1x64_1p5
77,6265.4670535579,385000.0,HalfCheetah-v3,TD3_Q2a1x64_1p5
78,6512.770513143585,390000.0,HalfCheetah-v3,TD3_Q2a1x64_1p5
79,6539.509225563363,395000.0,HalfCheetah-v3,TD3_Q2a1x64_1p5
80,6546.102895662093,400000.0,HalfCheetah-v3,TD3_Q2a1x64_1p5
81,6630.684113256309,405000.0,HalfCheetah-v3,TD3_Q2a1x64_1p5
82,6585.112436520886,410000.0,HalfCheetah-v3,TD3_Q2a1x64_1p5
83,6650.8748583404595,415000.0,HalfCheetah-v3,TD3_Q2a1x64_1p5
84,6679.982066176011,420000.0,HalfCheetah-v3,TD3_Q2a1x64_1p5
85,6595.722890604919,425000.0,HalfCheetah-v3,TD3_Q2a1x64_1p5
86,6563.979330648939,430000.0,HalfCheetah-v3,TD3_Q2a1x64_1p5
87,6607.114186068335,435000.0,HalfCheetah-v3,TD3_Q2a1x64_1p5
88,6688.614893519689,440000.0,HalfCheetah-v3,TD3_Q2a1x64_1p5
89,6549.206986699809,445000.0,HalfCheetah-v3,TD3_Q2a1x64_1p5
90,6692.48544919722,450000.0,HalfCheetah-v3,TD3_Q2a1x64_1p5
91,6621.450841239547,455000.0,HalfCheetah-v3,TD3_Q2a1x64_1p5
92,6648.9978891087985,460000.0,HalfCheetah-v3,TD3_Q2a1x64_1p5
93,6705.2430885884505,465000.0,HalfCheetah-v3,TD3_Q2a1x64_1p5
94,6560.568517598498,470000.0,HalfCheetah-v3,TD3_Q2a1x64_1p5
95,6655.624872809062,475000.0,HalfCheetah-v3,TD3_Q2a1x64_1p5
96,6606.575873727309,480000.0,HalfCheetah-v3,TD3_Q2a1x64_1p5
97,5912.690623489807,485000.0,HalfCheetah-v3,TD3_Q2a1x64_1p5
98,6601.045253003818,490000.0,HalfCheetah-v3,TD3_Q2a1x64_1p5
99,6681.591535075793,495000.0,HalfCheetah-v3,TD3_Q2a1x64_1p5
100,6593.191862734774,500000.0,HalfCheetah-v3,TD3_Q2a1x64_1p5
101,6353.6202209371095,505000.0,HalfCheetah-v3,TD3_Q2a1x64_1p5
102,6729.3449365982715,510000.0,HalfCheetah-v3,TD3_Q2a1x64_1p5
103,6763.852420587469,515000.0,HalfCheetah-v3,TD3_Q2a1x64_1p5
104,6664.961146825955,520000.0,HalfCheetah-v3,TD3_Q2a1x64_1p5
105,6757.517796073623,525000.0,HalfCheetah-v3,TD3_Q2a1x64_1p5
106,6647.4211830062895,530000.0,HalfCheetah-v3,TD3_Q2a1x64_1p5
107,6803.951413823395,535000.0,HalfCheetah-v3,TD3_Q2a1x64_1p5
108,6750.628438991969,540000.0,HalfCheetah-v3,TD3_Q2a1x64_1p5
109,6648.088945818458,545000.0,HalfCheetah-v3,TD3_Q2a1x64_1p5
110,6931.916230582159,550000.0,HalfCheetah-v3,TD3_Q2a1x64_1p5
111,6767.122735744384,555000.0,HalfCheetah-v3,TD3_Q2a1x64_1p5
112,6751.126894093846,560000.0,HalfCheetah-v3,TD3_Q2a1x64_1p5
113,6750.781118450502,565000.0,HalfCheetah-v3,TD3_Q2a1x64_1p5
114,6716.686044092549,570000.0,HalfCheetah-v3,TD3_Q2a1x64_1p5
115,6810.779076038813,575000.0,HalfCheetah-v3,TD3_Q2a1x64_1p5
116,6966.413113192012,580000.0,HalfCheetah-v3,TD3_Q2a1x64_1p5
117,6923.527894171299,585000.0,HalfCheetah-v3,TD3_Q2a1x64_1p5
118,6941.0512851613485,590000.0,HalfCheetah-v3,TD3_Q2a1x64_1p5
119,6893.562361666234,595000.0,HalfCheetah-v3,TD3_Q2a1x64_1p5
120,6954.520429821746,600000.0,HalfCheetah-v3,TD3_Q2a1x64_1p5
121,6731.654377043791,605000.0,HalfCheetah-v3,TD3_Q2a1x64_1p5
122,7051.610720486581,610000.0,HalfCheetah-v3,TD3_Q2a1x64_1p5
123,7012.105491376684,615000.0,HalfCheetah-v3,TD3_Q2a1x64_1p5
124,7083.114375067026,620000.0,HalfCheetah-v3,TD3_Q2a1x64_1p5
125,7070.30341997227,625000.0,HalfCheetah-v3,TD3_Q2a1x64_1p5
126,7137.191157050447,630000.0,HalfCheetah-v3,TD3_Q2a1x64_1p5
127,7083.571154374583,635000.0,HalfCheetah-v3,TD3_Q2a1x64_1p5
128,7124.626955584917,640000.0,HalfCheetah-v3,TD3_Q2a1x64_1p5
129,7032.620144909475,645000.0,HalfCheetah-v3,TD3_Q2a1x64_1p5
130,7080.689854109315,650000.0,HalfCheetah-v3,TD3_Q2a1x64_1p5
131,7215.617390741974,655000.0,HalfCheetah-v3,TD3_Q2a1x64_1p5
132,7275.293774616611,660000.0,HalfCheetah-v3,TD3_Q2a1x64_1p5
133,7253.8040208934035,665000.0,HalfCheetah-v3,TD3_Q2a1x64_1p5
134,6674.481686871302,670000.0,HalfCheetah-v3,TD3_Q2a1x64_1p5
135,7274.080754279135,675000.0,HalfCheetah-v3,TD3_Q2a1x64_1p5
136,7210.348218501118,680000.0,HalfCheetah-v3,TD3_Q2a1x64_1p5
137,7478.746602619057,685000.0,HalfCheetah-v3,TD3_Q2a1x64_1p5
138,7330.115893733852,690000.0,HalfCheetah-v3,TD3_Q2a1x64_1p5
139,7241.003905533114,695000.0,HalfCheetah-v3,TD3_Q2a1x64_1p5
140,7416.072291323166,700000.0,HalfCheetah-v3,TD3_Q2a1x64_1p5
141,7414.961525399478,705000.0,HalfCheetah-v3,TD3_Q2a1x64_1p5
142,7480.801430597155,710000.0,HalfCheetah-v3,TD3_Q2a1x64_1p5
143,7463.633153187067,715000.0,HalfCheetah-v3,TD3_Q2a1x64_1p5
144,7428.877328346074,720000.0,HalfCheetah-v3,TD3_Q2a1x64_1p5
145,7481.292624216445,725000.0,HalfCheetah-v3,TD3_Q2a1x64_1p5
146,7293.5854762443005,730000.0,HalfCheetah-v3,TD3_Q2a1x64_1p5
147,7411.595146276141,735000.0,HalfCheetah-v3,TD3_Q2a1x64_1p5
148,7555.8878961054315,740000.0,HalfCheetah-v3,TD3_Q2a1x64_1p5
149,7569.9883357497865,745000.0,HalfCheetah-v3,TD3_Q2a1x64_1p5
150,7614.4702475718905,750000.0,HalfCheetah-v3,TD3_Q2a1x64_1p5
151,7730.7817430962805,755000.0,HalfCheetah-v3,TD3_Q2a1x64_1p5
152,7482.796385542933,760000.0,HalfCheetah-v3,TD3_Q2a1x64_1p5
153,7730.6283850376985,765000.0,HalfCheetah-v3,TD3_Q2a1x64_1p5
154,7685.93882339399,770000.0,HalfCheetah-v3,TD3_Q2a1x64_1p5
155,7597.880977038612,775000.0,HalfCheetah-v3,TD3_Q2a1x64_1p5
156,7556.872434580684,780000.0,HalfCheetah-v3,TD3_Q2a1x64_1p5
157,7730.609780088336,785000.0,HalfCheetah-v3,TD3_Q2a1x64_1p5
158,7077.435984396822,790000.0,HalfCheetah-v3,TD3_Q2a1x64_1p5
159,7759.308256989474,795000.0,HalfCheetah-v3,TD3_Q2a1x64_1p5
160,7236.904225423775,800000.0,HalfCheetah-v3,TD3_Q2a1x64_1p5
161,7629.0772051481745,805000.0,HalfCheetah-v3,TD3_Q2a1x64_1p5
162,7867.087669736397,810000.0,HalfCheetah-v3,TD3_Q2a1x64_1p5
163,7810.484174336799,815000.0,HalfCheetah-v3,TD3_Q2a1x64_1p5
164,7520.309610015351,820000.0,HalfCheetah-v3,TD3_Q2a1x64_1p5
165,7734.579485699482,825000.0,HalfCheetah-v3,TD3_Q2a1x64_1p5
166,7686.573176962626,830000.0,HalfCheetah-v3,TD3_Q2a1x64_1p5
167,7905.907019013971,835000.0,HalfCheetah-v3,TD3_Q2a1x64_1p5
168,7856.0364245905175,840000.0,HalfCheetah-v3,TD3_Q2a1x64_1p5
169,7905.88497358351,845000.0,HalfCheetah-v3,TD3_Q2a1x64_1p5
170,7976.9087392864585,850000.0,HalfCheetah-v3,TD3_Q2a1x64_1p5
171,8012.559522407282,855000.0,HalfCheetah-v3,TD3_Q2a1x64_1p5
172,7940.678483926882,860000.0,HalfCheetah-v3,TD3_Q2a1x64_1p5
173,7899.319276528023,865000.0,HalfCheetah-v3,TD3_Q2a1x64_1p5
174,8075.014103726481,870000.0,HalfCheetah-v3,TD3_Q2a1x64_1p5
175,7807.71126628899,875000.0,HalfCheetah-v3,TD3_Q2a1x64_1p5
176,7737.804502962848,880000.0,HalfCheetah-v3,TD3_Q2a1x64_1p5
177,8050.769445087634,885000.0,HalfCheetah-v3,TD3_Q2a1x64_1p5
178,7997.524109812841,890000.0,HalfCheetah-v3,TD3_Q2a1x64_1p5
179,7980.569596676307,895000.0,HalfCheetah-v3,TD3_Q2a1x64_1p5
180,8010.235032670729,900000.0,HalfCheetah-v3,TD3_Q2a1x64_1p5
181,8041.799659781551,905000.0,HalfCheetah-v3,TD3_Q2a1x64_1p5
182,8236.438233999506,910000.0,HalfCheetah-v3,TD3_Q2a1x64_1p5
183,8006.986439702411,915000.0,HalfCheetah-v3,TD3_Q2a1x64_1p5
184,8220.092569531978,920000.0,HalfCheetah-v3,TD3_Q2a1x64_1p5
185,7910.705659900176,925000.0,HalfCheetah-v3,TD3_Q2a1x64_1p5
186,8431.093311460569,930000.0,HalfCheetah-v3,TD3_Q2a1x64_1p5
187,7918.139562011636,935000.0,HalfCheetah-v3,TD3_Q2a1x64_1p5
188,7467.361139669396,940000.0,HalfCheetah-v3,TD3_Q2a1x64_1p5
189,8302.19067589362,945000.0,HalfCheetah-v3,TD3_Q2a1x64_1p5
190,8276.003090827744,950000.0,HalfCheetah-v3,TD3_Q2a1x64_1p5
191,8118.967013425661,955000.0,HalfCheetah-v3,TD3_Q2a1x64_1p5
192,8219.929613468292,960000.0,HalfCheetah-v3,TD3_Q2a1x64_1p5
193,8142.518344159248,965000.0,HalfCheetah-v3,TD3_Q2a1x64_1p5
194,8366.61735886276,970000.0,HalfCheetah-v3,TD3_Q2a1x64_1p5
195,8248.994685822134,975000.0,HalfCheetah-v3,TD3_Q2a1x64_1p5
196,8333.963821545,980000.0,HalfCheetah-v3,TD3_Q2a1x64_1p5
197,8106.50124860805,985000.0,HalfCheetah-v3,TD3_Q2a1x64_1p5
198,8341.020037567043,990000.0,HalfCheetah-v3,TD3_Q2a1x64_1p5
199,8544.524445664521,995000.0,HalfCheetah-v3,TD3_Q2a1x64_1p5
200,8200.113860125331,1000000.0,HalfCheetah-v3,TD3_Q2a1x64_1p5
