index,Average Return,Timesteps,env,algorithm_name
0,-337.6136578249563,0.0,HalfCheetah-v3,TD3_Q2a1x64_1p5
1,-382.3419947423084,5000.0,HalfCheetah-v3,TD3_Q2a1x64_1p5
2,-436.51302190182184,10000.0,HalfCheetah-v3,TD3_Q2a1x64_1p5
3,-537.7970385489731,15000.0,HalfCheetah-v3,TD3_Q2a1x64_1p5
4,-367.5956849103303,20000.0,HalfCheetah-v3,TD3_Q2a1x64_1p5
5,-8.459017667240136,25000.0,HalfCheetah-v3,TD3_Q2a1x64_1p5
6,341.4616653743096,30000.0,HalfCheetah-v3,TD3_Q2a1x64_1p5
7,679.8587183803604,35000.0,HalfCheetah-v3,TD3_Q2a1x64_1p5
8,528.2369554838057,40000.0,HalfCheetah-v3,TD3_Q2a1x64_1p5
9,1444.5864118972745,45000.0,HalfCheetah-v3,TD3_Q2a1x64_1p5
10,1973.5474125805963,50000.0,HalfCheetah-v3,TD3_Q2a1x64_1p5
11,2580.347165363456,55000.0,HalfCheetah-v3,TD3_Q2a1x64_1p5
12,2564.7349538838007,60000.0,HalfCheetah-v3,TD3_Q2a1x64_1p5
13,2733.1338067511433,65000.0,HalfCheetah-v3,TD3_Q2a1x64_1p5
14,2680.378706871058,70000.0,HalfCheetah-v3,TD3_Q2a1x64_1p5
15,3254.8686492140837,75000.0,HalfCheetah-v3,TD3_Q2a1x64_1p5
16,3072.2501016765555,80000.0,HalfCheetah-v3,TD3_Q2a1x64_1p5
17,3368.1445947357533,85000.0,HalfCheetah-v3,TD3_Q2a1x64_1p5
18,3425.45106076036,90000.0,HalfCheetah-v3,TD3_Q2a1x64_1p5
19,3745.040434254689,95000.0,HalfCheetah-v3,TD3_Q2a1x64_1p5
20,3791.39273334439,100000.0,HalfCheetah-v3,TD3_Q2a1x64_1p5
21,3960.4679522514407,105000.0,HalfCheetah-v3,TD3_Q2a1x64_1p5
22,3946.596054838426,110000.0,HalfCheetah-v3,TD3_Q2a1x64_1p5
23,4036.417910514192,115000.0,HalfCheetah-v3,TD3_Q2a1x64_1p5
24,4073.652226099957,120000.0,HalfCheetah-v3,TD3_Q2a1x64_1p5
25,4296.102143338292,125000.0,HalfCheetah-v3,TD3_Q2a1x64_1p5
26,4410.018159467947,130000.0,HalfCheetah-v3,TD3_Q2a1x64_1p5
27,4548.706125381983,135000.0,HalfCheetah-v3,TD3_Q2a1x64_1p5
28,4555.280174049768,140000.0,HalfCheetah-v3,TD3_Q2a1x64_1p5
29,4668.592045567058,145000.0,HalfCheetah-v3,TD3_Q2a1x64_1p5
30,4521.79809038923,150000.0,HalfCheetah-v3,TD3_Q2a1x64_1p5
31,4639.139844377538,155000.0,HalfCheetah-v3,TD3_Q2a1x64_1p5
32,4836.563125520597,160000.0,HalfCheetah-v3,TD3_Q2a1x64_1p5
33,4858.903413980079,165000.0,HalfCheetah-v3,TD3_Q2a1x64_1p5
34,4909.749721160532,170000.0,HalfCheetah-v3,TD3_Q2a1x64_1p5
35,4921.33616647626,175000.0,HalfCheetah-v3,TD3_Q2a1x64_1p5
36,4849.138070473471,180000.0,HalfCheetah-v3,TD3_Q2a1x64_1p5
37,4713.64211170816,185000.0,HalfCheetah-v3,TD3_Q2a1x64_1p5
38,5175.487561044606,190000.0,HalfCheetah-v3,TD3_Q2a1x64_1p5
39,4821.500135160126,195000.0,HalfCheetah-v3,TD3_Q2a1x64_1p5
40,5311.070208563847,200000.0,HalfCheetah-v3,TD3_Q2a1x64_1p5
41,5275.077028470779,205000.0,HalfCheetah-v3,TD3_Q2a1x64_1p5
42,5097.657768650027,210000.0,HalfCheetah-v3,TD3_Q2a1x64_1p5
43,5082.9567459879945,215000.0,HalfCheetah-v3,TD3_Q2a1x64_1p5
44,5432.560432409575,220000.0,HalfCheetah-v3,TD3_Q2a1x64_1p5
45,5310.827007425411,225000.0,HalfCheetah-v3,TD3_Q2a1x64_1p5
46,5448.086838301509,230000.0,HalfCheetah-v3,TD3_Q2a1x64_1p5
47,5755.62669112557,235000.0,HalfCheetah-v3,TD3_Q2a1x64_1p5
48,5623.004529802304,240000.0,HalfCheetah-v3,TD3_Q2a1x64_1p5
49,5544.313788121058,245000.0,HalfCheetah-v3,TD3_Q2a1x64_1p5
50,5632.988988558208,250000.0,HalfCheetah-v3,TD3_Q2a1x64_1p5
51,5680.880449573373,255000.0,HalfCheetah-v3,TD3_Q2a1x64_1p5
52,5776.022677458432,260000.0,HalfCheetah-v3,TD3_Q2a1x64_1p5
53,5801.280526056842,265000.0,HalfCheetah-v3,TD3_Q2a1x64_1p5
54,5370.921442702615,270000.0,HalfCheetah-v3,TD3_Q2a1x64_1p5
55,6054.314465195549,275000.0,HalfCheetah-v3,TD3_Q2a1x64_1p5
56,5733.6500331475045,280000.0,HalfCheetah-v3,TD3_Q2a1x64_1p5
57,6026.47616271781,285000.0,HalfCheetah-v3,TD3_Q2a1x64_1p5
58,6158.7768214807675,290000.0,HalfCheetah-v3,TD3_Q2a1x64_1p5
59,6100.8907710925905,295000.0,HalfCheetah-v3,TD3_Q2a1x64_1p5
60,6216.039236254173,300000.0,HalfCheetah-v3,TD3_Q2a1x64_1p5
61,6192.733450688773,305000.0,HalfCheetah-v3,TD3_Q2a1x64_1p5
62,6170.47948697116,310000.0,HalfCheetah-v3,TD3_Q2a1x64_1p5
63,6099.4556839766965,315000.0,HalfCheetah-v3,TD3_Q2a1x64_1p5
64,6465.964338518055,320000.0,HalfCheetah-v3,TD3_Q2a1x64_1p5
65,6457.529566821436,325000.0,HalfCheetah-v3,TD3_Q2a1x64_1p5
66,6334.5919656851065,330000.0,HalfCheetah-v3,TD3_Q2a1x64_1p5
67,6691.930946801391,335000.0,HalfCheetah-v3,TD3_Q2a1x64_1p5
68,6957.6157856959035,340000.0,HalfCheetah-v3,TD3_Q2a1x64_1p5
69,6458.562406308348,345000.0,HalfCheetah-v3,TD3_Q2a1x64_1p5
70,6674.537294186332,350000.0,HalfCheetah-v3,TD3_Q2a1x64_1p5
71,6496.407350164309,355000.0,HalfCheetah-v3,TD3_Q2a1x64_1p5
72,6814.627495603457,360000.0,HalfCheetah-v3,TD3_Q2a1x64_1p5
73,6560.138326787445,365000.0,HalfCheetah-v3,TD3_Q2a1x64_1p5
74,6324.765435968245,370000.0,HalfCheetah-v3,TD3_Q2a1x64_1p5
75,6717.972244095346,375000.0,HalfCheetah-v3,TD3_Q2a1x64_1p5
76,6577.749992366199,380000.0,HalfCheetah-v3,TD3_Q2a1x64_1p5
77,6782.585675021534,385000.0,HalfCheetah-v3,TD3_Q2a1x64_1p5
78,6586.200676743405,390000.0,HalfCheetah-v3,TD3_Q2a1x64_1p5
79,6858.678447345616,395000.0,HalfCheetah-v3,TD3_Q2a1x64_1p5
80,6946.8158490208325,400000.0,HalfCheetah-v3,TD3_Q2a1x64_1p5
81,6951.179718217043,405000.0,HalfCheetah-v3,TD3_Q2a1x64_1p5
82,7006.255029683822,410000.0,HalfCheetah-v3,TD3_Q2a1x64_1p5
83,7056.870465256217,415000.0,HalfCheetah-v3,TD3_Q2a1x64_1p5
84,6654.99312731174,420000.0,HalfCheetah-v3,TD3_Q2a1x64_1p5
85,6797.96277412363,425000.0,HalfCheetah-v3,TD3_Q2a1x64_1p5
86,7140.722892500753,430000.0,HalfCheetah-v3,TD3_Q2a1x64_1p5
87,6833.2463524328095,435000.0,HalfCheetah-v3,TD3_Q2a1x64_1p5
88,7207.119041687083,440000.0,HalfCheetah-v3,TD3_Q2a1x64_1p5
89,7137.7682394964995,445000.0,HalfCheetah-v3,TD3_Q2a1x64_1p5
90,7054.283822021056,450000.0,HalfCheetah-v3,TD3_Q2a1x64_1p5
91,7116.046618396426,455000.0,HalfCheetah-v3,TD3_Q2a1x64_1p5
92,7038.780353057975,460000.0,HalfCheetah-v3,TD3_Q2a1x64_1p5
93,6830.515212928792,465000.0,HalfCheetah-v3,TD3_Q2a1x64_1p5
94,7168.960951376418,470000.0,HalfCheetah-v3,TD3_Q2a1x64_1p5
95,7179.988148003747,475000.0,HalfCheetah-v3,TD3_Q2a1x64_1p5
96,6959.693174947744,480000.0,HalfCheetah-v3,TD3_Q2a1x64_1p5
97,7216.135069551075,485000.0,HalfCheetah-v3,TD3_Q2a1x64_1p5
98,7066.361257466941,490000.0,HalfCheetah-v3,TD3_Q2a1x64_1p5
99,7294.690299028208,495000.0,HalfCheetah-v3,TD3_Q2a1x64_1p5
100,7040.289159176592,500000.0,HalfCheetah-v3,TD3_Q2a1x64_1p5
101,7267.094854569752,505000.0,HalfCheetah-v3,TD3_Q2a1x64_1p5
102,7350.4499849196145,510000.0,HalfCheetah-v3,TD3_Q2a1x64_1p5
103,7212.687312144869,515000.0,HalfCheetah-v3,TD3_Q2a1x64_1p5
104,7313.130739280224,520000.0,HalfCheetah-v3,TD3_Q2a1x64_1p5
105,7371.78309745594,525000.0,HalfCheetah-v3,TD3_Q2a1x64_1p5
106,7471.332426586302,530000.0,HalfCheetah-v3,TD3_Q2a1x64_1p5
107,7124.045412372337,535000.0,HalfCheetah-v3,TD3_Q2a1x64_1p5
108,7150.132044603842,540000.0,HalfCheetah-v3,TD3_Q2a1x64_1p5
109,7501.430646143378,545000.0,HalfCheetah-v3,TD3_Q2a1x64_1p5
110,7412.290807051507,550000.0,HalfCheetah-v3,TD3_Q2a1x64_1p5
111,7338.079178399714,555000.0,HalfCheetah-v3,TD3_Q2a1x64_1p5
112,7470.613980139324,560000.0,HalfCheetah-v3,TD3_Q2a1x64_1p5
113,7636.509536146766,565000.0,HalfCheetah-v3,TD3_Q2a1x64_1p5
114,7430.260242846003,570000.0,HalfCheetah-v3,TD3_Q2a1x64_1p5
115,7736.286600436846,575000.0,HalfCheetah-v3,TD3_Q2a1x64_1p5
116,7661.73952298689,580000.0,HalfCheetah-v3,TD3_Q2a1x64_1p5
117,7746.153853829484,585000.0,HalfCheetah-v3,TD3_Q2a1x64_1p5
118,7480.4931986515785,590000.0,HalfCheetah-v3,TD3_Q2a1x64_1p5
119,6231.331884999339,595000.0,HalfCheetah-v3,TD3_Q2a1x64_1p5
120,7459.022205097933,600000.0,HalfCheetah-v3,TD3_Q2a1x64_1p5
121,5314.044746115974,605000.0,HalfCheetah-v3,TD3_Q2a1x64_1p5
122,7170.429221938635,610000.0,HalfCheetah-v3,TD3_Q2a1x64_1p5
123,7715.477433269339,615000.0,HalfCheetah-v3,TD3_Q2a1x64_1p5
124,7635.332856329685,620000.0,HalfCheetah-v3,TD3_Q2a1x64_1p5
125,7753.14766432287,625000.0,HalfCheetah-v3,TD3_Q2a1x64_1p5
126,7637.164063280198,630000.0,HalfCheetah-v3,TD3_Q2a1x64_1p5
127,7680.7868340915375,635000.0,HalfCheetah-v3,TD3_Q2a1x64_1p5
128,7753.509878264564,640000.0,HalfCheetah-v3,TD3_Q2a1x64_1p5
129,7690.867840276628,645000.0,HalfCheetah-v3,TD3_Q2a1x64_1p5
130,7760.881748779709,650000.0,HalfCheetah-v3,TD3_Q2a1x64_1p5
131,7438.605990781779,655000.0,HalfCheetah-v3,TD3_Q2a1x64_1p5
132,7718.989605831222,660000.0,HalfCheetah-v3,TD3_Q2a1x64_1p5
133,7684.969188554166,665000.0,HalfCheetah-v3,TD3_Q2a1x64_1p5
134,8153.537194347917,670000.0,HalfCheetah-v3,TD3_Q2a1x64_1p5
135,7716.521291840139,675000.0,HalfCheetah-v3,TD3_Q2a1x64_1p5
136,8089.451633204524,680000.0,HalfCheetah-v3,TD3_Q2a1x64_1p5
137,7699.487017255645,685000.0,HalfCheetah-v3,TD3_Q2a1x64_1p5
138,8214.101985839703,690000.0,HalfCheetah-v3,TD3_Q2a1x64_1p5
139,8181.807074024156,695000.0,HalfCheetah-v3,TD3_Q2a1x64_1p5
140,8055.34666005146,700000.0,HalfCheetah-v3,TD3_Q2a1x64_1p5
141,7845.409041603545,705000.0,HalfCheetah-v3,TD3_Q2a1x64_1p5
142,8109.353845589862,710000.0,HalfCheetah-v3,TD3_Q2a1x64_1p5
143,8177.449198631335,715000.0,HalfCheetah-v3,TD3_Q2a1x64_1p5
144,8166.1631938931705,720000.0,HalfCheetah-v3,TD3_Q2a1x64_1p5
145,8500.844993998177,725000.0,HalfCheetah-v3,TD3_Q2a1x64_1p5
146,8512.81090650885,730000.0,HalfCheetah-v3,TD3_Q2a1x64_1p5
147,8434.296985617115,735000.0,HalfCheetah-v3,TD3_Q2a1x64_1p5
148,8245.820848601914,740000.0,HalfCheetah-v3,TD3_Q2a1x64_1p5
149,8412.578791944125,745000.0,HalfCheetah-v3,TD3_Q2a1x64_1p5
150,8594.282938849203,750000.0,HalfCheetah-v3,TD3_Q2a1x64_1p5
151,8600.855342835108,755000.0,HalfCheetah-v3,TD3_Q2a1x64_1p5
152,8159.081452192493,760000.0,HalfCheetah-v3,TD3_Q2a1x64_1p5
153,8438.919426699878,765000.0,HalfCheetah-v3,TD3_Q2a1x64_1p5
154,8392.860186859905,770000.0,HalfCheetah-v3,TD3_Q2a1x64_1p5
155,8290.669842709372,775000.0,HalfCheetah-v3,TD3_Q2a1x64_1p5
156,8452.260092458473,780000.0,HalfCheetah-v3,TD3_Q2a1x64_1p5
157,8572.6238256619,785000.0,HalfCheetah-v3,TD3_Q2a1x64_1p5
158,8520.105368719505,790000.0,HalfCheetah-v3,TD3_Q2a1x64_1p5
159,8699.772101367902,795000.0,HalfCheetah-v3,TD3_Q2a1x64_1p5
160,8566.193768068344,800000.0,HalfCheetah-v3,TD3_Q2a1x64_1p5
161,8253.162453101198,805000.0,HalfCheetah-v3,TD3_Q2a1x64_1p5
162,8126.171584615021,810000.0,HalfCheetah-v3,TD3_Q2a1x64_1p5
163,8312.49589369592,815000.0,HalfCheetah-v3,TD3_Q2a1x64_1p5
164,8816.970273366924,820000.0,HalfCheetah-v3,TD3_Q2a1x64_1p5
165,8711.9279192446,825000.0,HalfCheetah-v3,TD3_Q2a1x64_1p5
166,8797.654801636912,830000.0,HalfCheetah-v3,TD3_Q2a1x64_1p5
167,8803.673333476541,835000.0,HalfCheetah-v3,TD3_Q2a1x64_1p5
168,8515.925433939681,840000.0,HalfCheetah-v3,TD3_Q2a1x64_1p5
169,8688.597616314102,845000.0,HalfCheetah-v3,TD3_Q2a1x64_1p5
170,8860.466972211962,850000.0,HalfCheetah-v3,TD3_Q2a1x64_1p5
171,8896.45157634368,855000.0,HalfCheetah-v3,TD3_Q2a1x64_1p5
172,8777.040710816796,860000.0,HalfCheetah-v3,TD3_Q2a1x64_1p5
173,8635.318929684978,865000.0,HalfCheetah-v3,TD3_Q2a1x64_1p5
174,8641.218518384361,870000.0,HalfCheetah-v3,TD3_Q2a1x64_1p5
175,7925.967509250628,875000.0,HalfCheetah-v3,TD3_Q2a1x64_1p5
176,9085.722459494156,880000.0,HalfCheetah-v3,TD3_Q2a1x64_1p5
177,8202.25099604316,885000.0,HalfCheetah-v3,TD3_Q2a1x64_1p5
178,8923.173170917618,890000.0,HalfCheetah-v3,TD3_Q2a1x64_1p5
179,8510.973305793683,895000.0,HalfCheetah-v3,TD3_Q2a1x64_1p5
180,8512.534316219562,900000.0,HalfCheetah-v3,TD3_Q2a1x64_1p5
181,9036.057723448546,905000.0,HalfCheetah-v3,TD3_Q2a1x64_1p5
182,8882.929056260582,910000.0,HalfCheetah-v3,TD3_Q2a1x64_1p5
183,8820.258127950898,915000.0,HalfCheetah-v3,TD3_Q2a1x64_1p5
184,8910.487519348362,920000.0,HalfCheetah-v3,TD3_Q2a1x64_1p5
185,8974.49133718324,925000.0,HalfCheetah-v3,TD3_Q2a1x64_1p5
186,8922.201652783853,930000.0,HalfCheetah-v3,TD3_Q2a1x64_1p5
187,8263.916935383713,935000.0,HalfCheetah-v3,TD3_Q2a1x64_1p5
188,9074.3189955338,940000.0,HalfCheetah-v3,TD3_Q2a1x64_1p5
189,8904.915885486342,945000.0,HalfCheetah-v3,TD3_Q2a1x64_1p5
190,8983.547175352862,950000.0,HalfCheetah-v3,TD3_Q2a1x64_1p5
191,8863.156526461456,955000.0,HalfCheetah-v3,TD3_Q2a1x64_1p5
192,8811.636076635343,960000.0,HalfCheetah-v3,TD3_Q2a1x64_1p5
193,8987.355364975714,965000.0,HalfCheetah-v3,TD3_Q2a1x64_1p5
194,9025.45642292707,970000.0,HalfCheetah-v3,TD3_Q2a1x64_1p5
195,9037.826118821939,975000.0,HalfCheetah-v3,TD3_Q2a1x64_1p5
196,8944.44335128604,980000.0,HalfCheetah-v3,TD3_Q2a1x64_1p5
197,9169.66965646506,985000.0,HalfCheetah-v3,TD3_Q2a1x64_1p5
198,9109.39234980411,990000.0,HalfCheetah-v3,TD3_Q2a1x64_1p5
199,8634.116898182552,995000.0,HalfCheetah-v3,TD3_Q2a1x64_1p5
200,9115.31303999916,1000000.0,HalfCheetah-v3,TD3_Q2a1x64_1p5
