index,Average Return,Timesteps,env,algorithm_name
0,66.77608458919681,0,Humanoid-v3,SAC_Q2a
1,200.73941579635914,5000,Humanoid-v3,SAC_Q2a
2,237.95487329621096,10000,Humanoid-v3,SAC_Q2a
3,299.7032051703716,15000,Humanoid-v3,SAC_Q2a
4,178.29378949924663,20000,Humanoid-v3,SAC_Q2a
5,288.7270540952901,25000,Humanoid-v3,SAC_Q2a
6,313.8970423030202,30000,Humanoid-v3,SAC_Q2a
7,461.07089963275473,35000,Humanoid-v3,SAC_Q2a
8,479.36932827079147,40000,Humanoid-v3,SAC_Q2a
9,613.0922016739403,45000,Humanoid-v3,SAC_Q2a
10,509.67344837297867,50000,Humanoid-v3,SAC_Q2a
11,545.8814265711342,55000,Humanoid-v3,SAC_Q2a
12,579.0529688722174,60000,Humanoid-v3,SAC_Q2a
13,492.8102385678393,65000,Humanoid-v3,SAC_Q2a
14,583.994075164787,70000,Humanoid-v3,SAC_Q2a
15,647.7223502862402,75000,Humanoid-v3,SAC_Q2a
16,683.0175924866489,80000,Humanoid-v3,SAC_Q2a
17,641.5826782147999,85000,Humanoid-v3,SAC_Q2a
18,590.0176024571601,90000,Humanoid-v3,SAC_Q2a
19,512.9788866016441,95000,Humanoid-v3,SAC_Q2a
20,465.1982406450749,100000,Humanoid-v3,SAC_Q2a
21,655.0353215563644,105000,Humanoid-v3,SAC_Q2a
22,759.5279913439819,110000,Humanoid-v3,SAC_Q2a
23,608.3112472842703,115000,Humanoid-v3,SAC_Q2a
24,675.1154804228624,120000,Humanoid-v3,SAC_Q2a
25,651.7551779402048,125000,Humanoid-v3,SAC_Q2a
26,522.8259868685649,130000,Humanoid-v3,SAC_Q2a
27,779.4360522625444,135000,Humanoid-v3,SAC_Q2a
28,843.2485772040327,140000,Humanoid-v3,SAC_Q2a
29,715.2864401877073,145000,Humanoid-v3,SAC_Q2a
30,629.4451485530253,150000,Humanoid-v3,SAC_Q2a
31,941.0130902626103,155000,Humanoid-v3,SAC_Q2a
32,754.4934028743339,160000,Humanoid-v3,SAC_Q2a
33,749.5670399628625,165000,Humanoid-v3,SAC_Q2a
34,716.1599004454883,170000,Humanoid-v3,SAC_Q2a
35,757.2152977856301,175000,Humanoid-v3,SAC_Q2a
36,599.0352279939927,180000,Humanoid-v3,SAC_Q2a
37,865.7070909587267,185000,Humanoid-v3,SAC_Q2a
38,891.7664417862828,190000,Humanoid-v3,SAC_Q2a
39,839.1249983449101,195000,Humanoid-v3,SAC_Q2a
40,948.5009557223533,200000,Humanoid-v3,SAC_Q2a
41,986.4812113250873,205000,Humanoid-v3,SAC_Q2a
42,904.2722119929634,210000,Humanoid-v3,SAC_Q2a
43,894.5676175626932,215000,Humanoid-v3,SAC_Q2a
44,990.9040617722849,220000,Humanoid-v3,SAC_Q2a
45,1038.2076861185456,225000,Humanoid-v3,SAC_Q2a
46,1220.3133829722394,230000,Humanoid-v3,SAC_Q2a
47,937.2406941170642,235000,Humanoid-v3,SAC_Q2a
48,561.3933308156385,240000,Humanoid-v3,SAC_Q2a
49,1325.0964387211973,245000,Humanoid-v3,SAC_Q2a
50,2939.278420045567,250000,Humanoid-v3,SAC_Q2a
51,989.1380133878176,255000,Humanoid-v3,SAC_Q2a
52,3541.881711769804,260000,Humanoid-v3,SAC_Q2a
53,480.24553499305205,265000,Humanoid-v3,SAC_Q2a
54,1427.7148200185009,270000,Humanoid-v3,SAC_Q2a
55,1556.8759631432845,275000,Humanoid-v3,SAC_Q2a
56,2468.260524864144,280000,Humanoid-v3,SAC_Q2a
57,1316.9898197200075,285000,Humanoid-v3,SAC_Q2a
58,2593.2041142967228,290000,Humanoid-v3,SAC_Q2a
59,2056.1700807013412,295000,Humanoid-v3,SAC_Q2a
60,2178.242190254125,300000,Humanoid-v3,SAC_Q2a
61,2668.7125890814773,305000,Humanoid-v3,SAC_Q2a
62,3268.1090372774374,310000,Humanoid-v3,SAC_Q2a
63,3881.5353716661584,315000,Humanoid-v3,SAC_Q2a
64,2956.2276658292744,320000,Humanoid-v3,SAC_Q2a
65,3614.455337141399,325000,Humanoid-v3,SAC_Q2a
66,2384.454786503339,330000,Humanoid-v3,SAC_Q2a
67,2083.204140540065,335000,Humanoid-v3,SAC_Q2a
68,4772.192053324735,340000,Humanoid-v3,SAC_Q2a
69,4643.402267935197,345000,Humanoid-v3,SAC_Q2a
70,1761.5690235969323,350000,Humanoid-v3,SAC_Q2a
71,2916.2995940608953,355000,Humanoid-v3,SAC_Q2a
72,2466.589928448898,360000,Humanoid-v3,SAC_Q2a
73,4961.77725077395,365000,Humanoid-v3,SAC_Q2a
74,4225.325417365399,370000,Humanoid-v3,SAC_Q2a
75,3404.086070831777,375000,Humanoid-v3,SAC_Q2a
76,1899.8384620322977,380000,Humanoid-v3,SAC_Q2a
77,5145.858948489875,385000,Humanoid-v3,SAC_Q2a
