index,Average Return,Timesteps,env,algorithm_name
0,-419.2916473006071,0.0,HalfCheetah-v3,TD3_Q2afearuresx2
1,-399.6766311211776,5000.0,HalfCheetah-v3,TD3_Q2afearuresx2
2,-335.61997576618637,10000.0,HalfCheetah-v3,TD3_Q2afearuresx2
3,-680.5097606025506,15000.0,HalfCheetah-v3,TD3_Q2afearuresx2
4,-477.0795159445146,20000.0,HalfCheetah-v3,TD3_Q2afearuresx2
5,-11.401816606008966,25000.0,HalfCheetah-v3,TD3_Q2afearuresx2
6,738.935065285522,30000.0,HalfCheetah-v3,TD3_Q2afearuresx2
7,978.6150928932208,35000.0,HalfCheetah-v3,TD3_Q2afearuresx2
