index,Average Return,Timesteps,env,algorithm_name
0,45410.354941672565,0,HumanoidStandup-v2,SAC
1,55542.38768044745,5000,HumanoidStandup-v2,SAC
2,95645.17941217605,10000,HumanoidStandup-v2,SAC
3,88504.27703308918,15000,HumanoidStandup-v2,SAC
4,120511.84113612401,20000,HumanoidStandup-v2,SAC
5,109824.92541578398,25000,HumanoidStandup-v2,SAC
6,55532.920036017385,30000,HumanoidStandup-v2,SAC
7,110327.4490385624,35000,HumanoidStandup-v2,SAC
8,120405.97306678191,40000,HumanoidStandup-v2,SAC
9,123192.16304313873,45000,HumanoidStandup-v2,SAC
10,116574.71961802084,50000,HumanoidStandup-v2,SAC
11,130823.3097532076,55000,HumanoidStandup-v2,SAC
12,130592.85913308527,60000,HumanoidStandup-v2,SAC
13,131810.4092558638,65000,HumanoidStandup-v2,SAC
14,130999.93682562059,70000,HumanoidStandup-v2,SAC
15,130920.77689230969,75000,HumanoidStandup-v2,SAC
16,130975.49418405509,80000,HumanoidStandup-v2,SAC
17,121545.83047568359,85000,HumanoidStandup-v2,SAC
18,131193.8608553756,90000,HumanoidStandup-v2,SAC
19,125939.52574238754,95000,HumanoidStandup-v2,SAC
20,125645.75169971907,100000,HumanoidStandup-v2,SAC
21,132086.74256636458,105000,HumanoidStandup-v2,SAC
22,133288.09225512508,110000,HumanoidStandup-v2,SAC
23,132478.5417817797,115000,HumanoidStandup-v2,SAC
24,129666.75633567134,120000,HumanoidStandup-v2,SAC
25,128369.80485931381,125000,HumanoidStandup-v2,SAC
26,127290.09576805844,130000,HumanoidStandup-v2,SAC
27,132782.0096743806,135000,HumanoidStandup-v2,SAC
