index,Average Return,Timesteps,env,algorithm_name
0,-555.4591029496646,0,HalfCheetah-v3,SAC_Q2a
1,-4.134902043285502,5000,HalfCheetah-v3,SAC_Q2a
2,-220.9078885590346,10000,HalfCheetah-v3,SAC_Q2a
3,-152.44529678446403,15000,HalfCheetah-v3,SAC_Q2a
4,393.7284345558959,20000,HalfCheetah-v3,SAC_Q2a
5,1138.7986983570586,25000,HalfCheetah-v3,SAC_Q2a
6,537.9097078041597,30000,HalfCheetah-v3,SAC_Q2a
7,1899.9238101878534,35000,HalfCheetah-v3,SAC_Q2a
8,3021.1110539757983,40000,HalfCheetah-v3,SAC_Q2a
9,3361.2927401964234,45000,HalfCheetah-v3,SAC_Q2a
10,3688.058945090783,50000,HalfCheetah-v3,SAC_Q2a
11,4183.482951919463,55000,HalfCheetah-v3,SAC_Q2a
12,3789.996181603303,60000,HalfCheetah-v3,SAC_Q2a
13,4296.193025279132,65000,HalfCheetah-v3,SAC_Q2a
14,4408.917250690719,70000,HalfCheetah-v3,SAC_Q2a
15,5114.938065321821,75000,HalfCheetah-v3,SAC_Q2a
16,4594.448720211658,80000,HalfCheetah-v3,SAC_Q2a
17,4888.8760793389865,85000,HalfCheetah-v3,SAC_Q2a
18,4985.204252532602,90000,HalfCheetah-v3,SAC_Q2a
19,5221.374070456397,95000,HalfCheetah-v3,SAC_Q2a
20,5652.648926047362,100000,HalfCheetah-v3,SAC_Q2a
21,5657.261653287109,105000,HalfCheetah-v3,SAC_Q2a
22,5420.364781302274,110000,HalfCheetah-v3,SAC_Q2a
23,6270.449849190659,115000,HalfCheetah-v3,SAC_Q2a
24,5995.830763538313,120000,HalfCheetah-v3,SAC_Q2a
25,6649.765379885071,125000,HalfCheetah-v3,SAC_Q2a
26,6445.31489086928,130000,HalfCheetah-v3,SAC_Q2a
27,6540.371674856765,135000,HalfCheetah-v3,SAC_Q2a
28,6906.453720392588,140000,HalfCheetah-v3,SAC_Q2a
29,6490.068273582299,145000,HalfCheetah-v3,SAC_Q2a
30,6914.340807537471,150000,HalfCheetah-v3,SAC_Q2a
31,6603.951510107586,155000,HalfCheetah-v3,SAC_Q2a
32,6977.825695451429,160000,HalfCheetah-v3,SAC_Q2a
33,6866.224571556709,165000,HalfCheetah-v3,SAC_Q2a
34,6942.1646211185,170000,HalfCheetah-v3,SAC_Q2a
35,7027.5042749018,175000,HalfCheetah-v3,SAC_Q2a
36,6906.597527351865,180000,HalfCheetah-v3,SAC_Q2a
37,6507.315961687353,185000,HalfCheetah-v3,SAC_Q2a
38,7204.88876447635,190000,HalfCheetah-v3,SAC_Q2a
39,6825.116839676634,195000,HalfCheetah-v3,SAC_Q2a
40,7029.819451711561,200000,HalfCheetah-v3,SAC_Q2a
41,7140.44307690828,205000,HalfCheetah-v3,SAC_Q2a
42,7028.487107232626,210000,HalfCheetah-v3,SAC_Q2a
43,7304.126145933786,215000,HalfCheetah-v3,SAC_Q2a
44,7224.400321676035,220000,HalfCheetah-v3,SAC_Q2a
45,7226.389100741306,225000,HalfCheetah-v3,SAC_Q2a
46,7282.195608826699,230000,HalfCheetah-v3,SAC_Q2a
47,7401.601395463584,235000,HalfCheetah-v3,SAC_Q2a
48,7444.36073345866,240000,HalfCheetah-v3,SAC_Q2a
49,7085.69109570055,245000,HalfCheetah-v3,SAC_Q2a
50,7469.870764801793,250000,HalfCheetah-v3,SAC_Q2a
51,7489.48037115014,255000,HalfCheetah-v3,SAC_Q2a
52,7254.616045447094,260000,HalfCheetah-v3,SAC_Q2a
53,7544.95652629329,265000,HalfCheetah-v3,SAC_Q2a
54,7498.752719007163,270000,HalfCheetah-v3,SAC_Q2a
55,7555.056531434665,275000,HalfCheetah-v3,SAC_Q2a
56,7803.043666725833,280000,HalfCheetah-v3,SAC_Q2a
57,7519.20906921807,285000,HalfCheetah-v3,SAC_Q2a
58,7888.119946313354,290000,HalfCheetah-v3,SAC_Q2a
59,7550.30531734527,295000,HalfCheetah-v3,SAC_Q2a
60,7665.970411482058,300000,HalfCheetah-v3,SAC_Q2a
61,7639.012253187315,305000,HalfCheetah-v3,SAC_Q2a
62,7438.7742047529855,310000,HalfCheetah-v3,SAC_Q2a
63,7474.738223312364,315000,HalfCheetah-v3,SAC_Q2a
64,7864.1985662366515,320000,HalfCheetah-v3,SAC_Q2a
65,7823.188162903561,325000,HalfCheetah-v3,SAC_Q2a
66,7549.20990530183,330000,HalfCheetah-v3,SAC_Q2a
67,8100.091419253125,335000,HalfCheetah-v3,SAC_Q2a
68,8096.532459116526,340000,HalfCheetah-v3,SAC_Q2a
69,7939.147764235009,345000,HalfCheetah-v3,SAC_Q2a
70,7816.737462254457,350000,HalfCheetah-v3,SAC_Q2a
71,8069.718064183506,355000,HalfCheetah-v3,SAC_Q2a
72,8042.62315948578,360000,HalfCheetah-v3,SAC_Q2a
73,7891.366971414199,365000,HalfCheetah-v3,SAC_Q2a
74,7851.085556904325,370000,HalfCheetah-v3,SAC_Q2a
75,7734.85375949875,375000,HalfCheetah-v3,SAC_Q2a
76,8128.394916162918,380000,HalfCheetah-v3,SAC_Q2a
77,8151.828810929462,385000,HalfCheetah-v3,SAC_Q2a
78,7638.888394888199,390000,HalfCheetah-v3,SAC_Q2a
79,7947.784219903753,395000,HalfCheetah-v3,SAC_Q2a
80,8191.73819817955,400000,HalfCheetah-v3,SAC_Q2a
81,7827.027984859186,405000,HalfCheetah-v3,SAC_Q2a
82,6605.813132962711,410000,HalfCheetah-v3,SAC_Q2a
83,8019.349769124048,415000,HalfCheetah-v3,SAC_Q2a
84,8114.257104416615,420000,HalfCheetah-v3,SAC_Q2a
85,8191.188865615752,425000,HalfCheetah-v3,SAC_Q2a
86,8030.66271377068,430000,HalfCheetah-v3,SAC_Q2a
87,8297.867794361191,435000,HalfCheetah-v3,SAC_Q2a
88,8180.0185832709685,440000,HalfCheetah-v3,SAC_Q2a
89,8155.326252669744,445000,HalfCheetah-v3,SAC_Q2a
90,8070.344108368107,450000,HalfCheetah-v3,SAC_Q2a
91,8072.165279592858,455000,HalfCheetah-v3,SAC_Q2a
92,8333.35627984829,460000,HalfCheetah-v3,SAC_Q2a
93,8300.180955382457,465000,HalfCheetah-v3,SAC_Q2a
94,8294.487286578462,470000,HalfCheetah-v3,SAC_Q2a
95,8096.542001089738,475000,HalfCheetah-v3,SAC_Q2a
96,8095.979292843695,480000,HalfCheetah-v3,SAC_Q2a
97,8345.668219574523,485000,HalfCheetah-v3,SAC_Q2a
98,8269.210367095275,490000,HalfCheetah-v3,SAC_Q2a
99,8450.408385935003,495000,HalfCheetah-v3,SAC_Q2a
100,8150.9155572214,500000,HalfCheetah-v3,SAC_Q2a
101,8298.688110030624,505000,HalfCheetah-v3,SAC_Q2a
102,8479.020200792385,510000,HalfCheetah-v3,SAC_Q2a
103,8373.06196098635,515000,HalfCheetah-v3,SAC_Q2a
104,8429.977632618054,520000,HalfCheetah-v3,SAC_Q2a
105,8484.416326268507,525000,HalfCheetah-v3,SAC_Q2a
106,8578.05658293216,530000,HalfCheetah-v3,SAC_Q2a
107,8517.32755537974,535000,HalfCheetah-v3,SAC_Q2a
108,8485.198264796505,540000,HalfCheetah-v3,SAC_Q2a
109,8405.69833240741,545000,HalfCheetah-v3,SAC_Q2a
110,8514.829517300137,550000,HalfCheetah-v3,SAC_Q2a
111,8346.368355843826,555000,HalfCheetah-v3,SAC_Q2a
112,8415.486241357325,560000,HalfCheetah-v3,SAC_Q2a
113,8461.451958999987,565000,HalfCheetah-v3,SAC_Q2a
114,8339.503937503552,570000,HalfCheetah-v3,SAC_Q2a
115,8507.27313336612,575000,HalfCheetah-v3,SAC_Q2a
116,8381.457639515962,580000,HalfCheetah-v3,SAC_Q2a
117,8614.295922445799,585000,HalfCheetah-v3,SAC_Q2a
118,8236.784918029167,590000,HalfCheetah-v3,SAC_Q2a
119,8542.512755142514,595000,HalfCheetah-v3,SAC_Q2a
120,8633.401291850514,600000,HalfCheetah-v3,SAC_Q2a
121,8393.895256811778,605000,HalfCheetah-v3,SAC_Q2a
122,8390.457714167056,610000,HalfCheetah-v3,SAC_Q2a
123,8645.785729867406,615000,HalfCheetah-v3,SAC_Q2a
124,8566.206147546774,620000,HalfCheetah-v3,SAC_Q2a
125,8733.39426974894,625000,HalfCheetah-v3,SAC_Q2a
126,8570.134136778193,630000,HalfCheetah-v3,SAC_Q2a
127,8566.753569639835,635000,HalfCheetah-v3,SAC_Q2a
128,8761.429588679497,640000,HalfCheetah-v3,SAC_Q2a
129,8527.31458677968,645000,HalfCheetah-v3,SAC_Q2a
130,8544.803767999463,650000,HalfCheetah-v3,SAC_Q2a
131,8687.377464321657,655000,HalfCheetah-v3,SAC_Q2a
132,8537.267086779737,660000,HalfCheetah-v3,SAC_Q2a
133,8750.628289662429,665000,HalfCheetah-v3,SAC_Q2a
134,8627.270720401928,670000,HalfCheetah-v3,SAC_Q2a
135,8699.92860287199,675000,HalfCheetah-v3,SAC_Q2a
136,8455.53186337771,680000,HalfCheetah-v3,SAC_Q2a
137,8666.892458021419,685000,HalfCheetah-v3,SAC_Q2a
138,8700.143277574112,690000,HalfCheetah-v3,SAC_Q2a
139,8701.906685242326,695000,HalfCheetah-v3,SAC_Q2a
140,8626.510217998273,700000,HalfCheetah-v3,SAC_Q2a
141,8380.716113057728,705000,HalfCheetah-v3,SAC_Q2a
142,8523.84731252621,710000,HalfCheetah-v3,SAC_Q2a
143,8724.201968670885,715000,HalfCheetah-v3,SAC_Q2a
144,8671.396798715827,720000,HalfCheetah-v3,SAC_Q2a
145,8712.942087635163,725000,HalfCheetah-v3,SAC_Q2a
146,8711.652904595825,730000,HalfCheetah-v3,SAC_Q2a
147,8919.604698821206,735000,HalfCheetah-v3,SAC_Q2a
148,8642.644212094005,740000,HalfCheetah-v3,SAC_Q2a
149,8531.440577223195,745000,HalfCheetah-v3,SAC_Q2a
150,8693.088174212078,750000,HalfCheetah-v3,SAC_Q2a
151,8832.400302534397,755000,HalfCheetah-v3,SAC_Q2a
152,8621.88076424619,760000,HalfCheetah-v3,SAC_Q2a
153,8833.265326264085,765000,HalfCheetah-v3,SAC_Q2a
154,8651.794266752211,770000,HalfCheetah-v3,SAC_Q2a
155,8782.429766423262,775000,HalfCheetah-v3,SAC_Q2a
156,8724.947774964317,780000,HalfCheetah-v3,SAC_Q2a
157,8891.62168809848,785000,HalfCheetah-v3,SAC_Q2a
158,8779.96439732103,790000,HalfCheetah-v3,SAC_Q2a
159,8842.775456048843,795000,HalfCheetah-v3,SAC_Q2a
160,8762.701633218949,800000,HalfCheetah-v3,SAC_Q2a
161,8813.822401637186,805000,HalfCheetah-v3,SAC_Q2a
162,8440.96482482862,810000,HalfCheetah-v3,SAC_Q2a
163,8804.128821986149,815000,HalfCheetah-v3,SAC_Q2a
164,8938.049143621438,820000,HalfCheetah-v3,SAC_Q2a
165,8294.275007195956,825000,HalfCheetah-v3,SAC_Q2a
166,8842.875665795922,830000,HalfCheetah-v3,SAC_Q2a
167,8812.683718734059,835000,HalfCheetah-v3,SAC_Q2a
168,8971.129962696748,840000,HalfCheetah-v3,SAC_Q2a
169,8791.847075748801,845000,HalfCheetah-v3,SAC_Q2a
170,8899.391141412003,850000,HalfCheetah-v3,SAC_Q2a
171,9022.296003899408,855000,HalfCheetah-v3,SAC_Q2a
172,8559.52195813392,860000,HalfCheetah-v3,SAC_Q2a
173,9005.042006127509,865000,HalfCheetah-v3,SAC_Q2a
174,8755.86012465128,870000,HalfCheetah-v3,SAC_Q2a
175,8911.625104005414,875000,HalfCheetah-v3,SAC_Q2a
176,8836.359155104703,880000,HalfCheetah-v3,SAC_Q2a
177,8918.494568828672,885000,HalfCheetah-v3,SAC_Q2a
178,8934.329373202785,890000,HalfCheetah-v3,SAC_Q2a
179,8842.585705830596,895000,HalfCheetah-v3,SAC_Q2a
180,9099.907047010707,900000,HalfCheetah-v3,SAC_Q2a
181,8934.126998314292,905000,HalfCheetah-v3,SAC_Q2a
182,8783.693686625502,910000,HalfCheetah-v3,SAC_Q2a
183,8945.96025845088,915000,HalfCheetah-v3,SAC_Q2a
184,9082.371063727156,920000,HalfCheetah-v3,SAC_Q2a
185,8760.859606048354,925000,HalfCheetah-v3,SAC_Q2a
186,9068.543851612621,930000,HalfCheetah-v3,SAC_Q2a
187,9073.044743627637,935000,HalfCheetah-v3,SAC_Q2a
188,8998.443789992914,940000,HalfCheetah-v3,SAC_Q2a
189,8987.269790960123,945000,HalfCheetah-v3,SAC_Q2a
190,8945.787342795713,950000,HalfCheetah-v3,SAC_Q2a
191,8851.452299480825,955000,HalfCheetah-v3,SAC_Q2a
192,9021.57083194887,960000,HalfCheetah-v3,SAC_Q2a
193,9043.826731977586,965000,HalfCheetah-v3,SAC_Q2a
194,9087.88447145264,970000,HalfCheetah-v3,SAC_Q2a
195,9134.892738485743,975000,HalfCheetah-v3,SAC_Q2a
196,8869.446245916759,980000,HalfCheetah-v3,SAC_Q2a
197,8974.805632798832,985000,HalfCheetah-v3,SAC_Q2a
198,8859.871137387092,990000,HalfCheetah-v3,SAC_Q2a
199,8932.948376833952,995000,HalfCheetah-v3,SAC_Q2a
200,9007.444906530858,1000000,HalfCheetah-v3,SAC_Q2a
