index,Average Return,Timesteps,env,algorithm_name
0,-168.89319009056533,0,HalfCheetah-v3,SAC_Q2a
1,-79.37192084203721,5000,HalfCheetah-v3,SAC_Q2a
2,-109.48367515575141,10000,HalfCheetah-v3,SAC_Q2a
3,-87.15283789030337,15000,HalfCheetah-v3,SAC_Q2a
4,-213.99194687728732,20000,HalfCheetah-v3,SAC_Q2a
5,397.30292501331576,25000,HalfCheetah-v3,SAC_Q2a
6,1715.8224872250125,30000,HalfCheetah-v3,SAC_Q2a
7,1442.1290872904442,35000,HalfCheetah-v3,SAC_Q2a
8,2481.9248447191108,40000,HalfCheetah-v3,SAC_Q2a
9,1907.5582694683649,45000,HalfCheetah-v3,SAC_Q2a
10,3179.080047559867,50000,HalfCheetah-v3,SAC_Q2a
11,3663.2620339751206,55000,HalfCheetah-v3,SAC_Q2a
12,3605.822259187051,60000,HalfCheetah-v3,SAC_Q2a
13,3831.8257981072334,65000,HalfCheetah-v3,SAC_Q2a
14,3842.9598165834527,70000,HalfCheetah-v3,SAC_Q2a
15,4088.7918965343656,75000,HalfCheetah-v3,SAC_Q2a
16,4399.266321184354,80000,HalfCheetah-v3,SAC_Q2a
17,4110.200830116731,85000,HalfCheetah-v3,SAC_Q2a
18,3613.276386076489,90000,HalfCheetah-v3,SAC_Q2a
19,4835.556019169302,95000,HalfCheetah-v3,SAC_Q2a
20,4157.082357750878,100000,HalfCheetah-v3,SAC_Q2a
21,5687.519167120541,105000,HalfCheetah-v3,SAC_Q2a
22,5825.634688567817,110000,HalfCheetah-v3,SAC_Q2a
23,6372.651279310883,115000,HalfCheetah-v3,SAC_Q2a
24,6472.102568271071,120000,HalfCheetah-v3,SAC_Q2a
25,6160.249235730845,125000,HalfCheetah-v3,SAC_Q2a
26,6540.119927157025,130000,HalfCheetah-v3,SAC_Q2a
27,6482.107617508969,135000,HalfCheetah-v3,SAC_Q2a
28,6705.680467507516,140000,HalfCheetah-v3,SAC_Q2a
29,6697.554474108144,145000,HalfCheetah-v3,SAC_Q2a
30,6398.780751225719,150000,HalfCheetah-v3,SAC_Q2a
31,6006.3962140949425,155000,HalfCheetah-v3,SAC_Q2a
32,6733.779262599623,160000,HalfCheetah-v3,SAC_Q2a
33,6957.104523909547,165000,HalfCheetah-v3,SAC_Q2a
34,6839.713130335984,170000,HalfCheetah-v3,SAC_Q2a
35,6934.810104027386,175000,HalfCheetah-v3,SAC_Q2a
36,7062.270939334596,180000,HalfCheetah-v3,SAC_Q2a
37,6618.235447600433,185000,HalfCheetah-v3,SAC_Q2a
38,7176.121434359377,190000,HalfCheetah-v3,SAC_Q2a
39,5477.600501703191,195000,HalfCheetah-v3,SAC_Q2a
40,6899.135136345612,200000,HalfCheetah-v3,SAC_Q2a
41,7300.831920853436,205000,HalfCheetah-v3,SAC_Q2a
42,7393.368920665383,210000,HalfCheetah-v3,SAC_Q2a
43,7463.538273550168,215000,HalfCheetah-v3,SAC_Q2a
44,7438.525612514384,220000,HalfCheetah-v3,SAC_Q2a
45,6751.37907598545,225000,HalfCheetah-v3,SAC_Q2a
46,6319.9845780229025,230000,HalfCheetah-v3,SAC_Q2a
47,6370.798813064039,235000,HalfCheetah-v3,SAC_Q2a
48,7517.819254487923,240000,HalfCheetah-v3,SAC_Q2a
49,7618.834612740221,245000,HalfCheetah-v3,SAC_Q2a
50,7256.540371413564,250000,HalfCheetah-v3,SAC_Q2a
51,7453.026223045407,255000,HalfCheetah-v3,SAC_Q2a
52,7663.485401908181,260000,HalfCheetah-v3,SAC_Q2a
53,7575.917177617089,265000,HalfCheetah-v3,SAC_Q2a
54,7753.952372830604,270000,HalfCheetah-v3,SAC_Q2a
55,7745.389328939878,275000,HalfCheetah-v3,SAC_Q2a
56,7866.853029540298,280000,HalfCheetah-v3,SAC_Q2a
57,8031.067812186152,285000,HalfCheetah-v3,SAC_Q2a
58,7709.170658261479,290000,HalfCheetah-v3,SAC_Q2a
59,7924.642859892869,295000,HalfCheetah-v3,SAC_Q2a
60,7992.035387236205,300000,HalfCheetah-v3,SAC_Q2a
61,7859.747873629307,305000,HalfCheetah-v3,SAC_Q2a
62,8103.7873249826325,310000,HalfCheetah-v3,SAC_Q2a
63,8100.12099245367,315000,HalfCheetah-v3,SAC_Q2a
64,8149.213556185425,320000,HalfCheetah-v3,SAC_Q2a
65,8122.590334389269,325000,HalfCheetah-v3,SAC_Q2a
66,8245.995183594696,330000,HalfCheetah-v3,SAC_Q2a
67,8077.046805655261,335000,HalfCheetah-v3,SAC_Q2a
68,8022.116690316259,340000,HalfCheetah-v3,SAC_Q2a
69,8294.355286574504,345000,HalfCheetah-v3,SAC_Q2a
70,7982.83622770757,350000,HalfCheetah-v3,SAC_Q2a
71,8226.092990875932,355000,HalfCheetah-v3,SAC_Q2a
72,7864.059918651515,360000,HalfCheetah-v3,SAC_Q2a
73,8189.560756240791,365000,HalfCheetah-v3,SAC_Q2a
74,8051.146668818439,370000,HalfCheetah-v3,SAC_Q2a
75,8425.928958070548,375000,HalfCheetah-v3,SAC_Q2a
76,8348.502030066113,380000,HalfCheetah-v3,SAC_Q2a
77,8391.23644060044,385000,HalfCheetah-v3,SAC_Q2a
78,8452.67417581083,390000,HalfCheetah-v3,SAC_Q2a
79,8538.213263839552,395000,HalfCheetah-v3,SAC_Q2a
80,8511.023662730207,400000,HalfCheetah-v3,SAC_Q2a
81,8594.653421772553,405000,HalfCheetah-v3,SAC_Q2a
82,8748.39870844717,410000,HalfCheetah-v3,SAC_Q2a
83,8522.59793456234,415000,HalfCheetah-v3,SAC_Q2a
84,8717.658365511317,420000,HalfCheetah-v3,SAC_Q2a
85,8568.145218894068,425000,HalfCheetah-v3,SAC_Q2a
86,8521.58056970163,430000,HalfCheetah-v3,SAC_Q2a
87,8673.195090883695,435000,HalfCheetah-v3,SAC_Q2a
88,8816.82205663496,440000,HalfCheetah-v3,SAC_Q2a
89,8666.115995585691,445000,HalfCheetah-v3,SAC_Q2a
90,8765.604960389475,450000,HalfCheetah-v3,SAC_Q2a
91,8746.009920240589,455000,HalfCheetah-v3,SAC_Q2a
92,8717.775984359381,460000,HalfCheetah-v3,SAC_Q2a
93,8870.779185906267,465000,HalfCheetah-v3,SAC_Q2a
94,8702.628411809806,470000,HalfCheetah-v3,SAC_Q2a
95,8762.109445284657,475000,HalfCheetah-v3,SAC_Q2a
96,8916.862149358507,480000,HalfCheetah-v3,SAC_Q2a
97,8903.46763811238,485000,HalfCheetah-v3,SAC_Q2a
98,8952.35479238271,490000,HalfCheetah-v3,SAC_Q2a
99,8725.670536626556,495000,HalfCheetah-v3,SAC_Q2a
100,9083.45912934629,500000,HalfCheetah-v3,SAC_Q2a
101,9004.629711385593,505000,HalfCheetah-v3,SAC_Q2a
102,8943.143492676809,510000,HalfCheetah-v3,SAC_Q2a
103,9040.827045583905,515000,HalfCheetah-v3,SAC_Q2a
104,8975.619267098253,520000,HalfCheetah-v3,SAC_Q2a
105,9177.064303229,525000,HalfCheetah-v3,SAC_Q2a
106,9157.960794935498,530000,HalfCheetah-v3,SAC_Q2a
107,8977.07665831885,535000,HalfCheetah-v3,SAC_Q2a
108,9081.139090779536,540000,HalfCheetah-v3,SAC_Q2a
109,8933.81071333033,545000,HalfCheetah-v3,SAC_Q2a
110,9206.870058725399,550000,HalfCheetah-v3,SAC_Q2a
111,9137.781591600524,555000,HalfCheetah-v3,SAC_Q2a
112,9111.48193942686,560000,HalfCheetah-v3,SAC_Q2a
113,9280.21287240906,565000,HalfCheetah-v3,SAC_Q2a
114,9081.765426888767,570000,HalfCheetah-v3,SAC_Q2a
115,9185.006670770661,575000,HalfCheetah-v3,SAC_Q2a
116,9335.497033725525,580000,HalfCheetah-v3,SAC_Q2a
117,9405.083298205516,585000,HalfCheetah-v3,SAC_Q2a
118,9351.936665993944,590000,HalfCheetah-v3,SAC_Q2a
119,9127.678688458389,595000,HalfCheetah-v3,SAC_Q2a
120,9420.737779872692,600000,HalfCheetah-v3,SAC_Q2a
121,9438.019179828774,605000,HalfCheetah-v3,SAC_Q2a
122,9345.015245940282,610000,HalfCheetah-v3,SAC_Q2a
123,9379.720673107971,615000,HalfCheetah-v3,SAC_Q2a
124,9383.728516266841,620000,HalfCheetah-v3,SAC_Q2a
125,9491.297577334919,625000,HalfCheetah-v3,SAC_Q2a
126,9501.670965057441,630000,HalfCheetah-v3,SAC_Q2a
127,9530.443871205385,635000,HalfCheetah-v3,SAC_Q2a
128,9442.54884057948,640000,HalfCheetah-v3,SAC_Q2a
129,9643.091304623285,645000,HalfCheetah-v3,SAC_Q2a
