index,Average Return,Timesteps,env,algorithm_name
0,-0.47435753505159467,0.0,HalfCheetah-v3,TD3_Q2a2x64_1p_zeros
1,-1.220677797157922,5000.0,HalfCheetah-v3,TD3_Q2a2x64_1p_zeros
2,-0.4283889701497802,10000.0,HalfCheetah-v3,TD3_Q2a2x64_1p_zeros
3,-0.4545060945832781,15000.0,HalfCheetah-v3,TD3_Q2a2x64_1p_zeros
4,-0.599284919644976,20000.0,HalfCheetah-v3,TD3_Q2a2x64_1p_zeros
5,-0.8675666184030042,25000.0,HalfCheetah-v3,TD3_Q2a2x64_1p_zeros
6,-0.5772309183684331,30000.0,HalfCheetah-v3,TD3_Q2a2x64_1p_zeros
7,-0.2454650388701074,35000.0,HalfCheetah-v3,TD3_Q2a2x64_1p_zeros
8,-0.6062756943271106,40000.0,HalfCheetah-v3,TD3_Q2a2x64_1p_zeros
9,-0.3844685399734094,45000.0,HalfCheetah-v3,TD3_Q2a2x64_1p_zeros
10,-586.1800257808096,50000.0,HalfCheetah-v3,TD3_Q2a2x64_1p_zeros
11,-629.7671083805114,55000.0,HalfCheetah-v3,TD3_Q2a2x64_1p_zeros
12,-610.7400090119002,60000.0,HalfCheetah-v3,TD3_Q2a2x64_1p_zeros
13,-658.9079645673933,65000.0,HalfCheetah-v3,TD3_Q2a2x64_1p_zeros
14,-580.0678293708626,70000.0,HalfCheetah-v3,TD3_Q2a2x64_1p_zeros
15,-566.3404011914065,75000.0,HalfCheetah-v3,TD3_Q2a2x64_1p_zeros
16,-544.8642307897436,80000.0,HalfCheetah-v3,TD3_Q2a2x64_1p_zeros
17,-566.1864007868437,85000.0,HalfCheetah-v3,TD3_Q2a2x64_1p_zeros
18,-575.1292550346099,90000.0,HalfCheetah-v3,TD3_Q2a2x64_1p_zeros
19,-576.6734073633157,95000.0,HalfCheetah-v3,TD3_Q2a2x64_1p_zeros
20,373.88445442458976,100000.0,HalfCheetah-v3,TD3_Q2a2x64_1p_zeros
21,385.15769057701374,105000.0,HalfCheetah-v3,TD3_Q2a2x64_1p_zeros
22,392.1717656164707,110000.0,HalfCheetah-v3,TD3_Q2a2x64_1p_zeros
23,415.11133397735904,115000.0,HalfCheetah-v3,TD3_Q2a2x64_1p_zeros
24,398.04487324989674,120000.0,HalfCheetah-v3,TD3_Q2a2x64_1p_zeros
25,1061.7523991487162,125000.0,HalfCheetah-v3,TD3_Q2a2x64_1p_zeros
26,1002.995353871485,130000.0,HalfCheetah-v3,TD3_Q2a2x64_1p_zeros
27,996.8254856677319,135000.0,HalfCheetah-v3,TD3_Q2a2x64_1p_zeros
28,988.615117756259,140000.0,HalfCheetah-v3,TD3_Q2a2x64_1p_zeros
29,986.0462669268621,145000.0,HalfCheetah-v3,TD3_Q2a2x64_1p_zeros
30,437.1446247387066,150000.0,HalfCheetah-v3,TD3_Q2a2x64_1p_zeros
31,507.64918505882787,155000.0,HalfCheetah-v3,TD3_Q2a2x64_1p_zeros
32,652.0206235628941,160000.0,HalfCheetah-v3,TD3_Q2a2x64_1p_zeros
33,649.9923088971411,165000.0,HalfCheetah-v3,TD3_Q2a2x64_1p_zeros
34,332.0961324731888,170000.0,HalfCheetah-v3,TD3_Q2a2x64_1p_zeros
35,1181.942004699946,175000.0,HalfCheetah-v3,TD3_Q2a2x64_1p_zeros
36,1069.006164414676,180000.0,HalfCheetah-v3,TD3_Q2a2x64_1p_zeros
37,1164.2159877344259,185000.0,HalfCheetah-v3,TD3_Q2a2x64_1p_zeros
38,874.1752943281701,190000.0,HalfCheetah-v3,TD3_Q2a2x64_1p_zeros
39,730.5198477170752,195000.0,HalfCheetah-v3,TD3_Q2a2x64_1p_zeros
40,477.90606488241747,200000.0,HalfCheetah-v3,TD3_Q2a2x64_1p_zeros
41,668.2253035434876,205000.0,HalfCheetah-v3,TD3_Q2a2x64_1p_zeros
42,468.12998340676086,210000.0,HalfCheetah-v3,TD3_Q2a2x64_1p_zeros
43,482.3029482336133,215000.0,HalfCheetah-v3,TD3_Q2a2x64_1p_zeros
44,346.7153723575985,220000.0,HalfCheetah-v3,TD3_Q2a2x64_1p_zeros
45,1675.5895850342015,225000.0,HalfCheetah-v3,TD3_Q2a2x64_1p_zeros
46,1798.649741184424,230000.0,HalfCheetah-v3,TD3_Q2a2x64_1p_zeros
47,1829.9439524927552,235000.0,HalfCheetah-v3,TD3_Q2a2x64_1p_zeros
48,1933.308509094594,240000.0,HalfCheetah-v3,TD3_Q2a2x64_1p_zeros
49,1958.9876919387902,245000.0,HalfCheetah-v3,TD3_Q2a2x64_1p_zeros
50,2018.493963453122,250000.0,HalfCheetah-v3,TD3_Q2a2x64_1p_zeros
51,1131.0684121964505,255000.0,HalfCheetah-v3,TD3_Q2a2x64_1p_zeros
52,1509.1052351511407,260000.0,HalfCheetah-v3,TD3_Q2a2x64_1p_zeros
53,1840.1137752005511,265000.0,HalfCheetah-v3,TD3_Q2a2x64_1p_zeros
54,1792.2709848656602,270000.0,HalfCheetah-v3,TD3_Q2a2x64_1p_zeros
55,2176.807019014873,275000.0,HalfCheetah-v3,TD3_Q2a2x64_1p_zeros
56,1571.0202655639798,280000.0,HalfCheetah-v3,TD3_Q2a2x64_1p_zeros
57,1288.3854170226264,285000.0,HalfCheetah-v3,TD3_Q2a2x64_1p_zeros
58,1746.2037418097195,290000.0,HalfCheetah-v3,TD3_Q2a2x64_1p_zeros
59,1664.4686063412566,295000.0,HalfCheetah-v3,TD3_Q2a2x64_1p_zeros
60,2094.595667273732,300000.0,HalfCheetah-v3,TD3_Q2a2x64_1p_zeros
61,1669.9147580927918,305000.0,HalfCheetah-v3,TD3_Q2a2x64_1p_zeros
62,1976.8834192719999,310000.0,HalfCheetah-v3,TD3_Q2a2x64_1p_zeros
63,2358.822060076608,315000.0,HalfCheetah-v3,TD3_Q2a2x64_1p_zeros
64,2216.106394243834,320000.0,HalfCheetah-v3,TD3_Q2a2x64_1p_zeros
65,2778.507861757586,325000.0,HalfCheetah-v3,TD3_Q2a2x64_1p_zeros
66,3312.0401302554696,330000.0,HalfCheetah-v3,TD3_Q2a2x64_1p_zeros
67,3367.1994489436997,335000.0,HalfCheetah-v3,TD3_Q2a2x64_1p_zeros
68,3341.9442280992916,340000.0,HalfCheetah-v3,TD3_Q2a2x64_1p_zeros
69,3032.035183218136,345000.0,HalfCheetah-v3,TD3_Q2a2x64_1p_zeros
70,3682.109944966375,350000.0,HalfCheetah-v3,TD3_Q2a2x64_1p_zeros
71,3645.2066960451375,355000.0,HalfCheetah-v3,TD3_Q2a2x64_1p_zeros
72,3711.604305396903,360000.0,HalfCheetah-v3,TD3_Q2a2x64_1p_zeros
73,3491.1012879903597,365000.0,HalfCheetah-v3,TD3_Q2a2x64_1p_zeros
74,3579.6941024037797,370000.0,HalfCheetah-v3,TD3_Q2a2x64_1p_zeros
75,3437.1100650893204,375000.0,HalfCheetah-v3,TD3_Q2a2x64_1p_zeros
76,3655.646482122681,380000.0,HalfCheetah-v3,TD3_Q2a2x64_1p_zeros
77,3700.910240895047,385000.0,HalfCheetah-v3,TD3_Q2a2x64_1p_zeros
78,3613.790790044671,390000.0,HalfCheetah-v3,TD3_Q2a2x64_1p_zeros
79,3672.02704476005,395000.0,HalfCheetah-v3,TD3_Q2a2x64_1p_zeros
80,4131.490287598113,400000.0,HalfCheetah-v3,TD3_Q2a2x64_1p_zeros
81,4124.818568621265,405000.0,HalfCheetah-v3,TD3_Q2a2x64_1p_zeros
82,3790.820946307145,410000.0,HalfCheetah-v3,TD3_Q2a2x64_1p_zeros
83,4010.00291199571,415000.0,HalfCheetah-v3,TD3_Q2a2x64_1p_zeros
84,3744.99530573468,420000.0,HalfCheetah-v3,TD3_Q2a2x64_1p_zeros
85,4430.7418097513655,425000.0,HalfCheetah-v3,TD3_Q2a2x64_1p_zeros
86,4365.53384899664,430000.0,HalfCheetah-v3,TD3_Q2a2x64_1p_zeros
87,4316.671290565965,435000.0,HalfCheetah-v3,TD3_Q2a2x64_1p_zeros
88,4123.078464072483,440000.0,HalfCheetah-v3,TD3_Q2a2x64_1p_zeros
89,4197.5702061040265,445000.0,HalfCheetah-v3,TD3_Q2a2x64_1p_zeros
90,4376.985998287421,450000.0,HalfCheetah-v3,TD3_Q2a2x64_1p_zeros
91,4279.331621767358,455000.0,HalfCheetah-v3,TD3_Q2a2x64_1p_zeros
92,3916.624594109818,460000.0,HalfCheetah-v3,TD3_Q2a2x64_1p_zeros
93,4122.721143039025,465000.0,HalfCheetah-v3,TD3_Q2a2x64_1p_zeros
94,4131.484781360001,470000.0,HalfCheetah-v3,TD3_Q2a2x64_1p_zeros
95,4407.182595809436,475000.0,HalfCheetah-v3,TD3_Q2a2x64_1p_zeros
96,4272.8103143757935,480000.0,HalfCheetah-v3,TD3_Q2a2x64_1p_zeros
97,4304.439473597189,485000.0,HalfCheetah-v3,TD3_Q2a2x64_1p_zeros
98,4259.450180358847,490000.0,HalfCheetah-v3,TD3_Q2a2x64_1p_zeros
99,4199.627949961645,495000.0,HalfCheetah-v3,TD3_Q2a2x64_1p_zeros
100,4437.955272424986,500000.0,HalfCheetah-v3,TD3_Q2a2x64_1p_zeros
101,4143.051429310987,505000.0,HalfCheetah-v3,TD3_Q2a2x64_1p_zeros
102,4366.8711436501035,510000.0,HalfCheetah-v3,TD3_Q2a2x64_1p_zeros
103,4035.17128864399,515000.0,HalfCheetah-v3,TD3_Q2a2x64_1p_zeros
104,3829.3471844728447,520000.0,HalfCheetah-v3,TD3_Q2a2x64_1p_zeros
105,4397.242380521319,525000.0,HalfCheetah-v3,TD3_Q2a2x64_1p_zeros
106,4376.756353750527,530000.0,HalfCheetah-v3,TD3_Q2a2x64_1p_zeros
107,4166.603691923426,535000.0,HalfCheetah-v3,TD3_Q2a2x64_1p_zeros
108,4135.404679391371,540000.0,HalfCheetah-v3,TD3_Q2a2x64_1p_zeros
109,3850.114448190958,545000.0,HalfCheetah-v3,TD3_Q2a2x64_1p_zeros
110,4421.778842198794,550000.0,HalfCheetah-v3,TD3_Q2a2x64_1p_zeros
111,4410.877093214771,555000.0,HalfCheetah-v3,TD3_Q2a2x64_1p_zeros
112,4336.386864655933,560000.0,HalfCheetah-v3,TD3_Q2a2x64_1p_zeros
113,4235.919687286472,565000.0,HalfCheetah-v3,TD3_Q2a2x64_1p_zeros
114,4181.632391398491,570000.0,HalfCheetah-v3,TD3_Q2a2x64_1p_zeros
115,4649.647387069863,575000.0,HalfCheetah-v3,TD3_Q2a2x64_1p_zeros
116,4584.147187934843,580000.0,HalfCheetah-v3,TD3_Q2a2x64_1p_zeros
117,4471.019050869726,585000.0,HalfCheetah-v3,TD3_Q2a2x64_1p_zeros
118,4179.2793875092675,590000.0,HalfCheetah-v3,TD3_Q2a2x64_1p_zeros
119,4373.364258906388,595000.0,HalfCheetah-v3,TD3_Q2a2x64_1p_zeros
120,4477.380791534832,600000.0,HalfCheetah-v3,TD3_Q2a2x64_1p_zeros
121,4626.653932902431,605000.0,HalfCheetah-v3,TD3_Q2a2x64_1p_zeros
122,4524.108386207036,610000.0,HalfCheetah-v3,TD3_Q2a2x64_1p_zeros
123,4247.337627905507,615000.0,HalfCheetah-v3,TD3_Q2a2x64_1p_zeros
124,3743.5449474904767,620000.0,HalfCheetah-v3,TD3_Q2a2x64_1p_zeros
125,4662.005876234905,625000.0,HalfCheetah-v3,TD3_Q2a2x64_1p_zeros
126,4258.387512330452,630000.0,HalfCheetah-v3,TD3_Q2a2x64_1p_zeros
127,4595.530707315842,635000.0,HalfCheetah-v3,TD3_Q2a2x64_1p_zeros
128,4436.355090096016,640000.0,HalfCheetah-v3,TD3_Q2a2x64_1p_zeros
129,4419.51390278447,645000.0,HalfCheetah-v3,TD3_Q2a2x64_1p_zeros
130,4673.90074968704,650000.0,HalfCheetah-v3,TD3_Q2a2x64_1p_zeros
131,4628.233620935354,655000.0,HalfCheetah-v3,TD3_Q2a2x64_1p_zeros
132,4492.847099698516,660000.0,HalfCheetah-v3,TD3_Q2a2x64_1p_zeros
133,4315.876123536882,665000.0,HalfCheetah-v3,TD3_Q2a2x64_1p_zeros
134,4264.070957810481,670000.0,HalfCheetah-v3,TD3_Q2a2x64_1p_zeros
135,4723.758328003622,675000.0,HalfCheetah-v3,TD3_Q2a2x64_1p_zeros
136,4723.851162434661,680000.0,HalfCheetah-v3,TD3_Q2a2x64_1p_zeros
137,4577.315494676363,685000.0,HalfCheetah-v3,TD3_Q2a2x64_1p_zeros
138,4398.0954783915995,690000.0,HalfCheetah-v3,TD3_Q2a2x64_1p_zeros
139,4406.63219746313,695000.0,HalfCheetah-v3,TD3_Q2a2x64_1p_zeros
140,4809.747747936641,700000.0,HalfCheetah-v3,TD3_Q2a2x64_1p_zeros
141,4792.764254519148,705000.0,HalfCheetah-v3,TD3_Q2a2x64_1p_zeros
142,4681.785643513451,710000.0,HalfCheetah-v3,TD3_Q2a2x64_1p_zeros
143,4503.678662067125,715000.0,HalfCheetah-v3,TD3_Q2a2x64_1p_zeros
144,4379.496247688265,720000.0,HalfCheetah-v3,TD3_Q2a2x64_1p_zeros
145,4862.761911914555,725000.0,HalfCheetah-v3,TD3_Q2a2x64_1p_zeros
146,4423.744419995456,730000.0,HalfCheetah-v3,TD3_Q2a2x64_1p_zeros
147,4688.521415696695,735000.0,HalfCheetah-v3,TD3_Q2a2x64_1p_zeros
148,4504.063233266823,740000.0,HalfCheetah-v3,TD3_Q2a2x64_1p_zeros
149,4172.674331177521,745000.0,HalfCheetah-v3,TD3_Q2a2x64_1p_zeros
150,4870.86891263709,750000.0,HalfCheetah-v3,TD3_Q2a2x64_1p_zeros
151,4813.728840981616,755000.0,HalfCheetah-v3,TD3_Q2a2x64_1p_zeros
152,4756.124661663339,760000.0,HalfCheetah-v3,TD3_Q2a2x64_1p_zeros
153,4518.077843083955,765000.0,HalfCheetah-v3,TD3_Q2a2x64_1p_zeros
154,4462.622540152926,770000.0,HalfCheetah-v3,TD3_Q2a2x64_1p_zeros
155,4948.7850050280595,775000.0,HalfCheetah-v3,TD3_Q2a2x64_1p_zeros
156,4802.153098812844,780000.0,HalfCheetah-v3,TD3_Q2a2x64_1p_zeros
157,4683.492370174696,785000.0,HalfCheetah-v3,TD3_Q2a2x64_1p_zeros
158,4629.985616654003,790000.0,HalfCheetah-v3,TD3_Q2a2x64_1p_zeros
159,4397.8781424064455,795000.0,HalfCheetah-v3,TD3_Q2a2x64_1p_zeros
160,4430.032756617035,800000.0,HalfCheetah-v3,TD3_Q2a2x64_1p_zeros
161,4514.692300654455,805000.0,HalfCheetah-v3,TD3_Q2a2x64_1p_zeros
162,4669.323335009667,810000.0,HalfCheetah-v3,TD3_Q2a2x64_1p_zeros
163,4604.564570818913,815000.0,HalfCheetah-v3,TD3_Q2a2x64_1p_zeros
164,4242.6833112935765,820000.0,HalfCheetah-v3,TD3_Q2a2x64_1p_zeros
165,4902.806418594309,825000.0,HalfCheetah-v3,TD3_Q2a2x64_1p_zeros
166,4856.712818049063,830000.0,HalfCheetah-v3,TD3_Q2a2x64_1p_zeros
167,4749.101680198172,835000.0,HalfCheetah-v3,TD3_Q2a2x64_1p_zeros
168,4207.011344340312,840000.0,HalfCheetah-v3,TD3_Q2a2x64_1p_zeros
169,4531.793152835145,845000.0,HalfCheetah-v3,TD3_Q2a2x64_1p_zeros
170,4369.37780657727,850000.0,HalfCheetah-v3,TD3_Q2a2x64_1p_zeros
171,4810.90803355729,855000.0,HalfCheetah-v3,TD3_Q2a2x64_1p_zeros
172,4792.736734428645,860000.0,HalfCheetah-v3,TD3_Q2a2x64_1p_zeros
173,4429.090473563805,865000.0,HalfCheetah-v3,TD3_Q2a2x64_1p_zeros
174,4543.556445890659,870000.0,HalfCheetah-v3,TD3_Q2a2x64_1p_zeros
175,5085.777177428344,875000.0,HalfCheetah-v3,TD3_Q2a2x64_1p_zeros
176,4977.259663704341,880000.0,HalfCheetah-v3,TD3_Q2a2x64_1p_zeros
177,4778.181987454187,885000.0,HalfCheetah-v3,TD3_Q2a2x64_1p_zeros
178,3652.7795608484093,890000.0,HalfCheetah-v3,TD3_Q2a2x64_1p_zeros
179,4471.292241486857,895000.0,HalfCheetah-v3,TD3_Q2a2x64_1p_zeros
180,5104.459381470707,900000.0,HalfCheetah-v3,TD3_Q2a2x64_1p_zeros
181,4832.398478790427,905000.0,HalfCheetah-v3,TD3_Q2a2x64_1p_zeros
182,4843.050875178754,910000.0,HalfCheetah-v3,TD3_Q2a2x64_1p_zeros
183,4533.86799477182,915000.0,HalfCheetah-v3,TD3_Q2a2x64_1p_zeros
184,4544.371994797583,920000.0,HalfCheetah-v3,TD3_Q2a2x64_1p_zeros
185,5170.321611878048,925000.0,HalfCheetah-v3,TD3_Q2a2x64_1p_zeros
186,4886.881010407471,930000.0,HalfCheetah-v3,TD3_Q2a2x64_1p_zeros
187,4113.017254782424,935000.0,HalfCheetah-v3,TD3_Q2a2x64_1p_zeros
188,4627.501021711485,940000.0,HalfCheetah-v3,TD3_Q2a2x64_1p_zeros
189,4440.938877375234,945000.0,HalfCheetah-v3,TD3_Q2a2x64_1p_zeros
190,5138.887298225649,950000.0,HalfCheetah-v3,TD3_Q2a2x64_1p_zeros
191,4756.877004014683,955000.0,HalfCheetah-v3,TD3_Q2a2x64_1p_zeros
192,4717.311002588247,960000.0,HalfCheetah-v3,TD3_Q2a2x64_1p_zeros
193,4499.220479309966,965000.0,HalfCheetah-v3,TD3_Q2a2x64_1p_zeros
194,4583.711840709013,970000.0,HalfCheetah-v3,TD3_Q2a2x64_1p_zeros
195,4766.198429106656,975000.0,HalfCheetah-v3,TD3_Q2a2x64_1p_zeros
196,4843.643513344986,980000.0,HalfCheetah-v3,TD3_Q2a2x64_1p_zeros
197,4939.869115982021,985000.0,HalfCheetah-v3,TD3_Q2a2x64_1p_zeros
198,4729.483918059163,990000.0,HalfCheetah-v3,TD3_Q2a2x64_1p_zeros
199,3677.1285880838923,995000.0,HalfCheetah-v3,TD3_Q2a2x64_1p_zeros
200,5371.884998343959,1000000.0,HalfCheetah-v3,TD3_Q2a2x64_1p_zeros
201,4839.054990258594,1005000.0,HalfCheetah-v3,TD3_Q2a2x64_1p_zeros
202,4532.075337485473,1010000.0,HalfCheetah-v3,TD3_Q2a2x64_1p_zeros
203,4490.55573134915,1015000.0,HalfCheetah-v3,TD3_Q2a2x64_1p_zeros
204,4642.36174579764,1020000.0,HalfCheetah-v3,TD3_Q2a2x64_1p_zeros
205,4955.960355862781,1025000.0,HalfCheetah-v3,TD3_Q2a2x64_1p_zeros
206,4245.667100702868,1030000.0,HalfCheetah-v3,TD3_Q2a2x64_1p_zeros
207,4597.846718514627,1035000.0,HalfCheetah-v3,TD3_Q2a2x64_1p_zeros
208,3904.7616290095502,1040000.0,HalfCheetah-v3,TD3_Q2a2x64_1p_zeros
209,4372.516036029332,1045000.0,HalfCheetah-v3,TD3_Q2a2x64_1p_zeros
210,5371.765926048645,1050000.0,HalfCheetah-v3,TD3_Q2a2x64_1p_zeros
211,5129.2263701972315,1055000.0,HalfCheetah-v3,TD3_Q2a2x64_1p_zeros
212,5137.603752753674,1060000.0,HalfCheetah-v3,TD3_Q2a2x64_1p_zeros
213,4859.661327909869,1065000.0,HalfCheetah-v3,TD3_Q2a2x64_1p_zeros
214,4581.995325896959,1070000.0,HalfCheetah-v3,TD3_Q2a2x64_1p_zeros
215,5304.352729530148,1075000.0,HalfCheetah-v3,TD3_Q2a2x64_1p_zeros
216,5292.099495044377,1080000.0,HalfCheetah-v3,TD3_Q2a2x64_1p_zeros
217,4760.320288107034,1085000.0,HalfCheetah-v3,TD3_Q2a2x64_1p_zeros
218,4800.981377844356,1090000.0,HalfCheetah-v3,TD3_Q2a2x64_1p_zeros
219,4555.326277076724,1095000.0,HalfCheetah-v3,TD3_Q2a2x64_1p_zeros
220,5217.041366583642,1100000.0,HalfCheetah-v3,TD3_Q2a2x64_1p_zeros
221,5274.629898397738,1105000.0,HalfCheetah-v3,TD3_Q2a2x64_1p_zeros
222,4776.979071461366,1110000.0,HalfCheetah-v3,TD3_Q2a2x64_1p_zeros
223,4523.623841186849,1115000.0,HalfCheetah-v3,TD3_Q2a2x64_1p_zeros
224,4724.232969072682,1120000.0,HalfCheetah-v3,TD3_Q2a2x64_1p_zeros
225,4867.23533090363,1125000.0,HalfCheetah-v3,TD3_Q2a2x64_1p_zeros
226,4986.204659691989,1130000.0,HalfCheetah-v3,TD3_Q2a2x64_1p_zeros
227,4776.989520224596,1135000.0,HalfCheetah-v3,TD3_Q2a2x64_1p_zeros
228,4389.073600065368,1140000.0,HalfCheetah-v3,TD3_Q2a2x64_1p_zeros
229,4229.618014998929,1145000.0,HalfCheetah-v3,TD3_Q2a2x64_1p_zeros
230,5664.157398507244,1150000.0,HalfCheetah-v3,TD3_Q2a2x64_1p_zeros
231,5373.218276771491,1155000.0,HalfCheetah-v3,TD3_Q2a2x64_1p_zeros
232,4601.807522941451,1160000.0,HalfCheetah-v3,TD3_Q2a2x64_1p_zeros
233,5025.3359965093405,1165000.0,HalfCheetah-v3,TD3_Q2a2x64_1p_zeros
234,4692.009817279618,1170000.0,HalfCheetah-v3,TD3_Q2a2x64_1p_zeros
235,5103.924487006994,1175000.0,HalfCheetah-v3,TD3_Q2a2x64_1p_zeros
236,4800.529201566531,1180000.0,HalfCheetah-v3,TD3_Q2a2x64_1p_zeros
237,5166.2729125465385,1185000.0,HalfCheetah-v3,TD3_Q2a2x64_1p_zeros
238,4705.72770240126,1190000.0,HalfCheetah-v3,TD3_Q2a2x64_1p_zeros
239,4667.056163529191,1195000.0,HalfCheetah-v3,TD3_Q2a2x64_1p_zeros
240,5515.484561243543,1200000.0,HalfCheetah-v3,TD3_Q2a2x64_1p_zeros
241,5236.381293366389,1205000.0,HalfCheetah-v3,TD3_Q2a2x64_1p_zeros
242,5157.229946309741,1210000.0,HalfCheetah-v3,TD3_Q2a2x64_1p_zeros
243,5003.927159510198,1215000.0,HalfCheetah-v3,TD3_Q2a2x64_1p_zeros
244,4530.558881361175,1220000.0,HalfCheetah-v3,TD3_Q2a2x64_1p_zeros
245,5268.325936478354,1225000.0,HalfCheetah-v3,TD3_Q2a2x64_1p_zeros
246,4783.812826684599,1230000.0,HalfCheetah-v3,TD3_Q2a2x64_1p_zeros
247,4608.002564864837,1235000.0,HalfCheetah-v3,TD3_Q2a2x64_1p_zeros
248,4456.2886373016245,1240000.0,HalfCheetah-v3,TD3_Q2a2x64_1p_zeros
249,4604.8006631482685,1245000.0,HalfCheetah-v3,TD3_Q2a2x64_1p_zeros
250,5113.8985326129605,1250000.0,HalfCheetah-v3,TD3_Q2a2x64_1p_zeros
251,5527.562036906278,1255000.0,HalfCheetah-v3,TD3_Q2a2x64_1p_zeros
252,5030.920628759266,1260000.0,HalfCheetah-v3,TD3_Q2a2x64_1p_zeros
253,4976.060572204405,1265000.0,HalfCheetah-v3,TD3_Q2a2x64_1p_zeros
254,4727.8203416579545,1270000.0,HalfCheetah-v3,TD3_Q2a2x64_1p_zeros
255,5601.135412313817,1275000.0,HalfCheetah-v3,TD3_Q2a2x64_1p_zeros
256,5074.034318320767,1280000.0,HalfCheetah-v3,TD3_Q2a2x64_1p_zeros
257,4503.470118275071,1285000.0,HalfCheetah-v3,TD3_Q2a2x64_1p_zeros
258,5053.215181559515,1290000.0,HalfCheetah-v3,TD3_Q2a2x64_1p_zeros
259,4771.995016870459,1295000.0,HalfCheetah-v3,TD3_Q2a2x64_1p_zeros
260,5274.913306897495,1300000.0,HalfCheetah-v3,TD3_Q2a2x64_1p_zeros
261,5535.837979461384,1305000.0,HalfCheetah-v3,TD3_Q2a2x64_1p_zeros
262,4496.71060474283,1310000.0,HalfCheetah-v3,TD3_Q2a2x64_1p_zeros
263,4357.110280868967,1315000.0,HalfCheetah-v3,TD3_Q2a2x64_1p_zeros
264,4513.784125049607,1320000.0,HalfCheetah-v3,TD3_Q2a2x64_1p_zeros
265,4678.11789105464,1325000.0,HalfCheetah-v3,TD3_Q2a2x64_1p_zeros
266,4838.479829833666,1330000.0,HalfCheetah-v3,TD3_Q2a2x64_1p_zeros
267,5294.904597808567,1335000.0,HalfCheetah-v3,TD3_Q2a2x64_1p_zeros
268,5006.488764349184,1340000.0,HalfCheetah-v3,TD3_Q2a2x64_1p_zeros
269,4512.301710203007,1345000.0,HalfCheetah-v3,TD3_Q2a2x64_1p_zeros
270,5646.47421741285,1350000.0,HalfCheetah-v3,TD3_Q2a2x64_1p_zeros
271,5555.491758640142,1355000.0,HalfCheetah-v3,TD3_Q2a2x64_1p_zeros
272,5430.913279203317,1360000.0,HalfCheetah-v3,TD3_Q2a2x64_1p_zeros
273,5089.721381140301,1365000.0,HalfCheetah-v3,TD3_Q2a2x64_1p_zeros
274,4817.557474544468,1370000.0,HalfCheetah-v3,TD3_Q2a2x64_1p_zeros
275,5924.953767833933,1375000.0,HalfCheetah-v3,TD3_Q2a2x64_1p_zeros
276,5621.79722985889,1380000.0,HalfCheetah-v3,TD3_Q2a2x64_1p_zeros
277,5301.603353292191,1385000.0,HalfCheetah-v3,TD3_Q2a2x64_1p_zeros
278,5038.315667508353,1390000.0,HalfCheetah-v3,TD3_Q2a2x64_1p_zeros
279,4663.525144779633,1395000.0,HalfCheetah-v3,TD3_Q2a2x64_1p_zeros
280,5447.356774413233,1400000.0,HalfCheetah-v3,TD3_Q2a2x64_1p_zeros
281,4411.365100420673,1405000.0,HalfCheetah-v3,TD3_Q2a2x64_1p_zeros
282,3594.6890566450775,1410000.0,HalfCheetah-v3,TD3_Q2a2x64_1p_zeros
283,4591.37887221849,1415000.0,HalfCheetah-v3,TD3_Q2a2x64_1p_zeros
284,4739.292099852985,1420000.0,HalfCheetah-v3,TD3_Q2a2x64_1p_zeros
285,5790.798756852205,1425000.0,HalfCheetah-v3,TD3_Q2a2x64_1p_zeros
286,5624.551829548633,1430000.0,HalfCheetah-v3,TD3_Q2a2x64_1p_zeros
287,5215.631490739829,1435000.0,HalfCheetah-v3,TD3_Q2a2x64_1p_zeros
288,4662.445682495362,1440000.0,HalfCheetah-v3,TD3_Q2a2x64_1p_zeros
289,4647.4946425793905,1445000.0,HalfCheetah-v3,TD3_Q2a2x64_1p_zeros
290,5484.991013247314,1450000.0,HalfCheetah-v3,TD3_Q2a2x64_1p_zeros
291,5161.229252054615,1455000.0,HalfCheetah-v3,TD3_Q2a2x64_1p_zeros
292,5125.9507577010245,1460000.0,HalfCheetah-v3,TD3_Q2a2x64_1p_zeros
293,5030.156909692601,1465000.0,HalfCheetah-v3,TD3_Q2a2x64_1p_zeros
294,4486.858160344443,1470000.0,HalfCheetah-v3,TD3_Q2a2x64_1p_zeros
295,5924.624317797912,1475000.0,HalfCheetah-v3,TD3_Q2a2x64_1p_zeros
296,5626.201346830191,1480000.0,HalfCheetah-v3,TD3_Q2a2x64_1p_zeros
297,4983.385537797667,1485000.0,HalfCheetah-v3,TD3_Q2a2x64_1p_zeros
298,5067.831115658088,1490000.0,HalfCheetah-v3,TD3_Q2a2x64_1p_zeros
299,4707.85038054447,1495000.0,HalfCheetah-v3,TD3_Q2a2x64_1p_zeros
300,6041.452823514474,1500000.0,HalfCheetah-v3,TD3_Q2a2x64_1p_zeros
301,5457.823249917641,1505000.0,HalfCheetah-v3,TD3_Q2a2x64_1p_zeros
302,5364.626220428038,1510000.0,HalfCheetah-v3,TD3_Q2a2x64_1p_zeros
303,4977.64164967111,1515000.0,HalfCheetah-v3,TD3_Q2a2x64_1p_zeros
304,4869.144920434834,1520000.0,HalfCheetah-v3,TD3_Q2a2x64_1p_zeros
305,6136.19523306795,1525000.0,HalfCheetah-v3,TD3_Q2a2x64_1p_zeros
306,5606.743484604851,1530000.0,HalfCheetah-v3,TD3_Q2a2x64_1p_zeros
307,5465.601826093154,1535000.0,HalfCheetah-v3,TD3_Q2a2x64_1p_zeros
308,5124.7576784714165,1540000.0,HalfCheetah-v3,TD3_Q2a2x64_1p_zeros
309,4812.692671268291,1545000.0,HalfCheetah-v3,TD3_Q2a2x64_1p_zeros
310,5881.106787809761,1550000.0,HalfCheetah-v3,TD3_Q2a2x64_1p_zeros
311,5020.706947023493,1555000.0,HalfCheetah-v3,TD3_Q2a2x64_1p_zeros
312,3898.677680339898,1560000.0,HalfCheetah-v3,TD3_Q2a2x64_1p_zeros
313,4466.276385734855,1565000.0,HalfCheetah-v3,TD3_Q2a2x64_1p_zeros
314,3621.448719421297,1570000.0,HalfCheetah-v3,TD3_Q2a2x64_1p_zeros
315,6051.155334106355,1575000.0,HalfCheetah-v3,TD3_Q2a2x64_1p_zeros
316,5782.3060897002515,1580000.0,HalfCheetah-v3,TD3_Q2a2x64_1p_zeros
317,5499.575439223879,1585000.0,HalfCheetah-v3,TD3_Q2a2x64_1p_zeros
318,5192.512261944755,1590000.0,HalfCheetah-v3,TD3_Q2a2x64_1p_zeros
319,4861.0492316897235,1595000.0,HalfCheetah-v3,TD3_Q2a2x64_1p_zeros
320,5940.655528728983,1600000.0,HalfCheetah-v3,TD3_Q2a2x64_1p_zeros
321,5872.014401766177,1605000.0,HalfCheetah-v3,TD3_Q2a2x64_1p_zeros
322,5159.354607151544,1610000.0,HalfCheetah-v3,TD3_Q2a2x64_1p_zeros
323,5214.342846591502,1615000.0,HalfCheetah-v3,TD3_Q2a2x64_1p_zeros
324,4657.434242699346,1620000.0,HalfCheetah-v3,TD3_Q2a2x64_1p_zeros
325,5867.931127719091,1625000.0,HalfCheetah-v3,TD3_Q2a2x64_1p_zeros
326,5878.903977693141,1630000.0,HalfCheetah-v3,TD3_Q2a2x64_1p_zeros
327,4877.289609313426,1635000.0,HalfCheetah-v3,TD3_Q2a2x64_1p_zeros
328,5059.435517305232,1640000.0,HalfCheetah-v3,TD3_Q2a2x64_1p_zeros
329,4959.780160443988,1645000.0,HalfCheetah-v3,TD3_Q2a2x64_1p_zeros
330,6369.631691061766,1650000.0,HalfCheetah-v3,TD3_Q2a2x64_1p_zeros
331,5487.768549389673,1655000.0,HalfCheetah-v3,TD3_Q2a2x64_1p_zeros
332,5552.859059835031,1660000.0,HalfCheetah-v3,TD3_Q2a2x64_1p_zeros
333,5174.360208379342,1665000.0,HalfCheetah-v3,TD3_Q2a2x64_1p_zeros
334,4771.319446530581,1670000.0,HalfCheetah-v3,TD3_Q2a2x64_1p_zeros
335,6485.5953133425855,1675000.0,HalfCheetah-v3,TD3_Q2a2x64_1p_zeros
336,6086.772069937773,1680000.0,HalfCheetah-v3,TD3_Q2a2x64_1p_zeros
337,5504.964593712695,1685000.0,HalfCheetah-v3,TD3_Q2a2x64_1p_zeros
338,5275.131163226302,1690000.0,HalfCheetah-v3,TD3_Q2a2x64_1p_zeros
339,4937.632388699941,1695000.0,HalfCheetah-v3,TD3_Q2a2x64_1p_zeros
340,6348.039160030973,1700000.0,HalfCheetah-v3,TD3_Q2a2x64_1p_zeros
341,5601.88446527302,1705000.0,HalfCheetah-v3,TD3_Q2a2x64_1p_zeros
342,5603.551665231934,1710000.0,HalfCheetah-v3,TD3_Q2a2x64_1p_zeros
343,4778.336429857943,1715000.0,HalfCheetah-v3,TD3_Q2a2x64_1p_zeros
344,4535.956504110102,1720000.0,HalfCheetah-v3,TD3_Q2a2x64_1p_zeros
345,6446.113174645654,1725000.0,HalfCheetah-v3,TD3_Q2a2x64_1p_zeros
346,5942.10596625139,1730000.0,HalfCheetah-v3,TD3_Q2a2x64_1p_zeros
347,4705.25082486232,1735000.0,HalfCheetah-v3,TD3_Q2a2x64_1p_zeros
348,4871.518655718517,1740000.0,HalfCheetah-v3,TD3_Q2a2x64_1p_zeros
349,4854.932785510102,1745000.0,HalfCheetah-v3,TD3_Q2a2x64_1p_zeros
350,6522.721987291804,1750000.0,HalfCheetah-v3,TD3_Q2a2x64_1p_zeros
351,5987.262583482849,1755000.0,HalfCheetah-v3,TD3_Q2a2x64_1p_zeros
352,5561.7076283357,1760000.0,HalfCheetah-v3,TD3_Q2a2x64_1p_zeros
353,4776.424134951055,1765000.0,HalfCheetah-v3,TD3_Q2a2x64_1p_zeros
354,4640.909798285771,1770000.0,HalfCheetah-v3,TD3_Q2a2x64_1p_zeros
355,4681.170582868463,1775000.0,HalfCheetah-v3,TD3_Q2a2x64_1p_zeros
356,4360.390978067989,1780000.0,HalfCheetah-v3,TD3_Q2a2x64_1p_zeros
357,4922.594487051783,1785000.0,HalfCheetah-v3,TD3_Q2a2x64_1p_zeros
358,4876.163775939593,1790000.0,HalfCheetah-v3,TD3_Q2a2x64_1p_zeros
359,4660.988475307582,1795000.0,HalfCheetah-v3,TD3_Q2a2x64_1p_zeros
360,6289.8663295217475,1800000.0,HalfCheetah-v3,TD3_Q2a2x64_1p_zeros
361,5288.072253132251,1805000.0,HalfCheetah-v3,TD3_Q2a2x64_1p_zeros
362,4997.6376903646815,1810000.0,HalfCheetah-v3,TD3_Q2a2x64_1p_zeros
363,4571.786907564162,1815000.0,HalfCheetah-v3,TD3_Q2a2x64_1p_zeros
364,4716.260971241818,1820000.0,HalfCheetah-v3,TD3_Q2a2x64_1p_zeros
365,6179.596326426113,1825000.0,HalfCheetah-v3,TD3_Q2a2x64_1p_zeros
366,5927.522605900335,1830000.0,HalfCheetah-v3,TD3_Q2a2x64_1p_zeros
367,5136.843575339639,1835000.0,HalfCheetah-v3,TD3_Q2a2x64_1p_zeros
368,5125.92520796965,1840000.0,HalfCheetah-v3,TD3_Q2a2x64_1p_zeros
369,4330.726534082686,1845000.0,HalfCheetah-v3,TD3_Q2a2x64_1p_zeros
370,6462.990113517933,1850000.0,HalfCheetah-v3,TD3_Q2a2x64_1p_zeros
371,5955.499659629888,1855000.0,HalfCheetah-v3,TD3_Q2a2x64_1p_zeros
372,5420.985616018168,1860000.0,HalfCheetah-v3,TD3_Q2a2x64_1p_zeros
373,5030.679910524376,1865000.0,HalfCheetah-v3,TD3_Q2a2x64_1p_zeros
374,4558.884438228781,1870000.0,HalfCheetah-v3,TD3_Q2a2x64_1p_zeros
375,6572.26022111723,1875000.0,HalfCheetah-v3,TD3_Q2a2x64_1p_zeros
376,5552.975970663636,1880000.0,HalfCheetah-v3,TD3_Q2a2x64_1p_zeros
377,5609.165691577878,1885000.0,HalfCheetah-v3,TD3_Q2a2x64_1p_zeros
378,5211.703711708595,1890000.0,HalfCheetah-v3,TD3_Q2a2x64_1p_zeros
379,4429.458656525304,1895000.0,HalfCheetah-v3,TD3_Q2a2x64_1p_zeros
380,6593.819915231763,1900000.0,HalfCheetah-v3,TD3_Q2a2x64_1p_zeros
381,5731.534260699531,1905000.0,HalfCheetah-v3,TD3_Q2a2x64_1p_zeros
382,5261.779158598254,1910000.0,HalfCheetah-v3,TD3_Q2a2x64_1p_zeros
383,4682.39635175939,1915000.0,HalfCheetah-v3,TD3_Q2a2x64_1p_zeros
384,3948.38207314949,1920000.0,HalfCheetah-v3,TD3_Q2a2x64_1p_zeros
385,5848.719419644824,1925000.0,HalfCheetah-v3,TD3_Q2a2x64_1p_zeros
386,5806.716842440292,1930000.0,HalfCheetah-v3,TD3_Q2a2x64_1p_zeros
387,4583.479858758574,1935000.0,HalfCheetah-v3,TD3_Q2a2x64_1p_zeros
388,4397.537705808141,1940000.0,HalfCheetah-v3,TD3_Q2a2x64_1p_zeros
389,4744.235674265503,1945000.0,HalfCheetah-v3,TD3_Q2a2x64_1p_zeros
390,6615.771089436574,1950000.0,HalfCheetah-v3,TD3_Q2a2x64_1p_zeros
391,6216.43623612866,1955000.0,HalfCheetah-v3,TD3_Q2a2x64_1p_zeros
392,5633.514966912375,1960000.0,HalfCheetah-v3,TD3_Q2a2x64_1p_zeros
393,5350.400268071738,1965000.0,HalfCheetah-v3,TD3_Q2a2x64_1p_zeros
394,4440.292171407557,1970000.0,HalfCheetah-v3,TD3_Q2a2x64_1p_zeros
395,6778.303089057127,1975000.0,HalfCheetah-v3,TD3_Q2a2x64_1p_zeros
396,5954.807929965353,1980000.0,HalfCheetah-v3,TD3_Q2a2x64_1p_zeros
397,5713.516895800998,1985000.0,HalfCheetah-v3,TD3_Q2a2x64_1p_zeros
398,4957.062234014516,1990000.0,HalfCheetah-v3,TD3_Q2a2x64_1p_zeros
399,4809.464607719711,1995000.0,HalfCheetah-v3,TD3_Q2a2x64_1p_zeros
400,6829.770806072175,2000000.0,HalfCheetah-v3,TD3_Q2a2x64_1p_zeros
401,6064.535403436371,2005000.0,HalfCheetah-v3,TD3_Q2a2x64_1p_zeros
402,5414.526614102708,2010000.0,HalfCheetah-v3,TD3_Q2a2x64_1p_zeros
403,5053.133579624128,2015000.0,HalfCheetah-v3,TD3_Q2a2x64_1p_zeros
404,4645.468365810202,2020000.0,HalfCheetah-v3,TD3_Q2a2x64_1p_zeros
405,6690.340125986605,2025000.0,HalfCheetah-v3,TD3_Q2a2x64_1p_zeros
406,6172.949087543306,2030000.0,HalfCheetah-v3,TD3_Q2a2x64_1p_zeros
407,5460.009700320335,2035000.0,HalfCheetah-v3,TD3_Q2a2x64_1p_zeros
408,5042.233858985907,2040000.0,HalfCheetah-v3,TD3_Q2a2x64_1p_zeros
409,4856.353899284462,2045000.0,HalfCheetah-v3,TD3_Q2a2x64_1p_zeros
410,6726.329357081493,2050000.0,HalfCheetah-v3,TD3_Q2a2x64_1p_zeros
411,5652.168628605714,2055000.0,HalfCheetah-v3,TD3_Q2a2x64_1p_zeros
412,5508.69580876277,2060000.0,HalfCheetah-v3,TD3_Q2a2x64_1p_zeros
413,5123.546729587895,2065000.0,HalfCheetah-v3,TD3_Q2a2x64_1p_zeros
414,4468.939193112446,2070000.0,HalfCheetah-v3,TD3_Q2a2x64_1p_zeros
415,6708.757353586552,2075000.0,HalfCheetah-v3,TD3_Q2a2x64_1p_zeros
416,5849.254930538724,2080000.0,HalfCheetah-v3,TD3_Q2a2x64_1p_zeros
417,5468.718293371171,2085000.0,HalfCheetah-v3,TD3_Q2a2x64_1p_zeros
418,4483.6803945383135,2090000.0,HalfCheetah-v3,TD3_Q2a2x64_1p_zeros
419,4511.916870797215,2095000.0,HalfCheetah-v3,TD3_Q2a2x64_1p_zeros
420,6820.371917844646,2100000.0,HalfCheetah-v3,TD3_Q2a2x64_1p_zeros
421,6285.8589991358385,2105000.0,HalfCheetah-v3,TD3_Q2a2x64_1p_zeros
422,5604.164533582968,2110000.0,HalfCheetah-v3,TD3_Q2a2x64_1p_zeros
423,5005.234207762416,2115000.0,HalfCheetah-v3,TD3_Q2a2x64_1p_zeros
424,4720.315975780942,2120000.0,HalfCheetah-v3,TD3_Q2a2x64_1p_zeros
425,6390.393278459138,2125000.0,HalfCheetah-v3,TD3_Q2a2x64_1p_zeros
426,6198.715151446073,2130000.0,HalfCheetah-v3,TD3_Q2a2x64_1p_zeros
427,5183.557453719366,2135000.0,HalfCheetah-v3,TD3_Q2a2x64_1p_zeros
428,5325.907439969682,2140000.0,HalfCheetah-v3,TD3_Q2a2x64_1p_zeros
429,4565.017411757146,2145000.0,HalfCheetah-v3,TD3_Q2a2x64_1p_zeros
430,6428.106299068371,2150000.0,HalfCheetah-v3,TD3_Q2a2x64_1p_zeros
431,5343.297446836506,2155000.0,HalfCheetah-v3,TD3_Q2a2x64_1p_zeros
432,5556.771441047221,2160000.0,HalfCheetah-v3,TD3_Q2a2x64_1p_zeros
433,4929.11652094051,2165000.0,HalfCheetah-v3,TD3_Q2a2x64_1p_zeros
434,4750.821436986671,2170000.0,HalfCheetah-v3,TD3_Q2a2x64_1p_zeros
435,6849.6006310206285,2175000.0,HalfCheetah-v3,TD3_Q2a2x64_1p_zeros
436,6259.304184799099,2180000.0,HalfCheetah-v3,TD3_Q2a2x64_1p_zeros
437,5259.014120593837,2185000.0,HalfCheetah-v3,TD3_Q2a2x64_1p_zeros
438,5041.804477107058,2190000.0,HalfCheetah-v3,TD3_Q2a2x64_1p_zeros
439,4609.317036154112,2195000.0,HalfCheetah-v3,TD3_Q2a2x64_1p_zeros
440,6786.846171967396,2200000.0,HalfCheetah-v3,TD3_Q2a2x64_1p_zeros
441,6139.532863772696,2205000.0,HalfCheetah-v3,TD3_Q2a2x64_1p_zeros
442,5595.518829022232,2210000.0,HalfCheetah-v3,TD3_Q2a2x64_1p_zeros
443,5298.855570490179,2215000.0,HalfCheetah-v3,TD3_Q2a2x64_1p_zeros
444,4899.227299945827,2220000.0,HalfCheetah-v3,TD3_Q2a2x64_1p_zeros
445,7020.367259387378,2225000.0,HalfCheetah-v3,TD3_Q2a2x64_1p_zeros
446,6468.343317369598,2230000.0,HalfCheetah-v3,TD3_Q2a2x64_1p_zeros
447,5583.12103949577,2235000.0,HalfCheetah-v3,TD3_Q2a2x64_1p_zeros
448,4640.2954054784295,2240000.0,HalfCheetah-v3,TD3_Q2a2x64_1p_zeros
449,4850.666885771407,2245000.0,HalfCheetah-v3,TD3_Q2a2x64_1p_zeros
450,6944.713029274996,2250000.0,HalfCheetah-v3,TD3_Q2a2x64_1p_zeros
451,6458.696803393844,2255000.0,HalfCheetah-v3,TD3_Q2a2x64_1p_zeros
452,5404.414467065328,2260000.0,HalfCheetah-v3,TD3_Q2a2x64_1p_zeros
453,4855.6755295029925,2265000.0,HalfCheetah-v3,TD3_Q2a2x64_1p_zeros
454,4788.563131713427,2270000.0,HalfCheetah-v3,TD3_Q2a2x64_1p_zeros
455,6892.922643514068,2275000.0,HalfCheetah-v3,TD3_Q2a2x64_1p_zeros
456,6116.765112977686,2280000.0,HalfCheetah-v3,TD3_Q2a2x64_1p_zeros
457,5443.788890627589,2285000.0,HalfCheetah-v3,TD3_Q2a2x64_1p_zeros
458,5142.386021221513,2290000.0,HalfCheetah-v3,TD3_Q2a2x64_1p_zeros
459,4617.792443628452,2295000.0,HalfCheetah-v3,TD3_Q2a2x64_1p_zeros
460,7073.309061701451,2300000.0,HalfCheetah-v3,TD3_Q2a2x64_1p_zeros
461,6296.860523880576,2305000.0,HalfCheetah-v3,TD3_Q2a2x64_1p_zeros
462,5652.947145395562,2310000.0,HalfCheetah-v3,TD3_Q2a2x64_1p_zeros
463,5118.529518662273,2315000.0,HalfCheetah-v3,TD3_Q2a2x64_1p_zeros
464,4627.352846768142,2320000.0,HalfCheetah-v3,TD3_Q2a2x64_1p_zeros
465,6480.276276859203,2325000.0,HalfCheetah-v3,TD3_Q2a2x64_1p_zeros
466,6540.563972496962,2330000.0,HalfCheetah-v3,TD3_Q2a2x64_1p_zeros
467,5733.073538645549,2335000.0,HalfCheetah-v3,TD3_Q2a2x64_1p_zeros
468,4804.197850071793,2340000.0,HalfCheetah-v3,TD3_Q2a2x64_1p_zeros
469,4305.674281241465,2345000.0,HalfCheetah-v3,TD3_Q2a2x64_1p_zeros
470,7145.127366979851,2350000.0,HalfCheetah-v3,TD3_Q2a2x64_1p_zeros
471,6460.858129147145,2355000.0,HalfCheetah-v3,TD3_Q2a2x64_1p_zeros
472,4886.247332473466,2360000.0,HalfCheetah-v3,TD3_Q2a2x64_1p_zeros
473,4858.958931410298,2365000.0,HalfCheetah-v3,TD3_Q2a2x64_1p_zeros
474,4874.711079270063,2370000.0,HalfCheetah-v3,TD3_Q2a2x64_1p_zeros
475,6994.79211051077,2375000.0,HalfCheetah-v3,TD3_Q2a2x64_1p_zeros
476,6469.314546284156,2380000.0,HalfCheetah-v3,TD3_Q2a2x64_1p_zeros
477,5928.993588405354,2385000.0,HalfCheetah-v3,TD3_Q2a2x64_1p_zeros
478,5369.893038399919,2390000.0,HalfCheetah-v3,TD3_Q2a2x64_1p_zeros
479,4833.580774479989,2395000.0,HalfCheetah-v3,TD3_Q2a2x64_1p_zeros
480,6654.919063213863,2400000.0,HalfCheetah-v3,TD3_Q2a2x64_1p_zeros
481,6358.959077651617,2405000.0,HalfCheetah-v3,TD3_Q2a2x64_1p_zeros
482,5474.056027749704,2410000.0,HalfCheetah-v3,TD3_Q2a2x64_1p_zeros
483,5199.367972702646,2415000.0,HalfCheetah-v3,TD3_Q2a2x64_1p_zeros
484,4513.863608095963,2420000.0,HalfCheetah-v3,TD3_Q2a2x64_1p_zeros
485,6569.527190961929,2425000.0,HalfCheetah-v3,TD3_Q2a2x64_1p_zeros
486,6234.980090650525,2430000.0,HalfCheetah-v3,TD3_Q2a2x64_1p_zeros
487,5590.349771219817,2435000.0,HalfCheetah-v3,TD3_Q2a2x64_1p_zeros
488,5027.732088019822,2440000.0,HalfCheetah-v3,TD3_Q2a2x64_1p_zeros
489,4441.960685454915,2445000.0,HalfCheetah-v3,TD3_Q2a2x64_1p_zeros
490,7074.049233828859,2450000.0,HalfCheetah-v3,TD3_Q2a2x64_1p_zeros
491,6304.744309284565,2455000.0,HalfCheetah-v3,TD3_Q2a2x64_1p_zeros
492,5606.239260087518,2460000.0,HalfCheetah-v3,TD3_Q2a2x64_1p_zeros
493,5251.562557587224,2465000.0,HalfCheetah-v3,TD3_Q2a2x64_1p_zeros
494,4802.96984394488,2470000.0,HalfCheetah-v3,TD3_Q2a2x64_1p_zeros
495,6916.5739532527,2475000.0,HalfCheetah-v3,TD3_Q2a2x64_1p_zeros
496,6608.0987223996535,2480000.0,HalfCheetah-v3,TD3_Q2a2x64_1p_zeros
497,5258.274984991951,2485000.0,HalfCheetah-v3,TD3_Q2a2x64_1p_zeros
498,4909.841546647267,2490000.0,HalfCheetah-v3,TD3_Q2a2x64_1p_zeros
499,4906.608344553407,2495000.0,HalfCheetah-v3,TD3_Q2a2x64_1p_zeros
500,7191.36927829149,2500000.0,HalfCheetah-v3,TD3_Q2a2x64_1p_zeros
501,6295.883995391791,2505000.0,HalfCheetah-v3,TD3_Q2a2x64_1p_zeros
502,5125.829538766548,2510000.0,HalfCheetah-v3,TD3_Q2a2x64_1p_zeros
503,5242.703022419747,2515000.0,HalfCheetah-v3,TD3_Q2a2x64_1p_zeros
504,4655.883257951141,2520000.0,HalfCheetah-v3,TD3_Q2a2x64_1p_zeros
505,7090.731234899632,2525000.0,HalfCheetah-v3,TD3_Q2a2x64_1p_zeros
506,6385.293663756349,2530000.0,HalfCheetah-v3,TD3_Q2a2x64_1p_zeros
507,5666.839731515342,2535000.0,HalfCheetah-v3,TD3_Q2a2x64_1p_zeros
508,5110.079508739511,2540000.0,HalfCheetah-v3,TD3_Q2a2x64_1p_zeros
509,4668.316302311652,2545000.0,HalfCheetah-v3,TD3_Q2a2x64_1p_zeros
510,7313.636528698729,2550000.0,HalfCheetah-v3,TD3_Q2a2x64_1p_zeros
511,6561.9246349958175,2555000.0,HalfCheetah-v3,TD3_Q2a2x64_1p_zeros
512,5888.268149958075,2560000.0,HalfCheetah-v3,TD3_Q2a2x64_1p_zeros
513,4852.185161502823,2565000.0,HalfCheetah-v3,TD3_Q2a2x64_1p_zeros
514,4651.382349153988,2570000.0,HalfCheetah-v3,TD3_Q2a2x64_1p_zeros
515,6834.93718227584,2575000.0,HalfCheetah-v3,TD3_Q2a2x64_1p_zeros
516,6296.224558954605,2580000.0,HalfCheetah-v3,TD3_Q2a2x64_1p_zeros
517,5476.120563304605,2585000.0,HalfCheetah-v3,TD3_Q2a2x64_1p_zeros
518,4594.216237767259,2590000.0,HalfCheetah-v3,TD3_Q2a2x64_1p_zeros
519,4648.59658698107,2595000.0,HalfCheetah-v3,TD3_Q2a2x64_1p_zeros
520,7151.063824498745,2600000.0,HalfCheetah-v3,TD3_Q2a2x64_1p_zeros
521,6448.022009758716,2605000.0,HalfCheetah-v3,TD3_Q2a2x64_1p_zeros
522,5959.942270621001,2610000.0,HalfCheetah-v3,TD3_Q2a2x64_1p_zeros
523,4691.772418558962,2615000.0,HalfCheetah-v3,TD3_Q2a2x64_1p_zeros
524,3817.37931320055,2620000.0,HalfCheetah-v3,TD3_Q2a2x64_1p_zeros
525,7231.7065703838425,2625000.0,HalfCheetah-v3,TD3_Q2a2x64_1p_zeros
526,6609.671736714578,2630000.0,HalfCheetah-v3,TD3_Q2a2x64_1p_zeros
527,5872.169521016334,2635000.0,HalfCheetah-v3,TD3_Q2a2x64_1p_zeros
528,5306.5774901028035,2640000.0,HalfCheetah-v3,TD3_Q2a2x64_1p_zeros
529,4605.27468994804,2645000.0,HalfCheetah-v3,TD3_Q2a2x64_1p_zeros
530,7133.889670990929,2650000.0,HalfCheetah-v3,TD3_Q2a2x64_1p_zeros
531,6392.798119104093,2655000.0,HalfCheetah-v3,TD3_Q2a2x64_1p_zeros
532,5525.063624052322,2660000.0,HalfCheetah-v3,TD3_Q2a2x64_1p_zeros
533,4620.18366805099,2665000.0,HalfCheetah-v3,TD3_Q2a2x64_1p_zeros
534,4205.3087369427385,2670000.0,HalfCheetah-v3,TD3_Q2a2x64_1p_zeros
535,7384.675966352736,2675000.0,HalfCheetah-v3,TD3_Q2a2x64_1p_zeros
536,6690.977934594659,2680000.0,HalfCheetah-v3,TD3_Q2a2x64_1p_zeros
537,5062.464333165551,2685000.0,HalfCheetah-v3,TD3_Q2a2x64_1p_zeros
538,4920.082644733366,2690000.0,HalfCheetah-v3,TD3_Q2a2x64_1p_zeros
539,4787.450681768945,2695000.0,HalfCheetah-v3,TD3_Q2a2x64_1p_zeros
540,7267.986846119228,2700000.0,HalfCheetah-v3,TD3_Q2a2x64_1p_zeros
541,6531.75434165992,2705000.0,HalfCheetah-v3,TD3_Q2a2x64_1p_zeros
542,5699.305596407341,2710000.0,HalfCheetah-v3,TD3_Q2a2x64_1p_zeros
543,4830.019332312602,2715000.0,HalfCheetah-v3,TD3_Q2a2x64_1p_zeros
544,4800.399843378791,2720000.0,HalfCheetah-v3,TD3_Q2a2x64_1p_zeros
545,7249.848025846988,2725000.0,HalfCheetah-v3,TD3_Q2a2x64_1p_zeros
546,6294.999002570665,2730000.0,HalfCheetah-v3,TD3_Q2a2x64_1p_zeros
547,5509.430828699899,2735000.0,HalfCheetah-v3,TD3_Q2a2x64_1p_zeros
548,5112.459516403738,2740000.0,HalfCheetah-v3,TD3_Q2a2x64_1p_zeros
549,4481.40542007092,2745000.0,HalfCheetah-v3,TD3_Q2a2x64_1p_zeros
550,7556.341854510936,2750000.0,HalfCheetah-v3,TD3_Q2a2x64_1p_zeros
551,6235.278639345174,2755000.0,HalfCheetah-v3,TD3_Q2a2x64_1p_zeros
552,6088.4004216004705,2760000.0,HalfCheetah-v3,TD3_Q2a2x64_1p_zeros
553,5456.600503251384,2765000.0,HalfCheetah-v3,TD3_Q2a2x64_1p_zeros
554,4591.4653603149145,2770000.0,HalfCheetah-v3,TD3_Q2a2x64_1p_zeros
555,7621.593772346898,2775000.0,HalfCheetah-v3,TD3_Q2a2x64_1p_zeros
556,6733.468435959617,2780000.0,HalfCheetah-v3,TD3_Q2a2x64_1p_zeros
557,5973.831876439576,2785000.0,HalfCheetah-v3,TD3_Q2a2x64_1p_zeros
558,5383.747221738935,2790000.0,HalfCheetah-v3,TD3_Q2a2x64_1p_zeros
559,4777.344011556209,2795000.0,HalfCheetah-v3,TD3_Q2a2x64_1p_zeros
560,7402.220824431078,2800000.0,HalfCheetah-v3,TD3_Q2a2x64_1p_zeros
561,6160.265823180147,2805000.0,HalfCheetah-v3,TD3_Q2a2x64_1p_zeros
562,5821.961348276633,2810000.0,HalfCheetah-v3,TD3_Q2a2x64_1p_zeros
563,5391.054871882027,2815000.0,HalfCheetah-v3,TD3_Q2a2x64_1p_zeros
564,4312.326008824483,2820000.0,HalfCheetah-v3,TD3_Q2a2x64_1p_zeros
565,7304.074526598412,2825000.0,HalfCheetah-v3,TD3_Q2a2x64_1p_zeros
566,6624.046291923172,2830000.0,HalfCheetah-v3,TD3_Q2a2x64_1p_zeros
567,5795.470210518415,2835000.0,HalfCheetah-v3,TD3_Q2a2x64_1p_zeros
568,5052.249745493527,2840000.0,HalfCheetah-v3,TD3_Q2a2x64_1p_zeros
569,4265.150617686458,2845000.0,HalfCheetah-v3,TD3_Q2a2x64_1p_zeros
570,7305.599854020778,2850000.0,HalfCheetah-v3,TD3_Q2a2x64_1p_zeros
571,6281.580133891302,2855000.0,HalfCheetah-v3,TD3_Q2a2x64_1p_zeros
572,6016.339490212981,2860000.0,HalfCheetah-v3,TD3_Q2a2x64_1p_zeros
573,4817.6789494235645,2865000.0,HalfCheetah-v3,TD3_Q2a2x64_1p_zeros
574,4642.016738461678,2870000.0,HalfCheetah-v3,TD3_Q2a2x64_1p_zeros
575,7535.516331670095,2875000.0,HalfCheetah-v3,TD3_Q2a2x64_1p_zeros
576,6636.379695833684,2880000.0,HalfCheetah-v3,TD3_Q2a2x64_1p_zeros
577,5169.7664274539,2885000.0,HalfCheetah-v3,TD3_Q2a2x64_1p_zeros
578,4938.477372195854,2890000.0,HalfCheetah-v3,TD3_Q2a2x64_1p_zeros
579,4876.536442526018,2895000.0,HalfCheetah-v3,TD3_Q2a2x64_1p_zeros
580,7526.403727732815,2900000.0,HalfCheetah-v3,TD3_Q2a2x64_1p_zeros
581,6704.95112266068,2905000.0,HalfCheetah-v3,TD3_Q2a2x64_1p_zeros
582,5815.040798869657,2910000.0,HalfCheetah-v3,TD3_Q2a2x64_1p_zeros
583,5172.025392459654,2915000.0,HalfCheetah-v3,TD3_Q2a2x64_1p_zeros
584,4928.363547612955,2920000.0,HalfCheetah-v3,TD3_Q2a2x64_1p_zeros
585,7380.723142918959,2925000.0,HalfCheetah-v3,TD3_Q2a2x64_1p_zeros
586,6605.389381903029,2930000.0,HalfCheetah-v3,TD3_Q2a2x64_1p_zeros
587,5041.148744673919,2935000.0,HalfCheetah-v3,TD3_Q2a2x64_1p_zeros
588,4082.32352382253,2940000.0,HalfCheetah-v3,TD3_Q2a2x64_1p_zeros
589,3836.3742225034125,2945000.0,HalfCheetah-v3,TD3_Q2a2x64_1p_zeros
590,7416.800279090549,2950000.0,HalfCheetah-v3,TD3_Q2a2x64_1p_zeros
591,6514.7009745395835,2955000.0,HalfCheetah-v3,TD3_Q2a2x64_1p_zeros
592,5455.555553931988,2960000.0,HalfCheetah-v3,TD3_Q2a2x64_1p_zeros
593,5323.276674299321,2965000.0,HalfCheetah-v3,TD3_Q2a2x64_1p_zeros
594,4750.713170835887,2970000.0,HalfCheetah-v3,TD3_Q2a2x64_1p_zeros
595,7519.530584286107,2975000.0,HalfCheetah-v3,TD3_Q2a2x64_1p_zeros
596,6514.600814584239,2980000.0,HalfCheetah-v3,TD3_Q2a2x64_1p_zeros
597,6038.333757298113,2985000.0,HalfCheetah-v3,TD3_Q2a2x64_1p_zeros
598,4656.809453884458,2990000.0,HalfCheetah-v3,TD3_Q2a2x64_1p_zeros
599,4677.839658942348,2995000.0,HalfCheetah-v3,TD3_Q2a2x64_1p_zeros
600,7671.155555134597,3000000.0,HalfCheetah-v3,TD3_Q2a2x64_1p_zeros
601,6446.922893006711,3005000.0,HalfCheetah-v3,TD3_Q2a2x64_1p_zeros
602,5989.13178287311,3010000.0,HalfCheetah-v3,TD3_Q2a2x64_1p_zeros
603,4884.875208485778,3015000.0,HalfCheetah-v3,TD3_Q2a2x64_1p_zeros
604,4506.86143149697,3020000.0,HalfCheetah-v3,TD3_Q2a2x64_1p_zeros
605,7533.504778866506,3025000.0,HalfCheetah-v3,TD3_Q2a2x64_1p_zeros
606,6788.309528618546,3030000.0,HalfCheetah-v3,TD3_Q2a2x64_1p_zeros
607,5907.474438133895,3035000.0,HalfCheetah-v3,TD3_Q2a2x64_1p_zeros
608,5303.862678499938,3040000.0,HalfCheetah-v3,TD3_Q2a2x64_1p_zeros
609,4231.927288677066,3045000.0,HalfCheetah-v3,TD3_Q2a2x64_1p_zeros
610,7609.588928713459,3050000.0,HalfCheetah-v3,TD3_Q2a2x64_1p_zeros
611,6686.598065967648,3055000.0,HalfCheetah-v3,TD3_Q2a2x64_1p_zeros
612,5756.624816081194,3060000.0,HalfCheetah-v3,TD3_Q2a2x64_1p_zeros
613,5252.527150251171,3065000.0,HalfCheetah-v3,TD3_Q2a2x64_1p_zeros
614,4511.256493769416,3070000.0,HalfCheetah-v3,TD3_Q2a2x64_1p_zeros
615,6940.976755068341,3075000.0,HalfCheetah-v3,TD3_Q2a2x64_1p_zeros
616,6678.259364424051,3080000.0,HalfCheetah-v3,TD3_Q2a2x64_1p_zeros
617,5536.730421912585,3085000.0,HalfCheetah-v3,TD3_Q2a2x64_1p_zeros
618,5281.014693599214,3090000.0,HalfCheetah-v3,TD3_Q2a2x64_1p_zeros
619,4458.03894913225,3095000.0,HalfCheetah-v3,TD3_Q2a2x64_1p_zeros
620,7493.430547858619,3100000.0,HalfCheetah-v3,TD3_Q2a2x64_1p_zeros
621,6296.241455743753,3105000.0,HalfCheetah-v3,TD3_Q2a2x64_1p_zeros
622,5780.297868477654,3110000.0,HalfCheetah-v3,TD3_Q2a2x64_1p_zeros
623,4970.198832625364,3115000.0,HalfCheetah-v3,TD3_Q2a2x64_1p_zeros
624,4118.622883645335,3120000.0,HalfCheetah-v3,TD3_Q2a2x64_1p_zeros
625,7455.019980123584,3125000.0,HalfCheetah-v3,TD3_Q2a2x64_1p_zeros
626,6780.812988405623,3130000.0,HalfCheetah-v3,TD3_Q2a2x64_1p_zeros
627,5551.055980321928,3135000.0,HalfCheetah-v3,TD3_Q2a2x64_1p_zeros
628,5372.151285925009,3140000.0,HalfCheetah-v3,TD3_Q2a2x64_1p_zeros
629,4762.730280170057,3145000.0,HalfCheetah-v3,TD3_Q2a2x64_1p_zeros
630,7573.038039130894,3150000.0,HalfCheetah-v3,TD3_Q2a2x64_1p_zeros
631,6481.872501969468,3155000.0,HalfCheetah-v3,TD3_Q2a2x64_1p_zeros
632,5994.303586069067,3160000.0,HalfCheetah-v3,TD3_Q2a2x64_1p_zeros
633,4800.670724590061,3165000.0,HalfCheetah-v3,TD3_Q2a2x64_1p_zeros
634,4767.997768233893,3170000.0,HalfCheetah-v3,TD3_Q2a2x64_1p_zeros
635,7483.6206670093,3175000.0,HalfCheetah-v3,TD3_Q2a2x64_1p_zeros
636,6292.461823753489,3180000.0,HalfCheetah-v3,TD3_Q2a2x64_1p_zeros
637,5589.005620056346,3185000.0,HalfCheetah-v3,TD3_Q2a2x64_1p_zeros
638,5274.836886102258,3190000.0,HalfCheetah-v3,TD3_Q2a2x64_1p_zeros
639,4759.06748678162,3195000.0,HalfCheetah-v3,TD3_Q2a2x64_1p_zeros
640,7540.110111487318,3200000.0,HalfCheetah-v3,TD3_Q2a2x64_1p_zeros
641,6008.330480890649,3205000.0,HalfCheetah-v3,TD3_Q2a2x64_1p_zeros
642,5640.617466686335,3210000.0,HalfCheetah-v3,TD3_Q2a2x64_1p_zeros
643,5261.508311061595,3215000.0,HalfCheetah-v3,TD3_Q2a2x64_1p_zeros
644,4669.675543938129,3220000.0,HalfCheetah-v3,TD3_Q2a2x64_1p_zeros
645,7662.361307212801,3225000.0,HalfCheetah-v3,TD3_Q2a2x64_1p_zeros
646,6110.503741672706,3230000.0,HalfCheetah-v3,TD3_Q2a2x64_1p_zeros
647,5796.411767196897,3235000.0,HalfCheetah-v3,TD3_Q2a2x64_1p_zeros
648,5057.478386523542,3240000.0,HalfCheetah-v3,TD3_Q2a2x64_1p_zeros
649,4566.684181334347,3245000.0,HalfCheetah-v3,TD3_Q2a2x64_1p_zeros
650,7717.251660867651,3250000.0,HalfCheetah-v3,TD3_Q2a2x64_1p_zeros
651,6251.979329079564,3255000.0,HalfCheetah-v3,TD3_Q2a2x64_1p_zeros
652,5876.4515248910175,3260000.0,HalfCheetah-v3,TD3_Q2a2x64_1p_zeros
653,4702.426634481006,3265000.0,HalfCheetah-v3,TD3_Q2a2x64_1p_zeros
654,4156.075628811486,3270000.0,HalfCheetah-v3,TD3_Q2a2x64_1p_zeros
655,7110.08503383141,3275000.0,HalfCheetah-v3,TD3_Q2a2x64_1p_zeros
656,6523.604363916687,3280000.0,HalfCheetah-v3,TD3_Q2a2x64_1p_zeros
657,5612.879426110421,3285000.0,HalfCheetah-v3,TD3_Q2a2x64_1p_zeros
658,4790.290189305784,3290000.0,HalfCheetah-v3,TD3_Q2a2x64_1p_zeros
659,4274.886157590251,3295000.0,HalfCheetah-v3,TD3_Q2a2x64_1p_zeros
660,7789.107949978976,3300000.0,HalfCheetah-v3,TD3_Q2a2x64_1p_zeros
661,6841.801216321602,3305000.0,HalfCheetah-v3,TD3_Q2a2x64_1p_zeros
662,5104.013461924629,3310000.0,HalfCheetah-v3,TD3_Q2a2x64_1p_zeros
663,5102.161787477584,3315000.0,HalfCheetah-v3,TD3_Q2a2x64_1p_zeros
664,4680.601520493593,3320000.0,HalfCheetah-v3,TD3_Q2a2x64_1p_zeros
665,7543.2328765366765,3325000.0,HalfCheetah-v3,TD3_Q2a2x64_1p_zeros
666,6608.668222235188,3330000.0,HalfCheetah-v3,TD3_Q2a2x64_1p_zeros
667,5510.263369310497,3335000.0,HalfCheetah-v3,TD3_Q2a2x64_1p_zeros
668,5069.654941865602,3340000.0,HalfCheetah-v3,TD3_Q2a2x64_1p_zeros
669,4207.506563471745,3345000.0,HalfCheetah-v3,TD3_Q2a2x64_1p_zeros
670,7839.902183317095,3350000.0,HalfCheetah-v3,TD3_Q2a2x64_1p_zeros
671,6805.023721839234,3355000.0,HalfCheetah-v3,TD3_Q2a2x64_1p_zeros
672,5282.154782962802,3360000.0,HalfCheetah-v3,TD3_Q2a2x64_1p_zeros
673,5322.951367636867,3365000.0,HalfCheetah-v3,TD3_Q2a2x64_1p_zeros
674,4894.940553072351,3370000.0,HalfCheetah-v3,TD3_Q2a2x64_1p_zeros
675,7753.161909295026,3375000.0,HalfCheetah-v3,TD3_Q2a2x64_1p_zeros
676,6887.770897786138,3380000.0,HalfCheetah-v3,TD3_Q2a2x64_1p_zeros
677,5917.59050550784,3385000.0,HalfCheetah-v3,TD3_Q2a2x64_1p_zeros
678,5180.7330841692365,3390000.0,HalfCheetah-v3,TD3_Q2a2x64_1p_zeros
679,4787.0487061004815,3395000.0,HalfCheetah-v3,TD3_Q2a2x64_1p_zeros
680,7632.339869643164,3400000.0,HalfCheetah-v3,TD3_Q2a2x64_1p_zeros
681,6106.851855389592,3405000.0,HalfCheetah-v3,TD3_Q2a2x64_1p_zeros
682,5219.042169441852,3410000.0,HalfCheetah-v3,TD3_Q2a2x64_1p_zeros
683,4451.368905158768,3415000.0,HalfCheetah-v3,TD3_Q2a2x64_1p_zeros
684,4497.092319037625,3420000.0,HalfCheetah-v3,TD3_Q2a2x64_1p_zeros
685,7721.607965493977,3425000.0,HalfCheetah-v3,TD3_Q2a2x64_1p_zeros
686,6712.071410085737,3430000.0,HalfCheetah-v3,TD3_Q2a2x64_1p_zeros
687,5629.2295867012235,3435000.0,HalfCheetah-v3,TD3_Q2a2x64_1p_zeros
688,4793.08548069325,3440000.0,HalfCheetah-v3,TD3_Q2a2x64_1p_zeros
689,4789.57474494629,3445000.0,HalfCheetah-v3,TD3_Q2a2x64_1p_zeros
690,7484.873224570438,3450000.0,HalfCheetah-v3,TD3_Q2a2x64_1p_zeros
691,6525.43881732528,3455000.0,HalfCheetah-v3,TD3_Q2a2x64_1p_zeros
692,5921.1723171631465,3460000.0,HalfCheetah-v3,TD3_Q2a2x64_1p_zeros
693,5313.1155203453,3465000.0,HalfCheetah-v3,TD3_Q2a2x64_1p_zeros
694,4750.758399968086,3470000.0,HalfCheetah-v3,TD3_Q2a2x64_1p_zeros
695,7858.556141586529,3475000.0,HalfCheetah-v3,TD3_Q2a2x64_1p_zeros
696,6804.424309181253,3480000.0,HalfCheetah-v3,TD3_Q2a2x64_1p_zeros
697,6016.732320646564,3485000.0,HalfCheetah-v3,TD3_Q2a2x64_1p_zeros
698,4786.134815884155,3490000.0,HalfCheetah-v3,TD3_Q2a2x64_1p_zeros
699,4833.039588251785,3495000.0,HalfCheetah-v3,TD3_Q2a2x64_1p_zeros
700,7069.5118980396055,3500000.0,HalfCheetah-v3,TD3_Q2a2x64_1p_zeros
701,6130.104726468553,3505000.0,HalfCheetah-v3,TD3_Q2a2x64_1p_zeros
702,5533.704185531976,3510000.0,HalfCheetah-v3,TD3_Q2a2x64_1p_zeros
703,5334.595934747513,3515000.0,HalfCheetah-v3,TD3_Q2a2x64_1p_zeros
704,4725.632960012691,3520000.0,HalfCheetah-v3,TD3_Q2a2x64_1p_zeros
705,7434.448856306728,3525000.0,HalfCheetah-v3,TD3_Q2a2x64_1p_zeros
706,5742.252149889819,3530000.0,HalfCheetah-v3,TD3_Q2a2x64_1p_zeros
707,5593.811726681904,3535000.0,HalfCheetah-v3,TD3_Q2a2x64_1p_zeros
708,5144.133528245546,3540000.0,HalfCheetah-v3,TD3_Q2a2x64_1p_zeros
709,4730.299704706156,3545000.0,HalfCheetah-v3,TD3_Q2a2x64_1p_zeros
710,7190.160837318312,3550000.0,HalfCheetah-v3,TD3_Q2a2x64_1p_zeros
711,6204.9303184050295,3555000.0,HalfCheetah-v3,TD3_Q2a2x64_1p_zeros
712,5881.2267277680585,3560000.0,HalfCheetah-v3,TD3_Q2a2x64_1p_zeros
713,5282.72533982319,3565000.0,HalfCheetah-v3,TD3_Q2a2x64_1p_zeros
714,4706.297853919079,3570000.0,HalfCheetah-v3,TD3_Q2a2x64_1p_zeros
715,7837.173025213342,3575000.0,HalfCheetah-v3,TD3_Q2a2x64_1p_zeros
716,6777.169444038821,3580000.0,HalfCheetah-v3,TD3_Q2a2x64_1p_zeros
717,5913.836773884295,3585000.0,HalfCheetah-v3,TD3_Q2a2x64_1p_zeros
718,5277.613747347585,3590000.0,HalfCheetah-v3,TD3_Q2a2x64_1p_zeros
719,4930.685835638736,3595000.0,HalfCheetah-v3,TD3_Q2a2x64_1p_zeros
720,7843.326869973118,3600000.0,HalfCheetah-v3,TD3_Q2a2x64_1p_zeros
721,6390.081774027809,3605000.0,HalfCheetah-v3,TD3_Q2a2x64_1p_zeros
722,5778.23456907496,3610000.0,HalfCheetah-v3,TD3_Q2a2x64_1p_zeros
723,4599.992812875861,3615000.0,HalfCheetah-v3,TD3_Q2a2x64_1p_zeros
724,4275.257511972633,3620000.0,HalfCheetah-v3,TD3_Q2a2x64_1p_zeros
725,7781.570968738102,3625000.0,HalfCheetah-v3,TD3_Q2a2x64_1p_zeros
726,7125.441659614196,3630000.0,HalfCheetah-v3,TD3_Q2a2x64_1p_zeros
727,6077.863978135325,3635000.0,HalfCheetah-v3,TD3_Q2a2x64_1p_zeros
728,4839.13116623471,3640000.0,HalfCheetah-v3,TD3_Q2a2x64_1p_zeros
729,4621.92092908944,3645000.0,HalfCheetah-v3,TD3_Q2a2x64_1p_zeros
730,7724.758442491182,3650000.0,HalfCheetah-v3,TD3_Q2a2x64_1p_zeros
731,6303.274874906558,3655000.0,HalfCheetah-v3,TD3_Q2a2x64_1p_zeros
732,5790.810547402391,3660000.0,HalfCheetah-v3,TD3_Q2a2x64_1p_zeros
733,5410.934908044524,3665000.0,HalfCheetah-v3,TD3_Q2a2x64_1p_zeros
734,4859.484584179933,3670000.0,HalfCheetah-v3,TD3_Q2a2x64_1p_zeros
735,7987.979185994374,3675000.0,HalfCheetah-v3,TD3_Q2a2x64_1p_zeros
736,6923.135651307678,3680000.0,HalfCheetah-v3,TD3_Q2a2x64_1p_zeros
737,5995.2830001926095,3685000.0,HalfCheetah-v3,TD3_Q2a2x64_1p_zeros
738,4747.511622787,3690000.0,HalfCheetah-v3,TD3_Q2a2x64_1p_zeros
739,4754.612187511748,3695000.0,HalfCheetah-v3,TD3_Q2a2x64_1p_zeros
740,7322.377956900651,3700000.0,HalfCheetah-v3,TD3_Q2a2x64_1p_zeros
741,6965.817432263133,3705000.0,HalfCheetah-v3,TD3_Q2a2x64_1p_zeros
742,6037.464983016135,3710000.0,HalfCheetah-v3,TD3_Q2a2x64_1p_zeros
743,5337.981559299888,3715000.0,HalfCheetah-v3,TD3_Q2a2x64_1p_zeros
744,4327.480660037462,3720000.0,HalfCheetah-v3,TD3_Q2a2x64_1p_zeros
745,7897.118737596608,3725000.0,HalfCheetah-v3,TD3_Q2a2x64_1p_zeros
746,7061.585825281283,3730000.0,HalfCheetah-v3,TD3_Q2a2x64_1p_zeros
747,6041.684926932404,3735000.0,HalfCheetah-v3,TD3_Q2a2x64_1p_zeros
748,5346.969102533246,3740000.0,HalfCheetah-v3,TD3_Q2a2x64_1p_zeros
749,4820.533943830782,3745000.0,HalfCheetah-v3,TD3_Q2a2x64_1p_zeros
750,7733.441610511499,3750000.0,HalfCheetah-v3,TD3_Q2a2x64_1p_zeros
751,6914.722408787488,3755000.0,HalfCheetah-v3,TD3_Q2a2x64_1p_zeros
752,6049.947463542378,3760000.0,HalfCheetah-v3,TD3_Q2a2x64_1p_zeros
753,5254.843185139708,3765000.0,HalfCheetah-v3,TD3_Q2a2x64_1p_zeros
754,4911.054421589307,3770000.0,HalfCheetah-v3,TD3_Q2a2x64_1p_zeros
755,7929.723715948904,3775000.0,HalfCheetah-v3,TD3_Q2a2x64_1p_zeros
756,6740.0193125131,3780000.0,HalfCheetah-v3,TD3_Q2a2x64_1p_zeros
757,5373.400330720278,3785000.0,HalfCheetah-v3,TD3_Q2a2x64_1p_zeros
758,5379.23473751271,3790000.0,HalfCheetah-v3,TD3_Q2a2x64_1p_zeros
759,4793.8665685711985,3795000.0,HalfCheetah-v3,TD3_Q2a2x64_1p_zeros
760,7882.673173554382,3800000.0,HalfCheetah-v3,TD3_Q2a2x64_1p_zeros
761,7030.148747012706,3805000.0,HalfCheetah-v3,TD3_Q2a2x64_1p_zeros
762,5954.4774484436475,3810000.0,HalfCheetah-v3,TD3_Q2a2x64_1p_zeros
763,4951.255164756293,3815000.0,HalfCheetah-v3,TD3_Q2a2x64_1p_zeros
764,4756.815933815252,3820000.0,HalfCheetah-v3,TD3_Q2a2x64_1p_zeros
765,7604.483100077552,3825000.0,HalfCheetah-v3,TD3_Q2a2x64_1p_zeros
766,6880.043579216259,3830000.0,HalfCheetah-v3,TD3_Q2a2x64_1p_zeros
767,5936.368815421314,3835000.0,HalfCheetah-v3,TD3_Q2a2x64_1p_zeros
768,5019.212469114179,3840000.0,HalfCheetah-v3,TD3_Q2a2x64_1p_zeros
769,4601.907046692415,3845000.0,HalfCheetah-v3,TD3_Q2a2x64_1p_zeros
770,7832.154669302346,3850000.0,HalfCheetah-v3,TD3_Q2a2x64_1p_zeros
771,6944.051525174557,3855000.0,HalfCheetah-v3,TD3_Q2a2x64_1p_zeros
772,5991.415015045149,3860000.0,HalfCheetah-v3,TD3_Q2a2x64_1p_zeros
773,5510.186216331578,3865000.0,HalfCheetah-v3,TD3_Q2a2x64_1p_zeros
774,4981.890423038515,3870000.0,HalfCheetah-v3,TD3_Q2a2x64_1p_zeros
775,7412.160586583819,3875000.0,HalfCheetah-v3,TD3_Q2a2x64_1p_zeros
776,7074.491133282876,3880000.0,HalfCheetah-v3,TD3_Q2a2x64_1p_zeros
777,6127.197017303426,3885000.0,HalfCheetah-v3,TD3_Q2a2x64_1p_zeros
778,5525.32874837626,3890000.0,HalfCheetah-v3,TD3_Q2a2x64_1p_zeros
779,4718.702930930852,3895000.0,HalfCheetah-v3,TD3_Q2a2x64_1p_zeros
780,8014.238624167138,3900000.0,HalfCheetah-v3,TD3_Q2a2x64_1p_zeros
781,7028.11841995768,3905000.0,HalfCheetah-v3,TD3_Q2a2x64_1p_zeros
782,6040.040883647946,3910000.0,HalfCheetah-v3,TD3_Q2a2x64_1p_zeros
783,4777.146951258342,3915000.0,HalfCheetah-v3,TD3_Q2a2x64_1p_zeros
784,4770.633476140663,3920000.0,HalfCheetah-v3,TD3_Q2a2x64_1p_zeros
785,7974.959984531015,3925000.0,HalfCheetah-v3,TD3_Q2a2x64_1p_zeros
786,6934.785654955829,3930000.0,HalfCheetah-v3,TD3_Q2a2x64_1p_zeros
787,5972.369536431324,3935000.0,HalfCheetah-v3,TD3_Q2a2x64_1p_zeros
788,4922.93111775744,3940000.0,HalfCheetah-v3,TD3_Q2a2x64_1p_zeros
789,4872.553931338118,3945000.0,HalfCheetah-v3,TD3_Q2a2x64_1p_zeros
790,8133.114901528298,3950000.0,HalfCheetah-v3,TD3_Q2a2x64_1p_zeros
791,6938.8005827875295,3955000.0,HalfCheetah-v3,TD3_Q2a2x64_1p_zeros
792,5613.664608705288,3960000.0,HalfCheetah-v3,TD3_Q2a2x64_1p_zeros
793,5410.1985303453275,3965000.0,HalfCheetah-v3,TD3_Q2a2x64_1p_zeros
794,4660.804518671064,3970000.0,HalfCheetah-v3,TD3_Q2a2x64_1p_zeros
795,7970.182002519221,3975000.0,HalfCheetah-v3,TD3_Q2a2x64_1p_zeros
796,6938.76336201131,3980000.0,HalfCheetah-v3,TD3_Q2a2x64_1p_zeros
797,5799.8160371184995,3985000.0,HalfCheetah-v3,TD3_Q2a2x64_1p_zeros
798,5094.948268620303,3990000.0,HalfCheetah-v3,TD3_Q2a2x64_1p_zeros
799,4775.042924988019,3995000.0,HalfCheetah-v3,TD3_Q2a2x64_1p_zeros
800,7945.5527381587035,4000000.0,HalfCheetah-v3,TD3_Q2a2x64_1p_zeros
801,7092.944483700432,4005000.0,HalfCheetah-v3,TD3_Q2a2x64_1p_zeros
802,6106.703749276499,4010000.0,HalfCheetah-v3,TD3_Q2a2x64_1p_zeros
803,5584.514057136281,4015000.0,HalfCheetah-v3,TD3_Q2a2x64_1p_zeros
804,4774.439963712129,4020000.0,HalfCheetah-v3,TD3_Q2a2x64_1p_zeros
805,7806.325716275978,4025000.0,HalfCheetah-v3,TD3_Q2a2x64_1p_zeros
806,6932.442021851765,4030000.0,HalfCheetah-v3,TD3_Q2a2x64_1p_zeros
807,5988.519606708007,4035000.0,HalfCheetah-v3,TD3_Q2a2x64_1p_zeros
808,5453.837032486363,4040000.0,HalfCheetah-v3,TD3_Q2a2x64_1p_zeros
809,4704.713537242049,4045000.0,HalfCheetah-v3,TD3_Q2a2x64_1p_zeros
810,8092.75960600016,4050000.0,HalfCheetah-v3,TD3_Q2a2x64_1p_zeros
811,7039.33052234282,4055000.0,HalfCheetah-v3,TD3_Q2a2x64_1p_zeros
812,6242.667259678598,4060000.0,HalfCheetah-v3,TD3_Q2a2x64_1p_zeros
813,4809.476610043028,4065000.0,HalfCheetah-v3,TD3_Q2a2x64_1p_zeros
814,4869.336102235352,4070000.0,HalfCheetah-v3,TD3_Q2a2x64_1p_zeros
815,7850.06742707379,4075000.0,HalfCheetah-v3,TD3_Q2a2x64_1p_zeros
816,7028.717725000111,4080000.0,HalfCheetah-v3,TD3_Q2a2x64_1p_zeros
817,5823.001823178405,4085000.0,HalfCheetah-v3,TD3_Q2a2x64_1p_zeros
818,5527.6764400066695,4090000.0,HalfCheetah-v3,TD3_Q2a2x64_1p_zeros
819,4874.111167291603,4095000.0,HalfCheetah-v3,TD3_Q2a2x64_1p_zeros
820,7870.828254063768,4100000.0,HalfCheetah-v3,TD3_Q2a2x64_1p_zeros
821,7055.711021790198,4105000.0,HalfCheetah-v3,TD3_Q2a2x64_1p_zeros
822,6214.968703350007,4110000.0,HalfCheetah-v3,TD3_Q2a2x64_1p_zeros
823,5509.704475636214,4115000.0,HalfCheetah-v3,TD3_Q2a2x64_1p_zeros
824,4912.114346993583,4120000.0,HalfCheetah-v3,TD3_Q2a2x64_1p_zeros
825,7263.612329633781,4125000.0,HalfCheetah-v3,TD3_Q2a2x64_1p_zeros
826,6993.671915483438,4130000.0,HalfCheetah-v3,TD3_Q2a2x64_1p_zeros
827,5908.733552663499,4135000.0,HalfCheetah-v3,TD3_Q2a2x64_1p_zeros
828,5199.932812684808,4140000.0,HalfCheetah-v3,TD3_Q2a2x64_1p_zeros
829,4865.0099858999065,4145000.0,HalfCheetah-v3,TD3_Q2a2x64_1p_zeros
830,8113.050935086909,4150000.0,HalfCheetah-v3,TD3_Q2a2x64_1p_zeros
831,7094.753255341651,4155000.0,HalfCheetah-v3,TD3_Q2a2x64_1p_zeros
832,6288.970309705304,4160000.0,HalfCheetah-v3,TD3_Q2a2x64_1p_zeros
833,5392.434258234954,4165000.0,HalfCheetah-v3,TD3_Q2a2x64_1p_zeros
834,4722.089760768889,4170000.0,HalfCheetah-v3,TD3_Q2a2x64_1p_zeros
835,8064.9072940282185,4175000.0,HalfCheetah-v3,TD3_Q2a2x64_1p_zeros
836,6954.630649376963,4180000.0,HalfCheetah-v3,TD3_Q2a2x64_1p_zeros
837,6186.448764283288,4185000.0,HalfCheetah-v3,TD3_Q2a2x64_1p_zeros
838,5454.933178671376,4190000.0,HalfCheetah-v3,TD3_Q2a2x64_1p_zeros
839,4842.480950105564,4195000.0,HalfCheetah-v3,TD3_Q2a2x64_1p_zeros
840,8076.986800896285,4200000.0,HalfCheetah-v3,TD3_Q2a2x64_1p_zeros
841,7227.334115512563,4205000.0,HalfCheetah-v3,TD3_Q2a2x64_1p_zeros
842,6132.994193754813,4210000.0,HalfCheetah-v3,TD3_Q2a2x64_1p_zeros
843,5353.283048973382,4215000.0,HalfCheetah-v3,TD3_Q2a2x64_1p_zeros
844,4342.390694716066,4220000.0,HalfCheetah-v3,TD3_Q2a2x64_1p_zeros
845,8037.814222269253,4225000.0,HalfCheetah-v3,TD3_Q2a2x64_1p_zeros
846,7100.72785615818,4230000.0,HalfCheetah-v3,TD3_Q2a2x64_1p_zeros
847,5921.016434196214,4235000.0,HalfCheetah-v3,TD3_Q2a2x64_1p_zeros
848,5213.471367252548,4240000.0,HalfCheetah-v3,TD3_Q2a2x64_1p_zeros
849,4435.329860800115,4245000.0,HalfCheetah-v3,TD3_Q2a2x64_1p_zeros
850,7937.185883411121,4250000.0,HalfCheetah-v3,TD3_Q2a2x64_1p_zeros
851,6787.510814565634,4255000.0,HalfCheetah-v3,TD3_Q2a2x64_1p_zeros
852,5946.620023842276,4260000.0,HalfCheetah-v3,TD3_Q2a2x64_1p_zeros
853,5233.781076482609,4265000.0,HalfCheetah-v3,TD3_Q2a2x64_1p_zeros
854,4359.462379374368,4270000.0,HalfCheetah-v3,TD3_Q2a2x64_1p_zeros
855,8033.949944186471,4275000.0,HalfCheetah-v3,TD3_Q2a2x64_1p_zeros
856,6889.806404658275,4280000.0,HalfCheetah-v3,TD3_Q2a2x64_1p_zeros
857,6018.060038719938,4285000.0,HalfCheetah-v3,TD3_Q2a2x64_1p_zeros
858,5186.9971673176315,4290000.0,HalfCheetah-v3,TD3_Q2a2x64_1p_zeros
859,4462.165698583938,4295000.0,HalfCheetah-v3,TD3_Q2a2x64_1p_zeros
860,8110.099188619894,4300000.0,HalfCheetah-v3,TD3_Q2a2x64_1p_zeros
861,6955.9923534643485,4305000.0,HalfCheetah-v3,TD3_Q2a2x64_1p_zeros
862,5965.441401967408,4310000.0,HalfCheetah-v3,TD3_Q2a2x64_1p_zeros
863,5311.745001608916,4315000.0,HalfCheetah-v3,TD3_Q2a2x64_1p_zeros
864,4303.899604322648,4320000.0,HalfCheetah-v3,TD3_Q2a2x64_1p_zeros
865,7528.638211056139,4325000.0,HalfCheetah-v3,TD3_Q2a2x64_1p_zeros
866,7159.501532037917,4330000.0,HalfCheetah-v3,TD3_Q2a2x64_1p_zeros
867,6153.407486986599,4335000.0,HalfCheetah-v3,TD3_Q2a2x64_1p_zeros
868,5332.365916384164,4340000.0,HalfCheetah-v3,TD3_Q2a2x64_1p_zeros
869,4897.888825272885,4345000.0,HalfCheetah-v3,TD3_Q2a2x64_1p_zeros
870,8162.471164275555,4350000.0,HalfCheetah-v3,TD3_Q2a2x64_1p_zeros
871,7005.29432930516,4355000.0,HalfCheetah-v3,TD3_Q2a2x64_1p_zeros
872,6101.266825983949,4360000.0,HalfCheetah-v3,TD3_Q2a2x64_1p_zeros
873,5308.16207729041,4365000.0,HalfCheetah-v3,TD3_Q2a2x64_1p_zeros
874,4764.398905746939,4370000.0,HalfCheetah-v3,TD3_Q2a2x64_1p_zeros
875,8248.132791371507,4375000.0,HalfCheetah-v3,TD3_Q2a2x64_1p_zeros
876,7218.182195147501,4380000.0,HalfCheetah-v3,TD3_Q2a2x64_1p_zeros
877,5774.859887003126,4385000.0,HalfCheetah-v3,TD3_Q2a2x64_1p_zeros
878,5306.449713723901,4390000.0,HalfCheetah-v3,TD3_Q2a2x64_1p_zeros
879,4593.051213379612,4395000.0,HalfCheetah-v3,TD3_Q2a2x64_1p_zeros
880,8246.692053000217,4400000.0,HalfCheetah-v3,TD3_Q2a2x64_1p_zeros
881,7190.311837400698,4405000.0,HalfCheetah-v3,TD3_Q2a2x64_1p_zeros
882,6096.314531633495,4410000.0,HalfCheetah-v3,TD3_Q2a2x64_1p_zeros
883,5418.625227292174,4415000.0,HalfCheetah-v3,TD3_Q2a2x64_1p_zeros
884,4926.034826253823,4420000.0,HalfCheetah-v3,TD3_Q2a2x64_1p_zeros
885,8272.802143606215,4425000.0,HalfCheetah-v3,TD3_Q2a2x64_1p_zeros
886,7184.027081124419,4430000.0,HalfCheetah-v3,TD3_Q2a2x64_1p_zeros
887,5862.033952608089,4435000.0,HalfCheetah-v3,TD3_Q2a2x64_1p_zeros
888,5352.179818316023,4440000.0,HalfCheetah-v3,TD3_Q2a2x64_1p_zeros
889,4786.0564203487875,4445000.0,HalfCheetah-v3,TD3_Q2a2x64_1p_zeros
890,7768.096481583665,4450000.0,HalfCheetah-v3,TD3_Q2a2x64_1p_zeros
891,7101.2226090632585,4455000.0,HalfCheetah-v3,TD3_Q2a2x64_1p_zeros
892,6107.248347708797,4460000.0,HalfCheetah-v3,TD3_Q2a2x64_1p_zeros
893,5569.321650480151,4465000.0,HalfCheetah-v3,TD3_Q2a2x64_1p_zeros
894,4808.368945288943,4470000.0,HalfCheetah-v3,TD3_Q2a2x64_1p_zeros
895,8244.479394709644,4475000.0,HalfCheetah-v3,TD3_Q2a2x64_1p_zeros
896,7175.944941446614,4480000.0,HalfCheetah-v3,TD3_Q2a2x64_1p_zeros
897,6184.455572270903,4485000.0,HalfCheetah-v3,TD3_Q2a2x64_1p_zeros
898,4929.74047545715,4490000.0,HalfCheetah-v3,TD3_Q2a2x64_1p_zeros
899,5085.848763340572,4495000.0,HalfCheetah-v3,TD3_Q2a2x64_1p_zeros
900,8502.060202725184,4500000.0,HalfCheetah-v3,TD3_Q2a2x64_1p_zeros
901,6996.900776105067,4505000.0,HalfCheetah-v3,TD3_Q2a2x64_1p_zeros
902,5970.093502251503,4510000.0,HalfCheetah-v3,TD3_Q2a2x64_1p_zeros
903,5001.078363818304,4515000.0,HalfCheetah-v3,TD3_Q2a2x64_1p_zeros
904,4763.231532479274,4520000.0,HalfCheetah-v3,TD3_Q2a2x64_1p_zeros
905,8353.607675938905,4525000.0,HalfCheetah-v3,TD3_Q2a2x64_1p_zeros
906,7433.444999677505,4530000.0,HalfCheetah-v3,TD3_Q2a2x64_1p_zeros
907,6095.710900379737,4535000.0,HalfCheetah-v3,TD3_Q2a2x64_1p_zeros
908,5273.35644361823,4540000.0,HalfCheetah-v3,TD3_Q2a2x64_1p_zeros
909,4800.535531710377,4545000.0,HalfCheetah-v3,TD3_Q2a2x64_1p_zeros
910,8274.645588754325,4550000.0,HalfCheetah-v3,TD3_Q2a2x64_1p_zeros
911,7162.471999884334,4555000.0,HalfCheetah-v3,TD3_Q2a2x64_1p_zeros
912,6195.789658919921,4560000.0,HalfCheetah-v3,TD3_Q2a2x64_1p_zeros
913,5369.664962218004,4565000.0,HalfCheetah-v3,TD3_Q2a2x64_1p_zeros
914,4816.250127290063,4570000.0,HalfCheetah-v3,TD3_Q2a2x64_1p_zeros
915,8412.898549793235,4575000.0,HalfCheetah-v3,TD3_Q2a2x64_1p_zeros
916,7092.502879234036,4580000.0,HalfCheetah-v3,TD3_Q2a2x64_1p_zeros
917,5821.277285624917,4585000.0,HalfCheetah-v3,TD3_Q2a2x64_1p_zeros
918,5042.735359355434,4590000.0,HalfCheetah-v3,TD3_Q2a2x64_1p_zeros
919,3637.431104432995,4595000.0,HalfCheetah-v3,TD3_Q2a2x64_1p_zeros
920,8291.567645770228,4600000.0,HalfCheetah-v3,TD3_Q2a2x64_1p_zeros
921,7116.417319204018,4605000.0,HalfCheetah-v3,TD3_Q2a2x64_1p_zeros
922,5987.090208183194,4610000.0,HalfCheetah-v3,TD3_Q2a2x64_1p_zeros
923,5411.252328117737,4615000.0,HalfCheetah-v3,TD3_Q2a2x64_1p_zeros
924,4800.378296450889,4620000.0,HalfCheetah-v3,TD3_Q2a2x64_1p_zeros
925,8313.99368584236,4625000.0,HalfCheetah-v3,TD3_Q2a2x64_1p_zeros
926,7035.861388282641,4630000.0,HalfCheetah-v3,TD3_Q2a2x64_1p_zeros
927,5925.21662073082,4635000.0,HalfCheetah-v3,TD3_Q2a2x64_1p_zeros
928,5303.350552207986,4640000.0,HalfCheetah-v3,TD3_Q2a2x64_1p_zeros
929,4591.688518495188,4645000.0,HalfCheetah-v3,TD3_Q2a2x64_1p_zeros
930,8057.923081667686,4650000.0,HalfCheetah-v3,TD3_Q2a2x64_1p_zeros
931,7117.513323632049,4655000.0,HalfCheetah-v3,TD3_Q2a2x64_1p_zeros
932,5952.250840633739,4660000.0,HalfCheetah-v3,TD3_Q2a2x64_1p_zeros
933,5388.071351369573,4665000.0,HalfCheetah-v3,TD3_Q2a2x64_1p_zeros
934,4678.061655214637,4670000.0,HalfCheetah-v3,TD3_Q2a2x64_1p_zeros
935,8420.729232520507,4675000.0,HalfCheetah-v3,TD3_Q2a2x64_1p_zeros
936,7270.708274586553,4680000.0,HalfCheetah-v3,TD3_Q2a2x64_1p_zeros
937,5980.262534409946,4685000.0,HalfCheetah-v3,TD3_Q2a2x64_1p_zeros
938,5300.831480801575,4690000.0,HalfCheetah-v3,TD3_Q2a2x64_1p_zeros
939,4839.022054454266,4695000.0,HalfCheetah-v3,TD3_Q2a2x64_1p_zeros
940,8330.811309707042,4700000.0,HalfCheetah-v3,TD3_Q2a2x64_1p_zeros
941,7000.815415581756,4705000.0,HalfCheetah-v3,TD3_Q2a2x64_1p_zeros
942,5511.2627908007225,4710000.0,HalfCheetah-v3,TD3_Q2a2x64_1p_zeros
943,4689.891466115978,4715000.0,HalfCheetah-v3,TD3_Q2a2x64_1p_zeros
944,4538.1544679805065,4720000.0,HalfCheetah-v3,TD3_Q2a2x64_1p_zeros
945,8372.185640389367,4725000.0,HalfCheetah-v3,TD3_Q2a2x64_1p_zeros
946,7292.567389667742,4730000.0,HalfCheetah-v3,TD3_Q2a2x64_1p_zeros
947,6085.966313437118,4735000.0,HalfCheetah-v3,TD3_Q2a2x64_1p_zeros
948,5305.037632215892,4740000.0,HalfCheetah-v3,TD3_Q2a2x64_1p_zeros
949,4805.865749388156,4745000.0,HalfCheetah-v3,TD3_Q2a2x64_1p_zeros
950,7911.05283277971,4750000.0,HalfCheetah-v3,TD3_Q2a2x64_1p_zeros
951,7267.915061339636,4755000.0,HalfCheetah-v3,TD3_Q2a2x64_1p_zeros
952,6037.550233197457,4760000.0,HalfCheetah-v3,TD3_Q2a2x64_1p_zeros
953,5441.646511767087,4765000.0,HalfCheetah-v3,TD3_Q2a2x64_1p_zeros
954,4429.2901482917805,4770000.0,HalfCheetah-v3,TD3_Q2a2x64_1p_zeros
955,8553.649071890626,4775000.0,HalfCheetah-v3,TD3_Q2a2x64_1p_zeros
956,7383.760265102588,4780000.0,HalfCheetah-v3,TD3_Q2a2x64_1p_zeros
957,6064.991010145893,4785000.0,HalfCheetah-v3,TD3_Q2a2x64_1p_zeros
958,5284.429208960362,4790000.0,HalfCheetah-v3,TD3_Q2a2x64_1p_zeros
959,4829.549578134125,4795000.0,HalfCheetah-v3,TD3_Q2a2x64_1p_zeros
960,8344.603878743768,4800000.0,HalfCheetah-v3,TD3_Q2a2x64_1p_zeros
961,7267.8542313457165,4805000.0,HalfCheetah-v3,TD3_Q2a2x64_1p_zeros
962,5479.6034163574195,4810000.0,HalfCheetah-v3,TD3_Q2a2x64_1p_zeros
963,5277.356026240361,4815000.0,HalfCheetah-v3,TD3_Q2a2x64_1p_zeros
964,4664.780438816157,4820000.0,HalfCheetah-v3,TD3_Q2a2x64_1p_zeros
965,8521.159539399392,4825000.0,HalfCheetah-v3,TD3_Q2a2x64_1p_zeros
966,7195.121792541581,4830000.0,HalfCheetah-v3,TD3_Q2a2x64_1p_zeros
967,5969.866950862034,4835000.0,HalfCheetah-v3,TD3_Q2a2x64_1p_zeros
968,5515.967241302425,4840000.0,HalfCheetah-v3,TD3_Q2a2x64_1p_zeros
969,4527.921044314069,4845000.0,HalfCheetah-v3,TD3_Q2a2x64_1p_zeros
970,8458.260345241302,4850000.0,HalfCheetah-v3,TD3_Q2a2x64_1p_zeros
971,7251.998200035256,4855000.0,HalfCheetah-v3,TD3_Q2a2x64_1p_zeros
972,6082.451452295348,4860000.0,HalfCheetah-v3,TD3_Q2a2x64_1p_zeros
973,5150.568518170547,4865000.0,HalfCheetah-v3,TD3_Q2a2x64_1p_zeros
974,4442.401862498812,4870000.0,HalfCheetah-v3,TD3_Q2a2x64_1p_zeros
975,8468.699293847749,4875000.0,HalfCheetah-v3,TD3_Q2a2x64_1p_zeros
976,7079.378428792082,4880000.0,HalfCheetah-v3,TD3_Q2a2x64_1p_zeros
977,5963.855938454308,4885000.0,HalfCheetah-v3,TD3_Q2a2x64_1p_zeros
978,5275.5535256098365,4890000.0,HalfCheetah-v3,TD3_Q2a2x64_1p_zeros
979,4376.900829977065,4895000.0,HalfCheetah-v3,TD3_Q2a2x64_1p_zeros
980,8344.750545526887,4900000.0,HalfCheetah-v3,TD3_Q2a2x64_1p_zeros
981,7393.680914350017,4905000.0,HalfCheetah-v3,TD3_Q2a2x64_1p_zeros
982,6009.569817812937,4910000.0,HalfCheetah-v3,TD3_Q2a2x64_1p_zeros
983,5240.368317258491,4915000.0,HalfCheetah-v3,TD3_Q2a2x64_1p_zeros
984,4866.747573240928,4920000.0,HalfCheetah-v3,TD3_Q2a2x64_1p_zeros
985,8644.438322438778,4925000.0,HalfCheetah-v3,TD3_Q2a2x64_1p_zeros
986,7460.360205615356,4930000.0,HalfCheetah-v3,TD3_Q2a2x64_1p_zeros
987,6098.475752410223,4935000.0,HalfCheetah-v3,TD3_Q2a2x64_1p_zeros
988,5400.5684118607105,4940000.0,HalfCheetah-v3,TD3_Q2a2x64_1p_zeros
989,4885.578578782934,4945000.0,HalfCheetah-v3,TD3_Q2a2x64_1p_zeros
990,8345.97450580639,4950000.0,HalfCheetah-v3,TD3_Q2a2x64_1p_zeros
991,6862.148321131009,4955000.0,HalfCheetah-v3,TD3_Q2a2x64_1p_zeros
992,6087.035143024628,4960000.0,HalfCheetah-v3,TD3_Q2a2x64_1p_zeros
993,5238.456858854565,4965000.0,HalfCheetah-v3,TD3_Q2a2x64_1p_zeros
994,4707.319871965491,4970000.0,HalfCheetah-v3,TD3_Q2a2x64_1p_zeros
995,8513.768887407296,4975000.0,HalfCheetah-v3,TD3_Q2a2x64_1p_zeros
996,6991.460448778492,4980000.0,HalfCheetah-v3,TD3_Q2a2x64_1p_zeros
997,6359.052311517449,4985000.0,HalfCheetah-v3,TD3_Q2a2x64_1p_zeros
998,5624.590562324409,4990000.0,HalfCheetah-v3,TD3_Q2a2x64_1p_zeros
999,4751.730607435257,4995000.0,HalfCheetah-v3,TD3_Q2a2x64_1p_zeros
