index,Average Return,Timesteps,env,algorithm_name
0,-562.1309931897083,0.0,HalfCheetah-v3,TD3_Q2a2x64_1p
1,-537.7353360587562,5000.0,HalfCheetah-v3,TD3_Q2a2x64_1p
2,-563.6424823002867,10000.0,HalfCheetah-v3,TD3_Q2a2x64_1p
3,-511.23128641526955,15000.0,HalfCheetah-v3,TD3_Q2a2x64_1p
4,-610.0629258191672,20000.0,HalfCheetah-v3,TD3_Q2a2x64_1p
5,-704.3333041308613,25000.0,HalfCheetah-v3,TD3_Q2a2x64_1p
6,-504.4108227895989,30000.0,HalfCheetah-v3,TD3_Q2a2x64_1p
7,-622.0393375782484,35000.0,HalfCheetah-v3,TD3_Q2a2x64_1p
8,-560.4973168167676,40000.0,HalfCheetah-v3,TD3_Q2a2x64_1p
9,-639.1326009425919,45000.0,HalfCheetah-v3,TD3_Q2a2x64_1p
10,-631.4573045346316,50000.0,HalfCheetah-v3,TD3_Q2a2x64_1p
11,-617.5301144009242,55000.0,HalfCheetah-v3,TD3_Q2a2x64_1p
12,-617.2122343278336,60000.0,HalfCheetah-v3,TD3_Q2a2x64_1p
13,-594.9487957180961,65000.0,HalfCheetah-v3,TD3_Q2a2x64_1p
14,-558.0955258793332,70000.0,HalfCheetah-v3,TD3_Q2a2x64_1p
15,-542.4459073383964,75000.0,HalfCheetah-v3,TD3_Q2a2x64_1p
16,-517.3152122651127,80000.0,HalfCheetah-v3,TD3_Q2a2x64_1p
17,-515.2215664373554,85000.0,HalfCheetah-v3,TD3_Q2a2x64_1p
18,-499.33043365730464,90000.0,HalfCheetah-v3,TD3_Q2a2x64_1p
19,-503.40158601940914,95000.0,HalfCheetah-v3,TD3_Q2a2x64_1p
20,60.04581158139613,100000.0,HalfCheetah-v3,TD3_Q2a2x64_1p
21,47.34557987113211,105000.0,HalfCheetah-v3,TD3_Q2a2x64_1p
22,31.79571526944208,110000.0,HalfCheetah-v3,TD3_Q2a2x64_1p
23,52.150825526244645,115000.0,HalfCheetah-v3,TD3_Q2a2x64_1p
24,110.38438432784612,120000.0,HalfCheetah-v3,TD3_Q2a2x64_1p
25,1001.9140664102915,125000.0,HalfCheetah-v3,TD3_Q2a2x64_1p
26,994.9241835658147,130000.0,HalfCheetah-v3,TD3_Q2a2x64_1p
27,932.0789698256098,135000.0,HalfCheetah-v3,TD3_Q2a2x64_1p
28,760.8566732965894,140000.0,HalfCheetah-v3,TD3_Q2a2x64_1p
29,849.4143862162997,145000.0,HalfCheetah-v3,TD3_Q2a2x64_1p
30,1500.6963040220917,150000.0,HalfCheetah-v3,TD3_Q2a2x64_1p
31,1504.4743758666968,155000.0,HalfCheetah-v3,TD3_Q2a2x64_1p
32,1500.4890485267977,160000.0,HalfCheetah-v3,TD3_Q2a2x64_1p
33,1450.5174990991677,165000.0,HalfCheetah-v3,TD3_Q2a2x64_1p
34,1345.9599150867184,170000.0,HalfCheetah-v3,TD3_Q2a2x64_1p
35,2103.1366656325804,175000.0,HalfCheetah-v3,TD3_Q2a2x64_1p
36,2088.211681440672,180000.0,HalfCheetah-v3,TD3_Q2a2x64_1p
37,1993.8512012931667,185000.0,HalfCheetah-v3,TD3_Q2a2x64_1p
38,1970.2261684394532,190000.0,HalfCheetah-v3,TD3_Q2a2x64_1p
39,1915.7206317251985,195000.0,HalfCheetah-v3,TD3_Q2a2x64_1p
40,1642.4785762184142,200000.0,HalfCheetah-v3,TD3_Q2a2x64_1p
41,1892.186058024046,205000.0,HalfCheetah-v3,TD3_Q2a2x64_1p
42,1766.430121322773,210000.0,HalfCheetah-v3,TD3_Q2a2x64_1p
43,2064.242671142193,215000.0,HalfCheetah-v3,TD3_Q2a2x64_1p
44,1829.3986590235577,220000.0,HalfCheetah-v3,TD3_Q2a2x64_1p
45,2774.0637643696136,225000.0,HalfCheetah-v3,TD3_Q2a2x64_1p
46,2713.557086421778,230000.0,HalfCheetah-v3,TD3_Q2a2x64_1p
47,2595.9749982625335,235000.0,HalfCheetah-v3,TD3_Q2a2x64_1p
48,2236.374741826193,240000.0,HalfCheetah-v3,TD3_Q2a2x64_1p
49,2147.6450756233507,245000.0,HalfCheetah-v3,TD3_Q2a2x64_1p
50,3028.6604110880426,250000.0,HalfCheetah-v3,TD3_Q2a2x64_1p
51,2686.9636435100074,255000.0,HalfCheetah-v3,TD3_Q2a2x64_1p
52,2694.9505320201397,260000.0,HalfCheetah-v3,TD3_Q2a2x64_1p
53,2412.503912069812,265000.0,HalfCheetah-v3,TD3_Q2a2x64_1p
54,1651.4020653540563,270000.0,HalfCheetah-v3,TD3_Q2a2x64_1p
55,3226.8898852116663,275000.0,HalfCheetah-v3,TD3_Q2a2x64_1p
56,3184.9051532256526,280000.0,HalfCheetah-v3,TD3_Q2a2x64_1p
57,2699.8038948739922,285000.0,HalfCheetah-v3,TD3_Q2a2x64_1p
58,2604.4417173266256,290000.0,HalfCheetah-v3,TD3_Q2a2x64_1p
59,2242.498279017754,295000.0,HalfCheetah-v3,TD3_Q2a2x64_1p
60,3213.696763346637,300000.0,HalfCheetah-v3,TD3_Q2a2x64_1p
61,2981.7291623253504,305000.0,HalfCheetah-v3,TD3_Q2a2x64_1p
62,2339.2649233403886,310000.0,HalfCheetah-v3,TD3_Q2a2x64_1p
63,2977.210620696643,315000.0,HalfCheetah-v3,TD3_Q2a2x64_1p
64,2400.379403348644,320000.0,HalfCheetah-v3,TD3_Q2a2x64_1p
65,2750.6992026023745,325000.0,HalfCheetah-v3,TD3_Q2a2x64_1p
66,2523.012475809145,330000.0,HalfCheetah-v3,TD3_Q2a2x64_1p
67,2798.4574122794634,335000.0,HalfCheetah-v3,TD3_Q2a2x64_1p
68,2664.5835713008964,340000.0,HalfCheetah-v3,TD3_Q2a2x64_1p
69,3001.6704127799685,345000.0,HalfCheetah-v3,TD3_Q2a2x64_1p
70,3760.381977480404,350000.0,HalfCheetah-v3,TD3_Q2a2x64_1p
71,3596.1119363481675,355000.0,HalfCheetah-v3,TD3_Q2a2x64_1p
72,3200.7002686028386,360000.0,HalfCheetah-v3,TD3_Q2a2x64_1p
73,2973.8603750913753,365000.0,HalfCheetah-v3,TD3_Q2a2x64_1p
74,2063.0403459545164,370000.0,HalfCheetah-v3,TD3_Q2a2x64_1p
75,2049.091545222568,375000.0,HalfCheetah-v3,TD3_Q2a2x64_1p
76,2846.970718770325,380000.0,HalfCheetah-v3,TD3_Q2a2x64_1p
77,2368.89883680098,385000.0,HalfCheetah-v3,TD3_Q2a2x64_1p
78,2178.0176511362083,390000.0,HalfCheetah-v3,TD3_Q2a2x64_1p
79,1902.6577928132053,395000.0,HalfCheetah-v3,TD3_Q2a2x64_1p
80,3811.279786660788,400000.0,HalfCheetah-v3,TD3_Q2a2x64_1p
81,3692.3169535595407,405000.0,HalfCheetah-v3,TD3_Q2a2x64_1p
82,3602.5576883771632,410000.0,HalfCheetah-v3,TD3_Q2a2x64_1p
83,3261.8476828596267,415000.0,HalfCheetah-v3,TD3_Q2a2x64_1p
84,2541.7285386403596,420000.0,HalfCheetah-v3,TD3_Q2a2x64_1p
85,3962.190318770191,425000.0,HalfCheetah-v3,TD3_Q2a2x64_1p
86,3835.3449461201344,430000.0,HalfCheetah-v3,TD3_Q2a2x64_1p
87,3658.4638554119847,435000.0,HalfCheetah-v3,TD3_Q2a2x64_1p
88,3566.972911505286,440000.0,HalfCheetah-v3,TD3_Q2a2x64_1p
89,3306.312651104173,445000.0,HalfCheetah-v3,TD3_Q2a2x64_1p
90,3722.582733264796,450000.0,HalfCheetah-v3,TD3_Q2a2x64_1p
91,3576.0385187123816,455000.0,HalfCheetah-v3,TD3_Q2a2x64_1p
92,3366.325534393641,460000.0,HalfCheetah-v3,TD3_Q2a2x64_1p
93,3284.071886998375,465000.0,HalfCheetah-v3,TD3_Q2a2x64_1p
94,3101.48373658131,470000.0,HalfCheetah-v3,TD3_Q2a2x64_1p
95,3770.7491693888514,475000.0,HalfCheetah-v3,TD3_Q2a2x64_1p
96,3738.007302197956,480000.0,HalfCheetah-v3,TD3_Q2a2x64_1p
97,3626.7856313193006,485000.0,HalfCheetah-v3,TD3_Q2a2x64_1p
98,3483.3347984694833,490000.0,HalfCheetah-v3,TD3_Q2a2x64_1p
99,3377.140444271345,495000.0,HalfCheetah-v3,TD3_Q2a2x64_1p
100,4347.740040818474,500000.0,HalfCheetah-v3,TD3_Q2a2x64_1p
101,4096.2299518186,505000.0,HalfCheetah-v3,TD3_Q2a2x64_1p
102,3618.61281722153,510000.0,HalfCheetah-v3,TD3_Q2a2x64_1p
103,3237.2272580485865,515000.0,HalfCheetah-v3,TD3_Q2a2x64_1p
104,3584.4284121502196,520000.0,HalfCheetah-v3,TD3_Q2a2x64_1p
105,3811.9910774307073,525000.0,HalfCheetah-v3,TD3_Q2a2x64_1p
106,3884.3544296364753,530000.0,HalfCheetah-v3,TD3_Q2a2x64_1p
107,3750.4340023158343,535000.0,HalfCheetah-v3,TD3_Q2a2x64_1p
108,3900.160882819914,540000.0,HalfCheetah-v3,TD3_Q2a2x64_1p
109,3564.450828142929,545000.0,HalfCheetah-v3,TD3_Q2a2x64_1p
110,4602.3749462006635,550000.0,HalfCheetah-v3,TD3_Q2a2x64_1p
111,4450.26620404221,555000.0,HalfCheetah-v3,TD3_Q2a2x64_1p
112,4198.213139192512,560000.0,HalfCheetah-v3,TD3_Q2a2x64_1p
113,3656.267493962914,565000.0,HalfCheetah-v3,TD3_Q2a2x64_1p
114,3685.5267076536365,570000.0,HalfCheetah-v3,TD3_Q2a2x64_1p
115,4477.043874149136,575000.0,HalfCheetah-v3,TD3_Q2a2x64_1p
116,4325.352804512219,580000.0,HalfCheetah-v3,TD3_Q2a2x64_1p
117,4175.226221242782,585000.0,HalfCheetah-v3,TD3_Q2a2x64_1p
118,3951.7511210132093,590000.0,HalfCheetah-v3,TD3_Q2a2x64_1p
119,3577.893228392706,595000.0,HalfCheetah-v3,TD3_Q2a2x64_1p
120,4684.584858152741,600000.0,HalfCheetah-v3,TD3_Q2a2x64_1p
121,4903.251208347428,605000.0,HalfCheetah-v3,TD3_Q2a2x64_1p
122,4308.620154195349,610000.0,HalfCheetah-v3,TD3_Q2a2x64_1p
123,3851.0921133427846,615000.0,HalfCheetah-v3,TD3_Q2a2x64_1p
124,3743.5283407696725,620000.0,HalfCheetah-v3,TD3_Q2a2x64_1p
125,4053.4251140695087,625000.0,HalfCheetah-v3,TD3_Q2a2x64_1p
126,4875.377396736669,630000.0,HalfCheetah-v3,TD3_Q2a2x64_1p
127,3884.419550375159,635000.0,HalfCheetah-v3,TD3_Q2a2x64_1p
128,3519.4896778931266,640000.0,HalfCheetah-v3,TD3_Q2a2x64_1p
129,3735.2312346902036,645000.0,HalfCheetah-v3,TD3_Q2a2x64_1p
130,5436.9498244527995,650000.0,HalfCheetah-v3,TD3_Q2a2x64_1p
131,5175.504100107908,655000.0,HalfCheetah-v3,TD3_Q2a2x64_1p
132,4871.862946486368,660000.0,HalfCheetah-v3,TD3_Q2a2x64_1p
133,4467.016089646201,665000.0,HalfCheetah-v3,TD3_Q2a2x64_1p
134,4254.47603309314,670000.0,HalfCheetah-v3,TD3_Q2a2x64_1p
135,5532.480162766317,675000.0,HalfCheetah-v3,TD3_Q2a2x64_1p
136,5326.5852615936,680000.0,HalfCheetah-v3,TD3_Q2a2x64_1p
137,5046.828301555829,685000.0,HalfCheetah-v3,TD3_Q2a2x64_1p
138,4826.569806060777,690000.0,HalfCheetah-v3,TD3_Q2a2x64_1p
139,4222.437392937905,695000.0,HalfCheetah-v3,TD3_Q2a2x64_1p
140,5548.556873488093,700000.0,HalfCheetah-v3,TD3_Q2a2x64_1p
141,5323.179187508315,705000.0,HalfCheetah-v3,TD3_Q2a2x64_1p
142,5058.2895405608215,710000.0,HalfCheetah-v3,TD3_Q2a2x64_1p
143,4790.282487130809,715000.0,HalfCheetah-v3,TD3_Q2a2x64_1p
144,3513.0601870927376,720000.0,HalfCheetah-v3,TD3_Q2a2x64_1p
145,5488.22651405577,725000.0,HalfCheetah-v3,TD3_Q2a2x64_1p
146,4937.794126431927,730000.0,HalfCheetah-v3,TD3_Q2a2x64_1p
147,5145.95019920441,735000.0,HalfCheetah-v3,TD3_Q2a2x64_1p
148,4992.456192920732,740000.0,HalfCheetah-v3,TD3_Q2a2x64_1p
149,4606.077874172052,745000.0,HalfCheetah-v3,TD3_Q2a2x64_1p
150,5257.596233532267,750000.0,HalfCheetah-v3,TD3_Q2a2x64_1p
151,5172.734622852786,755000.0,HalfCheetah-v3,TD3_Q2a2x64_1p
152,5062.196221894002,760000.0,HalfCheetah-v3,TD3_Q2a2x64_1p
153,4845.937011163458,765000.0,HalfCheetah-v3,TD3_Q2a2x64_1p
154,4579.6121066782525,770000.0,HalfCheetah-v3,TD3_Q2a2x64_1p
155,5527.197833589674,775000.0,HalfCheetah-v3,TD3_Q2a2x64_1p
156,5432.805994356189,780000.0,HalfCheetah-v3,TD3_Q2a2x64_1p
157,5295.53165788675,785000.0,HalfCheetah-v3,TD3_Q2a2x64_1p
158,4982.670904014533,790000.0,HalfCheetah-v3,TD3_Q2a2x64_1p
159,4701.625497632945,795000.0,HalfCheetah-v3,TD3_Q2a2x64_1p
160,5634.894906434483,800000.0,HalfCheetah-v3,TD3_Q2a2x64_1p
161,5564.4352349408555,805000.0,HalfCheetah-v3,TD3_Q2a2x64_1p
162,5328.5649414514855,810000.0,HalfCheetah-v3,TD3_Q2a2x64_1p
163,5117.532023946578,815000.0,HalfCheetah-v3,TD3_Q2a2x64_1p
164,4508.573849833172,820000.0,HalfCheetah-v3,TD3_Q2a2x64_1p
165,6170.340536255046,825000.0,HalfCheetah-v3,TD3_Q2a2x64_1p
166,5991.338115991943,830000.0,HalfCheetah-v3,TD3_Q2a2x64_1p
167,5618.712857335127,835000.0,HalfCheetah-v3,TD3_Q2a2x64_1p
168,5208.195412666305,840000.0,HalfCheetah-v3,TD3_Q2a2x64_1p
169,4900.63423820774,845000.0,HalfCheetah-v3,TD3_Q2a2x64_1p
170,5861.425981466641,850000.0,HalfCheetah-v3,TD3_Q2a2x64_1p
171,5754.068937235219,855000.0,HalfCheetah-v3,TD3_Q2a2x64_1p
172,5508.33221252671,860000.0,HalfCheetah-v3,TD3_Q2a2x64_1p
173,5135.10461143192,865000.0,HalfCheetah-v3,TD3_Q2a2x64_1p
174,4912.5334374797785,870000.0,HalfCheetah-v3,TD3_Q2a2x64_1p
175,6016.992450538837,875000.0,HalfCheetah-v3,TD3_Q2a2x64_1p
176,5973.102043415117,880000.0,HalfCheetah-v3,TD3_Q2a2x64_1p
177,5640.6771521884675,885000.0,HalfCheetah-v3,TD3_Q2a2x64_1p
178,5272.205819818389,890000.0,HalfCheetah-v3,TD3_Q2a2x64_1p
179,4873.007000710075,895000.0,HalfCheetah-v3,TD3_Q2a2x64_1p
180,6263.616256329381,900000.0,HalfCheetah-v3,TD3_Q2a2x64_1p
181,5884.505798268272,905000.0,HalfCheetah-v3,TD3_Q2a2x64_1p
182,5500.925443122044,910000.0,HalfCheetah-v3,TD3_Q2a2x64_1p
183,4982.26648726942,915000.0,HalfCheetah-v3,TD3_Q2a2x64_1p
184,4696.989106239482,920000.0,HalfCheetah-v3,TD3_Q2a2x64_1p
185,6030.32864801275,925000.0,HalfCheetah-v3,TD3_Q2a2x64_1p
186,5944.225323329522,930000.0,HalfCheetah-v3,TD3_Q2a2x64_1p
187,5701.826528731959,935000.0,HalfCheetah-v3,TD3_Q2a2x64_1p
188,5420.700880373656,940000.0,HalfCheetah-v3,TD3_Q2a2x64_1p
189,5014.588102948167,945000.0,HalfCheetah-v3,TD3_Q2a2x64_1p
190,6395.210252862836,950000.0,HalfCheetah-v3,TD3_Q2a2x64_1p
191,6179.217257472433,955000.0,HalfCheetah-v3,TD3_Q2a2x64_1p
192,5796.293480652189,960000.0,HalfCheetah-v3,TD3_Q2a2x64_1p
193,5316.74344254196,965000.0,HalfCheetah-v3,TD3_Q2a2x64_1p
194,4958.419344802589,970000.0,HalfCheetah-v3,TD3_Q2a2x64_1p
195,6421.0063629497035,975000.0,HalfCheetah-v3,TD3_Q2a2x64_1p
196,6220.6390840278245,980000.0,HalfCheetah-v3,TD3_Q2a2x64_1p
197,5799.900867314964,985000.0,HalfCheetah-v3,TD3_Q2a2x64_1p
198,5392.7980715622225,990000.0,HalfCheetah-v3,TD3_Q2a2x64_1p
199,5010.836871850412,995000.0,HalfCheetah-v3,TD3_Q2a2x64_1p
200,6672.570196408846,1000000.0,HalfCheetah-v3,TD3_Q2a2x64_1p
201,6340.483601373395,1005000.0,HalfCheetah-v3,TD3_Q2a2x64_1p
202,5944.840868966317,1010000.0,HalfCheetah-v3,TD3_Q2a2x64_1p
203,5434.671637943949,1015000.0,HalfCheetah-v3,TD3_Q2a2x64_1p
204,5045.140632771139,1020000.0,HalfCheetah-v3,TD3_Q2a2x64_1p
205,6144.837275217384,1025000.0,HalfCheetah-v3,TD3_Q2a2x64_1p
206,6015.087364662949,1030000.0,HalfCheetah-v3,TD3_Q2a2x64_1p
207,5770.202889604909,1035000.0,HalfCheetah-v3,TD3_Q2a2x64_1p
208,5460.154726009905,1040000.0,HalfCheetah-v3,TD3_Q2a2x64_1p
209,5084.799600300109,1045000.0,HalfCheetah-v3,TD3_Q2a2x64_1p
210,6673.890178041904,1050000.0,HalfCheetah-v3,TD3_Q2a2x64_1p
211,6410.640374409215,1055000.0,HalfCheetah-v3,TD3_Q2a2x64_1p
212,6031.362002064045,1060000.0,HalfCheetah-v3,TD3_Q2a2x64_1p
213,5488.579361421564,1065000.0,HalfCheetah-v3,TD3_Q2a2x64_1p
214,5049.460123743324,1070000.0,HalfCheetah-v3,TD3_Q2a2x64_1p
215,7043.848741407155,1075000.0,HalfCheetah-v3,TD3_Q2a2x64_1p
216,6527.239223358922,1080000.0,HalfCheetah-v3,TD3_Q2a2x64_1p
217,6044.2687037155465,1085000.0,HalfCheetah-v3,TD3_Q2a2x64_1p
218,5520.7193435009995,1090000.0,HalfCheetah-v3,TD3_Q2a2x64_1p
219,5088.657687239152,1095000.0,HalfCheetah-v3,TD3_Q2a2x64_1p
220,6943.392309804776,1100000.0,HalfCheetah-v3,TD3_Q2a2x64_1p
221,6625.296565719551,1105000.0,HalfCheetah-v3,TD3_Q2a2x64_1p
222,6177.170226779634,1110000.0,HalfCheetah-v3,TD3_Q2a2x64_1p
223,5690.301244236286,1115000.0,HalfCheetah-v3,TD3_Q2a2x64_1p
224,5239.825748685817,1120000.0,HalfCheetah-v3,TD3_Q2a2x64_1p
225,6715.311886269052,1125000.0,HalfCheetah-v3,TD3_Q2a2x64_1p
226,6514.28058366784,1130000.0,HalfCheetah-v3,TD3_Q2a2x64_1p
227,6219.995524565123,1135000.0,HalfCheetah-v3,TD3_Q2a2x64_1p
228,5563.29125282615,1140000.0,HalfCheetah-v3,TD3_Q2a2x64_1p
229,5296.834952914438,1145000.0,HalfCheetah-v3,TD3_Q2a2x64_1p
230,6585.160554883632,1150000.0,HalfCheetah-v3,TD3_Q2a2x64_1p
231,6346.851796674797,1155000.0,HalfCheetah-v3,TD3_Q2a2x64_1p
232,5994.7186663583425,1160000.0,HalfCheetah-v3,TD3_Q2a2x64_1p
233,5521.461577064586,1165000.0,HalfCheetah-v3,TD3_Q2a2x64_1p
234,5226.15849285944,1170000.0,HalfCheetah-v3,TD3_Q2a2x64_1p
235,7282.120136890384,1175000.0,HalfCheetah-v3,TD3_Q2a2x64_1p
236,6809.224279880812,1180000.0,HalfCheetah-v3,TD3_Q2a2x64_1p
237,6232.135853013633,1185000.0,HalfCheetah-v3,TD3_Q2a2x64_1p
238,5659.357715707161,1190000.0,HalfCheetah-v3,TD3_Q2a2x64_1p
239,5275.139215745145,1195000.0,HalfCheetah-v3,TD3_Q2a2x64_1p
240,7045.6168881690155,1200000.0,HalfCheetah-v3,TD3_Q2a2x64_1p
241,6615.6536730509615,1205000.0,HalfCheetah-v3,TD3_Q2a2x64_1p
242,6279.142445718065,1210000.0,HalfCheetah-v3,TD3_Q2a2x64_1p
243,5744.245523196869,1215000.0,HalfCheetah-v3,TD3_Q2a2x64_1p
244,5275.346233948994,1220000.0,HalfCheetah-v3,TD3_Q2a2x64_1p
245,6999.605740425955,1225000.0,HalfCheetah-v3,TD3_Q2a2x64_1p
246,6716.361976522569,1230000.0,HalfCheetah-v3,TD3_Q2a2x64_1p
247,6274.491041510032,1235000.0,HalfCheetah-v3,TD3_Q2a2x64_1p
248,5812.252293466931,1240000.0,HalfCheetah-v3,TD3_Q2a2x64_1p
249,5337.680202529567,1245000.0,HalfCheetah-v3,TD3_Q2a2x64_1p
250,6737.158667283608,1250000.0,HalfCheetah-v3,TD3_Q2a2x64_1p
251,6485.822065212817,1255000.0,HalfCheetah-v3,TD3_Q2a2x64_1p
252,6199.617523450672,1260000.0,HalfCheetah-v3,TD3_Q2a2x64_1p
253,5656.050470808196,1265000.0,HalfCheetah-v3,TD3_Q2a2x64_1p
254,5293.995812252585,1270000.0,HalfCheetah-v3,TD3_Q2a2x64_1p
255,7361.633912390435,1275000.0,HalfCheetah-v3,TD3_Q2a2x64_1p
256,6832.2786923482245,1280000.0,HalfCheetah-v3,TD3_Q2a2x64_1p
257,6384.3192215758545,1285000.0,HalfCheetah-v3,TD3_Q2a2x64_1p
258,5842.540349854963,1290000.0,HalfCheetah-v3,TD3_Q2a2x64_1p
259,4784.918545017896,1295000.0,HalfCheetah-v3,TD3_Q2a2x64_1p
260,7068.685275439617,1300000.0,HalfCheetah-v3,TD3_Q2a2x64_1p
261,6807.680474316194,1305000.0,HalfCheetah-v3,TD3_Q2a2x64_1p
262,6077.06468973727,1310000.0,HalfCheetah-v3,TD3_Q2a2x64_1p
263,5549.785462895552,1315000.0,HalfCheetah-v3,TD3_Q2a2x64_1p
264,5256.605640895962,1320000.0,HalfCheetah-v3,TD3_Q2a2x64_1p
265,6658.793925863101,1325000.0,HalfCheetah-v3,TD3_Q2a2x64_1p
266,6489.265088894661,1330000.0,HalfCheetah-v3,TD3_Q2a2x64_1p
267,6074.65799400861,1335000.0,HalfCheetah-v3,TD3_Q2a2x64_1p
268,5694.769988290254,1340000.0,HalfCheetah-v3,TD3_Q2a2x64_1p
269,5231.766897760476,1345000.0,HalfCheetah-v3,TD3_Q2a2x64_1p
270,7282.686092256919,1350000.0,HalfCheetah-v3,TD3_Q2a2x64_1p
271,6937.477366930408,1355000.0,HalfCheetah-v3,TD3_Q2a2x64_1p
272,6468.098910417024,1360000.0,HalfCheetah-v3,TD3_Q2a2x64_1p
273,5857.95645409946,1365000.0,HalfCheetah-v3,TD3_Q2a2x64_1p
274,5477.116092301628,1370000.0,HalfCheetah-v3,TD3_Q2a2x64_1p
275,7460.273498871678,1375000.0,HalfCheetah-v3,TD3_Q2a2x64_1p
276,7074.173947921527,1380000.0,HalfCheetah-v3,TD3_Q2a2x64_1p
277,6627.688911847418,1385000.0,HalfCheetah-v3,TD3_Q2a2x64_1p
278,6053.654598213094,1390000.0,HalfCheetah-v3,TD3_Q2a2x64_1p
279,5529.24058393829,1395000.0,HalfCheetah-v3,TD3_Q2a2x64_1p
280,7293.227297791292,1400000.0,HalfCheetah-v3,TD3_Q2a2x64_1p
281,6977.707424225705,1405000.0,HalfCheetah-v3,TD3_Q2a2x64_1p
282,6511.987036206554,1410000.0,HalfCheetah-v3,TD3_Q2a2x64_1p
283,5976.55081781438,1415000.0,HalfCheetah-v3,TD3_Q2a2x64_1p
284,5598.001488054558,1420000.0,HalfCheetah-v3,TD3_Q2a2x64_1p
285,7220.962712510454,1425000.0,HalfCheetah-v3,TD3_Q2a2x64_1p
286,6779.112457588783,1430000.0,HalfCheetah-v3,TD3_Q2a2x64_1p
287,6449.191265254796,1435000.0,HalfCheetah-v3,TD3_Q2a2x64_1p
288,5799.01625472122,1440000.0,HalfCheetah-v3,TD3_Q2a2x64_1p
289,5286.351329389845,1445000.0,HalfCheetah-v3,TD3_Q2a2x64_1p
290,6977.40902698998,1450000.0,HalfCheetah-v3,TD3_Q2a2x64_1p
291,6817.70482736946,1455000.0,HalfCheetah-v3,TD3_Q2a2x64_1p
292,6454.904272104054,1460000.0,HalfCheetah-v3,TD3_Q2a2x64_1p
293,6024.222791217404,1465000.0,HalfCheetah-v3,TD3_Q2a2x64_1p
294,5628.006336883675,1470000.0,HalfCheetah-v3,TD3_Q2a2x64_1p
295,7706.273480879849,1475000.0,HalfCheetah-v3,TD3_Q2a2x64_1p
296,7141.064106169116,1480000.0,HalfCheetah-v3,TD3_Q2a2x64_1p
297,6572.851737180979,1485000.0,HalfCheetah-v3,TD3_Q2a2x64_1p
298,5805.170012300938,1490000.0,HalfCheetah-v3,TD3_Q2a2x64_1p
299,5417.677303677495,1495000.0,HalfCheetah-v3,TD3_Q2a2x64_1p
300,7881.423115139651,1500000.0,HalfCheetah-v3,TD3_Q2a2x64_1p
301,7247.267290956571,1505000.0,HalfCheetah-v3,TD3_Q2a2x64_1p
302,6677.2304709087375,1510000.0,HalfCheetah-v3,TD3_Q2a2x64_1p
303,5994.484823871813,1515000.0,HalfCheetah-v3,TD3_Q2a2x64_1p
304,5475.19600859398,1520000.0,HalfCheetah-v3,TD3_Q2a2x64_1p
305,7908.487762491993,1525000.0,HalfCheetah-v3,TD3_Q2a2x64_1p
306,7327.127882647999,1530000.0,HalfCheetah-v3,TD3_Q2a2x64_1p
307,6854.568498642114,1535000.0,HalfCheetah-v3,TD3_Q2a2x64_1p
308,6215.574377050229,1540000.0,HalfCheetah-v3,TD3_Q2a2x64_1p
309,5611.966193872532,1545000.0,HalfCheetah-v3,TD3_Q2a2x64_1p
310,7711.566872738358,1550000.0,HalfCheetah-v3,TD3_Q2a2x64_1p
311,7328.699954646216,1555000.0,HalfCheetah-v3,TD3_Q2a2x64_1p
312,6719.78725424375,1560000.0,HalfCheetah-v3,TD3_Q2a2x64_1p
313,6163.250779120872,1565000.0,HalfCheetah-v3,TD3_Q2a2x64_1p
314,5538.9599964024765,1570000.0,HalfCheetah-v3,TD3_Q2a2x64_1p
315,7951.1168644591935,1575000.0,HalfCheetah-v3,TD3_Q2a2x64_1p
316,7457.391067056259,1580000.0,HalfCheetah-v3,TD3_Q2a2x64_1p
317,6851.071642560464,1585000.0,HalfCheetah-v3,TD3_Q2a2x64_1p
318,6190.441228649039,1590000.0,HalfCheetah-v3,TD3_Q2a2x64_1p
319,5567.487225802831,1595000.0,HalfCheetah-v3,TD3_Q2a2x64_1p
320,8193.430853665046,1600000.0,HalfCheetah-v3,TD3_Q2a2x64_1p
321,7600.386187424102,1605000.0,HalfCheetah-v3,TD3_Q2a2x64_1p
322,6900.085059651314,1610000.0,HalfCheetah-v3,TD3_Q2a2x64_1p
323,6298.264760251655,1615000.0,HalfCheetah-v3,TD3_Q2a2x64_1p
324,5697.1582560147635,1620000.0,HalfCheetah-v3,TD3_Q2a2x64_1p
325,7977.561374266943,1625000.0,HalfCheetah-v3,TD3_Q2a2x64_1p
326,7555.587003958208,1630000.0,HalfCheetah-v3,TD3_Q2a2x64_1p
327,6893.052931192005,1635000.0,HalfCheetah-v3,TD3_Q2a2x64_1p
328,6241.246179779727,1640000.0,HalfCheetah-v3,TD3_Q2a2x64_1p
329,5715.5660620143,1645000.0,HalfCheetah-v3,TD3_Q2a2x64_1p
330,8199.32991838849,1650000.0,HalfCheetah-v3,TD3_Q2a2x64_1p
331,7570.14129636331,1655000.0,HalfCheetah-v3,TD3_Q2a2x64_1p
332,6916.457018288629,1660000.0,HalfCheetah-v3,TD3_Q2a2x64_1p
333,6304.8148109433205,1665000.0,HalfCheetah-v3,TD3_Q2a2x64_1p
334,5652.19716663461,1670000.0,HalfCheetah-v3,TD3_Q2a2x64_1p
335,7886.969323865563,1675000.0,HalfCheetah-v3,TD3_Q2a2x64_1p
336,7275.986693522941,1680000.0,HalfCheetah-v3,TD3_Q2a2x64_1p
337,6783.396204929377,1685000.0,HalfCheetah-v3,TD3_Q2a2x64_1p
338,6171.003645080333,1690000.0,HalfCheetah-v3,TD3_Q2a2x64_1p
339,5641.787583726714,1695000.0,HalfCheetah-v3,TD3_Q2a2x64_1p
340,8090.156487442722,1700000.0,HalfCheetah-v3,TD3_Q2a2x64_1p
341,7630.301385198608,1705000.0,HalfCheetah-v3,TD3_Q2a2x64_1p
342,6932.183585845179,1710000.0,HalfCheetah-v3,TD3_Q2a2x64_1p
343,6297.970765897477,1715000.0,HalfCheetah-v3,TD3_Q2a2x64_1p
344,5776.0969927256065,1720000.0,HalfCheetah-v3,TD3_Q2a2x64_1p
345,7814.7527611176165,1725000.0,HalfCheetah-v3,TD3_Q2a2x64_1p
346,7356.95406440123,1730000.0,HalfCheetah-v3,TD3_Q2a2x64_1p
347,6658.438363893448,1735000.0,HalfCheetah-v3,TD3_Q2a2x64_1p
348,6047.861816529445,1740000.0,HalfCheetah-v3,TD3_Q2a2x64_1p
349,5500.386998283238,1745000.0,HalfCheetah-v3,TD3_Q2a2x64_1p
350,8141.6984539986715,1750000.0,HalfCheetah-v3,TD3_Q2a2x64_1p
351,7616.203656047718,1755000.0,HalfCheetah-v3,TD3_Q2a2x64_1p
352,6632.495220144626,1760000.0,HalfCheetah-v3,TD3_Q2a2x64_1p
353,6487.311726103626,1765000.0,HalfCheetah-v3,TD3_Q2a2x64_1p
354,5859.985591206387,1770000.0,HalfCheetah-v3,TD3_Q2a2x64_1p
355,7613.850748104151,1775000.0,HalfCheetah-v3,TD3_Q2a2x64_1p
356,7265.507525139791,1780000.0,HalfCheetah-v3,TD3_Q2a2x64_1p
357,6813.4984785791285,1785000.0,HalfCheetah-v3,TD3_Q2a2x64_1p
358,6177.713341664766,1790000.0,HalfCheetah-v3,TD3_Q2a2x64_1p
359,5626.807724617453,1795000.0,HalfCheetah-v3,TD3_Q2a2x64_1p
360,8460.332966426646,1800000.0,HalfCheetah-v3,TD3_Q2a2x64_1p
361,7894.715061907106,1805000.0,HalfCheetah-v3,TD3_Q2a2x64_1p
362,7361.061875480222,1810000.0,HalfCheetah-v3,TD3_Q2a2x64_1p
363,6522.262354228972,1815000.0,HalfCheetah-v3,TD3_Q2a2x64_1p
364,5864.119463013609,1820000.0,HalfCheetah-v3,TD3_Q2a2x64_1p
365,8571.617138296711,1825000.0,HalfCheetah-v3,TD3_Q2a2x64_1p
366,7934.917716542154,1830000.0,HalfCheetah-v3,TD3_Q2a2x64_1p
367,7195.569882277347,1835000.0,HalfCheetah-v3,TD3_Q2a2x64_1p
368,6447.82434864749,1840000.0,HalfCheetah-v3,TD3_Q2a2x64_1p
369,5877.684073595911,1845000.0,HalfCheetah-v3,TD3_Q2a2x64_1p
370,8196.091607925893,1850000.0,HalfCheetah-v3,TD3_Q2a2x64_1p
371,7716.1408657087795,1855000.0,HalfCheetah-v3,TD3_Q2a2x64_1p
372,6991.934630480557,1860000.0,HalfCheetah-v3,TD3_Q2a2x64_1p
373,6300.089248973315,1865000.0,HalfCheetah-v3,TD3_Q2a2x64_1p
374,5752.938320394403,1870000.0,HalfCheetah-v3,TD3_Q2a2x64_1p
375,8470.146998835942,1875000.0,HalfCheetah-v3,TD3_Q2a2x64_1p
376,8013.420987023051,1880000.0,HalfCheetah-v3,TD3_Q2a2x64_1p
377,7325.217440826663,1885000.0,HalfCheetah-v3,TD3_Q2a2x64_1p
378,6609.322806337182,1890000.0,HalfCheetah-v3,TD3_Q2a2x64_1p
379,5912.153613249879,1895000.0,HalfCheetah-v3,TD3_Q2a2x64_1p
380,8429.132069397303,1900000.0,HalfCheetah-v3,TD3_Q2a2x64_1p
381,7834.811627637251,1905000.0,HalfCheetah-v3,TD3_Q2a2x64_1p
382,7270.244957191464,1910000.0,HalfCheetah-v3,TD3_Q2a2x64_1p
383,6480.832225580591,1915000.0,HalfCheetah-v3,TD3_Q2a2x64_1p
384,5763.724962015389,1920000.0,HalfCheetah-v3,TD3_Q2a2x64_1p
385,8432.538802256164,1925000.0,HalfCheetah-v3,TD3_Q2a2x64_1p
386,7943.275779249093,1930000.0,HalfCheetah-v3,TD3_Q2a2x64_1p
387,7340.7375199536955,1935000.0,HalfCheetah-v3,TD3_Q2a2x64_1p
388,6558.867203635625,1940000.0,HalfCheetah-v3,TD3_Q2a2x64_1p
389,5988.057132488173,1945000.0,HalfCheetah-v3,TD3_Q2a2x64_1p
390,8445.589820284395,1950000.0,HalfCheetah-v3,TD3_Q2a2x64_1p
391,8127.397321886396,1955000.0,HalfCheetah-v3,TD3_Q2a2x64_1p
392,7370.049307095435,1960000.0,HalfCheetah-v3,TD3_Q2a2x64_1p
393,6676.009175826473,1965000.0,HalfCheetah-v3,TD3_Q2a2x64_1p
394,5877.432332116243,1970000.0,HalfCheetah-v3,TD3_Q2a2x64_1p
395,8317.242176088086,1975000.0,HalfCheetah-v3,TD3_Q2a2x64_1p
396,7870.349540183493,1980000.0,HalfCheetah-v3,TD3_Q2a2x64_1p
397,7254.963777473944,1985000.0,HalfCheetah-v3,TD3_Q2a2x64_1p
398,6659.875358457367,1990000.0,HalfCheetah-v3,TD3_Q2a2x64_1p
399,6124.056078800886,1995000.0,HalfCheetah-v3,TD3_Q2a2x64_1p
400,8696.537161615279,2000000.0,HalfCheetah-v3,TD3_Q2a2x64_1p
401,8145.15334674301,2005000.0,HalfCheetah-v3,TD3_Q2a2x64_1p
402,7355.019697381975,2010000.0,HalfCheetah-v3,TD3_Q2a2x64_1p
403,6641.157457014939,2015000.0,HalfCheetah-v3,TD3_Q2a2x64_1p
404,5912.53646367561,2020000.0,HalfCheetah-v3,TD3_Q2a2x64_1p
405,8428.62682744506,2025000.0,HalfCheetah-v3,TD3_Q2a2x64_1p
406,8025.419659852788,2030000.0,HalfCheetah-v3,TD3_Q2a2x64_1p
407,7470.588710634302,2035000.0,HalfCheetah-v3,TD3_Q2a2x64_1p
408,6681.053824854223,2040000.0,HalfCheetah-v3,TD3_Q2a2x64_1p
409,6213.522223861514,2045000.0,HalfCheetah-v3,TD3_Q2a2x64_1p
410,8758.780769075664,2050000.0,HalfCheetah-v3,TD3_Q2a2x64_1p
411,8261.950906460412,2055000.0,HalfCheetah-v3,TD3_Q2a2x64_1p
412,7546.173843040284,2060000.0,HalfCheetah-v3,TD3_Q2a2x64_1p
413,6738.15080430243,2065000.0,HalfCheetah-v3,TD3_Q2a2x64_1p
414,6079.408716965085,2070000.0,HalfCheetah-v3,TD3_Q2a2x64_1p
415,8422.104647885906,2075000.0,HalfCheetah-v3,TD3_Q2a2x64_1p
416,8070.554977717989,2080000.0,HalfCheetah-v3,TD3_Q2a2x64_1p
417,7341.058802721936,2085000.0,HalfCheetah-v3,TD3_Q2a2x64_1p
418,6661.40273996574,2090000.0,HalfCheetah-v3,TD3_Q2a2x64_1p
419,5980.645445492542,2095000.0,HalfCheetah-v3,TD3_Q2a2x64_1p
420,7729.220649516938,2100000.0,HalfCheetah-v3,TD3_Q2a2x64_1p
421,7737.729444509448,2105000.0,HalfCheetah-v3,TD3_Q2a2x64_1p
422,7117.801445724372,2110000.0,HalfCheetah-v3,TD3_Q2a2x64_1p
423,6704.788740030215,2115000.0,HalfCheetah-v3,TD3_Q2a2x64_1p
424,6158.2914553785,2120000.0,HalfCheetah-v3,TD3_Q2a2x64_1p
425,8388.619557575152,2125000.0,HalfCheetah-v3,TD3_Q2a2x64_1p
426,7844.091269783045,2130000.0,HalfCheetah-v3,TD3_Q2a2x64_1p
427,7225.226532311371,2135000.0,HalfCheetah-v3,TD3_Q2a2x64_1p
428,6529.045455388355,2140000.0,HalfCheetah-v3,TD3_Q2a2x64_1p
429,5925.014235419619,2145000.0,HalfCheetah-v3,TD3_Q2a2x64_1p
430,8629.036574454623,2150000.0,HalfCheetah-v3,TD3_Q2a2x64_1p
431,8091.0543073424315,2155000.0,HalfCheetah-v3,TD3_Q2a2x64_1p
432,7552.70548200171,2160000.0,HalfCheetah-v3,TD3_Q2a2x64_1p
433,6905.262530504905,2165000.0,HalfCheetah-v3,TD3_Q2a2x64_1p
434,6303.494388180751,2170000.0,HalfCheetah-v3,TD3_Q2a2x64_1p
435,8443.921291877961,2175000.0,HalfCheetah-v3,TD3_Q2a2x64_1p
436,8191.323783983852,2180000.0,HalfCheetah-v3,TD3_Q2a2x64_1p
437,7303.654435398712,2185000.0,HalfCheetah-v3,TD3_Q2a2x64_1p
438,6545.379091573943,2190000.0,HalfCheetah-v3,TD3_Q2a2x64_1p
439,5770.798102237657,2195000.0,HalfCheetah-v3,TD3_Q2a2x64_1p
440,8889.194968372662,2200000.0,HalfCheetah-v3,TD3_Q2a2x64_1p
441,8394.491864403764,2205000.0,HalfCheetah-v3,TD3_Q2a2x64_1p
442,7789.760198143927,2210000.0,HalfCheetah-v3,TD3_Q2a2x64_1p
443,6962.781662787429,2215000.0,HalfCheetah-v3,TD3_Q2a2x64_1p
444,6250.82657932149,2220000.0,HalfCheetah-v3,TD3_Q2a2x64_1p
445,8802.61963846502,2225000.0,HalfCheetah-v3,TD3_Q2a2x64_1p
446,8408.703914411748,2230000.0,HalfCheetah-v3,TD3_Q2a2x64_1p
447,7793.684029439867,2235000.0,HalfCheetah-v3,TD3_Q2a2x64_1p
448,6927.465250617519,2240000.0,HalfCheetah-v3,TD3_Q2a2x64_1p
449,6266.054994249493,2245000.0,HalfCheetah-v3,TD3_Q2a2x64_1p
450,8822.35138385502,2250000.0,HalfCheetah-v3,TD3_Q2a2x64_1p
451,8520.037936057628,2255000.0,HalfCheetah-v3,TD3_Q2a2x64_1p
452,7810.028170650495,2260000.0,HalfCheetah-v3,TD3_Q2a2x64_1p
453,7077.144312491194,2265000.0,HalfCheetah-v3,TD3_Q2a2x64_1p
454,6330.528428629308,2270000.0,HalfCheetah-v3,TD3_Q2a2x64_1p
455,8908.531154251345,2275000.0,HalfCheetah-v3,TD3_Q2a2x64_1p
456,8418.667768245154,2280000.0,HalfCheetah-v3,TD3_Q2a2x64_1p
457,7867.834717850371,2285000.0,HalfCheetah-v3,TD3_Q2a2x64_1p
458,6909.927334391253,2290000.0,HalfCheetah-v3,TD3_Q2a2x64_1p
459,6326.5380774438945,2295000.0,HalfCheetah-v3,TD3_Q2a2x64_1p
460,8779.184354162022,2300000.0,HalfCheetah-v3,TD3_Q2a2x64_1p
461,8183.206477880543,2305000.0,HalfCheetah-v3,TD3_Q2a2x64_1p
462,7585.098703328971,2310000.0,HalfCheetah-v3,TD3_Q2a2x64_1p
463,6752.261830475014,2315000.0,HalfCheetah-v3,TD3_Q2a2x64_1p
464,6136.0530362174095,2320000.0,HalfCheetah-v3,TD3_Q2a2x64_1p
465,8783.525856279968,2325000.0,HalfCheetah-v3,TD3_Q2a2x64_1p
466,8402.531927472015,2330000.0,HalfCheetah-v3,TD3_Q2a2x64_1p
467,7739.699033605126,2335000.0,HalfCheetah-v3,TD3_Q2a2x64_1p
468,7097.417773216439,2340000.0,HalfCheetah-v3,TD3_Q2a2x64_1p
469,6222.215799080499,2345000.0,HalfCheetah-v3,TD3_Q2a2x64_1p
470,8810.279933782731,2350000.0,HalfCheetah-v3,TD3_Q2a2x64_1p
471,8385.501627537724,2355000.0,HalfCheetah-v3,TD3_Q2a2x64_1p
472,7686.27271542884,2360000.0,HalfCheetah-v3,TD3_Q2a2x64_1p
473,7011.742121820404,2365000.0,HalfCheetah-v3,TD3_Q2a2x64_1p
474,6273.96577738016,2370000.0,HalfCheetah-v3,TD3_Q2a2x64_1p
475,8537.676122166533,2375000.0,HalfCheetah-v3,TD3_Q2a2x64_1p
476,7711.323084451518,2380000.0,HalfCheetah-v3,TD3_Q2a2x64_1p
477,7591.4240248641045,2385000.0,HalfCheetah-v3,TD3_Q2a2x64_1p
478,7059.260031692907,2390000.0,HalfCheetah-v3,TD3_Q2a2x64_1p
479,6179.825607609374,2395000.0,HalfCheetah-v3,TD3_Q2a2x64_1p
480,8904.314506176315,2400000.0,HalfCheetah-v3,TD3_Q2a2x64_1p
481,8524.965209577736,2405000.0,HalfCheetah-v3,TD3_Q2a2x64_1p
482,7600.493102126338,2410000.0,HalfCheetah-v3,TD3_Q2a2x64_1p
483,7108.57850131913,2415000.0,HalfCheetah-v3,TD3_Q2a2x64_1p
484,6301.908645582128,2420000.0,HalfCheetah-v3,TD3_Q2a2x64_1p
485,9002.869971121507,2425000.0,HalfCheetah-v3,TD3_Q2a2x64_1p
486,8506.770985546736,2430000.0,HalfCheetah-v3,TD3_Q2a2x64_1p
487,7890.179119305787,2435000.0,HalfCheetah-v3,TD3_Q2a2x64_1p
488,6991.005178543627,2440000.0,HalfCheetah-v3,TD3_Q2a2x64_1p
489,6113.099894064969,2445000.0,HalfCheetah-v3,TD3_Q2a2x64_1p
490,8965.332298759804,2450000.0,HalfCheetah-v3,TD3_Q2a2x64_1p
491,8543.46613568843,2455000.0,HalfCheetah-v3,TD3_Q2a2x64_1p
492,7752.015723970532,2460000.0,HalfCheetah-v3,TD3_Q2a2x64_1p
493,6825.066722395184,2465000.0,HalfCheetah-v3,TD3_Q2a2x64_1p
494,6113.625588716754,2470000.0,HalfCheetah-v3,TD3_Q2a2x64_1p
495,9178.575237274565,2475000.0,HalfCheetah-v3,TD3_Q2a2x64_1p
496,8597.10321884313,2480000.0,HalfCheetah-v3,TD3_Q2a2x64_1p
497,7885.232629163866,2485000.0,HalfCheetah-v3,TD3_Q2a2x64_1p
498,7151.943442933615,2490000.0,HalfCheetah-v3,TD3_Q2a2x64_1p
499,6340.651913112068,2495000.0,HalfCheetah-v3,TD3_Q2a2x64_1p
500,9214.068604583608,2500000.0,HalfCheetah-v3,TD3_Q2a2x64_1p
501,8747.112146695998,2505000.0,HalfCheetah-v3,TD3_Q2a2x64_1p
502,7874.765580017833,2510000.0,HalfCheetah-v3,TD3_Q2a2x64_1p
503,6665.424378138503,2515000.0,HalfCheetah-v3,TD3_Q2a2x64_1p
504,6470.595819229426,2520000.0,HalfCheetah-v3,TD3_Q2a2x64_1p
505,9109.418907136724,2525000.0,HalfCheetah-v3,TD3_Q2a2x64_1p
506,8662.053316046055,2530000.0,HalfCheetah-v3,TD3_Q2a2x64_1p
507,8019.45775214968,2535000.0,HalfCheetah-v3,TD3_Q2a2x64_1p
508,7065.287878291534,2540000.0,HalfCheetah-v3,TD3_Q2a2x64_1p
509,6293.352538954435,2545000.0,HalfCheetah-v3,TD3_Q2a2x64_1p
510,9007.9643941292,2550000.0,HalfCheetah-v3,TD3_Q2a2x64_1p
511,8479.376289487745,2555000.0,HalfCheetah-v3,TD3_Q2a2x64_1p
512,7818.157007880784,2560000.0,HalfCheetah-v3,TD3_Q2a2x64_1p
513,6977.753604900511,2565000.0,HalfCheetah-v3,TD3_Q2a2x64_1p
514,6071.230606100064,2570000.0,HalfCheetah-v3,TD3_Q2a2x64_1p
515,8513.847129918075,2575000.0,HalfCheetah-v3,TD3_Q2a2x64_1p
516,8893.87351649173,2580000.0,HalfCheetah-v3,TD3_Q2a2x64_1p
517,8158.625300298323,2585000.0,HalfCheetah-v3,TD3_Q2a2x64_1p
518,7266.718180049572,2590000.0,HalfCheetah-v3,TD3_Q2a2x64_1p
519,6665.5558772317,2595000.0,HalfCheetah-v3,TD3_Q2a2x64_1p
520,9260.234360451012,2600000.0,HalfCheetah-v3,TD3_Q2a2x64_1p
521,8877.72266327681,2605000.0,HalfCheetah-v3,TD3_Q2a2x64_1p
522,8173.023891106192,2610000.0,HalfCheetah-v3,TD3_Q2a2x64_1p
523,7309.69290205358,2615000.0,HalfCheetah-v3,TD3_Q2a2x64_1p
524,6583.142709467911,2620000.0,HalfCheetah-v3,TD3_Q2a2x64_1p
525,9495.114546208406,2625000.0,HalfCheetah-v3,TD3_Q2a2x64_1p
526,8932.202382982361,2630000.0,HalfCheetah-v3,TD3_Q2a2x64_1p
527,8398.695221065263,2635000.0,HalfCheetah-v3,TD3_Q2a2x64_1p
528,7531.695867793067,2640000.0,HalfCheetah-v3,TD3_Q2a2x64_1p
529,6760.631464878204,2645000.0,HalfCheetah-v3,TD3_Q2a2x64_1p
530,9177.013079380158,2650000.0,HalfCheetah-v3,TD3_Q2a2x64_1p
531,8675.650814205906,2655000.0,HalfCheetah-v3,TD3_Q2a2x64_1p
532,7920.635579986301,2660000.0,HalfCheetah-v3,TD3_Q2a2x64_1p
533,7017.378435650961,2665000.0,HalfCheetah-v3,TD3_Q2a2x64_1p
534,6276.47587708822,2670000.0,HalfCheetah-v3,TD3_Q2a2x64_1p
535,9478.178767220405,2675000.0,HalfCheetah-v3,TD3_Q2a2x64_1p
536,9113.6303584616,2680000.0,HalfCheetah-v3,TD3_Q2a2x64_1p
537,8188.158949233893,2685000.0,HalfCheetah-v3,TD3_Q2a2x64_1p
538,7410.109866495803,2690000.0,HalfCheetah-v3,TD3_Q2a2x64_1p
539,6672.36412974454,2695000.0,HalfCheetah-v3,TD3_Q2a2x64_1p
540,9300.545067140376,2700000.0,HalfCheetah-v3,TD3_Q2a2x64_1p
541,8912.979687898898,2705000.0,HalfCheetah-v3,TD3_Q2a2x64_1p
542,8274.834116337985,2710000.0,HalfCheetah-v3,TD3_Q2a2x64_1p
543,7366.465620546258,2715000.0,HalfCheetah-v3,TD3_Q2a2x64_1p
544,6463.393740830539,2720000.0,HalfCheetah-v3,TD3_Q2a2x64_1p
545,9222.281667105814,2725000.0,HalfCheetah-v3,TD3_Q2a2x64_1p
546,8212.0369786636,2730000.0,HalfCheetah-v3,TD3_Q2a2x64_1p
547,7900.754101849065,2735000.0,HalfCheetah-v3,TD3_Q2a2x64_1p
548,7160.248248852704,2740000.0,HalfCheetah-v3,TD3_Q2a2x64_1p
549,6506.2370014855505,2745000.0,HalfCheetah-v3,TD3_Q2a2x64_1p
550,9383.147073539329,2750000.0,HalfCheetah-v3,TD3_Q2a2x64_1p
551,8971.689667295694,2755000.0,HalfCheetah-v3,TD3_Q2a2x64_1p
552,8273.596835930217,2760000.0,HalfCheetah-v3,TD3_Q2a2x64_1p
553,7513.810719435295,2765000.0,HalfCheetah-v3,TD3_Q2a2x64_1p
554,6448.12704575288,2770000.0,HalfCheetah-v3,TD3_Q2a2x64_1p
555,9382.483790906623,2775000.0,HalfCheetah-v3,TD3_Q2a2x64_1p
556,8875.402840677469,2780000.0,HalfCheetah-v3,TD3_Q2a2x64_1p
557,8184.462239902232,2785000.0,HalfCheetah-v3,TD3_Q2a2x64_1p
558,7202.53851902767,2790000.0,HalfCheetah-v3,TD3_Q2a2x64_1p
559,6493.035478271505,2795000.0,HalfCheetah-v3,TD3_Q2a2x64_1p
560,9364.079688310443,2800000.0,HalfCheetah-v3,TD3_Q2a2x64_1p
561,9051.100683578434,2805000.0,HalfCheetah-v3,TD3_Q2a2x64_1p
562,8115.626309926675,2810000.0,HalfCheetah-v3,TD3_Q2a2x64_1p
563,6860.994828950551,2815000.0,HalfCheetah-v3,TD3_Q2a2x64_1p
564,6762.459418742689,2820000.0,HalfCheetah-v3,TD3_Q2a2x64_1p
565,9482.89173071517,2825000.0,HalfCheetah-v3,TD3_Q2a2x64_1p
566,9057.346861541746,2830000.0,HalfCheetah-v3,TD3_Q2a2x64_1p
567,8042.147010503422,2835000.0,HalfCheetah-v3,TD3_Q2a2x64_1p
568,7194.069784522464,2840000.0,HalfCheetah-v3,TD3_Q2a2x64_1p
569,6466.583808252015,2845000.0,HalfCheetah-v3,TD3_Q2a2x64_1p
570,8968.55661272731,2850000.0,HalfCheetah-v3,TD3_Q2a2x64_1p
571,8352.801268688687,2855000.0,HalfCheetah-v3,TD3_Q2a2x64_1p
572,7643.086854442768,2860000.0,HalfCheetah-v3,TD3_Q2a2x64_1p
573,6800.189116650237,2865000.0,HalfCheetah-v3,TD3_Q2a2x64_1p
574,6343.583180461186,2870000.0,HalfCheetah-v3,TD3_Q2a2x64_1p
575,9640.854046531966,2875000.0,HalfCheetah-v3,TD3_Q2a2x64_1p
576,9029.798443212185,2880000.0,HalfCheetah-v3,TD3_Q2a2x64_1p
577,8293.059437455966,2885000.0,HalfCheetah-v3,TD3_Q2a2x64_1p
578,7483.318399438412,2890000.0,HalfCheetah-v3,TD3_Q2a2x64_1p
579,6702.00529318045,2895000.0,HalfCheetah-v3,TD3_Q2a2x64_1p
580,9224.610105918182,2900000.0,HalfCheetah-v3,TD3_Q2a2x64_1p
581,8682.817050264926,2905000.0,HalfCheetah-v3,TD3_Q2a2x64_1p
582,7816.434315266437,2910000.0,HalfCheetah-v3,TD3_Q2a2x64_1p
583,6896.2504410715,2915000.0,HalfCheetah-v3,TD3_Q2a2x64_1p
584,6351.348088755494,2920000.0,HalfCheetah-v3,TD3_Q2a2x64_1p
585,9336.593107155431,2925000.0,HalfCheetah-v3,TD3_Q2a2x64_1p
586,8925.601717476304,2930000.0,HalfCheetah-v3,TD3_Q2a2x64_1p
587,8169.575907891316,2935000.0,HalfCheetah-v3,TD3_Q2a2x64_1p
588,7531.936007407089,2940000.0,HalfCheetah-v3,TD3_Q2a2x64_1p
589,6666.958499501792,2945000.0,HalfCheetah-v3,TD3_Q2a2x64_1p
590,9843.065215543755,2950000.0,HalfCheetah-v3,TD3_Q2a2x64_1p
591,9349.470071352367,2955000.0,HalfCheetah-v3,TD3_Q2a2x64_1p
592,8532.105928290683,2960000.0,HalfCheetah-v3,TD3_Q2a2x64_1p
593,7588.157937385569,2965000.0,HalfCheetah-v3,TD3_Q2a2x64_1p
594,6936.025035581553,2970000.0,HalfCheetah-v3,TD3_Q2a2x64_1p
595,9684.829331745785,2975000.0,HalfCheetah-v3,TD3_Q2a2x64_1p
596,9196.947148608206,2980000.0,HalfCheetah-v3,TD3_Q2a2x64_1p
597,8470.644486988202,2985000.0,HalfCheetah-v3,TD3_Q2a2x64_1p
598,7646.827460472125,2990000.0,HalfCheetah-v3,TD3_Q2a2x64_1p
599,6887.586374547436,2995000.0,HalfCheetah-v3,TD3_Q2a2x64_1p
600,9698.444890179579,3000000.0,HalfCheetah-v3,TD3_Q2a2x64_1p
601,9231.158096459862,3005000.0,HalfCheetah-v3,TD3_Q2a2x64_1p
602,8546.919527790906,3010000.0,HalfCheetah-v3,TD3_Q2a2x64_1p
603,7720.420993420424,3015000.0,HalfCheetah-v3,TD3_Q2a2x64_1p
604,7066.673817627631,3020000.0,HalfCheetah-v3,TD3_Q2a2x64_1p
605,9132.35773119498,3025000.0,HalfCheetah-v3,TD3_Q2a2x64_1p
606,8661.95190803776,3030000.0,HalfCheetah-v3,TD3_Q2a2x64_1p
607,7684.251949713223,3035000.0,HalfCheetah-v3,TD3_Q2a2x64_1p
608,6452.456581989485,3040000.0,HalfCheetah-v3,TD3_Q2a2x64_1p
609,6225.917151271575,3045000.0,HalfCheetah-v3,TD3_Q2a2x64_1p
610,9746.878626368107,3050000.0,HalfCheetah-v3,TD3_Q2a2x64_1p
611,9269.635231344902,3055000.0,HalfCheetah-v3,TD3_Q2a2x64_1p
612,8434.212539065022,3060000.0,HalfCheetah-v3,TD3_Q2a2x64_1p
613,7583.415011120807,3065000.0,HalfCheetah-v3,TD3_Q2a2x64_1p
614,6946.845169941504,3070000.0,HalfCheetah-v3,TD3_Q2a2x64_1p
615,9349.773533968122,3075000.0,HalfCheetah-v3,TD3_Q2a2x64_1p
616,9008.238717080783,3080000.0,HalfCheetah-v3,TD3_Q2a2x64_1p
617,8193.825554312225,3085000.0,HalfCheetah-v3,TD3_Q2a2x64_1p
618,7368.908241442817,3090000.0,HalfCheetah-v3,TD3_Q2a2x64_1p
619,6647.927933296548,3095000.0,HalfCheetah-v3,TD3_Q2a2x64_1p
620,9828.159817407486,3100000.0,HalfCheetah-v3,TD3_Q2a2x64_1p
621,9323.138297589649,3105000.0,HalfCheetah-v3,TD3_Q2a2x64_1p
622,8667.462946146983,3110000.0,HalfCheetah-v3,TD3_Q2a2x64_1p
623,7792.637290403203,3115000.0,HalfCheetah-v3,TD3_Q2a2x64_1p
624,6826.847848683236,3120000.0,HalfCheetah-v3,TD3_Q2a2x64_1p
625,9681.109432532814,3125000.0,HalfCheetah-v3,TD3_Q2a2x64_1p
626,9186.354065935524,3130000.0,HalfCheetah-v3,TD3_Q2a2x64_1p
627,8247.448379310288,3135000.0,HalfCheetah-v3,TD3_Q2a2x64_1p
628,7781.407685522716,3140000.0,HalfCheetah-v3,TD3_Q2a2x64_1p
629,6757.7447084863115,3145000.0,HalfCheetah-v3,TD3_Q2a2x64_1p
630,9831.245405264359,3150000.0,HalfCheetah-v3,TD3_Q2a2x64_1p
631,9363.163137956257,3155000.0,HalfCheetah-v3,TD3_Q2a2x64_1p
632,8658.39691357306,3160000.0,HalfCheetah-v3,TD3_Q2a2x64_1p
633,7652.827627199152,3165000.0,HalfCheetah-v3,TD3_Q2a2x64_1p
634,7171.053092671691,3170000.0,HalfCheetah-v3,TD3_Q2a2x64_1p
635,9895.615031130266,3175000.0,HalfCheetah-v3,TD3_Q2a2x64_1p
636,9319.086171184092,3180000.0,HalfCheetah-v3,TD3_Q2a2x64_1p
637,8664.902973187773,3185000.0,HalfCheetah-v3,TD3_Q2a2x64_1p
638,7791.440773688839,3190000.0,HalfCheetah-v3,TD3_Q2a2x64_1p
639,7065.882200436764,3195000.0,HalfCheetah-v3,TD3_Q2a2x64_1p
640,9363.827585308954,3200000.0,HalfCheetah-v3,TD3_Q2a2x64_1p
641,9048.346594281411,3205000.0,HalfCheetah-v3,TD3_Q2a2x64_1p
642,8316.699943210193,3210000.0,HalfCheetah-v3,TD3_Q2a2x64_1p
643,7507.136241295839,3215000.0,HalfCheetah-v3,TD3_Q2a2x64_1p
644,6687.471156288513,3220000.0,HalfCheetah-v3,TD3_Q2a2x64_1p
645,9593.052588011731,3225000.0,HalfCheetah-v3,TD3_Q2a2x64_1p
646,9177.38623287939,3230000.0,HalfCheetah-v3,TD3_Q2a2x64_1p
647,8547.755269324192,3235000.0,HalfCheetah-v3,TD3_Q2a2x64_1p
648,7712.192568388686,3240000.0,HalfCheetah-v3,TD3_Q2a2x64_1p
649,7078.598853952612,3245000.0,HalfCheetah-v3,TD3_Q2a2x64_1p
650,9732.338215955151,3250000.0,HalfCheetah-v3,TD3_Q2a2x64_1p
651,9306.662099358065,3255000.0,HalfCheetah-v3,TD3_Q2a2x64_1p
652,8346.13521469778,3260000.0,HalfCheetah-v3,TD3_Q2a2x64_1p
653,7856.6463426547025,3265000.0,HalfCheetah-v3,TD3_Q2a2x64_1p
654,7167.199910223671,3270000.0,HalfCheetah-v3,TD3_Q2a2x64_1p
655,9506.469954463199,3275000.0,HalfCheetah-v3,TD3_Q2a2x64_1p
656,8984.91337594875,3280000.0,HalfCheetah-v3,TD3_Q2a2x64_1p
657,8468.305007898756,3285000.0,HalfCheetah-v3,TD3_Q2a2x64_1p
658,7107.967606468388,3290000.0,HalfCheetah-v3,TD3_Q2a2x64_1p
659,7103.87123199149,3295000.0,HalfCheetah-v3,TD3_Q2a2x64_1p
660,9848.876567819036,3300000.0,HalfCheetah-v3,TD3_Q2a2x64_1p
661,9391.776381081061,3305000.0,HalfCheetah-v3,TD3_Q2a2x64_1p
662,8801.647607556737,3310000.0,HalfCheetah-v3,TD3_Q2a2x64_1p
663,7653.540522434465,3315000.0,HalfCheetah-v3,TD3_Q2a2x64_1p
664,7104.419223145121,3320000.0,HalfCheetah-v3,TD3_Q2a2x64_1p
665,10037.621014593398,3325000.0,HalfCheetah-v3,TD3_Q2a2x64_1p
666,9487.151317567588,3330000.0,HalfCheetah-v3,TD3_Q2a2x64_1p
667,8605.069723222703,3335000.0,HalfCheetah-v3,TD3_Q2a2x64_1p
668,8010.12859863388,3340000.0,HalfCheetah-v3,TD3_Q2a2x64_1p
669,7267.210130933461,3345000.0,HalfCheetah-v3,TD3_Q2a2x64_1p
670,9366.809746393685,3350000.0,HalfCheetah-v3,TD3_Q2a2x64_1p
671,9023.545511048249,3355000.0,HalfCheetah-v3,TD3_Q2a2x64_1p
672,8457.77350367311,3360000.0,HalfCheetah-v3,TD3_Q2a2x64_1p
673,7664.571418473322,3365000.0,HalfCheetah-v3,TD3_Q2a2x64_1p
674,6857.512320930122,3370000.0,HalfCheetah-v3,TD3_Q2a2x64_1p
675,9767.171365458345,3375000.0,HalfCheetah-v3,TD3_Q2a2x64_1p
676,9295.838920201459,3380000.0,HalfCheetah-v3,TD3_Q2a2x64_1p
677,8851.738415154226,3385000.0,HalfCheetah-v3,TD3_Q2a2x64_1p
678,8092.0443708622215,3390000.0,HalfCheetah-v3,TD3_Q2a2x64_1p
679,6719.092150448722,3395000.0,HalfCheetah-v3,TD3_Q2a2x64_1p
680,9809.709640982652,3400000.0,HalfCheetah-v3,TD3_Q2a2x64_1p
681,9124.053232299886,3405000.0,HalfCheetah-v3,TD3_Q2a2x64_1p
682,8653.248314092225,3410000.0,HalfCheetah-v3,TD3_Q2a2x64_1p
683,7164.414756273222,3415000.0,HalfCheetah-v3,TD3_Q2a2x64_1p
684,6835.791462187636,3420000.0,HalfCheetah-v3,TD3_Q2a2x64_1p
685,9750.803374503055,3425000.0,HalfCheetah-v3,TD3_Q2a2x64_1p
686,9359.966608911544,3430000.0,HalfCheetah-v3,TD3_Q2a2x64_1p
687,8833.345149747733,3435000.0,HalfCheetah-v3,TD3_Q2a2x64_1p
688,7393.282701452563,3440000.0,HalfCheetah-v3,TD3_Q2a2x64_1p
689,6959.495067608036,3445000.0,HalfCheetah-v3,TD3_Q2a2x64_1p
690,10025.318714115947,3450000.0,HalfCheetah-v3,TD3_Q2a2x64_1p
691,9187.765019539245,3455000.0,HalfCheetah-v3,TD3_Q2a2x64_1p
692,8221.651752144968,3460000.0,HalfCheetah-v3,TD3_Q2a2x64_1p
693,7992.122516292325,3465000.0,HalfCheetah-v3,TD3_Q2a2x64_1p
694,6700.062956662744,3470000.0,HalfCheetah-v3,TD3_Q2a2x64_1p
695,9812.242604240024,3475000.0,HalfCheetah-v3,TD3_Q2a2x64_1p
696,9455.676311852934,3480000.0,HalfCheetah-v3,TD3_Q2a2x64_1p
697,8829.309005916377,3485000.0,HalfCheetah-v3,TD3_Q2a2x64_1p
698,8219.189398392706,3490000.0,HalfCheetah-v3,TD3_Q2a2x64_1p
699,7221.834890626674,3495000.0,HalfCheetah-v3,TD3_Q2a2x64_1p
700,9941.860486140964,3500000.0,HalfCheetah-v3,TD3_Q2a2x64_1p
701,9466.234561793583,3505000.0,HalfCheetah-v3,TD3_Q2a2x64_1p
702,8842.049832998466,3510000.0,HalfCheetah-v3,TD3_Q2a2x64_1p
703,8004.137546038903,3515000.0,HalfCheetah-v3,TD3_Q2a2x64_1p
704,7297.388006478417,3520000.0,HalfCheetah-v3,TD3_Q2a2x64_1p
705,9626.669181988287,3525000.0,HalfCheetah-v3,TD3_Q2a2x64_1p
706,8630.653761510592,3530000.0,HalfCheetah-v3,TD3_Q2a2x64_1p
707,8643.464269682787,3535000.0,HalfCheetah-v3,TD3_Q2a2x64_1p
708,7902.686582552631,3540000.0,HalfCheetah-v3,TD3_Q2a2x64_1p
709,6933.03672287561,3545000.0,HalfCheetah-v3,TD3_Q2a2x64_1p
710,9852.903526526836,3550000.0,HalfCheetah-v3,TD3_Q2a2x64_1p
711,9460.73324037076,3555000.0,HalfCheetah-v3,TD3_Q2a2x64_1p
712,8464.620568787399,3560000.0,HalfCheetah-v3,TD3_Q2a2x64_1p
713,7874.803925776374,3565000.0,HalfCheetah-v3,TD3_Q2a2x64_1p
714,6500.686931913004,3570000.0,HalfCheetah-v3,TD3_Q2a2x64_1p
715,9579.870227620206,3575000.0,HalfCheetah-v3,TD3_Q2a2x64_1p
716,8532.944295067318,3580000.0,HalfCheetah-v3,TD3_Q2a2x64_1p
717,8436.892201412165,3585000.0,HalfCheetah-v3,TD3_Q2a2x64_1p
718,7547.32197704845,3590000.0,HalfCheetah-v3,TD3_Q2a2x64_1p
719,7183.924216051177,3595000.0,HalfCheetah-v3,TD3_Q2a2x64_1p
720,8071.657538408797,3600000.0,HalfCheetah-v3,TD3_Q2a2x64_1p
721,9042.889566573893,3605000.0,HalfCheetah-v3,TD3_Q2a2x64_1p
722,7535.245477296992,3610000.0,HalfCheetah-v3,TD3_Q2a2x64_1p
723,5967.896032988971,3615000.0,HalfCheetah-v3,TD3_Q2a2x64_1p
724,6813.842738159743,3620000.0,HalfCheetah-v3,TD3_Q2a2x64_1p
725,9974.185351085598,3625000.0,HalfCheetah-v3,TD3_Q2a2x64_1p
726,9438.079037919724,3630000.0,HalfCheetah-v3,TD3_Q2a2x64_1p
727,8267.389071235222,3635000.0,HalfCheetah-v3,TD3_Q2a2x64_1p
728,7889.014727412548,3640000.0,HalfCheetah-v3,TD3_Q2a2x64_1p
729,6416.984057320069,3645000.0,HalfCheetah-v3,TD3_Q2a2x64_1p
730,10032.779007065275,3650000.0,HalfCheetah-v3,TD3_Q2a2x64_1p
731,9618.989764029202,3655000.0,HalfCheetah-v3,TD3_Q2a2x64_1p
732,8601.65259076017,3660000.0,HalfCheetah-v3,TD3_Q2a2x64_1p
733,8260.811342137316,3665000.0,HalfCheetah-v3,TD3_Q2a2x64_1p
734,7210.072315619809,3670000.0,HalfCheetah-v3,TD3_Q2a2x64_1p
735,9792.09614069082,3675000.0,HalfCheetah-v3,TD3_Q2a2x64_1p
736,9529.210039510328,3680000.0,HalfCheetah-v3,TD3_Q2a2x64_1p
737,8789.470435716596,3685000.0,HalfCheetah-v3,TD3_Q2a2x64_1p
738,8267.907952691212,3690000.0,HalfCheetah-v3,TD3_Q2a2x64_1p
739,7295.619586495057,3695000.0,HalfCheetah-v3,TD3_Q2a2x64_1p
740,10169.316428798538,3700000.0,HalfCheetah-v3,TD3_Q2a2x64_1p
741,9665.861269619689,3705000.0,HalfCheetah-v3,TD3_Q2a2x64_1p
742,9047.169519311072,3710000.0,HalfCheetah-v3,TD3_Q2a2x64_1p
743,7753.746039099931,3715000.0,HalfCheetah-v3,TD3_Q2a2x64_1p
744,7138.053860718152,3720000.0,HalfCheetah-v3,TD3_Q2a2x64_1p
745,9798.166640851454,3725000.0,HalfCheetah-v3,TD3_Q2a2x64_1p
746,9334.561268829331,3730000.0,HalfCheetah-v3,TD3_Q2a2x64_1p
747,8700.497786409389,3735000.0,HalfCheetah-v3,TD3_Q2a2x64_1p
748,7857.469284221472,3740000.0,HalfCheetah-v3,TD3_Q2a2x64_1p
749,7338.202113823048,3745000.0,HalfCheetah-v3,TD3_Q2a2x64_1p
750,10032.083206637932,3750000.0,HalfCheetah-v3,TD3_Q2a2x64_1p
751,9706.368209497132,3755000.0,HalfCheetah-v3,TD3_Q2a2x64_1p
752,8301.003396260148,3760000.0,HalfCheetah-v3,TD3_Q2a2x64_1p
753,7600.070490401665,3765000.0,HalfCheetah-v3,TD3_Q2a2x64_1p
754,7302.067819364442,3770000.0,HalfCheetah-v3,TD3_Q2a2x64_1p
755,9812.062657151231,3775000.0,HalfCheetah-v3,TD3_Q2a2x64_1p
756,9193.332770925303,3780000.0,HalfCheetah-v3,TD3_Q2a2x64_1p
757,8960.136101818356,3785000.0,HalfCheetah-v3,TD3_Q2a2x64_1p
758,8244.469036802286,3790000.0,HalfCheetah-v3,TD3_Q2a2x64_1p
759,7407.563532655069,3795000.0,HalfCheetah-v3,TD3_Q2a2x64_1p
760,10018.751145792221,3800000.0,HalfCheetah-v3,TD3_Q2a2x64_1p
761,9587.524700841197,3805000.0,HalfCheetah-v3,TD3_Q2a2x64_1p
762,8776.255273023777,3810000.0,HalfCheetah-v3,TD3_Q2a2x64_1p
763,8024.422500023522,3815000.0,HalfCheetah-v3,TD3_Q2a2x64_1p
764,7230.525277371702,3820000.0,HalfCheetah-v3,TD3_Q2a2x64_1p
765,10214.853250383156,3825000.0,HalfCheetah-v3,TD3_Q2a2x64_1p
766,9723.765404377667,3830000.0,HalfCheetah-v3,TD3_Q2a2x64_1p
767,9124.26088238772,3835000.0,HalfCheetah-v3,TD3_Q2a2x64_1p
768,8108.032439882059,3840000.0,HalfCheetah-v3,TD3_Q2a2x64_1p
769,7286.201438147946,3845000.0,HalfCheetah-v3,TD3_Q2a2x64_1p
770,10076.2997445288,3850000.0,HalfCheetah-v3,TD3_Q2a2x64_1p
771,9696.95190132734,3855000.0,HalfCheetah-v3,TD3_Q2a2x64_1p
772,9145.42688876464,3860000.0,HalfCheetah-v3,TD3_Q2a2x64_1p
773,8151.173591041415,3865000.0,HalfCheetah-v3,TD3_Q2a2x64_1p
774,6756.872845344192,3870000.0,HalfCheetah-v3,TD3_Q2a2x64_1p
775,10021.204377657825,3875000.0,HalfCheetah-v3,TD3_Q2a2x64_1p
776,9639.084620662463,3880000.0,HalfCheetah-v3,TD3_Q2a2x64_1p
777,9032.71494162273,3885000.0,HalfCheetah-v3,TD3_Q2a2x64_1p
778,8155.455010473561,3890000.0,HalfCheetah-v3,TD3_Q2a2x64_1p
779,7457.789815776184,3895000.0,HalfCheetah-v3,TD3_Q2a2x64_1p
780,10225.480799650803,3900000.0,HalfCheetah-v3,TD3_Q2a2x64_1p
781,9666.954683247137,3905000.0,HalfCheetah-v3,TD3_Q2a2x64_1p
782,9107.52364289279,3910000.0,HalfCheetah-v3,TD3_Q2a2x64_1p
783,7909.39643353364,3915000.0,HalfCheetah-v3,TD3_Q2a2x64_1p
784,6637.009694475043,3920000.0,HalfCheetah-v3,TD3_Q2a2x64_1p
785,9867.859522094883,3925000.0,HalfCheetah-v3,TD3_Q2a2x64_1p
786,9539.454599354753,3930000.0,HalfCheetah-v3,TD3_Q2a2x64_1p
787,9092.164522499263,3935000.0,HalfCheetah-v3,TD3_Q2a2x64_1p
788,8334.481693428921,3940000.0,HalfCheetah-v3,TD3_Q2a2x64_1p
789,7269.643029588731,3945000.0,HalfCheetah-v3,TD3_Q2a2x64_1p
790,10186.815176898794,3950000.0,HalfCheetah-v3,TD3_Q2a2x64_1p
791,9874.7990581501,3955000.0,HalfCheetah-v3,TD3_Q2a2x64_1p
792,9148.307359101553,3960000.0,HalfCheetah-v3,TD3_Q2a2x64_1p
793,7590.055117576759,3965000.0,HalfCheetah-v3,TD3_Q2a2x64_1p
794,7126.861772646442,3970000.0,HalfCheetah-v3,TD3_Q2a2x64_1p
795,10353.84448687005,3975000.0,HalfCheetah-v3,TD3_Q2a2x64_1p
796,9909.104548542366,3980000.0,HalfCheetah-v3,TD3_Q2a2x64_1p
797,9279.360848395152,3985000.0,HalfCheetah-v3,TD3_Q2a2x64_1p
798,8290.062201064262,3990000.0,HalfCheetah-v3,TD3_Q2a2x64_1p
799,7036.186850422486,3995000.0,HalfCheetah-v3,TD3_Q2a2x64_1p
800,10229.613747934902,4000000.0,HalfCheetah-v3,TD3_Q2a2x64_1p
801,9597.697587566123,4005000.0,HalfCheetah-v3,TD3_Q2a2x64_1p
802,9185.257116751907,4010000.0,HalfCheetah-v3,TD3_Q2a2x64_1p
803,8236.66812262568,4015000.0,HalfCheetah-v3,TD3_Q2a2x64_1p
804,7497.139964741155,4020000.0,HalfCheetah-v3,TD3_Q2a2x64_1p
805,10541.910084041006,4025000.0,HalfCheetah-v3,TD3_Q2a2x64_1p
806,10053.848263595055,4030000.0,HalfCheetah-v3,TD3_Q2a2x64_1p
807,9315.722374147777,4035000.0,HalfCheetah-v3,TD3_Q2a2x64_1p
808,8528.092571702084,4040000.0,HalfCheetah-v3,TD3_Q2a2x64_1p
809,7489.912879380853,4045000.0,HalfCheetah-v3,TD3_Q2a2x64_1p
810,10421.916201794647,4050000.0,HalfCheetah-v3,TD3_Q2a2x64_1p
811,9995.981768970574,4055000.0,HalfCheetah-v3,TD3_Q2a2x64_1p
812,9119.33269836705,4060000.0,HalfCheetah-v3,TD3_Q2a2x64_1p
813,8440.967977355564,4065000.0,HalfCheetah-v3,TD3_Q2a2x64_1p
814,7307.736820140044,4070000.0,HalfCheetah-v3,TD3_Q2a2x64_1p
815,10443.262219046108,4075000.0,HalfCheetah-v3,TD3_Q2a2x64_1p
816,10057.946994856738,4080000.0,HalfCheetah-v3,TD3_Q2a2x64_1p
817,9455.619116135927,4085000.0,HalfCheetah-v3,TD3_Q2a2x64_1p
818,8375.38731250208,4090000.0,HalfCheetah-v3,TD3_Q2a2x64_1p
819,6577.2338218544,4095000.0,HalfCheetah-v3,TD3_Q2a2x64_1p
820,10228.0211126923,4100000.0,HalfCheetah-v3,TD3_Q2a2x64_1p
821,9662.117545056695,4105000.0,HalfCheetah-v3,TD3_Q2a2x64_1p
822,8951.885468092169,4110000.0,HalfCheetah-v3,TD3_Q2a2x64_1p
823,7983.690446277027,4115000.0,HalfCheetah-v3,TD3_Q2a2x64_1p
824,7126.7622979921,4120000.0,HalfCheetah-v3,TD3_Q2a2x64_1p
825,10282.784225168038,4125000.0,HalfCheetah-v3,TD3_Q2a2x64_1p
826,9902.506572724275,4130000.0,HalfCheetah-v3,TD3_Q2a2x64_1p
827,9211.72799865094,4135000.0,HalfCheetah-v3,TD3_Q2a2x64_1p
828,8360.5425019381,4140000.0,HalfCheetah-v3,TD3_Q2a2x64_1p
829,7506.064631512268,4145000.0,HalfCheetah-v3,TD3_Q2a2x64_1p
830,10086.480826050045,4150000.0,HalfCheetah-v3,TD3_Q2a2x64_1p
831,9478.263644680539,4155000.0,HalfCheetah-v3,TD3_Q2a2x64_1p
832,8867.895503204976,4160000.0,HalfCheetah-v3,TD3_Q2a2x64_1p
833,7847.206549015083,4165000.0,HalfCheetah-v3,TD3_Q2a2x64_1p
834,6951.105167380772,4170000.0,HalfCheetah-v3,TD3_Q2a2x64_1p
835,10331.292335173941,4175000.0,HalfCheetah-v3,TD3_Q2a2x64_1p
836,9819.827421306421,4180000.0,HalfCheetah-v3,TD3_Q2a2x64_1p
837,9112.930151434588,4185000.0,HalfCheetah-v3,TD3_Q2a2x64_1p
838,8237.363660003783,4190000.0,HalfCheetah-v3,TD3_Q2a2x64_1p
839,5794.451137410566,4195000.0,HalfCheetah-v3,TD3_Q2a2x64_1p
840,10476.657020010722,4200000.0,HalfCheetah-v3,TD3_Q2a2x64_1p
841,10000.266553482095,4205000.0,HalfCheetah-v3,TD3_Q2a2x64_1p
842,9346.918938578248,4210000.0,HalfCheetah-v3,TD3_Q2a2x64_1p
843,8574.18457292386,4215000.0,HalfCheetah-v3,TD3_Q2a2x64_1p
844,7274.155008224327,4220000.0,HalfCheetah-v3,TD3_Q2a2x64_1p
845,10360.120189654383,4225000.0,HalfCheetah-v3,TD3_Q2a2x64_1p
846,9973.622850770651,4230000.0,HalfCheetah-v3,TD3_Q2a2x64_1p
847,9501.060087829863,4235000.0,HalfCheetah-v3,TD3_Q2a2x64_1p
848,7948.384528902202,4240000.0,HalfCheetah-v3,TD3_Q2a2x64_1p
849,7716.726477193236,4245000.0,HalfCheetah-v3,TD3_Q2a2x64_1p
850,10473.657145407495,4250000.0,HalfCheetah-v3,TD3_Q2a2x64_1p
851,9990.384597421878,4255000.0,HalfCheetah-v3,TD3_Q2a2x64_1p
852,9175.584412628228,4260000.0,HalfCheetah-v3,TD3_Q2a2x64_1p
853,8386.275693848173,4265000.0,HalfCheetah-v3,TD3_Q2a2x64_1p
854,7551.753816704151,4270000.0,HalfCheetah-v3,TD3_Q2a2x64_1p
855,9806.407592520258,4275000.0,HalfCheetah-v3,TD3_Q2a2x64_1p
856,9332.974175111904,4280000.0,HalfCheetah-v3,TD3_Q2a2x64_1p
857,9040.19834815408,4285000.0,HalfCheetah-v3,TD3_Q2a2x64_1p
858,8467.591924219423,4290000.0,HalfCheetah-v3,TD3_Q2a2x64_1p
859,7689.339143738088,4295000.0,HalfCheetah-v3,TD3_Q2a2x64_1p
860,10110.074675238498,4300000.0,HalfCheetah-v3,TD3_Q2a2x64_1p
861,9487.55254955225,4305000.0,HalfCheetah-v3,TD3_Q2a2x64_1p
862,8958.936782180806,4310000.0,HalfCheetah-v3,TD3_Q2a2x64_1p
863,7966.02043934764,4315000.0,HalfCheetah-v3,TD3_Q2a2x64_1p
864,7122.3475715355435,4320000.0,HalfCheetah-v3,TD3_Q2a2x64_1p
865,10479.130003065495,4325000.0,HalfCheetah-v3,TD3_Q2a2x64_1p
866,9954.949950011875,4330000.0,HalfCheetah-v3,TD3_Q2a2x64_1p
867,9204.513647405629,4335000.0,HalfCheetah-v3,TD3_Q2a2x64_1p
868,8197.96335628181,4340000.0,HalfCheetah-v3,TD3_Q2a2x64_1p
869,7473.2193726398955,4345000.0,HalfCheetah-v3,TD3_Q2a2x64_1p
870,10444.785707352201,4350000.0,HalfCheetah-v3,TD3_Q2a2x64_1p
871,10026.525029898625,4355000.0,HalfCheetah-v3,TD3_Q2a2x64_1p
872,9395.418703048615,4360000.0,HalfCheetah-v3,TD3_Q2a2x64_1p
873,8452.250243044562,4365000.0,HalfCheetah-v3,TD3_Q2a2x64_1p
874,7193.458813213819,4370000.0,HalfCheetah-v3,TD3_Q2a2x64_1p
875,10484.3621621823,4375000.0,HalfCheetah-v3,TD3_Q2a2x64_1p
876,10029.237086187366,4380000.0,HalfCheetah-v3,TD3_Q2a2x64_1p
877,9295.207385774896,4385000.0,HalfCheetah-v3,TD3_Q2a2x64_1p
878,8253.22999102998,4390000.0,HalfCheetah-v3,TD3_Q2a2x64_1p
879,7327.8757951485695,4395000.0,HalfCheetah-v3,TD3_Q2a2x64_1p
880,10361.255659041246,4400000.0,HalfCheetah-v3,TD3_Q2a2x64_1p
881,10048.141471575986,4405000.0,HalfCheetah-v3,TD3_Q2a2x64_1p
882,9246.333117980434,4410000.0,HalfCheetah-v3,TD3_Q2a2x64_1p
883,8456.795687627706,4415000.0,HalfCheetah-v3,TD3_Q2a2x64_1p
884,6974.859551485849,4420000.0,HalfCheetah-v3,TD3_Q2a2x64_1p
885,10335.64902706993,4425000.0,HalfCheetah-v3,TD3_Q2a2x64_1p
886,10071.657412539065,4430000.0,HalfCheetah-v3,TD3_Q2a2x64_1p
887,9394.052742997363,4435000.0,HalfCheetah-v3,TD3_Q2a2x64_1p
888,8630.164069842318,4440000.0,HalfCheetah-v3,TD3_Q2a2x64_1p
889,7591.928231405373,4445000.0,HalfCheetah-v3,TD3_Q2a2x64_1p
890,10480.122501055961,4450000.0,HalfCheetah-v3,TD3_Q2a2x64_1p
891,10106.729031320352,4455000.0,HalfCheetah-v3,TD3_Q2a2x64_1p
892,9453.106039850092,4460000.0,HalfCheetah-v3,TD3_Q2a2x64_1p
893,8049.479569024421,4465000.0,HalfCheetah-v3,TD3_Q2a2x64_1p
894,7207.827394834919,4470000.0,HalfCheetah-v3,TD3_Q2a2x64_1p
895,10227.459637690457,4475000.0,HalfCheetah-v3,TD3_Q2a2x64_1p
896,10070.498045064818,4480000.0,HalfCheetah-v3,TD3_Q2a2x64_1p
897,9377.654600415386,4485000.0,HalfCheetah-v3,TD3_Q2a2x64_1p
898,7886.417129718388,4490000.0,HalfCheetah-v3,TD3_Q2a2x64_1p
899,7269.117550661174,4495000.0,HalfCheetah-v3,TD3_Q2a2x64_1p
900,10493.096323778393,4500000.0,HalfCheetah-v3,TD3_Q2a2x64_1p
901,9980.258312573715,4505000.0,HalfCheetah-v3,TD3_Q2a2x64_1p
902,8724.495144094517,4510000.0,HalfCheetah-v3,TD3_Q2a2x64_1p
903,8447.15270935476,4515000.0,HalfCheetah-v3,TD3_Q2a2x64_1p
904,7460.629315357239,4520000.0,HalfCheetah-v3,TD3_Q2a2x64_1p
905,10529.592343155427,4525000.0,HalfCheetah-v3,TD3_Q2a2x64_1p
906,10133.956664026884,4530000.0,HalfCheetah-v3,TD3_Q2a2x64_1p
907,9645.890737137113,4535000.0,HalfCheetah-v3,TD3_Q2a2x64_1p
908,8705.067535647688,4540000.0,HalfCheetah-v3,TD3_Q2a2x64_1p
909,7937.841624880923,4545000.0,HalfCheetah-v3,TD3_Q2a2x64_1p
910,10247.832291719,4550000.0,HalfCheetah-v3,TD3_Q2a2x64_1p
911,9975.892731227957,4555000.0,HalfCheetah-v3,TD3_Q2a2x64_1p
912,9274.371438880338,4560000.0,HalfCheetah-v3,TD3_Q2a2x64_1p
913,8539.613703080253,4565000.0,HalfCheetah-v3,TD3_Q2a2x64_1p
914,7637.193753892442,4570000.0,HalfCheetah-v3,TD3_Q2a2x64_1p
915,10178.64249467212,4575000.0,HalfCheetah-v3,TD3_Q2a2x64_1p
916,9671.842956703844,4580000.0,HalfCheetah-v3,TD3_Q2a2x64_1p
917,8603.00929431864,4585000.0,HalfCheetah-v3,TD3_Q2a2x64_1p
918,7342.08815092821,4590000.0,HalfCheetah-v3,TD3_Q2a2x64_1p
919,7236.77250198617,4595000.0,HalfCheetah-v3,TD3_Q2a2x64_1p
920,10424.12824006971,4600000.0,HalfCheetah-v3,TD3_Q2a2x64_1p
921,9972.783939561594,4605000.0,HalfCheetah-v3,TD3_Q2a2x64_1p
922,9048.825747742852,4610000.0,HalfCheetah-v3,TD3_Q2a2x64_1p
923,7710.550129041736,4615000.0,HalfCheetah-v3,TD3_Q2a2x64_1p
924,7430.95697915809,4620000.0,HalfCheetah-v3,TD3_Q2a2x64_1p
925,10589.02085083889,4625000.0,HalfCheetah-v3,TD3_Q2a2x64_1p
926,10171.825342887845,4630000.0,HalfCheetah-v3,TD3_Q2a2x64_1p
927,9481.064873769532,4635000.0,HalfCheetah-v3,TD3_Q2a2x64_1p
928,8464.436776093915,4640000.0,HalfCheetah-v3,TD3_Q2a2x64_1p
929,7503.651277848604,4645000.0,HalfCheetah-v3,TD3_Q2a2x64_1p
930,10544.67088809462,4650000.0,HalfCheetah-v3,TD3_Q2a2x64_1p
931,10144.883407661493,4655000.0,HalfCheetah-v3,TD3_Q2a2x64_1p
932,9542.614924312104,4660000.0,HalfCheetah-v3,TD3_Q2a2x64_1p
933,8730.172316171613,4665000.0,HalfCheetah-v3,TD3_Q2a2x64_1p
934,7701.8585806773535,4670000.0,HalfCheetah-v3,TD3_Q2a2x64_1p
935,10402.309969010108,4675000.0,HalfCheetah-v3,TD3_Q2a2x64_1p
936,10133.341386099022,4680000.0,HalfCheetah-v3,TD3_Q2a2x64_1p
937,9543.702216171409,4685000.0,HalfCheetah-v3,TD3_Q2a2x64_1p
938,8866.039092447681,4690000.0,HalfCheetah-v3,TD3_Q2a2x64_1p
939,7388.5464972208165,4695000.0,HalfCheetah-v3,TD3_Q2a2x64_1p
940,10647.995475605574,4700000.0,HalfCheetah-v3,TD3_Q2a2x64_1p
941,10139.46774931683,4705000.0,HalfCheetah-v3,TD3_Q2a2x64_1p
942,9426.682156400013,4710000.0,HalfCheetah-v3,TD3_Q2a2x64_1p
943,8674.868310052256,4715000.0,HalfCheetah-v3,TD3_Q2a2x64_1p
944,7527.2863619581985,4720000.0,HalfCheetah-v3,TD3_Q2a2x64_1p
945,10496.417064138708,4725000.0,HalfCheetah-v3,TD3_Q2a2x64_1p
946,10177.333231465816,4730000.0,HalfCheetah-v3,TD3_Q2a2x64_1p
947,9341.569667696245,4735000.0,HalfCheetah-v3,TD3_Q2a2x64_1p
948,8534.793234247809,4740000.0,HalfCheetah-v3,TD3_Q2a2x64_1p
949,7393.6684991366155,4745000.0,HalfCheetah-v3,TD3_Q2a2x64_1p
950,10412.001011538709,4750000.0,HalfCheetah-v3,TD3_Q2a2x64_1p
951,10004.516119885786,4755000.0,HalfCheetah-v3,TD3_Q2a2x64_1p
952,8822.818015368874,4760000.0,HalfCheetah-v3,TD3_Q2a2x64_1p
953,8564.024981021972,4765000.0,HalfCheetah-v3,TD3_Q2a2x64_1p
954,8099.689139401819,4770000.0,HalfCheetah-v3,TD3_Q2a2x64_1p
955,10626.391069537225,4775000.0,HalfCheetah-v3,TD3_Q2a2x64_1p
956,10102.737040362843,4780000.0,HalfCheetah-v3,TD3_Q2a2x64_1p
957,9600.696283890857,4785000.0,HalfCheetah-v3,TD3_Q2a2x64_1p
958,8849.105256923951,4790000.0,HalfCheetah-v3,TD3_Q2a2x64_1p
959,7847.950094930011,4795000.0,HalfCheetah-v3,TD3_Q2a2x64_1p
960,10719.019511851862,4800000.0,HalfCheetah-v3,TD3_Q2a2x64_1p
961,10137.475188310982,4805000.0,HalfCheetah-v3,TD3_Q2a2x64_1p
962,9546.268516958846,4810000.0,HalfCheetah-v3,TD3_Q2a2x64_1p
963,8789.200152205081,4815000.0,HalfCheetah-v3,TD3_Q2a2x64_1p
964,7666.806624350454,4820000.0,HalfCheetah-v3,TD3_Q2a2x64_1p
965,10637.173978312636,4825000.0,HalfCheetah-v3,TD3_Q2a2x64_1p
966,10191.088741789963,4830000.0,HalfCheetah-v3,TD3_Q2a2x64_1p
967,9029.506110820312,4835000.0,HalfCheetah-v3,TD3_Q2a2x64_1p
968,8619.732882603577,4840000.0,HalfCheetah-v3,TD3_Q2a2x64_1p
969,7553.870093321288,4845000.0,HalfCheetah-v3,TD3_Q2a2x64_1p
970,10158.143981222758,4850000.0,HalfCheetah-v3,TD3_Q2a2x64_1p
971,10185.432636021356,4855000.0,HalfCheetah-v3,TD3_Q2a2x64_1p
972,9488.790566318195,4860000.0,HalfCheetah-v3,TD3_Q2a2x64_1p
973,8329.652318211914,4865000.0,HalfCheetah-v3,TD3_Q2a2x64_1p
974,7792.906090936985,4870000.0,HalfCheetah-v3,TD3_Q2a2x64_1p
975,10652.077399205913,4875000.0,HalfCheetah-v3,TD3_Q2a2x64_1p
976,10226.819378186476,4880000.0,HalfCheetah-v3,TD3_Q2a2x64_1p
977,9651.17117169668,4885000.0,HalfCheetah-v3,TD3_Q2a2x64_1p
978,8980.368168108247,4890000.0,HalfCheetah-v3,TD3_Q2a2x64_1p
979,7982.837816852147,4895000.0,HalfCheetah-v3,TD3_Q2a2x64_1p
980,10796.861528092795,4900000.0,HalfCheetah-v3,TD3_Q2a2x64_1p
981,10304.011662152841,4905000.0,HalfCheetah-v3,TD3_Q2a2x64_1p
982,9659.167087325039,4910000.0,HalfCheetah-v3,TD3_Q2a2x64_1p
983,8949.824456297432,4915000.0,HalfCheetah-v3,TD3_Q2a2x64_1p
984,8019.621606666171,4920000.0,HalfCheetah-v3,TD3_Q2a2x64_1p
985,10639.178917475943,4925000.0,HalfCheetah-v3,TD3_Q2a2x64_1p
986,10333.448636260962,4930000.0,HalfCheetah-v3,TD3_Q2a2x64_1p
987,9456.086298790713,4935000.0,HalfCheetah-v3,TD3_Q2a2x64_1p
988,8919.596531569316,4940000.0,HalfCheetah-v3,TD3_Q2a2x64_1p
989,8113.3931554968585,4945000.0,HalfCheetah-v3,TD3_Q2a2x64_1p
990,10680.464220436828,4950000.0,HalfCheetah-v3,TD3_Q2a2x64_1p
991,10257.518926526973,4955000.0,HalfCheetah-v3,TD3_Q2a2x64_1p
992,9735.09764754977,4960000.0,HalfCheetah-v3,TD3_Q2a2x64_1p
993,8827.489376244372,4965000.0,HalfCheetah-v3,TD3_Q2a2x64_1p
994,7320.709268893732,4970000.0,HalfCheetah-v3,TD3_Q2a2x64_1p
995,10641.320665056915,4975000.0,HalfCheetah-v3,TD3_Q2a2x64_1p
996,10188.636510983388,4980000.0,HalfCheetah-v3,TD3_Q2a2x64_1p
997,9288.164423297932,4985000.0,HalfCheetah-v3,TD3_Q2a2x64_1p
998,8693.968252566758,4990000.0,HalfCheetah-v3,TD3_Q2a2x64_1p
999,7374.863690529544,4995000.0,HalfCheetah-v3,TD3_Q2a2x64_1p
