index,Average Return,Timesteps,env,algorithm_name
0,-603.2245923096932,0.0,HalfCheetah-v3,TD3_Q2a2x64_1p
1,-494.79471219840144,5000.0,HalfCheetah-v3,TD3_Q2a2x64_1p
2,-601.9948715318685,10000.0,HalfCheetah-v3,TD3_Q2a2x64_1p
3,-624.6060620037108,15000.0,HalfCheetah-v3,TD3_Q2a2x64_1p
4,-584.0924309157683,20000.0,HalfCheetah-v3,TD3_Q2a2x64_1p
5,-62.603747066746394,25000.0,HalfCheetah-v3,TD3_Q2a2x64_1p
6,928.1471264460217,30000.0,HalfCheetah-v3,TD3_Q2a2x64_1p
7,1607.6109671246336,35000.0,HalfCheetah-v3,TD3_Q2a2x64_1p
8,2221.2353075506653,40000.0,HalfCheetah-v3,TD3_Q2a2x64_1p
9,2120.011492723322,45000.0,HalfCheetah-v3,TD3_Q2a2x64_1p
10,2562.2723196859456,50000.0,HalfCheetah-v3,TD3_Q2a2x64_1p
11,2781.875572230386,55000.0,HalfCheetah-v3,TD3_Q2a2x64_1p
12,3009.023015843456,60000.0,HalfCheetah-v3,TD3_Q2a2x64_1p
13,3344.439455180071,65000.0,HalfCheetah-v3,TD3_Q2a2x64_1p
14,2338.7923676135356,70000.0,HalfCheetah-v3,TD3_Q2a2x64_1p
15,3848.4044559186705,75000.0,HalfCheetah-v3,TD3_Q2a2x64_1p
16,2015.6655037902115,80000.0,HalfCheetah-v3,TD3_Q2a2x64_1p
17,3941.017665885595,85000.0,HalfCheetah-v3,TD3_Q2a2x64_1p
18,4023.2350353265765,90000.0,HalfCheetah-v3,TD3_Q2a2x64_1p
19,3819.3016656030086,95000.0,HalfCheetah-v3,TD3_Q2a2x64_1p
20,3918.6025050155417,100000.0,HalfCheetah-v3,TD3_Q2a2x64_1p
21,4324.276148225267,105000.0,HalfCheetah-v3,TD3_Q2a2x64_1p
22,4484.597664834828,110000.0,HalfCheetah-v3,TD3_Q2a2x64_1p
23,4630.3000198784,115000.0,HalfCheetah-v3,TD3_Q2a2x64_1p
24,4577.099982789679,120000.0,HalfCheetah-v3,TD3_Q2a2x64_1p
25,5227.714139551607,125000.0,HalfCheetah-v3,TD3_Q2a2x64_1p
26,5189.740289160107,130000.0,HalfCheetah-v3,TD3_Q2a2x64_1p
27,5566.534549899073,135000.0,HalfCheetah-v3,TD3_Q2a2x64_1p
28,5582.47039735218,140000.0,HalfCheetah-v3,TD3_Q2a2x64_1p
29,5610.897448287078,145000.0,HalfCheetah-v3,TD3_Q2a2x64_1p
30,5517.583127185086,150000.0,HalfCheetah-v3,TD3_Q2a2x64_1p
31,5330.23198127699,155000.0,HalfCheetah-v3,TD3_Q2a2x64_1p
32,5524.773513291393,160000.0,HalfCheetah-v3,TD3_Q2a2x64_1p
33,5700.062660378286,165000.0,HalfCheetah-v3,TD3_Q2a2x64_1p
34,6281.519718771795,170000.0,HalfCheetah-v3,TD3_Q2a2x64_1p
35,5900.662393993032,175000.0,HalfCheetah-v3,TD3_Q2a2x64_1p
36,5951.294353651637,180000.0,HalfCheetah-v3,TD3_Q2a2x64_1p
37,6372.09719625128,185000.0,HalfCheetah-v3,TD3_Q2a2x64_1p
38,6107.025029295591,190000.0,HalfCheetah-v3,TD3_Q2a2x64_1p
39,6601.867658811234,195000.0,HalfCheetah-v3,TD3_Q2a2x64_1p
40,6567.773504978305,200000.0,HalfCheetah-v3,TD3_Q2a2x64_1p
41,6821.7872477857745,205000.0,HalfCheetah-v3,TD3_Q2a2x64_1p
42,6268.209617220406,210000.0,HalfCheetah-v3,TD3_Q2a2x64_1p
43,6787.939472203223,215000.0,HalfCheetah-v3,TD3_Q2a2x64_1p
44,7230.098009005176,220000.0,HalfCheetah-v3,TD3_Q2a2x64_1p
45,7131.705402841964,225000.0,HalfCheetah-v3,TD3_Q2a2x64_1p
46,6742.978116332246,230000.0,HalfCheetah-v3,TD3_Q2a2x64_1p
47,6647.368068094164,235000.0,HalfCheetah-v3,TD3_Q2a2x64_1p
48,7537.804905744469,240000.0,HalfCheetah-v3,TD3_Q2a2x64_1p
49,7135.605278127067,245000.0,HalfCheetah-v3,TD3_Q2a2x64_1p
50,7178.382217356067,250000.0,HalfCheetah-v3,TD3_Q2a2x64_1p
51,6794.54902219995,255000.0,HalfCheetah-v3,TD3_Q2a2x64_1p
52,7696.754628368633,260000.0,HalfCheetah-v3,TD3_Q2a2x64_1p
53,7244.888257764648,265000.0,HalfCheetah-v3,TD3_Q2a2x64_1p
54,6772.4799445664485,270000.0,HalfCheetah-v3,TD3_Q2a2x64_1p
55,7512.241929451624,275000.0,HalfCheetah-v3,TD3_Q2a2x64_1p
56,7644.4195148960835,280000.0,HalfCheetah-v3,TD3_Q2a2x64_1p
57,7395.7524213690585,285000.0,HalfCheetah-v3,TD3_Q2a2x64_1p
58,7406.61538364714,290000.0,HalfCheetah-v3,TD3_Q2a2x64_1p
59,7041.904855986572,295000.0,HalfCheetah-v3,TD3_Q2a2x64_1p
60,7904.258877836379,300000.0,HalfCheetah-v3,TD3_Q2a2x64_1p
61,8425.05909905813,305000.0,HalfCheetah-v3,TD3_Q2a2x64_1p
62,8209.998650906175,310000.0,HalfCheetah-v3,TD3_Q2a2x64_1p
63,7867.955097429583,315000.0,HalfCheetah-v3,TD3_Q2a2x64_1p
64,8195.250779183485,320000.0,HalfCheetah-v3,TD3_Q2a2x64_1p
65,8398.630388072686,325000.0,HalfCheetah-v3,TD3_Q2a2x64_1p
66,8177.390673035103,330000.0,HalfCheetah-v3,TD3_Q2a2x64_1p
67,8417.903039498378,335000.0,HalfCheetah-v3,TD3_Q2a2x64_1p
68,8077.539183147247,340000.0,HalfCheetah-v3,TD3_Q2a2x64_1p
69,8338.508801724309,345000.0,HalfCheetah-v3,TD3_Q2a2x64_1p
70,8116.188492019557,350000.0,HalfCheetah-v3,TD3_Q2a2x64_1p
71,8265.701513234444,355000.0,HalfCheetah-v3,TD3_Q2a2x64_1p
72,8040.117643033198,360000.0,HalfCheetah-v3,TD3_Q2a2x64_1p
73,8639.47107515939,365000.0,HalfCheetah-v3,TD3_Q2a2x64_1p
74,8799.411203293148,370000.0,HalfCheetah-v3,TD3_Q2a2x64_1p
75,8374.630170352575,375000.0,HalfCheetah-v3,TD3_Q2a2x64_1p
76,8999.378153036485,380000.0,HalfCheetah-v3,TD3_Q2a2x64_1p
77,8541.29736304631,385000.0,HalfCheetah-v3,TD3_Q2a2x64_1p
78,8751.178347606177,390000.0,HalfCheetah-v3,TD3_Q2a2x64_1p
79,8599.084331110413,395000.0,HalfCheetah-v3,TD3_Q2a2x64_1p
80,8671.032886247649,400000.0,HalfCheetah-v3,TD3_Q2a2x64_1p
81,8834.483840232693,405000.0,HalfCheetah-v3,TD3_Q2a2x64_1p
82,8627.099583903248,410000.0,HalfCheetah-v3,TD3_Q2a2x64_1p
83,8975.085602092424,415000.0,HalfCheetah-v3,TD3_Q2a2x64_1p
84,8563.322062124435,420000.0,HalfCheetah-v3,TD3_Q2a2x64_1p
85,7854.051620259161,425000.0,HalfCheetah-v3,TD3_Q2a2x64_1p
86,8101.881119515832,430000.0,HalfCheetah-v3,TD3_Q2a2x64_1p
87,8833.883653126533,435000.0,HalfCheetah-v3,TD3_Q2a2x64_1p
88,8666.10015132763,440000.0,HalfCheetah-v3,TD3_Q2a2x64_1p
89,9057.368269317694,445000.0,HalfCheetah-v3,TD3_Q2a2x64_1p
90,8959.016759471953,450000.0,HalfCheetah-v3,TD3_Q2a2x64_1p
91,9086.214794023068,455000.0,HalfCheetah-v3,TD3_Q2a2x64_1p
92,9129.407964353919,460000.0,HalfCheetah-v3,TD3_Q2a2x64_1p
93,8910.529522173614,465000.0,HalfCheetah-v3,TD3_Q2a2x64_1p
94,8983.839357694747,470000.0,HalfCheetah-v3,TD3_Q2a2x64_1p
95,9128.511885311042,475000.0,HalfCheetah-v3,TD3_Q2a2x64_1p
96,8901.735990065545,480000.0,HalfCheetah-v3,TD3_Q2a2x64_1p
97,9080.644435080994,485000.0,HalfCheetah-v3,TD3_Q2a2x64_1p
98,9193.582513401918,490000.0,HalfCheetah-v3,TD3_Q2a2x64_1p
99,9163.876102296712,495000.0,HalfCheetah-v3,TD3_Q2a2x64_1p
100,9198.400319522085,500000.0,HalfCheetah-v3,TD3_Q2a2x64_1p
101,9239.483098627505,505000.0,HalfCheetah-v3,TD3_Q2a2x64_1p
102,9432.005432560472,510000.0,HalfCheetah-v3,TD3_Q2a2x64_1p
103,9104.770454115682,515000.0,HalfCheetah-v3,TD3_Q2a2x64_1p
104,7814.212096481667,520000.0,HalfCheetah-v3,TD3_Q2a2x64_1p
105,9438.215721255243,525000.0,HalfCheetah-v3,TD3_Q2a2x64_1p
106,9626.457306318283,530000.0,HalfCheetah-v3,TD3_Q2a2x64_1p
107,9444.198013730038,535000.0,HalfCheetah-v3,TD3_Q2a2x64_1p
108,9678.336559779384,540000.0,HalfCheetah-v3,TD3_Q2a2x64_1p
109,9475.484104432695,545000.0,HalfCheetah-v3,TD3_Q2a2x64_1p
110,9483.59668430529,550000.0,HalfCheetah-v3,TD3_Q2a2x64_1p
111,9617.882726751686,555000.0,HalfCheetah-v3,TD3_Q2a2x64_1p
112,9633.829023155275,560000.0,HalfCheetah-v3,TD3_Q2a2x64_1p
113,9497.669021914033,565000.0,HalfCheetah-v3,TD3_Q2a2x64_1p
114,9804.899220492462,570000.0,HalfCheetah-v3,TD3_Q2a2x64_1p
115,9150.208739140873,575000.0,HalfCheetah-v3,TD3_Q2a2x64_1p
116,9917.8365454486,580000.0,HalfCheetah-v3,TD3_Q2a2x64_1p
117,9444.04549587626,585000.0,HalfCheetah-v3,TD3_Q2a2x64_1p
118,9665.132510109355,590000.0,HalfCheetah-v3,TD3_Q2a2x64_1p
119,10131.831559744305,595000.0,HalfCheetah-v3,TD3_Q2a2x64_1p
120,9890.97642411364,600000.0,HalfCheetah-v3,TD3_Q2a2x64_1p
121,9933.427276419065,605000.0,HalfCheetah-v3,TD3_Q2a2x64_1p
122,9454.87856183941,610000.0,HalfCheetah-v3,TD3_Q2a2x64_1p
123,10053.43835296741,615000.0,HalfCheetah-v3,TD3_Q2a2x64_1p
124,9668.972335250295,620000.0,HalfCheetah-v3,TD3_Q2a2x64_1p
125,10100.222016278869,625000.0,HalfCheetah-v3,TD3_Q2a2x64_1p
126,9991.560118323383,630000.0,HalfCheetah-v3,TD3_Q2a2x64_1p
127,10069.826260996164,635000.0,HalfCheetah-v3,TD3_Q2a2x64_1p
128,10167.397930434145,640000.0,HalfCheetah-v3,TD3_Q2a2x64_1p
129,9623.930383387727,645000.0,HalfCheetah-v3,TD3_Q2a2x64_1p
130,9751.847246135989,650000.0,HalfCheetah-v3,TD3_Q2a2x64_1p
131,9909.388658782422,655000.0,HalfCheetah-v3,TD3_Q2a2x64_1p
132,9668.2196570549,660000.0,HalfCheetah-v3,TD3_Q2a2x64_1p
133,9984.771417645497,665000.0,HalfCheetah-v3,TD3_Q2a2x64_1p
134,10276.967016030514,670000.0,HalfCheetah-v3,TD3_Q2a2x64_1p
135,9669.064010707822,675000.0,HalfCheetah-v3,TD3_Q2a2x64_1p
136,9900.512272201544,680000.0,HalfCheetah-v3,TD3_Q2a2x64_1p
137,10101.910865076778,685000.0,HalfCheetah-v3,TD3_Q2a2x64_1p
138,9897.689999191865,690000.0,HalfCheetah-v3,TD3_Q2a2x64_1p
139,10101.9197531694,695000.0,HalfCheetah-v3,TD3_Q2a2x64_1p
140,9922.874489308464,700000.0,HalfCheetah-v3,TD3_Q2a2x64_1p
141,10239.309168867032,705000.0,HalfCheetah-v3,TD3_Q2a2x64_1p
142,9853.413177746166,710000.0,HalfCheetah-v3,TD3_Q2a2x64_1p
143,10087.662826745622,715000.0,HalfCheetah-v3,TD3_Q2a2x64_1p
144,9726.462470057275,720000.0,HalfCheetah-v3,TD3_Q2a2x64_1p
145,9434.403104592644,725000.0,HalfCheetah-v3,TD3_Q2a2x64_1p
146,10184.35692918427,730000.0,HalfCheetah-v3,TD3_Q2a2x64_1p
147,10115.597163383689,735000.0,HalfCheetah-v3,TD3_Q2a2x64_1p
148,9998.427351543882,740000.0,HalfCheetah-v3,TD3_Q2a2x64_1p
149,10316.77007417456,745000.0,HalfCheetah-v3,TD3_Q2a2x64_1p
150,9860.281056555907,750000.0,HalfCheetah-v3,TD3_Q2a2x64_1p
151,10257.965328627482,755000.0,HalfCheetah-v3,TD3_Q2a2x64_1p
152,9368.032302962094,760000.0,HalfCheetah-v3,TD3_Q2a2x64_1p
153,10217.84143151085,765000.0,HalfCheetah-v3,TD3_Q2a2x64_1p
154,10468.901715036363,770000.0,HalfCheetah-v3,TD3_Q2a2x64_1p
155,10219.462832315541,775000.0,HalfCheetah-v3,TD3_Q2a2x64_1p
156,10166.227170251852,780000.0,HalfCheetah-v3,TD3_Q2a2x64_1p
157,10430.930361119517,785000.0,HalfCheetah-v3,TD3_Q2a2x64_1p
158,10060.795653441954,790000.0,HalfCheetah-v3,TD3_Q2a2x64_1p
159,10476.505378867505,795000.0,HalfCheetah-v3,TD3_Q2a2x64_1p
160,10625.028820262001,800000.0,HalfCheetah-v3,TD3_Q2a2x64_1p
161,10494.183593234815,805000.0,HalfCheetah-v3,TD3_Q2a2x64_1p
162,10541.913885729631,810000.0,HalfCheetah-v3,TD3_Q2a2x64_1p
163,10543.674396167742,815000.0,HalfCheetah-v3,TD3_Q2a2x64_1p
164,10696.067622344131,820000.0,HalfCheetah-v3,TD3_Q2a2x64_1p
165,10262.994738791524,825000.0,HalfCheetah-v3,TD3_Q2a2x64_1p
166,10493.180805579705,830000.0,HalfCheetah-v3,TD3_Q2a2x64_1p
167,10348.181383539908,835000.0,HalfCheetah-v3,TD3_Q2a2x64_1p
168,10590.425444215572,840000.0,HalfCheetah-v3,TD3_Q2a2x64_1p
169,10589.571713232415,845000.0,HalfCheetah-v3,TD3_Q2a2x64_1p
170,10496.940608225434,850000.0,HalfCheetah-v3,TD3_Q2a2x64_1p
171,10723.080109513798,855000.0,HalfCheetah-v3,TD3_Q2a2x64_1p
172,10036.477805680355,860000.0,HalfCheetah-v3,TD3_Q2a2x64_1p
173,10383.711631580258,865000.0,HalfCheetah-v3,TD3_Q2a2x64_1p
174,10747.021582989093,870000.0,HalfCheetah-v3,TD3_Q2a2x64_1p
175,10647.881308696797,875000.0,HalfCheetah-v3,TD3_Q2a2x64_1p
176,10702.859579583668,880000.0,HalfCheetah-v3,TD3_Q2a2x64_1p
177,10647.939600072461,885000.0,HalfCheetah-v3,TD3_Q2a2x64_1p
178,10599.563547152891,890000.0,HalfCheetah-v3,TD3_Q2a2x64_1p
179,10701.055397163746,895000.0,HalfCheetah-v3,TD3_Q2a2x64_1p
180,10762.908144460403,900000.0,HalfCheetah-v3,TD3_Q2a2x64_1p
181,10709.659685354876,905000.0,HalfCheetah-v3,TD3_Q2a2x64_1p
182,10730.275883529343,910000.0,HalfCheetah-v3,TD3_Q2a2x64_1p
183,10416.984217101453,915000.0,HalfCheetah-v3,TD3_Q2a2x64_1p
184,10329.445665305462,920000.0,HalfCheetah-v3,TD3_Q2a2x64_1p
185,10568.17611274878,925000.0,HalfCheetah-v3,TD3_Q2a2x64_1p
186,10734.213902966421,930000.0,HalfCheetah-v3,TD3_Q2a2x64_1p
187,10761.173416099455,935000.0,HalfCheetah-v3,TD3_Q2a2x64_1p
188,10658.580341321544,940000.0,HalfCheetah-v3,TD3_Q2a2x64_1p
189,10796.105020023295,945000.0,HalfCheetah-v3,TD3_Q2a2x64_1p
190,10809.837303042175,950000.0,HalfCheetah-v3,TD3_Q2a2x64_1p
191,10567.490199178592,955000.0,HalfCheetah-v3,TD3_Q2a2x64_1p
192,10800.989211710203,960000.0,HalfCheetah-v3,TD3_Q2a2x64_1p
193,10948.284406010143,965000.0,HalfCheetah-v3,TD3_Q2a2x64_1p
194,10816.225775077815,970000.0,HalfCheetah-v3,TD3_Q2a2x64_1p
195,10784.284474653015,975000.0,HalfCheetah-v3,TD3_Q2a2x64_1p
196,10789.01244080187,980000.0,HalfCheetah-v3,TD3_Q2a2x64_1p
197,10914.783511743668,985000.0,HalfCheetah-v3,TD3_Q2a2x64_1p
198,10826.261450522641,990000.0,HalfCheetah-v3,TD3_Q2a2x64_1p
199,10826.910720128031,995000.0,HalfCheetah-v3,TD3_Q2a2x64_1p
200,10815.28321441493,1000000.0,HalfCheetah-v3,TD3_Q2a2x64_1p
