index,Average Return,Timesteps,env,algorithm_name
0,-653.4749715552473,0,HalfCheetah-v3,SAC_Q2a
1,-52.66755248805119,5000,HalfCheetah-v3,SAC_Q2a
2,-454.4438948500845,10000,HalfCheetah-v3,SAC_Q2a
3,-184.69430796533229,15000,HalfCheetah-v3,SAC_Q2a
4,-236.00007788294857,20000,HalfCheetah-v3,SAC_Q2a
5,-62.18904073204919,25000,HalfCheetah-v3,SAC_Q2a
6,1498.7649273784696,30000,HalfCheetah-v3,SAC_Q2a
7,2334.0778895015637,35000,HalfCheetah-v3,SAC_Q2a
8,3267.935102587021,40000,HalfCheetah-v3,SAC_Q2a
9,3515.943221956734,45000,HalfCheetah-v3,SAC_Q2a
10,4397.973408565415,50000,HalfCheetah-v3,SAC_Q2a
11,4982.243376498585,55000,HalfCheetah-v3,SAC_Q2a
12,5398.190072874123,60000,HalfCheetah-v3,SAC_Q2a
13,6004.066545779746,65000,HalfCheetah-v3,SAC_Q2a
14,5497.644388499182,70000,HalfCheetah-v3,SAC_Q2a
15,5616.023535262327,75000,HalfCheetah-v3,SAC_Q2a
16,5758.443370784526,80000,HalfCheetah-v3,SAC_Q2a
17,6091.748638289225,85000,HalfCheetah-v3,SAC_Q2a
18,5816.015344236308,90000,HalfCheetah-v3,SAC_Q2a
19,5958.1955207276405,95000,HalfCheetah-v3,SAC_Q2a
20,5739.017111130508,100000,HalfCheetah-v3,SAC_Q2a
21,6212.142447415978,105000,HalfCheetah-v3,SAC_Q2a
22,5075.131769204674,110000,HalfCheetah-v3,SAC_Q2a
23,5454.223403141952,115000,HalfCheetah-v3,SAC_Q2a
24,5978.035745114804,120000,HalfCheetah-v3,SAC_Q2a
25,6611.298695258764,125000,HalfCheetah-v3,SAC_Q2a
26,6682.778947526084,130000,HalfCheetah-v3,SAC_Q2a
27,6731.424747892842,135000,HalfCheetah-v3,SAC_Q2a
28,6743.3265556257265,140000,HalfCheetah-v3,SAC_Q2a
29,6257.545346730376,145000,HalfCheetah-v3,SAC_Q2a
30,6266.187939806728,150000,HalfCheetah-v3,SAC_Q2a
31,6701.785512035174,155000,HalfCheetah-v3,SAC_Q2a
32,6561.802338588093,160000,HalfCheetah-v3,SAC_Q2a
33,6747.2642606277395,165000,HalfCheetah-v3,SAC_Q2a
34,6762.641142061786,170000,HalfCheetah-v3,SAC_Q2a
35,6907.945888061537,175000,HalfCheetah-v3,SAC_Q2a
36,6281.420882928666,180000,HalfCheetah-v3,SAC_Q2a
37,7127.243179033074,185000,HalfCheetah-v3,SAC_Q2a
38,6820.311391076801,190000,HalfCheetah-v3,SAC_Q2a
39,6697.47586368798,195000,HalfCheetah-v3,SAC_Q2a
40,6828.252683166403,200000,HalfCheetah-v3,SAC_Q2a
41,7094.9493719821285,205000,HalfCheetah-v3,SAC_Q2a
42,7022.9801805047955,210000,HalfCheetah-v3,SAC_Q2a
43,6877.537369745393,215000,HalfCheetah-v3,SAC_Q2a
44,6965.104145500665,220000,HalfCheetah-v3,SAC_Q2a
45,7260.152566397842,225000,HalfCheetah-v3,SAC_Q2a
46,6600.806655715598,230000,HalfCheetah-v3,SAC_Q2a
47,7130.693410086764,235000,HalfCheetah-v3,SAC_Q2a
48,6955.370895347529,240000,HalfCheetah-v3,SAC_Q2a
49,7209.494907635158,245000,HalfCheetah-v3,SAC_Q2a
50,7063.287425989506,250000,HalfCheetah-v3,SAC_Q2a
51,6518.190832442482,255000,HalfCheetah-v3,SAC_Q2a
52,7152.957288398693,260000,HalfCheetah-v3,SAC_Q2a
53,7357.5927949856,265000,HalfCheetah-v3,SAC_Q2a
54,7235.831766896974,270000,HalfCheetah-v3,SAC_Q2a
55,7237.86946670219,275000,HalfCheetah-v3,SAC_Q2a
56,7187.5866447687395,280000,HalfCheetah-v3,SAC_Q2a
57,7310.815878805995,285000,HalfCheetah-v3,SAC_Q2a
58,7188.683941022473,290000,HalfCheetah-v3,SAC_Q2a
59,7085.399402368383,295000,HalfCheetah-v3,SAC_Q2a
60,7304.340192857363,300000,HalfCheetah-v3,SAC_Q2a
61,7330.531926835388,305000,HalfCheetah-v3,SAC_Q2a
62,7448.767579842012,310000,HalfCheetah-v3,SAC_Q2a
63,7436.706162071687,315000,HalfCheetah-v3,SAC_Q2a
64,7019.84393285915,320000,HalfCheetah-v3,SAC_Q2a
65,7496.876358970881,325000,HalfCheetah-v3,SAC_Q2a
66,6409.302815465549,330000,HalfCheetah-v3,SAC_Q2a
67,7452.818439484744,335000,HalfCheetah-v3,SAC_Q2a
68,7508.983563244614,340000,HalfCheetah-v3,SAC_Q2a
69,7282.533343693613,345000,HalfCheetah-v3,SAC_Q2a
70,7265.756552842096,350000,HalfCheetah-v3,SAC_Q2a
71,7376.533614829126,355000,HalfCheetah-v3,SAC_Q2a
72,6993.921138464939,360000,HalfCheetah-v3,SAC_Q2a
73,7527.68441794283,365000,HalfCheetah-v3,SAC_Q2a
74,7511.838271872364,370000,HalfCheetah-v3,SAC_Q2a
75,7635.482088651753,375000,HalfCheetah-v3,SAC_Q2a
76,7637.0892201329,380000,HalfCheetah-v3,SAC_Q2a
77,7447.646391855844,385000,HalfCheetah-v3,SAC_Q2a
78,7506.989562508774,390000,HalfCheetah-v3,SAC_Q2a
79,7616.660651224456,395000,HalfCheetah-v3,SAC_Q2a
80,7041.745066307264,400000,HalfCheetah-v3,SAC_Q2a
81,7596.9517645971255,405000,HalfCheetah-v3,SAC_Q2a
82,7592.757408239969,410000,HalfCheetah-v3,SAC_Q2a
83,7643.23488686804,415000,HalfCheetah-v3,SAC_Q2a
84,7678.606215005001,420000,HalfCheetah-v3,SAC_Q2a
85,7702.224300666925,425000,HalfCheetah-v3,SAC_Q2a
86,7717.74596506038,430000,HalfCheetah-v3,SAC_Q2a
87,7771.814859865228,435000,HalfCheetah-v3,SAC_Q2a
88,7820.665227531756,440000,HalfCheetah-v3,SAC_Q2a
89,7765.7584946373845,445000,HalfCheetah-v3,SAC_Q2a
90,7879.048955255242,450000,HalfCheetah-v3,SAC_Q2a
91,7673.504582241058,455000,HalfCheetah-v3,SAC_Q2a
92,7768.656386221204,460000,HalfCheetah-v3,SAC_Q2a
93,7856.2125310607025,465000,HalfCheetah-v3,SAC_Q2a
94,7874.734603352287,470000,HalfCheetah-v3,SAC_Q2a
95,7844.825039929606,475000,HalfCheetah-v3,SAC_Q2a
96,7757.11871754188,480000,HalfCheetah-v3,SAC_Q2a
97,7842.746492510678,485000,HalfCheetah-v3,SAC_Q2a
98,7816.86349617419,490000,HalfCheetah-v3,SAC_Q2a
99,7667.642915619673,495000,HalfCheetah-v3,SAC_Q2a
100,7850.944960599644,500000,HalfCheetah-v3,SAC_Q2a
101,8001.102574115011,505000,HalfCheetah-v3,SAC_Q2a
102,8071.472972522795,510000,HalfCheetah-v3,SAC_Q2a
103,8026.454822483775,515000,HalfCheetah-v3,SAC_Q2a
104,8031.067822015796,520000,HalfCheetah-v3,SAC_Q2a
105,7960.48813239192,525000,HalfCheetah-v3,SAC_Q2a
106,8020.75648629286,530000,HalfCheetah-v3,SAC_Q2a
107,8082.335487951884,535000,HalfCheetah-v3,SAC_Q2a
108,7971.011919219991,540000,HalfCheetah-v3,SAC_Q2a
109,8063.855666295868,545000,HalfCheetah-v3,SAC_Q2a
110,8116.875867975546,550000,HalfCheetah-v3,SAC_Q2a
111,7228.285892211968,555000,HalfCheetah-v3,SAC_Q2a
112,8022.929151944906,560000,HalfCheetah-v3,SAC_Q2a
113,8107.97863167957,565000,HalfCheetah-v3,SAC_Q2a
114,8079.701573763341,570000,HalfCheetah-v3,SAC_Q2a
115,8173.604365252419,575000,HalfCheetah-v3,SAC_Q2a
116,8142.329548668936,580000,HalfCheetah-v3,SAC_Q2a
117,8333.37513338498,585000,HalfCheetah-v3,SAC_Q2a
118,8242.414137739803,590000,HalfCheetah-v3,SAC_Q2a
119,7996.276949160706,595000,HalfCheetah-v3,SAC_Q2a
120,7993.380374618566,600000,HalfCheetah-v3,SAC_Q2a
121,8222.929521081907,605000,HalfCheetah-v3,SAC_Q2a
122,8057.463434128675,610000,HalfCheetah-v3,SAC_Q2a
123,8162.52982985149,615000,HalfCheetah-v3,SAC_Q2a
124,8221.094751595523,620000,HalfCheetah-v3,SAC_Q2a
125,8419.054492620056,625000,HalfCheetah-v3,SAC_Q2a
126,7890.109231993876,630000,HalfCheetah-v3,SAC_Q2a
127,8354.255259276735,635000,HalfCheetah-v3,SAC_Q2a
128,7602.339067026597,640000,HalfCheetah-v3,SAC_Q2a
129,8255.385911144946,645000,HalfCheetah-v3,SAC_Q2a
130,8214.512084447168,650000,HalfCheetah-v3,SAC_Q2a
131,8255.37283234058,655000,HalfCheetah-v3,SAC_Q2a
132,8323.873157959137,660000,HalfCheetah-v3,SAC_Q2a
133,8344.646731535657,665000,HalfCheetah-v3,SAC_Q2a
