index,Average Return,Timesteps,env,algorithm_name
0,-1.5798169417805303,0,HalfCheetah-v3,SAC_Q2a
1,-238.77912954295454,5000,HalfCheetah-v3,SAC_Q2a
2,-372.4046489828437,10000,HalfCheetah-v3,SAC_Q2a
3,-337.51909912112217,15000,HalfCheetah-v3,SAC_Q2a
4,-177.4136798863805,20000,HalfCheetah-v3,SAC_Q2a
5,986.7449640218271,25000,HalfCheetah-v3,SAC_Q2a
6,374.76774929040806,30000,HalfCheetah-v3,SAC_Q2a
7,1376.8026164950704,35000,HalfCheetah-v3,SAC_Q2a
8,1894.590551065127,40000,HalfCheetah-v3,SAC_Q2a
9,3211.2822663260094,45000,HalfCheetah-v3,SAC_Q2a
10,3093.1181537707826,50000,HalfCheetah-v3,SAC_Q2a
11,3805.595950181321,55000,HalfCheetah-v3,SAC_Q2a
12,3004.448265483884,60000,HalfCheetah-v3,SAC_Q2a
13,2925.3169612217025,65000,HalfCheetah-v3,SAC_Q2a
14,3968.610140162503,70000,HalfCheetah-v3,SAC_Q2a
15,4429.239277749932,75000,HalfCheetah-v3,SAC_Q2a
16,4329.35906403142,80000,HalfCheetah-v3,SAC_Q2a
17,4828.97251507573,85000,HalfCheetah-v3,SAC_Q2a
18,4498.600112391001,90000,HalfCheetah-v3,SAC_Q2a
19,4513.041634096824,95000,HalfCheetah-v3,SAC_Q2a
20,4597.9161771748895,100000,HalfCheetah-v3,SAC_Q2a
21,5072.870459532184,105000,HalfCheetah-v3,SAC_Q2a
22,5227.182491084309,110000,HalfCheetah-v3,SAC_Q2a
23,5466.52360099054,115000,HalfCheetah-v3,SAC_Q2a
24,5295.672716712196,120000,HalfCheetah-v3,SAC_Q2a
25,5689.62657547356,125000,HalfCheetah-v3,SAC_Q2a
26,5750.555525211405,130000,HalfCheetah-v3,SAC_Q2a
27,6097.984867773273,135000,HalfCheetah-v3,SAC_Q2a
28,5886.605617546179,140000,HalfCheetah-v3,SAC_Q2a
29,6163.450610935782,145000,HalfCheetah-v3,SAC_Q2a
30,6127.9420699040875,150000,HalfCheetah-v3,SAC_Q2a
31,5853.465997917331,155000,HalfCheetah-v3,SAC_Q2a
32,6422.800623971122,160000,HalfCheetah-v3,SAC_Q2a
33,6504.375234854656,165000,HalfCheetah-v3,SAC_Q2a
34,6555.106882748276,170000,HalfCheetah-v3,SAC_Q2a
35,6724.652415263603,175000,HalfCheetah-v3,SAC_Q2a
36,6899.934628332902,180000,HalfCheetah-v3,SAC_Q2a
37,6819.232651063072,185000,HalfCheetah-v3,SAC_Q2a
38,6864.189503000232,190000,HalfCheetah-v3,SAC_Q2a
39,7058.843794733346,195000,HalfCheetah-v3,SAC_Q2a
40,6984.485724883145,200000,HalfCheetah-v3,SAC_Q2a
41,7095.0259739852845,205000,HalfCheetah-v3,SAC_Q2a
42,7143.360133423086,210000,HalfCheetah-v3,SAC_Q2a
43,7317.556853308342,215000,HalfCheetah-v3,SAC_Q2a
44,7180.239772275583,220000,HalfCheetah-v3,SAC_Q2a
45,7387.732875059814,225000,HalfCheetah-v3,SAC_Q2a
46,7389.823239883022,230000,HalfCheetah-v3,SAC_Q2a
47,7424.092484092611,235000,HalfCheetah-v3,SAC_Q2a
48,7617.558298053418,240000,HalfCheetah-v3,SAC_Q2a
49,7420.839665419713,245000,HalfCheetah-v3,SAC_Q2a
50,7456.859769095294,250000,HalfCheetah-v3,SAC_Q2a
51,7748.51792274796,255000,HalfCheetah-v3,SAC_Q2a
52,7827.3074533367935,260000,HalfCheetah-v3,SAC_Q2a
53,7713.4667028505355,265000,HalfCheetah-v3,SAC_Q2a
54,7790.602928744525,270000,HalfCheetah-v3,SAC_Q2a
55,7867.21068850131,275000,HalfCheetah-v3,SAC_Q2a
56,7646.223095352931,280000,HalfCheetah-v3,SAC_Q2a
57,7802.023333112248,285000,HalfCheetah-v3,SAC_Q2a
58,7817.524077363739,290000,HalfCheetah-v3,SAC_Q2a
59,7940.654133912778,295000,HalfCheetah-v3,SAC_Q2a
60,7925.992556214139,300000,HalfCheetah-v3,SAC_Q2a
61,8044.184078784611,305000,HalfCheetah-v3,SAC_Q2a
62,7932.292891207991,310000,HalfCheetah-v3,SAC_Q2a
63,7761.307217134553,315000,HalfCheetah-v3,SAC_Q2a
64,8014.285147401101,320000,HalfCheetah-v3,SAC_Q2a
65,8038.038903421014,325000,HalfCheetah-v3,SAC_Q2a
66,8092.267392323127,330000,HalfCheetah-v3,SAC_Q2a
67,8095.918767959923,335000,HalfCheetah-v3,SAC_Q2a
68,8036.82564260765,340000,HalfCheetah-v3,SAC_Q2a
69,8179.939365524486,345000,HalfCheetah-v3,SAC_Q2a
70,8377.838117823416,350000,HalfCheetah-v3,SAC_Q2a
71,8208.45419877541,355000,HalfCheetah-v3,SAC_Q2a
72,8157.738140176671,360000,HalfCheetah-v3,SAC_Q2a
73,8365.798809937321,365000,HalfCheetah-v3,SAC_Q2a
74,8218.240690046547,370000,HalfCheetah-v3,SAC_Q2a
75,8445.799608664069,375000,HalfCheetah-v3,SAC_Q2a
76,8253.062813985143,380000,HalfCheetah-v3,SAC_Q2a
77,8378.992111096062,385000,HalfCheetah-v3,SAC_Q2a
78,8514.031861367914,390000,HalfCheetah-v3,SAC_Q2a
79,7943.846943480377,395000,HalfCheetah-v3,SAC_Q2a
80,8522.700843524704,400000,HalfCheetah-v3,SAC_Q2a
81,8575.120731176532,405000,HalfCheetah-v3,SAC_Q2a
82,8511.861515293838,410000,HalfCheetah-v3,SAC_Q2a
83,8648.8944897035,415000,HalfCheetah-v3,SAC_Q2a
84,8632.58661073352,420000,HalfCheetah-v3,SAC_Q2a
85,8385.647058238745,425000,HalfCheetah-v3,SAC_Q2a
86,8651.059171970312,430000,HalfCheetah-v3,SAC_Q2a
87,8770.910299368168,435000,HalfCheetah-v3,SAC_Q2a
88,8707.384541524585,440000,HalfCheetah-v3,SAC_Q2a
89,8650.469351886148,445000,HalfCheetah-v3,SAC_Q2a
90,8878.82428368105,450000,HalfCheetah-v3,SAC_Q2a
91,8862.184903666463,455000,HalfCheetah-v3,SAC_Q2a
92,8895.327664356835,460000,HalfCheetah-v3,SAC_Q2a
93,8634.64470171864,465000,HalfCheetah-v3,SAC_Q2a
94,8818.400759992324,470000,HalfCheetah-v3,SAC_Q2a
95,8609.911741753916,475000,HalfCheetah-v3,SAC_Q2a
96,8832.213993400093,480000,HalfCheetah-v3,SAC_Q2a
97,9143.89490745388,485000,HalfCheetah-v3,SAC_Q2a
98,9188.120969454529,490000,HalfCheetah-v3,SAC_Q2a
99,8916.974691066553,495000,HalfCheetah-v3,SAC_Q2a
100,9066.956654232974,500000,HalfCheetah-v3,SAC_Q2a
101,8940.143057971669,505000,HalfCheetah-v3,SAC_Q2a
102,9256.628629677436,510000,HalfCheetah-v3,SAC_Q2a
103,8997.193555125745,515000,HalfCheetah-v3,SAC_Q2a
104,9116.877223599178,520000,HalfCheetah-v3,SAC_Q2a
105,9213.897755506197,525000,HalfCheetah-v3,SAC_Q2a
106,9404.240057038114,530000,HalfCheetah-v3,SAC_Q2a
107,9386.09602595786,535000,HalfCheetah-v3,SAC_Q2a
108,9540.58137218017,540000,HalfCheetah-v3,SAC_Q2a
109,9327.559641381444,545000,HalfCheetah-v3,SAC_Q2a
110,9327.254219737686,550000,HalfCheetah-v3,SAC_Q2a
111,9488.603658695254,555000,HalfCheetah-v3,SAC_Q2a
112,9503.782543752299,560000,HalfCheetah-v3,SAC_Q2a
113,8814.67506737695,565000,HalfCheetah-v3,SAC_Q2a
114,9412.043799445726,570000,HalfCheetah-v3,SAC_Q2a
115,8763.86820283829,575000,HalfCheetah-v3,SAC_Q2a
116,9645.181914424773,580000,HalfCheetah-v3,SAC_Q2a
117,9506.288179123474,585000,HalfCheetah-v3,SAC_Q2a
118,9587.848098279157,590000,HalfCheetah-v3,SAC_Q2a
119,9681.296288194415,595000,HalfCheetah-v3,SAC_Q2a
120,9740.839393472208,600000,HalfCheetah-v3,SAC_Q2a
121,9681.51251291701,605000,HalfCheetah-v3,SAC_Q2a
122,9699.814634281469,610000,HalfCheetah-v3,SAC_Q2a
123,9542.805270124682,615000,HalfCheetah-v3,SAC_Q2a
124,9610.963929422756,620000,HalfCheetah-v3,SAC_Q2a
125,9765.281659862576,625000,HalfCheetah-v3,SAC_Q2a
126,9448.012964440228,630000,HalfCheetah-v3,SAC_Q2a
127,9798.599755131947,635000,HalfCheetah-v3,SAC_Q2a
128,10016.76829537231,640000,HalfCheetah-v3,SAC_Q2a
129,9954.4978552921,645000,HalfCheetah-v3,SAC_Q2a
